frame,rule,name,params,start,multiple,bench_multiple,max_dd,bench_max_dd,btc_per_1k,bench_btc_per_1k,time_in_market,costs
A,S1,BTC regime filter,sma=20w,2018-01-01 00:00:00+00:00,2.3168979284339377,2.105645384445993,0.6943080481625254,0.8118477145881704,0.08010398170748062,0.07280017703331126,0.48905109489051096,1x
A,S1,BTC regime filter,sma=20w,2018-02-05 00:00:00+00:00,4.975975471760465,4.5087242869453705,0.4572960430259282,0.7210838037342593,0.13471644354850887,0.1220663776027765,0.48905109489051096,1x
A,S1,BTC regime filter,sma=20w,2018-03-05 00:00:00+00:00,7.07141325074048,4.194668990798933,0.45729604302592786,0.7195983935742972,0.14618183516714175,0.08671313487858756,0.5082116788321168,1x
A,S1,BTC regime filter,sma=20w,2018-04-02 00:00:00+00:00,10.399057443588868,8.605955662883634,0.45729604302592775,0.6743998377939973,0.17709433791008491,0.14655809225686378,0.5273722627737226,1x
A,S1,BTC regime filter,sma=20w,2018-05-07 00:00:00+00:00,9.987001421913197,5.828493064222101,0.45729604302592775,0.6570507207688201,0.17709433791008491,0.10335365708040514,0.5593065693430657,1x
A,S1,BTC regime filter,sma=20w,2018-06-04 00:00:00+00:00,8.209599937998258,5.079941358389624,0.45729604302592775,0.6334142876781383,0.0,0.12943584324704321,0.5684306569343066,1x
A,S1,BTC regime filter,sma=20w,2018-07-02 00:00:00+00:00,8.209599937998258,5.259462071784936,0.45729604302592775,0.6334142876781379,0.0,0.15697689104972873,0.5684306569343066,1x
A,S1,BTC regime filter,sma=20w,2018-08-06 00:00:00+00:00,9.62551888807236,5.808675127348062,0.45729604302592763,0.6334142876781379,0.0,0.14215187062521595,0.5620437956204379,1x
A,S1,BTC regime filter,sma=20w,2018-09-03 00:00:00+00:00,10.076128691551835,6.734162712870155,0.45729604302592763,0.6334142876781377,0.20460540437990968,0.1367435973879671,0.5784671532846716,1x
A,S1,BTC regime filter,sma=20w,2018-10-01 00:00:00+00:00,8.966647702085599,6.603482715807671,0.45729604302592763,0.6334142876781381,0.20460540437990968,0.1506815363192324,0.6040145985401459,1x
A,S1,BTC regime filter,sma=20w,2018-11-05 00:00:00+00:00,12.561750847958598,9.451810450638034,0.45729604302592763,0.6334142876781375,0.20460540437990968,0.15395079259109223,0.6359489051094891,1x
A,S1,BTC regime filter,sma=20w,2018-12-03 00:00:00+00:00,11.556182805214785,13.55487092447001,0.45729604302592763,0.633414287678138,0.20460540437990968,0.23999272887645523,0.6614963503649635,1x
A,S1,BTC regime filter,sma=20w,2019-01-07 00:00:00+00:00,10.091598950813713,10.787828792198495,0.45729604302592763,0.6334142876781383,0.0,0.25040042635129117,0.6642335766423357,1x
A,S1,BTC regime filter,sma=20w,2019-02-04 00:00:00+00:00,10.091598950813713,10.77343051852904,0.45729604302592763,0.6334142876781379,0.0,0.2887420435228884,0.6642335766423357,1x
A,S1,BTC regime filter,sma=20w,2019-03-04 00:00:00+00:00,10.091598950813713,11.133919191184592,0.45729604302592763,0.6334142876781376,0.0,0.2622584253824043,0.6642335766423357,1x
A,S1,BTC regime filter,sma=20w,2019-04-01 00:00:00+00:00,9.527809895038247,11.076860124182488,0.45729604302592797,0.6334142876781379,0.20935483881329492,0.2433921637188931,0.6614963503649635,1x
A,S1,BTC regime filter,sma=20w,2019-05-06 00:00:00+00:00,6.262492016478553,6.3220277982379605,0.4572960430259273,0.6334142876781378,0.0,0.17295524271319024,0.6386861313868614,1x
A,S1,BTC regime filter,sma=20w,2019-06-03 00:00:00+00:00,4.143306630723542,3.4846429412153657,0.45729604302592775,0.6334142876781379,0.0,0.11442834610668526,0.6131386861313869,1x
A,S1,BTC regime filter,sma=20w,2019-07-01 00:00:00+00:00,3.33095269618795,1.834544692467773,0.4334828350642205,0.7190587661047629,0.0,0.09199304853713669,0.5875912408759124,1x
A,S1,BTC regime filter,sma=20w,2019-08-05 00:00:00+00:00,3.3078249531512496,2.066706838509523,0.4078172271779297,0.7190587661047633,0.0,0.09135431488289884,0.5556569343065694,1x
A,S1,BTC regime filter,sma=20w,2019-09-02 00:00:00+00:00,3.7182248181683555,2.0672712447097705,0.3686284478693419,0.7190587661047632,0.0,0.1026885901325473,0.5301094890510949,1x
A,S1,BTC regime filter,sma=20w,2019-10-07 00:00:00+00:00,4.508633554714243,2.5372377743415115,0.3686284478693421,0.7266029902927517,0.0,0.12711185417831725,0.5045620437956204,1x
A,S1,BTC regime filter,sma=20w,2019-11-04 00:00:00+00:00,4.508633554714243,2.1940554948137057,0.3686284478693421,0.7266029902927521,0.0,0.10857457631816325,0.5045620437956204,1x
A,S1,BTC regime filter,sma=20w,2019-12-02 00:00:00+00:00,3.5116672318657742,2.293436193411052,0.5013891088169753,0.7662925431645937,0.0,0.1350878371273673,0.5109489051094891,1x
A,S1,BTC regime filter,sma=20w,2020-01-06 00:00:00+00:00,3.5116672318657742,2.2842421821685157,0.5013891088169753,0.7662925431645932,0.0,0.13570951393747663,0.5109489051094891,1x
A,S1,BTC regime filter,sma=20w,2020-02-03 00:00:00+00:00,3.6795134415789996,2.513370995901953,0.5013891088169751,0.7662925431645938,0.15664876497530328,0.10700231666060506,0.5145985401459854,1x
A,S1,BTC regime filter,sma=20w,2020-03-02 00:00:00+00:00,4.049142958230246,2.765854407399379,0.5013891088169753,0.7662925431645933,0.17136349820708416,0.11705353248149958,0.5141552511415525,1x
A,S1,BTC regime filter,sma=20w,2020-04-06 00:00:00+00:00,5.140431785809836,4.1530662785079775,0.5077588215739401,0.7662925431645936,0.182478876855558,0.14742864054744664,0.5397260273972603,1x
A,S1,BTC regime filter,sma=20w,2020-05-04 00:00:00+00:00,5.296661076229723,3.2586218471031105,0.5077588215739401,0.7662925431645935,0.182478876855558,0.11226499981751326,0.5652968036529681,1x
A,S1,BTC regime filter,sma=20w,2020-06-01 00:00:00+00:00,4.674109489187965,2.875614482031711,0.5077588215739401,0.7662925431645937,0.17177689699647253,0.1056809075234869,0.5652968036529681,1x
A,S1,BTC regime filter,sma=20w,2020-07-06 00:00:00+00:00,5.356928182316807,3.3584440565902334,0.5077588215739401,0.7662925431645942,0.17560929513466259,0.11009555727736817,0.5589041095890411,1x
A,S1,BTC regime filter,sma=20w,2020-08-03 00:00:00+00:00,4.198559280221362,2.63222241945436,0.5077588215739401,0.7662925431645934,0.143855199125244,0.09018781325211496,0.5589041095890411,1x
A,S1,BTC regime filter,sma=20w,2020-09-07 00:00:00+00:00,4.061037184847388,2.5079593391370674,0.5077588215739393,0.7662925431645933,0.0,0.0973588589704975,0.54337899543379,1x
A,S1,BTC regime filter,sma=20w,2020-10-05 00:00:00+00:00,3.86900493211069,2.6003505051709395,0.5077588215739401,0.766292543164593,0.1392802052845301,0.09360994843042458,0.5205479452054794,1x
A,S1,BTC regime filter,sma=20w,2020-11-02 00:00:00+00:00,3.5487185843916986,2.570096681111993,0.5077588215739401,0.7662925431645933,0.10018563859199639,0.07255767712122276,0.5077625570776255,1x
A,S1,BTC regime filter,sma=20w,2020-12-07 00:00:00+00:00,3.1167317296688752,2.2572378406025395,0.5077588215739397,0.7662925431645933,0.07121892483457656,0.05157904691422167,0.5077625570776255,1x
A,S1,BTC regime filter,sma=20w,2021-01-04 00:00:00+00:00,1.7900238202656478,1.296393098007446,0.5077588215739398,0.7662925431645934,0.041778835596533094,0.030257582886296704,0.5077625570776255,1x
A,S1,BTC regime filter,sma=20w,2021-02-01 00:00:00+00:00,1.7739478202546795,1.2847503392788535,0.5077588215739397,0.766292543164593,0.04166152701396617,0.030172624219794587,0.5077625570776255,1x
A,S1,BTC regime filter,sma=20w,2021-03-01 00:00:00+00:00,1.8673572180138607,1.3524004438043142,0.50775882157394,0.7662925431645935,0.030546822871379796,0.02212299629098559,0.5082116788321168,1x
A,S1,BTC regime filter,sma=20w,2021-04-05 00:00:00+00:00,1.6223557740830956,1.1749624805114196,0.5077588215739395,0.766292543164593,0.02368824828605355,0.01715579493091279,0.5082116788321168,1x
A,S1,BTC regime filter,sma=20w,2021-05-03 00:00:00+00:00,1.439195043163568,1.0423115600589552,0.5077588215739401,0.766292543164594,0.024368103261438852,0.017648167874645303,0.5082116788321168,1x
A,S1,BTC regime filter,sma=20w,2021-06-07 00:00:00+00:00,2.108784854269536,1.9748679452084257,0.5077588215739399,0.766292543164594,0.029785492268817354,0.027893985389190554,0.5273722627737226,1x
A,S1,BTC regime filter,sma=20w,2021-07-05 00:00:00+00:00,1.8799180936412496,1.6142690110147282,0.5077588215739399,0.7662925431645932,0.0,0.02829568322625584,0.5428832116788321,1x
A,S1,BTC regime filter,sma=20w,2021-08-02 00:00:00+00:00,1.7996845781381587,1.6375322731093847,0.5077588215739399,0.7662925431645935,0.027537473259306146,0.025056335832277565,0.5529197080291971,1x
A,S1,BTC regime filter,sma=20w,2021-09-06 00:00:00+00:00,1.29118047703266,1.0838332644813837,0.5077588215739407,0.7662925431645937,0.0,0.019292154939148876,0.5428832116788321,1x
A,S1,BTC regime filter,sma=20w,2021-10-04 00:00:00+00:00,1.322849209762288,1.2585409658306868,0.5077588215739405,0.7662925431645937,0.021774324301949456,0.020715799605164717,0.5273722627737226,1x
A,S1,BTC regime filter,sma=20w,2021-11-01 00:00:00+00:00,1.2034793671557442,1.1449741012958448,0.5077588215739408,0.7662925431645929,0.01712114032812185,0.016288822887492404,0.5273722627737226,1x
A,S1,BTC regime filter,sma=20w,2021-12-06 00:00:00+00:00,2.065990598365289,1.95966786651854,0.3807228436409359,0.6895818371830496,0.021310817190679857,0.020214091821555445,0.5273722627737226,1x
A,S1,BTC regime filter,sma=20w,2022-01-03 00:00:00+00:00,2.0668251299664755,2.047944713587009,0.3807228436409359,0.6673056490171767,0.021310817190679857,0.021116143197165337,0.5529197080291971,1x
A,S1,BTC regime filter,sma=20w,2022-02-07 00:00:00+00:00,2.0576521018149196,2.2748397393507966,0.3807228436409359,0.667305649017178,0.021310817190679857,0.02356019940428159,0.5848540145985401,1x
A,S1,BTC regime filter,sma=20w,2022-03-07 00:00:00+00:00,1.9165220674023298,2.3372014475846226,0.3807228436409359,0.667305649017177,0.021310817190679857,0.025988572547342468,0.6104014598540146,1x
A,S1,BTC regime filter,sma=20w,2022-04-04 00:00:00+00:00,1.7335004684634885,1.7904146202680786,0.38072284364093545,0.6612040100033256,0.0,0.02151602134072991,0.6067518248175182,1x
A,S1,BTC regime filter,sma=20w,2022-05-02 00:00:00+00:00,1.9669245368603314,2.504535385885038,0.3807228436409362,0.6023862433862435,0.020384769110680396,0.0259564485642596,0.6040145985401459,1x
A,S1,BTC regime filter,sma=20w,2022-06-06 00:00:00+00:00,2.0692310045299407,3.3876772918412827,0.3807228436409362,0.49698021553496563,0.020384769110680396,0.0333732769635196,0.6359489051094891,1x
A,S1,BTC regime filter,sma=20w,2022-07-04 00:00:00+00:00,2.2338604383447067,5.6648145276752615,0.3807228436409362,0.35432082803835163,0.020384769110680396,0.05169344253531614,0.6614963503649635,1x
A,S1,BTC regime filter,sma=20w,2022-08-01 00:00:00+00:00,2.3598240421103345,4.9617466527091105,0.3807228436409362,0.35432082803835163,0.020384769110680396,0.04286084813794668,0.6870437956204379,1x
A,S1,BTC regime filter,sma=20w,2022-09-05 00:00:00+00:00,2.2572232183747665,5.528165440849209,0.3807228436409362,0.2953441145503565,0.020384769110680396,0.04992433854126866,0.718978102189781,1x
A,S1,BTC regime filter,sma=200d,2018-01-01 00:00:00+00:00,2.5845186210398965,2.105645384445993,0.5934343656248846,0.8118477145881704,0.0893566478702672,0.07280017703331126,0.48905109489051096,1x
A,S1,BTC regime filter,sma=200d,2018-02-05 00:00:00+00:00,5.534114130908647,4.5087242869453705,0.49176468228920434,0.7210838037342593,0.14982714005296222,0.1220663776027765,0.48905109489051096,1x
A,S1,BTC regime filter,sma=200d,2018-03-05 00:00:00+00:00,5.148635281087872,4.194668990798933,0.4917646822892039,0.7195983935742972,0.10643373924114896,0.08671313487858756,0.48905109489051096,1x
A,S1,BTC regime filter,sma=200d,2018-04-02 00:00:00+00:00,8.814639924675348,8.605955662883634,0.49176468228920456,0.6743998377939973,0.15011195291921087,0.14655809225686378,0.5018248175182481,1x
A,S1,BTC regime filter,sma=200d,2018-05-07 00:00:00+00:00,8.465365437101044,5.828493064222101,0.49176468228920456,0.6570507207688201,0.15011195291921087,0.10335365708040514,0.5337591240875912,1x
A,S1,BTC regime filter,sma=200d,2018-06-04 00:00:00+00:00,5.198292143467105,5.079941358389624,0.49176468228920456,0.6334142876781383,0.0,0.12943584324704321,0.5492700729927007,1x
A,S1,BTC regime filter,sma=200d,2018-07-02 00:00:00+00:00,5.198292143467105,5.259462071784936,0.49176468228920456,0.6334142876781379,0.0,0.15697689104972873,0.5492700729927007,1x
A,S1,BTC regime filter,sma=200d,2018-08-06 00:00:00+00:00,5.198292143467105,5.808675127348062,0.49176468228920456,0.6334142876781379,0.0,0.14215187062521595,0.5492700729927007,1x
A,S1,BTC regime filter,sma=200d,2018-09-03 00:00:00+00:00,5.441645403528673,6.734162712870155,0.49176468228920456,0.6334142876781377,0.11049780053073008,0.1367435973879671,0.5656934306569343,1x
A,S1,BTC regime filter,sma=200d,2018-10-01 00:00:00+00:00,4.762033126740659,6.603482715807671,0.5283573183237741,0.6334142876781381,0.0,0.1506815363192324,0.5875912408759124,1x
A,S1,BTC regime filter,sma=200d,2018-11-05 00:00:00+00:00,6.056576231429736,9.451810450638034,0.5283573183237741,0.6334142876781375,0.09864932396671545,0.15395079259109223,0.6167883211678832,1x
A,S1,BTC regime filter,sma=200d,2018-12-03 00:00:00+00:00,5.571747358410237,13.55487092447001,0.5283573183237741,0.633414287678138,0.09864932396671545,0.23999272887645523,0.6423357664233577,1x
A,S1,BTC regime filter,sma=200d,2019-01-07 00:00:00+00:00,4.269353282661782,10.787828792198495,0.5620958857366039,0.6334142876781383,0.0,0.25040042635129117,0.6642335766423357,1x
A,S1,BTC regime filter,sma=200d,2019-02-04 00:00:00+00:00,4.269353282661782,10.77343051852904,0.5620958857366039,0.6334142876781379,0.0,0.2887420435228884,0.6642335766423357,1x
A,S1,BTC regime filter,sma=200d,2019-03-04 00:00:00+00:00,4.269353282661782,11.133919191184592,0.5620958857366039,0.6334142876781376,0.0,0.2622584253824043,0.6642335766423357,1x
A,S1,BTC regime filter,sma=200d,2019-04-01 00:00:00+00:00,4.269353282661782,11.076860124182488,0.5620958857366039,0.6334142876781379,0.0,0.2433921637188931,0.6642335766423357,1x
A,S1,BTC regime filter,sma=200d,2019-05-06 00:00:00+00:00,3.8234922861833054,6.3220277982379605,0.5620958857366036,0.6334142876781378,0.0,0.17295524271319024,0.6386861313868614,1x
A,S1,BTC regime filter,sma=200d,2019-06-03 00:00:00+00:00,2.5296480858065253,3.4846429412153657,0.5620958857366039,0.6334142876781379,0.0,0.11442834610668526,0.6131386861313869,1x
A,S1,BTC regime filter,sma=200d,2019-07-01 00:00:00+00:00,2.0336747585472525,1.834544692467773,0.5620958857366026,0.7190587661047629,0.0,0.09199304853713669,0.5875912408759124,1x
A,S1,BTC regime filter,sma=200d,2019-08-05 00:00:00+00:00,2.0195543817284127,2.066706838509523,0.5620958857366036,0.7190587661047633,0.0,0.09135431488289884,0.5556569343065694,1x
A,S1,BTC regime filter,sma=200d,2019-09-02 00:00:00+00:00,2.2701192868835216,2.0672712447097705,0.562095885736603,0.7190587661047632,0.0,0.1026885901325473,0.5301094890510949,1x
A,S1,BTC regime filter,sma=200d,2019-10-07 00:00:00+00:00,2.7526942265661534,2.5372377743415115,0.5620958857366035,0.7266029902927517,0.0,0.12711185417831725,0.5045620437956204,1x
A,S1,BTC regime filter,sma=200d,2019-11-04 00:00:00+00:00,2.851999977208013,2.1940554948137057,0.5620958857366032,0.7266029902927521,0.0,0.10857457631816325,0.4981751824817518,1x
A,S1,BTC regime filter,sma=200d,2019-12-02 00:00:00+00:00,2.910026679476754,2.293436193411052,0.5620958857366039,0.7662925431645937,0.0,0.1350878371273673,0.49178832116788324,1x
A,S1,BTC regime filter,sma=200d,2020-01-06 00:00:00+00:00,2.910026679476754,2.2842421821685157,0.5620958857366039,0.7662925431645932,0.0,0.13570951393747663,0.49178832116788324,1x
A,S1,BTC regime filter,sma=200d,2020-02-03 00:00:00+00:00,3.2698253292898136,2.513370995901953,0.5620958857366036,0.7662925431645938,0.13920701952875755,0.10700231666060506,0.5082116788321168,1x
A,S1,BTC regime filter,sma=200d,2020-03-02 00:00:00+00:00,3.609110290734146,2.765854407399379,0.562095885736604,0.7662925431645933,0.15274090621530037,0.11705353248149958,0.5077625570776255,1x
A,S1,BTC regime filter,sma=200d,2020-04-06 00:00:00+00:00,4.3027128554940735,4.1530662785079775,0.5687644697243512,0.7662925431645936,0.15274090621530037,0.14742864054744664,0.5397260273972603,1x
A,S1,BTC regime filter,sma=200d,2020-05-04 00:00:00+00:00,4.433481982350303,3.2586218471031105,0.5687644697243516,0.7662925431645935,0.15274090621530037,0.11226499981751326,0.5652968036529681,1x
A,S1,BTC regime filter,sma=200d,2020-06-01 00:00:00+00:00,3.9123855397971186,2.875614482031711,0.5687644697243512,0.7662925431645937,0.14378299212605197,0.1056809075234869,0.5652968036529681,1x
A,S1,BTC regime filter,sma=200d,2020-07-06 00:00:00+00:00,4.569293987536787,3.3584440565902334,0.5687644697243502,0.7662925431645942,0.14978929511564854,0.11009555727736817,0.5652968036529681,1x
A,S1,BTC regime filter,sma=200d,2020-08-03 00:00:00+00:00,3.5812411558474904,2.63222241945436,0.5687644697243509,0.7662925431645934,0.12270403374245024,0.09018781325211496,0.5652968036529681,1x
A,S1,BTC regime filter,sma=200d,2020-09-07 00:00:00+00:00,3.463939063648451,2.5079593391370674,0.56876446972435,0.7662925431645933,0.0,0.0973588589704975,0.5497716894977169,1x
A,S1,BTC regime filter,sma=200d,2020-10-05 00:00:00+00:00,3.330556259010024,2.6003505051709395,0.568764469724351,0.766292543164593,0.0,0.09360994843042458,0.5242009132420091,1x
A,S1,BTC regime filter,sma=200d,2020-11-02 00:00:00+00:00,3.0442545940102717,2.570096681111993,0.5687644697243509,0.7662925431645933,0.08594386488660316,0.07255767712122276,0.5077625570776255,1x
A,S1,BTC regime filter,sma=200d,2020-12-07 00:00:00+00:00,2.673676331528118,2.2572378406025395,0.5687644697243516,0.7662925431645933,0.06109488085691528,0.05157904691422167,0.5077625570776255,1x
A,S1,BTC regime filter,sma=200d,2021-01-04 00:00:00+00:00,1.5355650521850555,1.296393098007446,0.5687644697243511,0.7662925431645934,0.035839813491141376,0.030257582886296704,0.5077625570776255,1x
A,S1,BTC regime filter,sma=200d,2021-02-01 00:00:00+00:00,1.521774317382373,1.2847503392788535,0.5687644697243504,0.766292543164593,0.03573918077459777,0.030172624219794587,0.5077625570776255,1x
A,S1,BTC regime filter,sma=200d,2021-03-01 00:00:00+00:00,1.6019052101228761,1.3524004438043142,0.5687644697243506,0.7662925431645935,0.02620447455811891,0.02212299629098559,0.5082116788321168,1x
A,S1,BTC regime filter,sma=200d,2021-04-05 00:00:00+00:00,1.391731663393689,1.1749624805114196,0.5687644697243504,0.766292543164593,0.020320872718972083,0.01715579493091279,0.5082116788321168,1x
A,S1,BTC regime filter,sma=200d,2021-05-03 00:00:00+00:00,1.234607934564785,1.0423115600589552,0.5342364250433962,0.766292543164594,0.020904083695796313,0.017648167874645303,0.5082116788321168,1x
A,S1,BTC regime filter,sma=200d,2021-06-07 00:00:00+00:00,2.42166236682521,1.9748679452084257,0.3821939806311061,0.766292543164594,0.03420472484839785,0.027893985389190554,0.5209854014598541,1x
A,S1,BTC regime filter,sma=200d,2021-07-05 00:00:00+00:00,1.9513798946483458,1.6142690110147282,0.3821939806311061,0.7662925431645932,0.03420472484839785,0.02829568322625584,0.5465328467153284,1x
A,S1,BTC regime filter,sma=200d,2021-08-02 00:00:00+00:00,2.047626674185493,1.6375322731093847,0.3821939806311061,0.7662925431645935,0.03133130409094181,0.025056335832277565,0.5656934306569343,1x
A,S1,BTC regime filter,sma=200d,2021-09-06 00:00:00+00:00,1.4690660897337862,1.0838332644813837,0.3821939806311059,0.7662925431645937,0.0,0.019292154939148876,0.5556569343065694,1x
A,S1,BTC regime filter,sma=200d,2021-10-04 00:00:00+00:00,1.6338762236890334,1.2585409658306868,0.4021787559991612,0.7662925431645937,0.026893882160796342,0.020715799605164717,0.5401459854014599,1x
A,S1,BTC regime filter,sma=200d,2021-11-01 00:00:00+00:00,1.348625694659891,1.1449741012958448,0.40377343038427416,0.7662925431645929,0.019186045393493386,0.016288822887492404,0.5273722627737226,1x
A,S1,BTC regime filter,sma=200d,2021-12-06 00:00:00+00:00,2.308225517760735,1.95966786651854,0.40377343038427294,0.6895818371830496,0.023809484942856472,0.020214091821555445,0.5273722627737226,1x
A,S1,BTC regime filter,sma=200d,2022-01-03 00:00:00+00:00,2.6395592571312445,2.047944713587009,0.4037734303842734,0.6673056490171767,0.027216218719772912,0.021116143197165337,0.5337591240875912,1x
A,S1,BTC regime filter,sma=200d,2022-02-07 00:00:00+00:00,2.6278443079455056,2.2748397393507966,0.4037734303842734,0.667305649017178,0.027216218719772912,0.02356019940428159,0.5656934306569343,1x
A,S1,BTC regime filter,sma=200d,2022-03-07 00:00:00+00:00,2.4476059881225583,2.3372014475846226,0.4037734303842734,0.667305649017177,0.027216218719772912,0.025988572547342468,0.5912408759124088,1x
A,S1,BTC regime filter,sma=200d,2022-04-04 00:00:00+00:00,2.09359114784572,1.7904146202680786,0.4037734303842734,0.6612040100033256,0.0,0.02151602134072991,0.6003649635036497,1x
A,S1,BTC regime filter,sma=200d,2022-05-02 00:00:00+00:00,2.1515657232192438,2.504535385885038,0.4037734303842734,0.6023862433862435,0.022298349363360826,0.0259564485642596,0.6040145985401459,1x
A,S1,BTC regime filter,sma=200d,2022-06-06 00:00:00+00:00,2.2634760100535978,3.3876772918412827,0.4037734303842734,0.49698021553496563,0.022298349363360826,0.0333732769635196,0.6359489051094891,1x
A,S1,BTC regime filter,sma=200d,2022-07-04 00:00:00+00:00,2.4435597093470367,5.6648145276752615,0.4037734303842734,0.35432082803835163,0.022298349363360826,0.05169344253531614,0.6614963503649635,1x
A,S1,BTC regime filter,sma=200d,2022-08-01 00:00:00+00:00,2.581347899568052,4.9617466527091105,0.4037734303842734,0.35432082803835163,0.022298349363360826,0.04286084813794668,0.6870437956204379,1x
A,S1,BTC regime filter,sma=200d,2022-09-05 00:00:00+00:00,2.4691156245688903,5.528165440849209,0.4037734303842734,0.2953441145503565,0.022298349363360826,0.04992433854126866,0.718978102189781,1x
A,S1,BTC regime filter,sma=50w,2018-01-01 00:00:00+00:00,1.376719406984965,2.105645384445993,0.65481397356964,0.8118477145881704,0.047598431005546844,0.07280017703331126,0.6040145985401459,1x
A,S1,BTC regime filter,sma=50w,2018-02-05 00:00:00+00:00,2.9479076925459156,4.5087242869453705,0.5939058595463391,0.7210838037342593,0.07980980664050066,0.1220663776027765,0.6040145985401459,1x
A,S1,BTC regime filter,sma=50w,2018-03-05 00:00:00+00:00,2.7425711129561026,4.194668990798933,0.5939058595463393,0.7195983935742972,0.05669504300661993,0.08671313487858756,0.6040145985401459,1x
A,S1,BTC regime filter,sma=50w,2018-04-02 00:00:00+00:00,5.626771850693811,8.605955662883634,0.5939058595463383,0.6743998377939973,0.0958230532791275,0.14655809225686378,0.6040145985401459,1x
A,S1,BTC regime filter,sma=50w,2018-05-07 00:00:00+00:00,3.8108028893493118,5.828493064222101,0.5939058595463398,0.6570507207688201,0.06757499935009226,0.10335365708040514,0.6040145985401459,1x
A,S1,BTC regime filter,sma=50w,2018-06-04 00:00:00+00:00,3.501706648442334,5.079941358389624,0.5939058595463382,0.6334142876781383,0.08922275295488712,0.12943584324704321,0.6104014598540146,1x
A,S1,BTC regime filter,sma=50w,2018-07-02 00:00:00+00:00,3.419090357564036,5.259462071784936,0.5939058595463387,0.6334142876781379,0.10204811199757513,0.15697689104972873,0.6295620437956204,1x
A,S1,BTC regime filter,sma=50w,2018-08-06 00:00:00+00:00,3.7341400340144175,5.808675127348062,0.5939058595463387,0.6334142876781379,0.09138314320807943,0.14215187062521595,0.6551094890510949,1x
A,S1,BTC regime filter,sma=50w,2018-09-03 00:00:00+00:00,4.500312755636733,6.734162712870155,0.5939058595463387,0.6334142876781377,0.09138314320807943,0.1367435973879671,0.6806569343065694,1x
A,S1,BTC regime filter,sma=50w,2018-10-01 00:00:00+00:00,4.004784006265194,6.603482715807671,0.5939058595463387,0.6334142876781381,0.09138314320807943,0.1506815363192324,0.7062043795620438,1x
A,S1,BTC regime filter,sma=50w,2018-11-05 00:00:00+00:00,5.610468991091469,9.451810450638034,0.5939058595463387,0.6334142876781375,0.09138314320807943,0.15395079259109223,0.7381386861313869,1x
A,S1,BTC regime filter,sma=50w,2018-12-03 00:00:00+00:00,5.161350998661017,13.55487092447001,0.5939058595463387,0.633414287678138,0.09138314320807943,0.23999272887645523,0.7636861313868614,1x
A,S1,BTC regime filter,sma=50w,2019-01-07 00:00:00+00:00,3.9548869343190054,10.787828792198495,0.5939058595463387,0.6334142876781383,0.0,0.25040042635129117,0.7855839416058394,1x
A,S1,BTC regime filter,sma=50w,2019-02-04 00:00:00+00:00,3.9548869343190054,10.77343051852904,0.5939058595463387,0.6334142876781379,0.0,0.2887420435228884,0.7855839416058394,1x
A,S1,BTC regime filter,sma=50w,2019-03-04 00:00:00+00:00,3.9548869343190054,11.133919191184592,0.5939058595463387,0.6334142876781376,0.0,0.2622584253824043,0.7855839416058394,1x
A,S1,BTC regime filter,sma=50w,2019-04-01 00:00:00+00:00,3.8378641496231767,11.076860124182488,0.5939058595463387,0.6334142876781379,0.08432949851886795,0.2433921637188931,0.7892335766423357,1x
A,S1,BTC regime filter,sma=50w,2019-05-06 00:00:00+00:00,3.5499036042315675,6.3220277982379605,0.5939058595463385,0.6334142876781378,0.0,0.17295524271319024,0.7983576642335767,1x
A,S1,BTC regime filter,sma=50w,2019-06-03 00:00:00+00:00,2.348639982795966,3.4846429412153657,0.593905859546339,0.6334142876781379,0.0,0.11442834610668526,0.7728102189781022,1x
A,S1,BTC regime filter,sma=50w,2019-07-01 00:00:00+00:00,1.8881558572223933,1.834544692467773,0.5760869288118509,0.7190587661047629,0.0,0.09199304853713669,0.7472627737226277,1x
A,S1,BTC regime filter,sma=50w,2019-08-05 00:00:00+00:00,1.8750458591341437,2.066706838509523,0.5568818855467939,0.7190587661047633,0.0,0.09135431488289884,0.7153284671532847,1x
A,S1,BTC regime filter,sma=50w,2019-09-02 00:00:00+00:00,2.1076816782564465,2.0672712447097705,0.506348879276445,0.7190587661047632,0.0,0.1026885901325473,0.6897810218978102,1x
A,S1,BTC regime filter,sma=50w,2019-10-07 00:00:00+00:00,2.6089687841174234,2.5372377743415115,0.5063488792764448,0.7266029902927517,0.0,0.12711185417831725,0.6578467153284672,1x
A,S1,BTC regime filter,sma=50w,2019-11-04 00:00:00+00:00,2.2284914510450315,2.1940554948137057,0.5063488792764455,0.7266029902927521,0.0,0.10857457631816325,0.6322992700729927,1x
A,S1,BTC regime filter,sma=50w,2019-12-02 00:00:00+00:00,2.979003238892551,2.293436193411052,0.5063488792764455,0.7662925431645937,0.0,0.1350878371273673,0.6131386861313869,1x
A,S1,BTC regime filter,sma=50w,2020-01-06 00:00:00+00:00,3.1586677144809703,2.2842421821685157,0.5063488792764448,0.7662925431645932,0.0,0.13570951393747663,0.593978102189781,1x
A,S1,BTC regime filter,sma=50w,2020-02-03 00:00:00+00:00,2.7705461216143563,2.513370995901953,0.5063488792764452,0.7662925431645938,0.0,0.10700231666060506,0.5748175182481752,1x
A,S1,BTC regime filter,sma=50w,2020-03-02 00:00:00+00:00,3.030796159923486,2.765854407399379,0.5063488792764452,0.7662925431645933,0.0,0.11705353248149958,0.5497716894977169,1x
A,S1,BTC regime filter,sma=50w,2020-04-06 00:00:00+00:00,3.245262354948643,4.1530662785079775,0.5063488792764455,0.7662925431645936,0.11520274060778263,0.14742864054744664,0.5589041095890411,1x
A,S1,BTC regime filter,sma=50w,2020-05-04 00:00:00+00:00,3.343893181319996,3.2586218471031105,0.5063488792764452,0.7662925431645935,0.11520274060778263,0.11226499981751326,0.5844748858447488,1x
A,S1,BTC regime filter,sma=50w,2020-06-01 00:00:00+00:00,3.5707056490791023,2.875614482031711,0.5063488792764452,0.7662925431645937,0.13122600955441965,0.1056809075234869,0.5972602739726027,1x
A,S1,BTC regime filter,sma=50w,2020-07-06 00:00:00+00:00,4.1702443912127425,3.3584440565902334,0.509199142420573,0.7662925431645942,0.13670776481521252,0.11009555727736817,0.5972602739726027,1x
A,S1,BTC regime filter,sma=50w,2020-08-03 00:00:00+00:00,3.2684810573556904,2.63222241945436,0.5091991424205737,0.7662925431645934,0.11198793728076192,0.09018781325211496,0.5972602739726027,1x
A,S1,BTC regime filter,sma=50w,2020-09-07 00:00:00+00:00,3.1141812074858866,2.5079593391370674,0.509199142420574,0.7662925431645933,0.12089236227111802,0.0973588589704975,0.5972602739726027,1x
A,S1,BTC regime filter,sma=50w,2020-10-05 00:00:00+00:00,3.228905090170281,2.6003505051709395,0.5091991424205738,0.766292543164593,0.11623726815924222,0.09360994843042458,0.5972602739726027,1x
A,S1,BTC regime filter,sma=50w,2020-11-02 00:00:00+00:00,3.1913383366473265,2.570096681111993,0.5091991424205737,0.7662925431645933,0.0900962591472825,0.07255767712122276,0.5972602739726027,1x
A,S1,BTC regime filter,sma=50w,2020-12-07 00:00:00+00:00,2.8028555145751,2.2572378406025395,0.509199142420574,0.7662925431645933,0.06404669170416855,0.05157904691422167,0.5972602739726027,1x
A,S1,BTC regime filter,sma=50w,2021-01-04 00:00:00+00:00,1.6097561712138084,1.296393098007446,0.5091991424205734,0.7662925431645934,0.0375714209309603,0.030257582886296704,0.5972602739726027,1x
A,S1,BTC regime filter,sma=50w,2021-02-01 00:00:00+00:00,1.5952991344229526,1.2847503392788535,0.5091991424205726,0.766292543164593,0.03746592612548033,0.030172624219794587,0.5972602739726027,1x
A,S1,BTC regime filter,sma=50w,2021-03-01 00:00:00+00:00,1.6793015665637119,1.3524004438043142,0.5091991424205733,0.7662925431645935,0.027470548755536256,0.02212299629098559,0.5976277372262774,1x
A,S1,BTC regime filter,sma=50w,2021-04-05 00:00:00+00:00,1.458973444748375,1.1749624805114196,0.5091991424205742,0.766292543164593,0.02130267956884541,0.01715579493091279,0.5976277372262774,1x
A,S1,BTC regime filter,sma=50w,2021-05-03 00:00:00+00:00,1.2942582529259639,1.0423115600589552,0.48398701196438365,0.766292543164594,0.021914068495499178,0.017648167874645303,0.5976277372262774,1x
A,S1,BTC regime filter,sma=50w,2021-06-07 00:00:00+00:00,2.4522314003505565,1.9748679452084257,0.4839870119643829,0.766292543164594,0.03463649659120554,0.027893985389190554,0.5976277372262774,1x
A,S1,BTC regime filter,sma=50w,2021-07-05 00:00:00+00:00,2.004468788420874,1.6142690110147282,0.48398701196438343,0.7662925431645932,0.035135292498999986,0.02829568322625584,0.5976277372262774,1x
A,S1,BTC regime filter,sma=50w,2021-08-02 00:00:00+00:00,2.2706601530730386,1.6375322731093847,0.48398701196438343,0.7662925431645935,0.0347440012576585,0.025056335832277565,0.6040145985401459,1x
A,S1,BTC regime filter,sma=50w,2021-09-06 00:00:00+00:00,1.502881528899527,1.0838332644813837,0.4839870119643841,0.7662925431645937,0.026751184209674744,0.019292154939148876,0.6040145985401459,1x
A,S1,BTC regime filter,sma=50w,2021-10-04 00:00:00+00:00,1.7451374052588853,1.2585409658306868,0.483987011964383,0.7662925431645937,0.028725260243681074,0.020715799605164717,0.6040145985401459,1x
A,S1,BTC regime filter,sma=50w,2021-11-01 00:00:00+00:00,1.5876615751678818,1.1449741012958448,0.4839870119643829,0.7662925431645929,0.022586657788956122,0.016288822887492404,0.6040145985401459,1x
A,S1,BTC regime filter,sma=50w,2021-12-06 00:00:00+00:00,2.7173447576163077,1.95966786651854,0.31122892829590176,0.6895818371830496,0.028029574490529462,0.020214091821555445,0.6040145985401459,1x
A,S1,BTC regime filter,sma=50w,2022-01-03 00:00:00+00:00,3.1074054309656405,2.047944713587009,0.2615137505386772,0.6673056490171767,0.03204013156048119,0.021116143197165337,0.6104014598540146,1x
A,S1,BTC regime filter,sma=50w,2022-02-07 00:00:00+00:00,3.093614076736747,2.2748397393507966,0.2615137505386772,0.667305649017178,0.03204013156048119,0.02356019940428159,0.6423357664233577,1x
A,S1,BTC regime filter,sma=50w,2022-03-07 00:00:00+00:00,2.8814295870827227,2.3372014475846226,0.2615137505386772,0.667305649017177,0.03204013156048119,0.025988572547342468,0.6678832116788321,1x
A,S1,BTC regime filter,sma=50w,2022-04-04 00:00:00+00:00,2.6903108340970654,1.7904146202680786,0.2615137505386784,0.6612040100033256,0.03233038016130714,0.02151602134072991,0.6870437956204379,1x
A,S1,BTC regime filter,sma=50w,2022-05-02 00:00:00+00:00,3.4442423609594117,2.504535385885038,0.2809527676693755,0.6023862433862435,0.03569536297587397,0.0259564485642596,0.7062043795620438,1x
A,S1,BTC regime filter,sma=50w,2022-06-06 00:00:00+00:00,3.6233891778018386,3.3876772918412827,0.2809527676693755,0.49698021553496563,0.03569536297587397,0.0333732769635196,0.7381386861313869,1x
A,S1,BTC regime filter,sma=50w,2022-07-04 00:00:00+00:00,3.9116684987312937,5.6648145276752615,0.2809527676693755,0.35432082803835163,0.03569536297587397,0.05169344253531614,0.7636861313868614,1x
A,S1,BTC regime filter,sma=50w,2022-08-01 00:00:00+00:00,4.132240855168113,4.9617466527091105,0.2809527676693755,0.35432082803835163,0.03569536297587397,0.04286084813794668,0.7892335766423357,1x
A,S1,BTC regime filter,sma=50w,2022-09-05 00:00:00+00:00,3.9525785972843135,5.528165440849209,0.2809527676693755,0.2953441145503565,0.03569536297587397,0.04992433854126866,0.8211678832116789,1x
A,S2,DCA vs 200-week SMA,table=mild,2018-01-01 00:00:00+00:00,4.47543397048148,2.105645384445993,0.5373087196602842,0.8118477145881704,0.15473279012632504,0.07280017703331126,0.843978102189781,1x
A,S2,DCA vs 200-week SMA,table=mild,2018-02-05 00:00:00+00:00,5.666988568352918,4.5087242869453705,0.5338431985561887,0.7210838037342593,0.13991602807999856,0.1220663776027765,0.8695255474452555,1x
A,S2,DCA vs 200-week SMA,table=mild,2018-03-05 00:00:00+00:00,7.131842721969563,4.194668990798933,0.5308807966044193,0.7195983935742972,0.12611382549648084,0.08671313487858756,0.8914233576642335,1x
A,S2,DCA vs 200-week SMA,table=mild,2018-04-02 00:00:00+00:00,8.335839492257733,8.605955662883634,0.5275580410883195,0.6743998377939973,0.11364118218674163,0.14655809225686378,0.9105839416058394,1x
A,S2,DCA vs 200-week SMA,table=mild,2018-05-07 00:00:00+00:00,8.071793440146347,5.828493064222101,0.5229184418006634,0.6570507207688201,0.09201714038228447,0.10335365708040514,0.9361313868613139,1x
A,S2,DCA vs 200-week SMA,table=mild,2018-06-04 00:00:00+00:00,6.4813837388966276,5.079941358389624,0.5190549513792535,0.6334142876781383,0.09233568997391069,0.12943584324704321,0.9607664233576643,1x
A,S2,DCA vs 200-week SMA,table=mild,2018-07-02 00:00:00+00:00,5.886179387679467,5.259462071784936,0.508498276424842,0.6334142876781379,0.09217106967331551,0.15697689104972873,0.9543795620437956,1x
A,S2,DCA vs 200-week SMA,table=mild,2018-08-06 00:00:00+00:00,6.4984325914605146,5.808675127348062,0.494498007275744,0.6334142876781379,0.09221026588249633,0.14215187062521595,0.958029197080292,1x
A,S2,DCA vs 200-week SMA,table=mild,2018-09-03 00:00:00+00:00,7.190079668774267,6.734162712870155,0.48101150266721104,0.6334142876781377,0.09140523524844871,0.1367435973879671,0.9607664233576643,1x
A,S2,DCA vs 200-week SMA,table=mild,2018-10-01 00:00:00+00:00,6.603580375944301,6.603482715807671,0.4671006697317035,0.6334142876781381,0.09063681299796374,0.1506815363192324,0.9452554744525548,1x
A,S2,DCA vs 200-week SMA,table=mild,2018-11-05 00:00:00+00:00,8.010473121736162,9.451810450638034,0.4488527446602527,0.6334142876781375,0.08884801042412965,0.15395079259109223,0.9616788321167883,1x
A,S2,DCA vs 200-week SMA,table=mild,2018-12-03 00:00:00+00:00,7.301207461502827,13.55487092447001,0.42910774935538654,0.633414287678138,0.08571215254550855,0.23999272887645523,0.968978102189781,1x
A,S2,DCA vs 200-week SMA,table=mild,2019-01-07 00:00:00+00:00,5.622964919461211,10.787828792198495,0.38992489392037,0.6334142876781383,0.07880086327906771,0.25040042635129117,0.968065693430657,1x
A,S2,DCA vs 200-week SMA,table=mild,2019-02-04 00:00:00+00:00,4.772307852887838,10.77343051852904,0.3579630527298966,0.6334142876781379,0.07340763170428748,0.2887420435228884,0.9735401459854015,1x
A,S2,DCA vs 200-week SMA,table=mild,2019-03-04 00:00:00+00:00,4.726431102779374,11.133919191184592,0.35558914063976865,0.6334142876781376,0.06801328762356705,0.2622584253824043,0.9744525547445255,1x
A,S2,DCA vs 200-week SMA,table=mild,2019-04-01 00:00:00+00:00,4.529392604982003,11.076860124182488,0.35278203068168235,0.6334142876781379,0.06306465978358776,0.2433921637188931,0.9744525547445255,1x
A,S2,DCA vs 200-week SMA,table=mild,2019-05-06 00:00:00+00:00,3.6154815845019606,6.3220277982379605,0.3487441643046493,0.6334142876781378,0.058453146764325836,0.17295524271319024,0.968065693430657,1x
A,S2,DCA vs 200-week SMA,table=mild,2019-06-03 00:00:00+00:00,3.1162581354690513,3.4846429412153657,0.40519819079301134,0.6334142876781379,0.056873273124110384,0.11442834610668526,0.9662408759124088,1x
A,S2,DCA vs 200-week SMA,table=mild,2019-07-01 00:00:00+00:00,2.441044845267297,1.834544692467773,0.5129509860558668,0.7190587661047629,0.05749197360830881,0.09199304853713669,0.9571167883211679,1x
A,S2,DCA vs 200-week SMA,table=mild,2019-08-05 00:00:00+00:00,2.5267667451721536,2.066706838509523,0.5100985940346308,0.7190587661047633,0.05956292824379417,0.09135431488289884,0.9498175182481752,1x
A,S2,DCA vs 200-week SMA,table=mild,2019-09-02 00:00:00+00:00,2.3208262072105867,2.0672712447097705,0.5076545305839884,0.7190587661047632,0.06065729367045483,0.1026885901325473,0.9616788321167883,1x
A,S2,DCA vs 200-week SMA,table=mild,2019-10-07 00:00:00+00:00,2.2258238393460563,2.5372377743415115,0.5165438120341568,0.7266029902927517,0.06312605370840761,0.12711185417831725,0.968978102189781,1x
A,S2,DCA vs 200-week SMA,table=mild,2019-11-04 00:00:00+00:00,2.1467801722799713,2.1940554948137057,0.5134977519101661,0.7266029902927521,0.06448024287591803,0.10857457631816325,0.968065693430657,1x
A,S2,DCA vs 200-week SMA,table=mild,2019-12-02 00:00:00+00:00,1.8418679532777043,2.293436193411052,0.5547132550032443,0.7662925431645937,0.06619086945282922,0.1350878371273673,0.968065693430657,1x
A,S2,DCA vs 200-week SMA,table=mild,2020-01-06 00:00:00+00:00,1.6926737169468797,2.2842421821685157,0.5509788156061858,0.7662925431645932,0.06803940908166607,0.13570951393747663,0.9744525547445255,1x
A,S2,DCA vs 200-week SMA,table=mild,2020-02-03 00:00:00+00:00,2.0403318693041097,2.513370995901953,0.5472179282636114,0.7662925431645938,0.06896204918336937,0.10700231666060506,0.9616788321167883,1x
A,S2,DCA vs 200-week SMA,table=mild,2020-03-02 00:00:00+00:00,1.9618668088497933,2.765854407399379,0.5425654413219404,0.7662925431645933,0.06997861145742447,0.11705353248149958,0.9771689497716894,1x
A,S2,DCA vs 200-week SMA,table=mild,2020-04-06 00:00:00+00:00,2.0217462104729793,4.1530662785079775,0.5354533018821976,0.7662925431645936,0.06731056864897002,0.14742864054744664,0.9744292237442922,1x
A,S2,DCA vs 200-week SMA,table=mild,2020-05-04 00:00:00+00:00,1.923559807836933,3.2586218471031105,0.5289704996758258,0.7662925431645935,0.06545148965372302,0.11226499981751326,0.9744292237442922,1x
A,S2,DCA vs 200-week SMA,table=mild,2020-06-01 00:00:00+00:00,1.694795326854675,2.875614482031711,0.5207987520246813,0.7662925431645937,0.06228495138264209,0.1056809075234869,0.9680365296803652,1x
A,S2,DCA vs 200-week SMA,table=mild,2020-07-06 00:00:00+00:00,1.756232538500279,3.3584440565902334,0.5081746921734084,0.7662925431645942,0.05757231526766693,0.11009555727736817,0.9744292237442922,1x
A,S2,DCA vs 200-week SMA,table=mild,2020-08-03 00:00:00+00:00,1.5589131917903853,2.63222241945436,0.4954793092901466,0.7662925431645934,0.05341302876927628,0.09018781325211496,0.9680365296803652,1x
A,S2,DCA vs 200-week SMA,table=mild,2020-09-07 00:00:00+00:00,1.280589145819333,2.5079593391370674,0.47652230997021383,0.7662925431645933,0.049712408052784776,0.0973588589704975,0.9707762557077626,1x
A,S2,DCA vs 200-week SMA,table=mild,2020-10-05 00:00:00+00:00,1.2843164445580657,2.6003505051709395,0.4567541474669272,0.766292543164593,0.04623407340831676,0.09360994843042458,0.9744292237442922,1x
A,S2,DCA vs 200-week SMA,table=mild,2020-11-02 00:00:00+00:00,1.5316086967761182,2.570096681111993,0.4326815804791603,0.7662925431645933,0.04323960655388894,0.07255767712122276,0.9671232876712329,1x
A,S2,DCA vs 200-week SMA,table=mild,2020-12-07 00:00:00+00:00,1.8177283329388236,2.2572378406025395,0.40727715064602177,0.7662925431645933,0.041536028359747165,0.05157904691422167,0.9397260273972603,1x
A,S2,DCA vs 200-week SMA,table=mild,2021-01-04 00:00:00+00:00,1.7585697203090087,1.296393098007446,0.3943787621727858,0.7662925431645934,0.041044702533024294,0.030257582886296704,0.8575342465753425,1x
A,S2,DCA vs 200-week SMA,table=mild,2021-02-01 00:00:00+00:00,1.748521215000513,1.2847503392788535,0.38865136085940477,0.766292543164593,0.041064377994375595,0.030172624219794587,0.8785388127853881,1x
A,S2,DCA vs 200-week SMA,table=mild,2021-03-01 00:00:00+00:00,2.516210199075316,1.3524004438043142,0.38277748565505665,0.7662925431645935,0.04116096615947129,0.02212299629098559,0.8959854014598541,1x
A,S2,DCA vs 200-week SMA,table=mild,2021-04-05 00:00:00+00:00,2.8354809906801313,1.1749624805114196,0.3748925982753055,0.766292543164593,0.04140126277516228,0.01715579493091279,0.9233576642335767,1x
A,S2,DCA vs 200-week SMA,table=mild,2021-05-03 00:00:00+00:00,2.457778745854636,1.0423115600589552,0.36831793690188575,0.766292543164594,0.04161451677953607,0.017648167874645303,0.9425182481751825,1x
A,S2,DCA vs 200-week SMA,table=mild,2021-06-07 00:00:00+00:00,2.9770455181762743,1.9748679452084257,0.34744761218167874,0.766292543164594,0.04204922379161917,0.027893985389190554,0.9562043795620438,1x
A,S2,DCA vs 200-week SMA,table=mild,2021-07-05 00:00:00+00:00,2.4219133977566063,1.6142690110147282,0.31644269875559705,0.7662925431645932,0.04245246228276921,0.02829568322625584,0.9644160583941606,1x
A,S2,DCA vs 200-week SMA,table=mild,2021-08-02 00:00:00+00:00,2.801843597619312,1.6375322731093847,0.28237176635351935,0.7662925431645935,0.042871786580524214,0.025056335832277565,0.9352189781021898,1x
A,S2,DCA vs 200-week SMA,table=mild,2021-09-06 00:00:00+00:00,2.429841444190472,1.0838332644813837,0.26762011704844446,0.7662925431645937,0.04325100470257159,0.019292154939148876,0.9105839416058394,1x
A,S2,DCA vs 200-week SMA,table=mild,2021-10-04 00:00:00+00:00,2.645193302262394,1.2585409658306868,0.26151375053867865,0.7662925431645937,0.04354033428734939,0.020715799605164717,0.9124087591240876,1x
A,S2,DCA vs 200-week SMA,table=mild,2021-11-01 00:00:00+00:00,3.0724349710346703,1.1449741012958448,0.2615137505386773,0.7662925431645929,0.043709590478842056,0.016288822887492404,0.927007299270073,1x
A,S2,DCA vs 200-week SMA,table=mild,2021-12-06 00:00:00+00:00,4.259517958911897,1.95966786651854,0.2615137505386773,0.6895818371830496,0.04393718374837419,0.020214091821555445,0.9534671532846716,1x
A,S2,DCA vs 200-week SMA,table=mild,2022-01-03 00:00:00+00:00,4.300761770297138,2.047944713587009,0.261513750538677,0.6673056490171767,0.044344703641644605,0.021116143197165337,0.9653284671532847,1x
A,S2,DCA vs 200-week SMA,table=mild,2022-02-07 00:00:00+00:00,4.327454980235436,2.2748397393507966,0.26151375053867787,0.667305649017178,0.04481885052548576,0.02356019940428159,0.968065693430657,1x
A,S2,DCA vs 200-week SMA,table=mild,2022-03-07 00:00:00+00:00,4.0696453948991875,2.3372014475846226,0.2615137505386784,0.667305649017177,0.04525252827333204,0.025988572547342468,0.9625912408759124,1x
A,S2,DCA vs 200-week SMA,table=mild,2022-04-04 00:00:00+00:00,3.7931999354983486,1.7904146202680786,0.26151375053867865,0.6612040100033256,0.045584173541666925,0.02151602134072991,0.9607664233576643,1x
A,S2,DCA vs 200-week SMA,table=mild,2022-05-02 00:00:00+00:00,4.43074803490231,2.504535385885038,0.2809527676693758,0.6023862433862435,0.045919288710107704,0.0259564485642596,0.9607664233576643,1x
A,S2,DCA vs 200-week SMA,table=mild,2022-06-06 00:00:00+00:00,4.689412172884386,3.3876772918412827,0.2809527676693748,0.49698021553496563,0.046197154498358026,0.0333732769635196,0.9781021897810219,1x
A,S2,DCA vs 200-week SMA,table=mild,2022-07-04 00:00:00+00:00,5.027871374452469,5.6648145276752615,0.2809527676693754,0.35432082803835163,0.04588111026414862,0.05169344253531614,0.9872262773722628,1x
A,S2,DCA vs 200-week SMA,table=mild,2022-08-01 00:00:00+00:00,5.212193091201115,4.9617466527091105,0.28095276766937594,0.35432082803835163,0.04502426911008245,0.04286084813794668,0.9744525547445255,1x
A,S2,DCA vs 200-week SMA,table=mild,2022-09-05 00:00:00+00:00,4.851508523499226,5.528165440849209,0.2809527676693747,0.2953441145503565,0.043813514004714546,0.04992433854126866,0.9872262773722628,1x
A,S2,DCA vs 200-week SMA,table=base,2018-01-01 00:00:00+00:00,4.374264101410243,2.105645384445993,0.4764293318316304,0.8118477145881704,0.15123496260359584,0.07280017703331126,0.7828467153284672,1x
A,S2,DCA vs 200-week SMA,table=base,2018-02-05 00:00:00+00:00,5.525830722527157,4.5087242869453705,0.4764293318316304,0.7210838037342593,0.13611146634323626,0.1220663776027765,0.8147810218978102,1x
A,S2,DCA vs 200-week SMA,table=base,2018-03-05 00:00:00+00:00,6.951431267391929,4.194668990798933,0.4764293318316304,0.7195983935742972,0.1225003197089126,0.08671313487858756,0.8403284671532847,1x
A,S2,DCA vs 200-week SMA,table=base,2018-04-02 00:00:00+00:00,8.122849845610903,8.605955662883634,0.4764293318316304,0.6743998377939973,0.11025028773802137,0.14655809225686378,0.8658759124087592,1x
A,S2,DCA vs 200-week SMA,table=base,2018-05-07 00:00:00+00:00,7.886287765255311,5.828493064222101,0.4764293318316304,0.6570507207688201,0.0893027330677973,0.10335365708040514,0.8978102189781022,1x
A,S2,DCA vs 200-week SMA,table=base,2018-06-04 00:00:00+00:00,6.356126764469123,5.079941358389624,0.4764293318316304,0.6334142876781383,0.08957583882860164,0.12943584324704321,0.9233576642335767,1x
A,S2,DCA vs 200-week SMA,table=base,2018-07-02 00:00:00+00:00,5.79584843401778,5.259462071784936,0.46947226077165694,0.6334142876781379,0.08942651448250004,0.15697689104972873,0.9288321167883211,1x
A,S2,DCA vs 200-week SMA,table=base,2018-08-06 00:00:00+00:00,6.386634153582729,5.808675127348062,0.4601485951428387,0.6334142876781379,0.08913322180056715,0.14215187062521595,0.9361313868613139,1x
A,S2,DCA vs 200-week SMA,table=base,2018-09-03 00:00:00+00:00,7.036206551957008,6.734162712870155,0.45057124730641573,0.6334142876781377,0.08786977863403539,0.1367435973879671,0.9224452554744526,1x
A,S2,DCA vs 200-week SMA,table=base,2018-10-01 00:00:00+00:00,6.450007183886941,6.603482715807671,0.4408037325749272,0.6334142876781381,0.0863849794254153,0.1506815363192324,0.9306569343065694,1x
A,S2,DCA vs 200-week SMA,table=base,2018-11-05 00:00:00+00:00,7.789392834433986,9.451810450638034,0.42814080156887746,0.6334142876781375,0.08421464920802255,0.15395079259109223,0.958941605839416,1x
A,S2,DCA vs 200-week SMA,table=base,2018-12-03 00:00:00+00:00,7.115795117999175,13.55487092447001,0.4103020670004741,0.633414287678138,0.0809502951268507,0.23999272887645523,0.968978102189781,1x
A,S2,DCA vs 200-week SMA,table=base,2019-01-07 00:00:00+00:00,5.502773316619622,10.787828792198495,0.36929002774667863,0.6334142876781383,0.07379301165401593,0.25040042635129117,0.968065693430657,1x
A,S2,DCA vs 200-week SMA,table=base,2019-02-04 00:00:00+00:00,4.681604291480542,10.77343051852904,0.35101149919648633,0.6334142876781379,0.06828671982142086,0.2887420435228884,0.9735401459854015,1x
A,S2,DCA vs 200-week SMA,table=base,2019-03-04 00:00:00+00:00,4.609374026438499,11.133919191184592,0.34789772342956815,0.6334142876781376,0.06277866487284493,0.2622584253824043,0.9744525547445255,1x
A,S2,DCA vs 200-week SMA,table=base,2019-04-01 00:00:00+00:00,4.396164349322257,11.076860124182488,0.34424999790381683,0.6334142876781379,0.05772060948895758,0.2433921637188931,0.9744525547445255,1x
A,S2,DCA vs 200-week SMA,table=base,2019-05-06 00:00:00+00:00,3.5306352471236067,6.3220277982379605,0.3391727856860609,0.6334142876781378,0.05305737526454967,0.17295524271319024,0.9616788321167883,1x
A,S2,DCA vs 200-week SMA,table=base,2019-06-03 00:00:00+00:00,3.080632762249983,3.4846429412153657,0.3851265400934829,0.6334142876781379,0.0518160146807478,0.11442834610668526,0.9425182481751825,1x
A,S2,DCA vs 200-week SMA,table=base,2019-07-01 00:00:00+00:00,2.4811421799299964,1.834544692467773,0.48757626792395836,0.7190587661047629,0.05399423862923714,0.09199304853713669,0.9324817518248175,1x
A,S2,DCA vs 200-week SMA,table=base,2019-08-05 00:00:00+00:00,2.585620840019684,2.066706838509523,0.48502953629279666,0.7190587661047633,0.05858580435710916,0.09135431488289884,0.9425182481751825,1x
A,S2,DCA vs 200-week SMA,table=base,2019-09-02 00:00:00+00:00,2.399707859934581,2.0672712447097705,0.4829057828793195,0.7190587661047632,0.061147098214854936,0.1026885901325473,0.9543795620437956,1x
A,S2,DCA vs 200-week SMA,table=base,2019-10-07 00:00:00+00:00,2.3245180415846654,2.5372377743415115,0.49407370728463895,0.7266029902927517,0.06660562983735417,0.12711185417831725,0.968065693430657,1x
A,S2,DCA vs 200-week SMA,table=base,2019-11-04 00:00:00+00:00,2.2525937983722604,2.1940554948137057,0.49014910491819397,0.7266029902927521,0.07005689589205093,0.10857457631816325,0.968065693430657,1x
A,S2,DCA vs 200-week SMA,table=base,2019-12-02 00:00:00+00:00,1.9289165086349653,2.293436193411052,0.535256109977744,0.7662925431645937,0.07398880682940652,0.1350878371273673,0.968065693430657,1x
A,S2,DCA vs 200-week SMA,table=base,2020-01-06 00:00:00+00:00,1.7783961136999444,2.2842421821685157,0.5297335718246474,0.7662925431645932,0.078682281525973,0.13570951393747663,0.9744525547445255,1x
A,S2,DCA vs 200-week SMA,table=base,2020-02-03 00:00:00+00:00,2.2018443393462612,2.513370995901953,0.5244888476196141,0.7662925431645938,0.08145264451471816,0.10700231666060506,0.9616788321167883,1x
A,S2,DCA vs 200-week SMA,table=base,2020-03-02 00:00:00+00:00,2.125951703143659,2.765854407399379,0.5184823934637564,0.7662925431645933,0.08413178051285027,0.11705353248149958,0.9808219178082191,1x
A,S2,DCA vs 200-week SMA,table=base,2020-04-06 00:00:00+00:00,2.18552695339665,4.1530662785079775,0.5047190709006895,0.7662925431645936,0.07758346388221553,0.14742864054744664,0.9744292237442922,1x
A,S2,DCA vs 200-week SMA,table=base,2020-05-04 00:00:00+00:00,2.0816434715978045,3.2586218471031105,0.49432185695991404,0.7662925431645935,0.07171611648243531,0.11226499981751326,0.9744292237442922,1x
A,S2,DCA vs 200-week SMA,table=base,2020-06-01 00:00:00+00:00,1.8315694087515546,2.875614482031711,0.4823393028409745,0.7662925431645937,0.06731149760115378,0.1056809075234869,0.9680365296803652,1x
A,S2,DCA vs 200-week SMA,table=base,2020-07-06 00:00:00+00:00,1.8981695796065032,3.3584440565902334,0.46392630990978423,0.7662925431645942,0.06222525495508752,0.11009555727736817,0.9744292237442922,1x
A,S2,DCA vs 200-week SMA,table=base,2020-08-03 00:00:00+00:00,1.6932689862124972,2.63222241945436,0.44518802996147366,0.7662925431645934,0.058016460153768774,0.09018781325211496,0.9680365296803652,1x
A,S2,DCA vs 200-week SMA,table=base,2020-09-07 00:00:00+00:00,1.3886860147094773,2.5079593391370674,0.41842236636238195,0.7662925431645933,0.053908723219939364,0.0973588589704975,0.9707762557077626,1x
A,S2,DCA vs 200-week SMA,table=base,2020-10-05 00:00:00+00:00,1.3880379434308225,2.6003505051709395,0.389464366087367,0.766292543164593,0.049967940877835786,0.09360994843042458,0.9744292237442922,1x
A,S2,DCA vs 200-week SMA,table=base,2020-11-02 00:00:00+00:00,1.649928031116016,2.570096681111993,0.35430487130039157,0.7662925431645933,0.04657993850378192,0.07255767712122276,0.954337899543379,1x
A,S2,DCA vs 200-week SMA,table=base,2020-12-07 00:00:00+00:00,1.9762724943178687,2.2572378406025395,0.32809815847150703,0.7662925431645933,0.04515884408197642,0.05157904691422167,0.7917808219178082,1x
A,S2,DCA vs 200-week SMA,table=base,2021-01-04 00:00:00+00:00,1.9228025653009089,1.296393098007446,0.31975535942815636,0.7662925431645934,0.044877867741657786,0.030257582886296704,0.8146118721461187,1x
A,S2,DCA vs 200-week SMA,table=base,2021-02-01 00:00:00+00:00,1.910899608439789,1.2847503392788535,0.31975535942815636,0.766292543164593,0.044877867741657786,0.030172624219794587,0.8401826484018264,1x
A,S2,DCA vs 200-week SMA,table=base,2021-03-01 00:00:00+00:00,2.743428035357928,1.3524004438043142,0.31975535942815636,0.7662925431645935,0.044877867741657786,0.02212299629098559,0.8658759124087592,1x
A,S2,DCA vs 200-week SMA,table=base,2021-04-05 00:00:00+00:00,3.0735859815384328,1.1749624805114196,0.31975535942815636,0.766292543164593,0.044877867741657786,0.01715579493091279,0.8978102189781022,1x
A,S2,DCA vs 200-week SMA,table=base,2021-05-03 00:00:00+00:00,2.6505142443216316,1.0423115600589552,0.31975535942815636,0.766292543164594,0.044877867741657786,0.017648167874645303,0.9233576642335767,1x
A,S2,DCA vs 200-week SMA,table=base,2021-06-07 00:00:00+00:00,3.198358763012264,1.9748679452084257,0.3089186182936543,0.766292543164594,0.04517515858278717,0.027893985389190554,0.9452554744525548,1x
A,S2,DCA vs 200-week SMA,table=base,2021-07-05 00:00:00+00:00,2.6122819172982137,1.6142690110147282,0.2871872726542597,0.7662925431645932,0.04578933320604525,0.02829568322625584,0.8968978102189781,1x
A,S2,DCA vs 200-week SMA,table=base,2021-08-02 00:00:00+00:00,3.031248953689329,1.6375322731093847,0.2711269705576852,0.7662925431645935,0.046381981608619165,0.025056335832277565,0.8366788321167883,1x
A,S2,DCA vs 200-week SMA,table=base,2021-09-06 00:00:00+00:00,2.615201794668042,1.0838332644813837,0.26762171024434445,0.7662925431645937,0.046550405743468165,0.019292154939148876,0.8658759124087592,1x
A,S2,DCA vs 200-week SMA,table=base,2021-10-04 00:00:00+00:00,2.8490244485467913,1.2585409658306868,0.26151375053867654,0.7662925431645937,0.04689542982604054,0.020715799605164717,0.8877737226277372,1x
A,S2,DCA vs 200-week SMA,table=base,2021-11-01 00:00:00+00:00,3.2963740222863396,1.1449741012958448,0.26151375053867654,0.7662925431645929,0.04689542982604054,0.016288822887492404,0.9133211678832117,1x
A,S2,DCA vs 200-week SMA,table=base,2021-12-06 00:00:00+00:00,4.546306988606291,1.95966786651854,0.26151375053867676,0.6895818371830496,0.04689542982604054,0.020214091821555445,0.9452554744525548,1x
A,S2,DCA vs 200-week SMA,table=base,2022-01-03 00:00:00+00:00,4.619003253814456,2.047944713587009,0.26151375053867776,0.6673056490171767,0.04762605820783296,0.021116143197165337,0.9534671532846716,1x
A,S2,DCA vs 200-week SMA,table=base,2022-02-07 00:00:00+00:00,4.670470126180019,2.2748397393507966,0.2615137505386791,0.667305649017178,0.048371410777246375,0.02356019940428159,0.9662408759124088,1x
A,S2,DCA vs 200-week SMA,table=base,2022-03-07 00:00:00+00:00,4.397532952007136,2.3372014475846226,0.2615137505386782,0.667305649017177,0.048898482529469094,0.025988572547342468,0.9616788321167883,1x
A,S2,DCA vs 200-week SMA,table=base,2022-04-04 00:00:00+00:00,4.110379640940875,1.7904146202680786,0.2615137505386784,0.6612040100033256,0.04939582992220183,0.02151602134072991,0.958941605839416,1x
A,S2,DCA vs 200-week SMA,table=base,2022-05-02 00:00:00+00:00,4.830933141199212,2.504535385885038,0.2809527676693758,0.6023862433862435,0.05006671828379995,0.0259564485642596,0.9607664233576643,1x
A,S2,DCA vs 200-week SMA,table=base,2022-06-06 00:00:00+00:00,5.141827223190462,3.3876772918412827,0.2809527676693748,0.49698021553496563,0.05065406449173077,0.0333732769635196,0.9808394160583942,1x
A,S2,DCA vs 200-week SMA,table=base,2022-07-04 00:00:00+00:00,5.543087180616549,5.6648145276752615,0.2809527676693765,0.35432082803835163,0.050582637302520925,0.05169344253531614,0.9936131386861314,1x
A,S2,DCA vs 200-week SMA,table=base,2022-08-01 00:00:00+00:00,5.7004104896280205,4.9617466527091105,0.28095276766937516,0.35432082803835163,0.049241616999228265,0.04286084813794668,0.9808394160583942,1x
A,S2,DCA vs 200-week SMA,table=base,2022-09-05 00:00:00+00:00,5.358932133334333,5.528165440849209,0.2809527676693756,0.2953441145503565,0.048396008568652386,0.04992433854126866,0.9936131386861314,1x
A,S2,DCA vs 200-week SMA,table=aggressive,2018-01-01 00:00:00+00:00,6.152279343481149,2.105645384445993,0.6287935460332008,0.8118477145881704,0.21270771834244695,0.07280017703331126,0.7828467153284672,1x
A,S2,DCA vs 200-week SMA,table=aggressive,2018-02-05 00:00:00+00:00,7.697392991346779,4.5087242869453705,0.6287935460332008,0.7210838037342593,0.17229325185738203,0.1220663776027765,0.8147810218978102,1x
A,S2,DCA vs 200-week SMA,table=aggressive,2018-03-05 00:00:00+00:00,9.610996273350557,4.194668990798933,0.6287935460332008,0.7195983935742972,0.15506392667164384,0.08671313487858756,0.8403284671532847,1x
A,S2,DCA vs 200-week SMA,table=aggressive,2018-04-02 00:00:00+00:00,11.168412941033358,8.605955662883634,0.6287935460332006,0.6743998377939973,0.13955753400447946,0.14655809225686378,0.8658759124087592,1x
A,S2,DCA vs 200-week SMA,table=aggressive,2018-05-07 00:00:00+00:00,10.734882485032015,5.828493064222101,0.6284875925714051,0.6570507207688201,0.1255370633882102,0.10335365708040514,0.8978102189781022,1x
A,S2,DCA vs 200-week SMA,table=aggressive,2018-06-04 00:00:00+00:00,8.581370097007573,5.079941358389624,0.628298047821739,0.6334142876781383,0.12565176669416958,0.12943584324704321,0.9233576642335767,1x
A,S2,DCA vs 200-week SMA,table=aggressive,2018-07-02 00:00:00+00:00,7.8493120364616535,5.259462071784936,0.6275274343494281,0.6334142876781379,0.1257600833138662,0.15697689104972873,0.9370437956204379,1x
A,S2,DCA vs 200-week SMA,table=aggressive,2018-08-06 00:00:00+00:00,8.76249563585504,5.808675127348062,0.6267619711296029,0.6334142876781379,0.12609799997511645,0.14215187062521595,0.9616788321167883,1x
A,S2,DCA vs 200-week SMA,table=aggressive,2018-09-03 00:00:00+00:00,9.760376451030542,6.734162712870155,0.624723813846867,0.6334142876781377,0.12553912689715452,0.1367435973879671,0.9644160583941606,1x
A,S2,DCA vs 200-week SMA,table=aggressive,2018-10-01 00:00:00+00:00,9.067201593654874,6.603482715807671,0.6208139159317954,0.6334142876781381,0.12558229890151343,0.1506815363192324,0.9671532846715328,1x
A,S2,DCA vs 200-week SMA,table=aggressive,2018-11-05 00:00:00+00:00,11.236092667119223,9.451810450638034,0.6151721993913153,0.6334142876781375,0.11271898849890678,0.15395079259109223,0.9762773722627737,1x
A,S2,DCA vs 200-week SMA,table=aggressive,2018-12-03 00:00:00+00:00,10.579347465140147,13.55487092447001,0.6081175703079041,0.633414287678138,0.09963384864833916,0.23999272887645523,0.9908759124087592,1x
A,S2,DCA vs 200-week SMA,table=aggressive,2019-01-07 00:00:00+00:00,8.298949415262653,10.787828792198495,0.5880421573675765,0.6334142876781383,0.08982404667643633,0.25040042635129117,0.9936131386861314,1x
A,S2,DCA vs 200-week SMA,table=aggressive,2019-02-04 00:00:00+00:00,7.239698699667044,10.77343051852904,0.5412629903327012,0.6334142876781379,0.08468142154896677,0.2887420435228884,0.9936131386861314,1x
A,S2,DCA vs 200-week SMA,table=aggressive,2019-03-04 00:00:00+00:00,6.922158397858253,11.133919191184592,0.476458809684026,0.6334142876781376,0.07754199678772458,0.2622584253824043,0.9936131386861314,1x
A,S2,DCA vs 200-week SMA,table=aggressive,2019-04-01 00:00:00+00:00,6.388863349770459,11.076860124182488,0.3866922898868498,0.6334142876781379,0.07044023632814791,0.2433921637188931,0.9936131386861314,1x
A,S2,DCA vs 200-week SMA,table=aggressive,2019-05-06 00:00:00+00:00,5.093324290559655,6.3220277982379605,0.37594945242054634,0.6334142876781378,0.06406293098779092,0.17295524271319024,0.9717153284671532,1x
A,S2,DCA vs 200-week SMA,table=aggressive,2019-06-03 00:00:00+00:00,4.595525613929896,3.4846429412153657,0.3759620786758079,0.6334142876781379,0.06588625504632149,0.11442834610668526,0.9498175182481752,1x
A,S2,DCA vs 200-week SMA,table=aggressive,2019-07-01 00:00:00+00:00,3.804997514444565,1.834544692467773,0.4398630765861923,0.7190587661047629,0.06941969827356072,0.09199304853713669,0.9425182481751825,1x
A,S2,DCA vs 200-week SMA,table=aggressive,2019-08-05 00:00:00+00:00,3.9524893603188436,2.066706838509523,0.43904356671480904,0.7190587661047633,0.07527956284772166,0.09135431488289884,0.9598540145985401,1x
A,S2,DCA vs 200-week SMA,table=aggressive,2019-09-02 00:00:00+00:00,3.7008315815111055,2.0672712447097705,0.43797159278641207,0.7190587661047632,0.07941614878111813,0.1026885901325473,0.968065693430657,1x
A,S2,DCA vs 200-week SMA,table=aggressive,2019-10-07 00:00:00+00:00,3.567479002731589,2.5372377743415115,0.4493061902130606,0.7266029902927517,0.08431273838120301,0.12711185417831725,0.9726277372262774,1x
A,S2,DCA vs 200-week SMA,table=aggressive,2019-11-04 00:00:00+00:00,3.4747154040795403,2.1940554948137057,0.4478766069662924,0.7266029902927521,0.08797783608148571,0.10857457631816325,0.9808394160583942,1x
A,S2,DCA vs 200-week SMA,table=aggressive,2019-12-02 00:00:00+00:00,3.0057487008401194,2.293436193411052,0.4887957172845111,0.7662925431645937,0.09109781164503403,0.1350878371273673,0.9808394160583942,1x
A,S2,DCA vs 200-week SMA,table=aggressive,2020-01-06 00:00:00+00:00,2.6331131824672642,2.2842421821685157,0.48664569393515167,0.7662925431645932,0.09276364033797539,0.13570951393747663,0.9872262773722628,1x
A,S2,DCA vs 200-week SMA,table=aggressive,2020-02-03 00:00:00+00:00,3.0635709053106397,2.513370995901953,0.48488794845459093,0.7662925431645938,0.09481257794645744,0.10700231666060506,0.9644160583941606,1x
A,S2,DCA vs 200-week SMA,table=aggressive,2020-03-02 00:00:00+00:00,2.978597022906674,2.765854407399379,0.48300014712150763,0.7662925431645933,0.09793034512766835,0.11705353248149958,0.9872146118721461,1x
A,S2,DCA vs 200-week SMA,table=aggressive,2020-04-06 00:00:00+00:00,2.8110001208340174,4.1530662785079775,0.4800811109990467,0.7662925431645936,0.09407134427571938,0.14742864054744664,0.993607305936073,1x
A,S2,DCA vs 200-week SMA,table=aggressive,2020-05-04 00:00:00+00:00,2.3751607818866707,3.2586218471031105,0.47353966620885257,0.7662925431645935,0.08182828117417773,0.11226499981751326,0.9808219178082191,1x
A,S2,DCA vs 200-week SMA,table=aggressive,2020-06-01 00:00:00+00:00,2.0253547393337317,2.875614482031711,0.46727458573083913,0.7662925431645937,0.07443324835342918,0.1056809075234869,0.9680365296803652,1x
A,S2,DCA vs 200-week SMA,table=aggressive,2020-07-06 00:00:00+00:00,2.0950126825474205,3.3584440565902334,0.4604319461466033,0.7662925431645942,0.06867810953575584,0.11009555727736817,0.9872146118721461,1x
A,S2,DCA vs 200-week SMA,table=aggressive,2020-08-03 00:00:00+00:00,1.693038188376466,2.63222241945436,0.4453927597013263,0.7662925431645934,0.05800855232957387,0.09018781325211496,0.9680365296803652,1x
A,S2,DCA vs 200-week SMA,table=aggressive,2020-09-07 00:00:00+00:00,1.3630376098207209,2.5079593391370674,0.43202267069916234,0.7662925431645933,0.05291305339570616,0.0973588589704975,0.9707762557077626,1x
A,S2,DCA vs 200-week SMA,table=aggressive,2020-10-05 00:00:00+00:00,1.3405397656979559,2.6003505051709395,0.41834655469704396,0.766292543164593,0.048258055245390806,0.09360994843042458,0.9744292237442922,1x
A,S2,DCA vs 200-week SMA,table=aggressive,2020-11-02 00:00:00+00:00,1.562235658513571,2.570096681111993,0.40084371062571444,0.7662925431645933,0.04410425153681178,0.07255767712122276,0.965296803652968,1x
A,S2,DCA vs 200-week SMA,table=aggressive,2020-12-07 00:00:00+00:00,1.8177678488660989,2.2572378406025395,0.379454635124002,0.7662925431645933,0.04153693131903224,0.05157904691422167,0.7789954337899543,1x
A,S2,DCA vs 200-week SMA,table=aggressive,2021-01-04 00:00:00+00:00,1.7675866931482018,1.296393098007446,0.3744882141115531,0.7662925431645934,0.04125515706528362,0.030257582886296704,0.7917808219178082,1x
A,S2,DCA vs 200-week SMA,table=aggressive,2021-02-01 00:00:00+00:00,1.7566445878397765,1.2847503392788535,0.3744882141115531,0.766292543164593,0.04125515706528362,0.030172624219794587,0.817351598173516,1x
A,S2,DCA vs 200-week SMA,table=aggressive,2021-03-01 00:00:00+00:00,2.521968181454712,1.3524004438043142,0.3744882141115531,0.7662925431645935,0.04125515706528362,0.02212299629098559,0.843065693430657,1x
A,S2,DCA vs 200-week SMA,table=aggressive,2021-04-05 00:00:00+00:00,2.8254745335041607,1.1749624805114196,0.3744882141115531,0.766292543164593,0.04125515706528362,0.01715579493091279,0.875,1x
A,S2,DCA vs 200-week SMA,table=aggressive,2021-05-03 00:00:00+00:00,2.436554741921461,1.0423115600589552,0.3744882141115531,0.766292543164594,0.04125515706528362,0.017648167874645303,0.9005474452554745,1x
A,S2,DCA vs 200-week SMA,table=aggressive,2021-06-07 00:00:00+00:00,2.9266942368609863,1.9748679452084257,0.3706132672965522,0.766292543164594,0.04133803805955879,0.027893985389190554,0.916058394160584,1x
A,S2,DCA vs 200-week SMA,table=aggressive,2021-07-05 00:00:00+00:00,2.3685030581695066,1.6142690110147282,0.3641339624907235,0.7662925431645932,0.04151626017540587,0.02829568322625584,0.8968978102189781,1x
A,S2,DCA vs 200-week SMA,table=aggressive,2021-08-02 00:00:00+00:00,2.729309068552724,1.6375322731093847,0.3548580764622489,0.7662925431645935,0.04176191561823931,0.025056335832277565,0.843978102189781,1x
A,S2,DCA vs 200-week SMA,table=aggressive,2021-09-06 00:00:00+00:00,2.364633029799402,1.0838332644813837,0.3489531012990439,0.7662925431645937,0.04209029956923108,0.019292154939148876,0.8658759124087592,1x
A,S2,DCA vs 200-week SMA,table=aggressive,2021-10-04 00:00:00+00:00,2.5736557151402524,1.2585409658306868,0.3442720276962753,0.7662925431645937,0.042362813364872985,0.020715799605164717,0.8914233576642335,1x
A,S2,DCA vs 200-week SMA,table=aggressive,2021-11-01 00:00:00+00:00,2.9882042837156204,1.1449741012958448,0.3419288126723917,0.7662925431645929,0.042511293726209,0.016288822887492404,0.9151459854014599,1x
A,S2,DCA vs 200-week SMA,table=aggressive,2021-12-06 00:00:00+00:00,4.141579261480867,1.95966786651854,0.3390648254051013,0.6895818371830496,0.042720638996114293,0.020214091821555445,0.9452554744525548,1x
A,S2,DCA vs 200-week SMA,table=aggressive,2022-01-03 00:00:00+00:00,4.18099539101227,2.047944713587009,0.3328934552392333,0.6673056490171767,0.043109805063374064,0.021116143197165337,0.968065693430657,1x
A,S2,DCA vs 200-week SMA,table=aggressive,2022-02-07 00:00:00+00:00,4.296928445133675,2.2748397393507966,0.30347861094362527,0.667305649017178,0.04450269143890124,0.02356019940428159,0.968978102189781,1x
A,S2,DCA vs 200-week SMA,table=aggressive,2022-03-07 00:00:00+00:00,4.119104356811218,2.3372014475846226,0.27541927851617864,0.667305649017177,0.04580248849224917,0.025988572547342468,0.9698905109489051,1x
A,S2,DCA vs 200-week SMA,table=aggressive,2022-04-04 00:00:00+00:00,3.92338683602733,1.7904146202680786,0.26151375053867787,0.6612040100033256,0.04714867379672273,0.02151602134072991,0.9616788321167883,1x
A,S2,DCA vs 200-week SMA,table=aggressive,2022-05-02 00:00:00+00:00,4.682890205235637,2.504535385885038,0.2809527676693754,0.6023862433862435,0.048532434170947374,0.0259564485642596,0.9808394160583942,1x
A,S2,DCA vs 200-week SMA,table=aggressive,2022-06-06 00:00:00+00:00,5.105075627387008,3.3876772918412827,0.2809527676693747,0.49698021553496563,0.0502920107658479,0.0333732769635196,0.9872262773722628,1x
A,S2,DCA vs 200-week SMA,table=aggressive,2022-07-04 00:00:00+00:00,5.5297462548275185,5.6648145276752615,0.28095276766937527,0.35432082803835163,0.05046089662111398,0.05169344253531614,0.9936131386861314,1x
A,S2,DCA vs 200-week SMA,table=aggressive,2022-08-01 00:00:00+00:00,5.747199502820203,4.9617466527091105,0.2809527676693754,0.35432082803835163,0.04964579257071972,0.04286084813794668,0.9936131386861314,1x
A,S2,DCA vs 200-week SMA,table=aggressive,2022-09-05 00:00:00+00:00,5.337652268080661,5.528165440849209,0.2809527676693747,0.2953441145503565,0.048203832120895115,0.04992433854126866,0.9936131386861314,1x
A,S3,Drawdown-from-ATH DCA,"x=0.3, n_weeks=4",2018-01-01 00:00:00+00:00,3.0119689380688155,2.105645384445993,0.7210838037342593,0.8118477145881704,0.1041352326132237,0.07280017703331126,0.9808394160583942,1x
A,S3,Drawdown-from-ATH DCA,"x=0.3, n_weeks=4",2018-02-05 00:00:00+00:00,4.120758861809888,4.5087242869453705,0.7210838037342595,0.7210838037342593,0.11156284465920542,0.1220663776027765,1.0,1x
A,S3,Drawdown-from-ATH DCA,"x=0.3, n_weeks=4",2018-03-05 00:00:00+00:00,5.215518669425626,4.194668990798933,0.6743998377939984,0.7195983935742972,0.10781636759318111,0.08671313487858756,1.0,1x
A,S3,Drawdown-from-ATH DCA,"x=0.3, n_weeks=4",2018-04-02 00:00:00+00:00,7.665011844267759,8.605955662883634,0.6743998377939984,0.6743998377939973,0.1305339647364318,0.14655809225686378,1.0,1x
A,S3,Drawdown-from-ATH DCA,"x=0.3, n_weeks=4",2018-05-07 00:00:00+00:00,6.648052019379961,5.828493064222101,0.6334142876781372,0.6570507207688201,0.11788647272850362,0.10335365708040514,1.0,1x
A,S3,Drawdown-from-ATH DCA,"x=0.3, n_weeks=4",2018-06-04 00:00:00+00:00,5.834623550443439,5.079941358389624,0.6334142876781378,0.6334142876781383,0.14866498764468225,0.12943584324704321,1.0,1x
A,S3,Drawdown-from-ATH DCA,"x=0.3, n_weeks=4",2018-07-02 00:00:00+00:00,5.008179985530504,5.259462071784936,0.6334142876781372,0.6334142876781379,0.1494769832381826,0.15697689104972873,1.0,1x
A,S3,Drawdown-from-ATH DCA,"x=0.3, n_weeks=4",2018-08-06 00:00:00+00:00,6.166224899042747,5.808675127348062,0.6334142876781383,0.6334142876781379,0.150901950079431,0.14215187062521595,1.0,1x
A,S3,Drawdown-from-ATH DCA,"x=0.3, n_weeks=4",2018-09-03 00:00:00+00:00,7.373929391145581,6.734162712870155,0.6334142876781379,0.6334142876781377,0.14973467004338936,0.1367435973879671,1.0,1x
A,S3,Drawdown-from-ATH DCA,"x=0.3, n_weeks=4",2018-10-01 00:00:00+00:00,6.690235678638478,6.603482715807671,0.6334142876781381,0.6334142876781381,0.1526611083545008,0.1506815363192324,1.0,1x
A,S3,Drawdown-from-ATH DCA,"x=0.3, n_weeks=4",2018-11-05 00:00:00+00:00,11.193909546229857,9.451810450638034,0.6334142876781377,0.6334142876781375,0.18232604809788053,0.15395079259109223,1.0,1x
A,S3,Drawdown-from-ATH DCA,"x=0.3, n_weeks=4",2018-12-03 00:00:00+00:00,15.315763840290193,13.55487092447001,0.6334142876781383,0.633414287678138,0.27116982369954207,0.23999272887645523,1.0,1x
A,S3,Drawdown-from-ATH DCA,"x=0.3, n_weeks=4",2019-01-07 00:00:00+00:00,11.857471877725775,10.787828792198495,0.6334142876781379,0.6334142876781383,0.275228321734043,0.25040042635129117,1.0,1x
A,S3,Drawdown-from-ATH DCA,"x=0.3, n_weeks=4",2019-02-04 00:00:00+00:00,10.251976174475583,10.77343051852904,0.6334142876781376,0.6334142876781379,0.27476638436335454,0.2887420435228884,1.0,1x
A,S3,Drawdown-from-ATH DCA,"x=0.3, n_weeks=4",2019-03-04 00:00:00+00:00,10.806334465589558,11.133919191184592,0.6334142876781379,0.6334142876781376,0.25454219780443677,0.2622584253824043,1.0,1x
A,S3,Drawdown-from-ATH DCA,"x=0.3, n_weeks=4",2019-04-01 00:00:00+00:00,9.341336213749745,11.076860124182488,0.6334142876781386,0.6334142876781379,0.20525744729109352,0.2433921637188931,1.0,1x
A,S3,Drawdown-from-ATH DCA,"x=0.3, n_weeks=4",2019-05-06 00:00:00+00:00,5.069264775952466,6.3220277982379605,0.6334142876781383,0.6334142876781378,0.13868270556270712,0.17295524271319024,1.0,1x
A,S3,Drawdown-from-ATH DCA,"x=0.3, n_weeks=4",2019-06-03 00:00:00+00:00,3.4138758762005605,3.4846429412153657,0.6334142876781377,0.6334142876781379,0.11210450451227384,0.11442834610668526,1.0,1x
A,S3,Drawdown-from-ATH DCA,"x=0.3, n_weeks=4",2019-07-01 00:00:00+00:00,1.854280574473113,1.834544692467773,0.7190587661047634,0.7190587661047629,0.09298270224178329,0.09199304853713669,1.0,1x
A,S3,Drawdown-from-ATH DCA,"x=0.3, n_weeks=4",2019-08-05 00:00:00+00:00,2.1108135788593057,2.066706838509523,0.7190587661047632,0.7190587661047633,0.0933039581372262,0.09135431488289884,1.0,1x
A,S3,Drawdown-from-ATH DCA,"x=0.3, n_weeks=4",2019-09-02 00:00:00+00:00,1.9897595038625957,2.0672712447097705,0.7190587661047627,0.7190587661047632,0.09883831097509053,0.1026885901325473,1.0,1x
A,S3,Drawdown-from-ATH DCA,"x=0.3, n_weeks=4",2019-10-07 00:00:00+00:00,2.3652895384708943,2.5372377743415115,0.7266029902927513,0.7266029902927517,0.11849750226174245,0.12711185417831725,1.0,1x
A,S3,Drawdown-from-ATH DCA,"x=0.3, n_weeks=4",2019-11-04 00:00:00+00:00,2.4308141924397897,2.1940554948137057,0.7266029902927515,0.7266029902927521,0.12029076824911296,0.10857457631816325,1.0,1x
A,S3,Drawdown-from-ATH DCA,"x=0.3, n_weeks=4",2019-12-02 00:00:00+00:00,2.2979296172100607,2.293436193411052,0.7662925431645939,0.7662925431645937,0.13535250849866975,0.1350878371273673,1.0,1x
A,S3,Drawdown-from-ATH DCA,"x=0.3, n_weeks=4",2020-01-06 00:00:00+00:00,2.055001232998185,2.2842421821685157,0.7662925431645933,0.7662925431645932,0.1220900395974409,0.13570951393747663,1.0,1x
A,S3,Drawdown-from-ATH DCA,"x=0.3, n_weeks=4",2020-02-03 00:00:00+00:00,2.3876470128567475,2.513370995901953,0.7662925431645935,0.7662925431645938,0.10164984085517471,0.10700231666060506,1.0,1x
A,S3,Drawdown-from-ATH DCA,"x=0.3, n_weeks=4",2020-03-02 00:00:00+00:00,3.540109119223831,2.765854407399379,0.7662925431645935,0.7662925431645933,0.14982071242309045,0.11705353248149958,1.0,1x
A,S3,Drawdown-from-ATH DCA,"x=0.3, n_weeks=4",2020-04-06 00:00:00+00:00,3.9583293446329395,4.1530662785079775,0.7662925431645935,0.7662925431645936,0.14051572380105437,0.14742864054744664,1.0,1x
A,S3,Drawdown-from-ATH DCA,"x=0.3, n_weeks=4",2020-05-04 00:00:00+00:00,3.224852886175356,3.2586218471031105,0.766292543164593,0.7662925431645935,0.11110160235371665,0.11226499981751326,1.0,1x
A,S3,Drawdown-from-ATH DCA,"x=0.3, n_weeks=4",2020-06-01 00:00:00+00:00,2.873630800607267,2.875614482031711,0.766292543164594,0.7662925431645937,0.10560800579953096,0.1056809075234869,1.0,1x
A,S3,Drawdown-from-ATH DCA,"x=0.3, n_weeks=4",2020-07-06 00:00:00+00:00,3.25172462676013,3.3584440565902334,0.7662925431645944,0.7662925431645942,0.10659711130015659,0.11009555727736817,1.0,1x
A,S3,Drawdown-from-ATH DCA,"x=0.3, n_weeks=4",2020-08-03 00:00:00+00:00,2.5188696769695467,2.63222241945436,0.7662925431645935,0.7662925431645934,0.08630400924859365,0.09018781325211496,1.0,1x
A,S3,Drawdown-from-ATH DCA,"x=0.3, n_weeks=4",2020-09-07 00:00:00+00:00,2.4349783282185062,2.5079593391370674,0.766292543164593,0.7662925431645933,0.09452573969353613,0.0973588589704975,1.0,1x
A,S3,Drawdown-from-ATH DCA,"x=0.3, n_weeks=4",2020-10-05 00:00:00+00:00,2.395013685548338,2.6003505051709395,0.7662925431645935,0.766292543164593,0.08621803374141787,0.09360994843042458,1.0,1x
A,S3,Drawdown-from-ATH DCA,"x=0.3, n_weeks=4",2020-11-02 00:00:00+00:00,0.9766494310293845,2.570096681111993,0.7662925431645937,0.7662925431645933,0.027572275626065477,0.07255767712122276,0.8146118721461187,1x
A,S3,Drawdown-from-ATH DCA,"x=0.3, n_weeks=4",2020-12-07 00:00:00+00:00,1.2066369508180594,2.2572378406025395,0.7662925431645937,0.7662925431645933,0.027572275626065477,0.05157904691422167,0.8465753424657534,1x
A,S3,Drawdown-from-ATH DCA,"x=0.3, n_weeks=4",2021-01-04 00:00:00+00:00,1.1813404908221696,1.296393098007446,0.7662925431645937,0.7662925431645934,0.027572275626065477,0.030257582886296704,0.8721461187214612,1x
A,S3,Drawdown-from-ATH DCA,"x=0.3, n_weeks=4",2021-02-01 00:00:00+00:00,1.174027496157868,1.2847503392788535,0.7662925431645937,0.766292543164593,0.027572275626065477,0.030172624219794587,0.897716894977169,1x
A,S3,Drawdown-from-ATH DCA,"x=0.3, n_weeks=4",2021-03-01 00:00:00+00:00,1.6855202298514964,1.3524004438043142,0.7662925431645937,0.7662925431645935,0.027572275626065477,0.02212299629098559,0.9233576642335767,1x
A,S3,Drawdown-from-ATH DCA,"x=0.3, n_weeks=4",2021-04-05 00:00:00+00:00,1.888364222900091,1.1749624805114196,0.7662925431645937,0.766292543164593,0.027572275626065477,0.01715579493091279,0.9552919708029197,1x
A,S3,Drawdown-from-ATH DCA,"x=0.3, n_weeks=4",2021-05-03 00:00:00+00:00,1.6284354175635591,1.0423115600589552,0.7662925431645937,0.766292543164594,0.027572275626065477,0.017648167874645303,0.9808394160583942,1x
A,S3,Drawdown-from-ATH DCA,"x=0.3, n_weeks=4",2021-06-07 00:00:00+00:00,1.952354419189356,1.9748679452084257,0.7662925431645939,0.766292543164594,0.027575993511627928,0.027893985389190554,1.0,1x
A,S3,Drawdown-from-ATH DCA,"x=0.3, n_weeks=4",2021-07-05 00:00:00+00:00,1.6699016546363636,1.6142690110147282,0.7662925431645937,0.7662925431645932,0.02927083894702847,0.02829568322625584,1.0,1x
A,S3,Drawdown-from-ATH DCA,"x=0.3, n_weeks=4",2021-08-02 00:00:00+00:00,1.56578420404604,1.6375322731093847,0.7256500318906505,0.7662925431645935,0.02395849871279594,0.025056335832277565,1.0,1x
A,S3,Drawdown-from-ATH DCA,"x=0.3, n_weeks=4",2021-09-06 00:00:00+00:00,1.347698637749278,1.0838332644813837,0.6680733746210201,0.7662925431645937,0.02398893979617796,0.019292154939148876,0.9808394160583942,1x
A,S3,Drawdown-from-ATH DCA,"x=0.3, n_weeks=4",2021-10-04 00:00:00+00:00,1.4746982007426057,1.2585409658306868,0.6673056490171774,0.7662925431645937,0.024273784671376895,0.020715799605164717,0.9297445255474452,1x
A,S3,Drawdown-from-ATH DCA,"x=0.3, n_weeks=4",2021-11-01 00:00:00+00:00,1.7062531148582711,1.1449741012958448,0.6673056490171774,0.7662925431645929,0.024273784671376895,0.016288822887492404,0.9552919708029197,1x
A,S3,Drawdown-from-ATH DCA,"x=0.3, n_weeks=4",2021-12-06 00:00:00+00:00,2.353237347450976,1.95966786651854,0.6673056490171774,0.6895818371830496,0.024273784671376895,0.020214091821555445,0.9872262773722628,1x
A,S3,Drawdown-from-ATH DCA,"x=0.3, n_weeks=4",2022-01-03 00:00:00+00:00,2.4474225674482364,2.047944713587009,0.6673056490171767,0.6673056490171767,0.02523511745963709,0.021116143197165337,0.9936131386861314,1x
A,S3,Drawdown-from-ATH DCA,"x=0.3, n_weeks=4",2022-02-07 00:00:00+00:00,2.4090637420462313,2.2748397393507966,0.6673056490171776,0.667305649017178,0.024950338768229826,0.02356019940428159,1.0,1x
A,S3,Drawdown-from-ATH DCA,"x=0.3, n_weeks=4",2022-03-07 00:00:00+00:00,2.202019619937825,2.3372014475846226,0.6673056490171771,0.667305649017177,0.02448541468368812,0.025988572547342468,1.0,1x
A,S3,Drawdown-from-ATH DCA,"x=0.3, n_weeks=4",2022-04-04 00:00:00+00:00,1.9903704739176658,1.7904146202680786,0.622738038102689,0.6612040100033256,0.023918958831088542,0.02151602134072991,1.0,1x
A,S3,Drawdown-from-ATH DCA,"x=0.3, n_weeks=4",2022-05-02 00:00:00+00:00,2.8976662372425954,2.504535385885038,0.5296283705549507,0.6023862433862435,0.030030769406278808,0.0259564485642596,1.0,1x
A,S3,Drawdown-from-ATH DCA,"x=0.3, n_weeks=4",2022-06-06 00:00:00+00:00,4.2364841872467975,3.3876772918412827,0.3543208280383515,0.49698021553496563,0.04173519138704983,0.0333732769635196,1.0,1x
A,S3,Drawdown-from-ATH DCA,"x=0.3, n_weeks=4",2022-07-04 00:00:00+00:00,5.254311279117738,5.6648145276752615,0.3543208280383524,0.35432082803835163,0.047947454738858246,0.05169344253531614,1.0,1x
A,S3,Drawdown-from-ATH DCA,"x=0.3, n_weeks=4",2022-08-01 00:00:00+00:00,5.01938309222814,4.9617466527091105,0.33254163711397566,0.35432082803835163,0.04335872657760629,0.04286084813794668,1.0,1x
A,S3,Drawdown-from-ATH DCA,"x=0.3, n_weeks=4",2022-09-05 00:00:00+00:00,5.541518307347604,5.528165440849209,0.28095276766937505,0.2953441145503565,0.050044927014007964,0.04992433854126866,1.0,1x
A,S3,Drawdown-from-ATH DCA,"x=0.3, n_weeks=12",2018-01-01 00:00:00+00:00,3.2229193118355104,2.105645384445993,0.6743998377939983,0.8118477145881704,0.11142859011249662,0.07280017703331126,0.9808394160583942,1x
A,S3,Drawdown-from-ATH DCA,"x=0.3, n_weeks=12",2018-02-05 00:00:00+00:00,4.308208015985271,4.5087242869453705,0.6743998377939988,0.7210838037342593,0.11663772566293949,0.1220663776027765,1.0,1x
A,S3,Drawdown-from-ATH DCA,"x=0.3, n_weeks=12",2018-03-05 00:00:00+00:00,5.623182474055129,4.194668990798933,0.6669126650029307,0.7195983935742972,0.11624368487459154,0.08671313487858756,1.0,1x
A,S3,Drawdown-from-ATH DCA,"x=0.3, n_weeks=12",2018-04-02 00:00:00+00:00,7.495156880813337,8.605955662883634,0.6334142876781377,0.6743998377939973,0.1276413610118272,0.14655809225686378,1.0,1x
A,S3,Drawdown-from-ATH DCA,"x=0.3, n_weeks=12",2018-05-07 00:00:00+00:00,7.820458306639186,5.828493064222101,0.6334142876781379,0.6570507207688201,0.13867614787045618,0.10335365708040514,1.0,1x
A,S3,Drawdown-from-ATH DCA,"x=0.3, n_weeks=12",2018-06-04 00:00:00+00:00,5.784816905500939,5.079941358389624,0.6334142876781381,0.6334142876781383,0.14739592474953844,0.12943584324704321,1.0,1x
A,S3,Drawdown-from-ATH DCA,"x=0.3, n_weeks=12",2018-07-02 00:00:00+00:00,4.950823727757059,5.259462071784936,0.6334142876781375,0.6334142876781379,0.14776509580470848,0.15697689104972873,1.0,1x
A,S3,Drawdown-from-ATH DCA,"x=0.3, n_weeks=12",2018-08-06 00:00:00+00:00,6.174286765998465,5.808675127348062,0.6334142876781375,0.6334142876781379,0.15109924282577372,0.14215187062521595,1.0,1x
A,S3,Drawdown-from-ATH DCA,"x=0.3, n_weeks=12",2018-09-03 00:00:00+00:00,7.586160242659984,6.734162712870155,0.6334142876781379,0.6334142876781377,0.15404421992363304,0.1367435973879671,1.0,1x
A,S3,Drawdown-from-ATH DCA,"x=0.3, n_weeks=12",2018-10-01 00:00:00+00:00,8.48869708490337,6.603482715807671,0.6334142876781372,0.6334142876781381,0.19369929068488276,0.1506815363192324,1.0,1x
A,S3,Drawdown-from-ATH DCA,"x=0.3, n_weeks=12",2018-11-05 00:00:00+00:00,14.817586867098347,9.451810450638034,0.6334142876781379,0.6334142876781375,0.24134839080730414,0.15395079259109223,1.0,1x
A,S3,Drawdown-from-ATH DCA,"x=0.3, n_weeks=12",2018-12-03 00:00:00+00:00,15.440223437716911,13.55487092447001,0.6334142876781379,0.633414287678138,0.27337341520459885,0.23999272887645523,1.0,1x
A,S3,Drawdown-from-ATH DCA,"x=0.3, n_weeks=12",2019-01-07 00:00:00+00:00,11.553769433446346,10.787828792198495,0.6334142876781383,0.6334142876781383,0.26817896796727814,0.25040042635129117,1.0,1x
A,S3,Drawdown-from-ATH DCA,"x=0.3, n_weeks=12",2019-02-04 00:00:00+00:00,9.135947070139473,10.77343051852904,0.6334142876781383,0.6334142876781379,0.2448553431529616,0.2887420435228884,1.0,1x
A,S3,Drawdown-from-ATH DCA,"x=0.3, n_weeks=12",2019-03-04 00:00:00+00:00,8.724445900045996,11.133919191184592,0.6334142876781375,0.6334142876781376,0.20550350732665934,0.2622584253824043,1.0,1x
A,S3,Drawdown-from-ATH DCA,"x=0.3, n_weeks=12",2019-04-01 00:00:00+00:00,7.284200822174424,11.076860124182488,0.6334142876781377,0.6334142876781379,0.16005595260713115,0.2433921637188931,1.0,1x
A,S3,Drawdown-from-ATH DCA,"x=0.3, n_weeks=12",2019-05-06 00:00:00+00:00,4.188603763939105,6.3220277982379605,0.6148018295471616,0.6334142876781378,0.11458997077225476,0.17295524271319024,1.0,1x
A,S3,Drawdown-from-ATH DCA,"x=0.3, n_weeks=12",2019-06-03 00:00:00+00:00,3.0446708730367376,3.4846429412153657,0.5943300422192885,0.6334142876781379,0.0999805886336459,0.11442834610668526,1.0,1x
A,S3,Drawdown-from-ATH DCA,"x=0.3, n_weeks=12",2019-07-01 00:00:00+00:00,1.9037778719838385,1.834544692467773,0.7190587661047629,0.7190587661047629,0.09546473896242386,0.09199304853713669,1.0,1x
A,S3,Drawdown-from-ATH DCA,"x=0.3, n_weeks=12",2019-08-05 00:00:00+00:00,2.3790134631828392,2.066706838509523,0.7190587661047634,0.7190587661047633,0.10515915512380947,0.09135431488289884,1.0,1x
A,S3,Drawdown-from-ATH DCA,"x=0.3, n_weeks=12",2019-09-02 00:00:00+00:00,2.231145504677672,2.0672712447097705,0.7190587661047634,0.7190587661047632,0.1108287975476032,0.1026885901325473,1.0,1x
A,S3,Drawdown-from-ATH DCA,"x=0.3, n_weeks=12",2019-10-07 00:00:00+00:00,2.489366874450687,2.5372377743415115,0.7266029902927522,0.7266029902927517,0.12471359300317508,0.12711185417831725,1.0,1x
A,S3,Drawdown-from-ATH DCA,"x=0.3, n_weeks=12",2019-11-04 00:00:00+00:00,2.5767771432353457,2.1940554948137057,0.7266029902927515,0.7266029902927521,0.12751386063589965,0.10857457631816325,1.0,1x
A,S3,Drawdown-from-ATH DCA,"x=0.3, n_weeks=12",2019-12-02 00:00:00+00:00,2.081176896181083,2.293436193411052,0.7662925431645939,0.7662925431645937,0.12258535310128028,0.1350878371273673,1.0,1x
A,S3,Drawdown-from-ATH DCA,"x=0.3, n_weeks=12",2020-01-06 00:00:00+00:00,2.0959052883983174,2.2842421821685157,0.7662925431645932,0.7662925431645932,0.12452019762523536,0.13570951393747663,1.0,1x
A,S3,Drawdown-from-ATH DCA,"x=0.3, n_weeks=12",2020-02-03 00:00:00+00:00,3.1474240696580633,2.513370995901953,0.7662925431645939,0.7662925431645938,0.13399600278505816,0.10700231666060506,1.0,1x
A,S3,Drawdown-from-ATH DCA,"x=0.3, n_weeks=12",2020-03-02 00:00:00+00:00,3.2706815175318438,2.765854407399379,0.7662925431645936,0.7662925431645933,0.1384182855846803,0.11705353248149958,1.0,1x
A,S3,Drawdown-from-ATH DCA,"x=0.3, n_weeks=12",2020-04-06 00:00:00+00:00,3.3543470578020025,4.1530662785079775,0.766292543164593,0.7662925431645936,0.11907511065143402,0.14742864054744664,1.0,1x
A,S3,Drawdown-from-ATH DCA,"x=0.3, n_weeks=12",2020-05-04 00:00:00+00:00,3.149868996417919,3.2586218471031105,0.7662925431645939,0.7662925431645935,0.10851828131650618,0.11226499981751326,1.0,1x
A,S3,Drawdown-from-ATH DCA,"x=0.3, n_weeks=12",2020-06-01 00:00:00+00:00,2.7614997986966077,2.875614482031711,0.7662925431645934,0.7662925431645937,0.10148711055523388,0.1056809075234869,1.0,1x
A,S3,Drawdown-from-ATH DCA,"x=0.3, n_weeks=12",2020-07-06 00:00:00+00:00,2.903786754644201,3.3584440565902334,0.7662925431645928,0.7662925431645942,0.09519111099673139,0.11009555727736817,1.0,1x
A,S3,Drawdown-from-ATH DCA,"x=0.3, n_weeks=12",2020-08-03 00:00:00+00:00,2.619003345296639,2.63222241945436,0.7662925431645935,0.7662925431645934,0.08973488823229482,0.09018781325211496,1.0,1x
A,S3,Drawdown-from-ATH DCA,"x=0.3, n_weeks=12",2020-09-07 00:00:00+00:00,1.7895828848870725,2.5079593391370674,0.7662925431645933,0.7662925431645933,0.0694715201266723,0.0973588589704975,1.0,1x
A,S3,Drawdown-from-ATH DCA,"x=0.3, n_weeks=12",2020-10-05 00:00:00+00:00,1.3107744899217908,2.6003505051709395,0.7662925431645935,0.766292543164593,0.047186535877181246,0.09360994843042458,1.0,1x
A,S3,Drawdown-from-ATH DCA,"x=0.3, n_weeks=12",2020-11-02 00:00:00+00:00,0.9801388428194606,2.570096681111993,0.7662925431645934,0.7662925431645933,0.027670786945062937,0.07255767712122276,0.8146118721461187,1x
A,S3,Drawdown-from-ATH DCA,"x=0.3, n_weeks=12",2020-12-07 00:00:00+00:00,1.2109480711328364,2.2572378406025395,0.7662925431645934,0.7662925431645933,0.027670786945062937,0.05157904691422167,0.8465753424657534,1x
A,S3,Drawdown-from-ATH DCA,"x=0.3, n_weeks=12",2021-01-04 00:00:00+00:00,1.185561230942219,1.296393098007446,0.7662925431645934,0.7662925431645934,0.027670786945062937,0.030257582886296704,0.8721461187214612,1x
A,S3,Drawdown-from-ATH DCA,"x=0.3, n_weeks=12",2021-02-01 00:00:00+00:00,1.1782221081207798,1.2847503392788535,0.7662925431645934,0.766292543164593,0.027670786945062937,0.030172624219794587,0.897716894977169,1x
A,S3,Drawdown-from-ATH DCA,"x=0.3, n_weeks=12",2021-03-01 00:00:00+00:00,1.6915423233229034,1.3524004438043142,0.7662925431645934,0.7662925431645935,0.027670786945062937,0.02212299629098559,0.9233576642335767,1x
A,S3,Drawdown-from-ATH DCA,"x=0.3, n_weeks=12",2021-04-05 00:00:00+00:00,1.8951110454282116,1.1749624805114196,0.7662925431645934,0.766292543164593,0.027670786945062937,0.01715579493091279,0.9552919708029197,1x
A,S3,Drawdown-from-ATH DCA,"x=0.3, n_weeks=12",2021-05-03 00:00:00+00:00,1.6342535561554536,1.0423115600589552,0.7662925431645934,0.766292543164594,0.027670786945062937,0.017648167874645303,0.9808394160583942,1x
A,S3,Drawdown-from-ATH DCA,"x=0.3, n_weeks=12",2021-06-07 00:00:00+00:00,1.9127344204484535,1.9748679452084257,0.752596456476843,0.766292543164594,0.027016381579761845,0.027893985389190554,1.0,1x
A,S3,Drawdown-from-ATH DCA,"x=0.3, n_weeks=12",2021-07-05 00:00:00+00:00,1.4823440668322556,1.6142690110147282,0.7175121229548131,0.7662925431645932,0.025983239386500646,0.02829568322625584,1.0,1x
A,S3,Drawdown-from-ATH DCA,"x=0.3, n_weeks=12",2021-08-02 00:00:00+00:00,1.5936674968082227,1.6375322731093847,0.6673056490171781,0.7662925431645935,0.0243851487147726,0.025056335832277565,1.0,1x
A,S3,Drawdown-from-ATH DCA,"x=0.3, n_weeks=12",2021-09-06 00:00:00+00:00,1.3750935302310154,1.0838332644813837,0.6673056490171767,0.7662925431645937,0.024476566931844346,0.019292154939148876,0.9808394160583942,1x
A,S3,Drawdown-from-ATH DCA,"x=0.3, n_weeks=12",2021-10-04 00:00:00+00:00,1.4944304966291215,1.2585409658306868,0.6673056490171771,0.7662925431645937,0.02459858163741373,0.020715799605164717,0.9297445255474452,1x
A,S3,Drawdown-from-ATH DCA,"x=0.3, n_weeks=12",2021-11-01 00:00:00+00:00,1.7290837464429023,1.1449741012958448,0.6673056490171771,0.7662925431645929,0.02459858163741373,0.016288822887492404,0.9552919708029197,1x
A,S3,Drawdown-from-ATH DCA,"x=0.3, n_weeks=12",2021-12-06 00:00:00+00:00,2.3847249939455057,1.95966786651854,0.6673056490171771,0.6895818371830496,0.02459858163741373,0.020214091821555445,0.9872262773722628,1x
A,S3,Drawdown-from-ATH DCA,"x=0.3, n_weeks=12",2022-01-03 00:00:00+00:00,2.413979578158091,2.047944713587009,0.6673056490171776,0.6673056490171767,0.02489029030385168,0.021116143197165337,0.9936131386861314,1x
A,S3,Drawdown-from-ATH DCA,"x=0.3, n_weeks=12",2022-02-07 00:00:00+00:00,2.3609055213075694,2.2748397393507966,0.6539190994057082,0.667305649017178,0.024451570761002166,0.02356019940428159,1.0,1x
A,S3,Drawdown-from-ATH DCA,"x=0.3, n_weeks=12",2022-03-07 00:00:00+00:00,2.3512735484368803,2.3372014475846226,0.6084696805929759,0.667305649017177,0.026145047640351825,0.025988572547342468,1.0,1x
A,S3,Drawdown-from-ATH DCA,"x=0.3, n_weeks=12",2022-04-04 00:00:00+00:00,2.5599272651347893,1.7904146202680786,0.5146021168484944,0.6612040100033256,0.030763516474809308,0.02151602134072991,1.0,1x
A,S3,Drawdown-from-ATH DCA,"x=0.3, n_weeks=12",2022-05-02 00:00:00+00:00,3.7672199509900826,2.504535385885038,0.38540423665117285,0.6023862433862435,0.03904263099623663,0.0259564485642596,1.0,1x
A,S3,Drawdown-from-ATH DCA,"x=0.3, n_weeks=12",2022-06-06 00:00:00+00:00,4.501618042840591,3.3876772918412827,0.3473807033116951,0.49698021553496563,0.044347124234504785,0.0333732769635196,1.0,1x
A,S3,Drawdown-from-ATH DCA,"x=0.3, n_weeks=12",2022-07-04 00:00:00+00:00,5.144804745147021,5.6648145276752615,0.30476706625583394,0.35432082803835163,0.046948168761638445,0.05169344253531614,1.0,1x
A,S3,Drawdown-from-ATH DCA,"x=0.3, n_weeks=12",2022-08-01 00:00:00+00:00,5.5978334088241315,4.9617466527091105,0.28095276766937505,0.35432082803835163,0.048355529701649524,0.04286084813794668,1.0,1x
A,S3,Drawdown-from-ATH DCA,"x=0.3, n_weeks=12",2022-09-05 00:00:00+00:00,5.771248550239808,5.528165440849209,0.2809527676693748,0.2953441145503565,0.05211959908054375,0.04992433854126866,1.0,1x
A,S3,Drawdown-from-ATH DCA,"x=0.4, n_weeks=4",2018-01-01 00:00:00+00:00,3.226802440670334,2.105645384445993,0.7210838037342597,0.8118477145881704,0.11156284465920542,0.07280017703331126,0.968065693430657,1x
A,S3,Drawdown-from-ATH DCA,"x=0.4, n_weeks=4",2018-02-05 00:00:00+00:00,4.120758861809888,4.5087242869453705,0.7210838037342595,0.7210838037342593,0.11156284465920542,0.1220663776027765,1.0,1x
A,S3,Drawdown-from-ATH DCA,"x=0.4, n_weeks=4",2018-03-05 00:00:00+00:00,5.939255007991351,4.194668990798933,0.6743998377939978,0.7195983935742972,0.12277760693775017,0.08671313487858756,0.9936131386861314,1x
A,S3,Drawdown-from-ATH DCA,"x=0.4, n_weeks=4",2018-04-02 00:00:00+00:00,7.665011844267759,8.605955662883634,0.6743998377939984,0.6743998377939973,0.1305339647364318,0.14655809225686378,1.0,1x
A,S3,Drawdown-from-ATH DCA,"x=0.4, n_weeks=4",2018-05-07 00:00:00+00:00,6.648052019379961,5.828493064222101,0.6334142876781372,0.6570507207688201,0.11788647272850362,0.10335365708040514,1.0,1x
A,S3,Drawdown-from-ATH DCA,"x=0.4, n_weeks=4",2018-06-04 00:00:00+00:00,5.834623550443439,5.079941358389624,0.6334142876781378,0.6334142876781383,0.14866498764468225,0.12943584324704321,1.0,1x
A,S3,Drawdown-from-ATH DCA,"x=0.4, n_weeks=4",2018-07-02 00:00:00+00:00,5.008179985530504,5.259462071784936,0.6334142876781372,0.6334142876781379,0.1494769832381826,0.15697689104972873,1.0,1x
A,S3,Drawdown-from-ATH DCA,"x=0.4, n_weeks=4",2018-08-06 00:00:00+00:00,6.166224899042747,5.808675127348062,0.6334142876781383,0.6334142876781379,0.150901950079431,0.14215187062521595,1.0,1x
A,S3,Drawdown-from-ATH DCA,"x=0.4, n_weeks=4",2018-09-03 00:00:00+00:00,7.373929391145581,6.734162712870155,0.6334142876781379,0.6334142876781377,0.14973467004338936,0.1367435973879671,1.0,1x
A,S3,Drawdown-from-ATH DCA,"x=0.4, n_weeks=4",2018-10-01 00:00:00+00:00,6.690235678638478,6.603482715807671,0.6334142876781381,0.6334142876781381,0.1526611083545008,0.1506815363192324,1.0,1x
A,S3,Drawdown-from-ATH DCA,"x=0.4, n_weeks=4",2018-11-05 00:00:00+00:00,11.193909546229857,9.451810450638034,0.6334142876781377,0.6334142876781375,0.18232604809788053,0.15395079259109223,1.0,1x
A,S3,Drawdown-from-ATH DCA,"x=0.4, n_weeks=4",2018-12-03 00:00:00+00:00,15.315763840290193,13.55487092447001,0.6334142876781383,0.633414287678138,0.27116982369954207,0.23999272887645523,1.0,1x
A,S3,Drawdown-from-ATH DCA,"x=0.4, n_weeks=4",2019-01-07 00:00:00+00:00,11.857471877725775,10.787828792198495,0.6334142876781379,0.6334142876781383,0.275228321734043,0.25040042635129117,1.0,1x
A,S3,Drawdown-from-ATH DCA,"x=0.4, n_weeks=4",2019-02-04 00:00:00+00:00,10.251976174475583,10.77343051852904,0.6334142876781376,0.6334142876781379,0.27476638436335454,0.2887420435228884,1.0,1x
A,S3,Drawdown-from-ATH DCA,"x=0.4, n_weeks=4",2019-03-04 00:00:00+00:00,10.806334465589558,11.133919191184592,0.6334142876781379,0.6334142876781376,0.25454219780443677,0.2622584253824043,1.0,1x
A,S3,Drawdown-from-ATH DCA,"x=0.4, n_weeks=4",2019-04-01 00:00:00+00:00,9.341336213749745,11.076860124182488,0.6334142876781386,0.6334142876781379,0.20525744729109352,0.2433921637188931,1.0,1x
A,S3,Drawdown-from-ATH DCA,"x=0.4, n_weeks=4",2019-05-06 00:00:00+00:00,5.069264775952466,6.3220277982379605,0.6334142876781383,0.6334142876781378,0.13868270556270712,0.17295524271319024,1.0,1x
A,S3,Drawdown-from-ATH DCA,"x=0.4, n_weeks=4",2019-06-03 00:00:00+00:00,3.4138758762005605,3.4846429412153657,0.6334142876781377,0.6334142876781379,0.11210450451227384,0.11442834610668526,1.0,1x
A,S3,Drawdown-from-ATH DCA,"x=0.4, n_weeks=4",2019-07-01 00:00:00+00:00,1.854280574473113,1.834544692467773,0.7190587661047634,0.7190587661047629,0.09298270224178329,0.09199304853713669,1.0,1x
A,S3,Drawdown-from-ATH DCA,"x=0.4, n_weeks=4",2019-08-05 00:00:00+00:00,2.1888028560124515,2.066706838509523,0.7190587661047632,0.7190587661047633,0.09675130579669221,0.09135431488289884,1.0,1x
A,S3,Drawdown-from-ATH DCA,"x=0.4, n_weeks=4",2019-09-02 00:00:00+00:00,1.9897595038625957,2.0672712447097705,0.7190587661047627,0.7190587661047632,0.09883831097509053,0.1026885901325473,1.0,1x
A,S3,Drawdown-from-ATH DCA,"x=0.4, n_weeks=4",2019-10-07 00:00:00+00:00,2.3652895384708943,2.5372377743415115,0.7266029902927513,0.7266029902927517,0.11849750226174245,0.12711185417831725,1.0,1x
A,S3,Drawdown-from-ATH DCA,"x=0.4, n_weeks=4",2019-11-04 00:00:00+00:00,2.4308141924397897,2.1940554948137057,0.7266029902927515,0.7266029902927521,0.12029076824911296,0.10857457631816325,1.0,1x
A,S3,Drawdown-from-ATH DCA,"x=0.4, n_weeks=4",2019-12-02 00:00:00+00:00,2.2979296172100607,2.293436193411052,0.7662925431645939,0.7662925431645937,0.13535250849866975,0.1350878371273673,1.0,1x
A,S3,Drawdown-from-ATH DCA,"x=0.4, n_weeks=4",2020-01-06 00:00:00+00:00,2.055001232998185,2.2842421821685157,0.7662925431645933,0.7662925431645932,0.1220900395974409,0.13570951393747663,1.0,1x
A,S3,Drawdown-from-ATH DCA,"x=0.4, n_weeks=4",2020-02-03 00:00:00+00:00,2.3876470128567475,2.513370995901953,0.7662925431645935,0.7662925431645938,0.10164984085517471,0.10700231666060506,1.0,1x
A,S3,Drawdown-from-ATH DCA,"x=0.4, n_weeks=4",2020-03-02 00:00:00+00:00,3.540109119223831,2.765854407399379,0.7662925431645935,0.7662925431645933,0.14982071242309045,0.11705353248149958,1.0,1x
A,S3,Drawdown-from-ATH DCA,"x=0.4, n_weeks=4",2020-04-06 00:00:00+00:00,3.9583293446329395,4.1530662785079775,0.7662925431645935,0.7662925431645936,0.14051572380105437,0.14742864054744664,1.0,1x
A,S3,Drawdown-from-ATH DCA,"x=0.4, n_weeks=4",2020-05-04 00:00:00+00:00,3.224852886175356,3.2586218471031105,0.766292543164593,0.7662925431645935,0.11110160235371665,0.11226499981751326,1.0,1x
A,S3,Drawdown-from-ATH DCA,"x=0.4, n_weeks=4",2020-06-01 00:00:00+00:00,2.873630800607267,2.875614482031711,0.766292543164594,0.7662925431645937,0.10560800579953096,0.1056809075234869,1.0,1x
A,S3,Drawdown-from-ATH DCA,"x=0.4, n_weeks=4",2020-07-06 00:00:00+00:00,3.25172462676013,3.3584440565902334,0.7662925431645944,0.7662925431645942,0.10659711130015659,0.11009555727736817,1.0,1x
A,S3,Drawdown-from-ATH DCA,"x=0.4, n_weeks=4",2020-08-03 00:00:00+00:00,2.727177492828297,2.63222241945436,0.7662925431645928,0.7662925431645934,0.09344125808318085,0.09018781325211496,1.0,1x
A,S3,Drawdown-from-ATH DCA,"x=0.4, n_weeks=4",2020-09-07 00:00:00+00:00,2.4349783282185062,2.5079593391370674,0.766292543164593,0.7662925431645933,0.09452573969353613,0.0973588589704975,1.0,1x
A,S3,Drawdown-from-ATH DCA,"x=0.4, n_weeks=4",2020-10-05 00:00:00+00:00,1.6533059296279193,2.6003505051709395,0.7662925431645938,0.766292543164593,0.059517316032751844,0.09360994843042458,1.0,1x
A,S3,Drawdown-from-ATH DCA,"x=0.4, n_weeks=4",2020-11-02 00:00:00+00:00,1.0030068592156285,2.570096681111993,0.7662925431645936,0.7662925431645933,0.028316385284716864,0.07255767712122276,0.8146118721461187,1x
A,S3,Drawdown-from-ATH DCA,"x=0.4, n_weeks=4",2020-12-07 00:00:00+00:00,1.239201191135626,2.2572378406025395,0.7662925431645936,0.7662925431645933,0.028316385284716864,0.05157904691422167,0.8465753424657534,1x
A,S3,Drawdown-from-ATH DCA,"x=0.4, n_weeks=4",2021-01-04 00:00:00+00:00,1.2132220402923097,1.296393098007446,0.7662925431645936,0.7662925431645934,0.028316385284716864,0.030257582886296704,0.8721461187214612,1x
A,S3,Drawdown-from-ATH DCA,"x=0.4, n_weeks=4",2021-02-01 00:00:00+00:00,1.2057116854232441,1.2847503392788535,0.7662925431645936,0.766292543164593,0.028316385284716864,0.030172624219794587,0.897716894977169,1x
A,S3,Drawdown-from-ATH DCA,"x=0.4, n_weeks=4",2021-03-01 00:00:00+00:00,1.7310083825123213,1.3524004438043142,0.7662925431645936,0.7662925431645935,0.028316385284716864,0.02212299629098559,0.9233576642335767,1x
A,S3,Drawdown-from-ATH DCA,"x=0.4, n_weeks=4",2021-04-05 00:00:00+00:00,1.9393266489387788,1.1749624805114196,0.7662925431645936,0.766292543164593,0.028316385284716864,0.01715579493091279,0.9552919708029197,1x
A,S3,Drawdown-from-ATH DCA,"x=0.4, n_weeks=4",2021-05-03 00:00:00+00:00,1.6723829879104017,1.0423115600589552,0.7662925431645936,0.766292543164594,0.028316385284716864,0.017648167874645303,0.9808394160583942,1x
A,S3,Drawdown-from-ATH DCA,"x=0.4, n_weeks=4",2021-06-07 00:00:00+00:00,2.0105279509601877,1.9748679452084257,0.766292543164594,0.766292543164594,0.028397664474079,0.027893985389190554,1.0,1x
A,S3,Drawdown-from-ATH DCA,"x=0.4, n_weeks=4",2021-07-05 00:00:00+00:00,1.6699016546363636,1.6142690110147282,0.7662925431645937,0.7662925431645932,0.02927083894702847,0.02829568322625584,1.0,1x
A,S3,Drawdown-from-ATH DCA,"x=0.4, n_weeks=4",2021-08-02 00:00:00+00:00,1.7378633809112631,1.6375322731093847,0.6673056490171777,0.7662925431645935,0.026591529961144902,0.025056335832277565,0.8403284671532847,1x
A,S3,Drawdown-from-ATH DCA,"x=0.4, n_weeks=4",2021-09-06 00:00:00+00:00,1.4939121532171205,1.0838332644813837,0.6673056490171777,0.7662925431645937,0.026591529961144902,0.019292154939148876,0.8722627737226277,1x
A,S3,Drawdown-from-ATH DCA,"x=0.4, n_weeks=4",2021-10-04 00:00:00+00:00,1.6155075081857473,1.2585409658306868,0.6673056490171777,0.7662925431645937,0.026591529961144902,0.020715799605164717,0.8978102189781022,1x
A,S3,Drawdown-from-ATH DCA,"x=0.4, n_weeks=4",2021-11-01 00:00:00+00:00,1.8691720899440967,1.1449741012958448,0.6673056490171777,0.7662925431645929,0.026591529961144902,0.016288822887492404,0.9233576642335767,1x
A,S3,Drawdown-from-ATH DCA,"x=0.4, n_weeks=4",2021-12-06 00:00:00+00:00,2.577932624747068,1.95966786651854,0.6673056490171777,0.6895818371830496,0.026591529961144902,0.020214091821555445,0.9552919708029197,1x
A,S3,Drawdown-from-ATH DCA,"x=0.4, n_weeks=4",2022-01-03 00:00:00+00:00,2.5789739490603463,2.047944713587009,0.6673056490171777,0.6673056490171767,0.026591529961144902,0.021116143197165337,0.9808394160583942,1x
A,S3,Drawdown-from-ATH DCA,"x=0.4, n_weeks=4",2022-02-07 00:00:00+00:00,2.532558673292709,2.2748397393507966,0.6673056490171769,0.667305649017178,0.02622935862851036,0.02356019940428159,0.9872262773722628,1x
A,S3,Drawdown-from-ATH DCA,"x=0.4, n_weeks=4",2022-03-07 00:00:00+00:00,2.3675263185093023,2.3372014475846226,0.6295976678782715,0.667305649017177,0.026325770741716898,0.025988572547342468,1.0,1x
A,S3,Drawdown-from-ATH DCA,"x=0.4, n_weeks=4",2022-04-04 00:00:00+00:00,2.200290672994462,1.7904146202680786,0.5872751394748931,0.6612040100033256,0.02644164124892444,0.02151602134072991,0.9872262773722628,1x
A,S3,Drawdown-from-ATH DCA,"x=0.4, n_weeks=4",2022-05-02 00:00:00+00:00,2.8976662372425954,2.504535385885038,0.5296283705549507,0.6023862433862435,0.030030769406278808,0.0259564485642596,1.0,1x
A,S3,Drawdown-from-ATH DCA,"x=0.4, n_weeks=4",2022-06-06 00:00:00+00:00,4.2364841872467975,3.3876772918412827,0.3543208280383515,0.49698021553496563,0.04173519138704983,0.0333732769635196,1.0,1x
A,S3,Drawdown-from-ATH DCA,"x=0.4, n_weeks=4",2022-07-04 00:00:00+00:00,5.254311279117738,5.6648145276752615,0.3543208280383524,0.35432082803835163,0.047947454738858246,0.05169344253531614,1.0,1x
A,S3,Drawdown-from-ATH DCA,"x=0.4, n_weeks=4",2022-08-01 00:00:00+00:00,5.01938309222814,4.9617466527091105,0.33254163711397566,0.35432082803835163,0.04335872657760629,0.04286084813794668,1.0,1x
A,S3,Drawdown-from-ATH DCA,"x=0.4, n_weeks=4",2022-09-05 00:00:00+00:00,5.541518307347604,5.528165440849209,0.28095276766937505,0.2953441145503565,0.050044927014007964,0.04992433854126866,1.0,1x
A,S3,Drawdown-from-ATH DCA,"x=0.4, n_weeks=12",2018-01-01 00:00:00+00:00,3.3963452550017457,2.105645384445993,0.6638999622401792,0.8118477145881704,0.11742458519216799,0.07280017703331126,0.968065693430657,1x
A,S3,Drawdown-from-ATH DCA,"x=0.4, n_weeks=12",2018-02-05 00:00:00+00:00,4.337271978884144,4.5087242869453705,0.6638999622401789,0.7210838037342593,0.11742458519216799,0.1220663776027765,1.0,1x
A,S3,Drawdown-from-ATH DCA,"x=0.4, n_weeks=12",2018-03-05 00:00:00+00:00,5.822085634347693,4.194668990798933,0.6588004124095399,0.7195983935742972,0.12035545545864933,0.08671313487858756,0.9936131386861314,1x
A,S3,Drawdown-from-ATH DCA,"x=0.4, n_weeks=12",2018-04-02 00:00:00+00:00,7.495156880813337,8.605955662883634,0.6334142876781377,0.6743998377939973,0.1276413610118272,0.14655809225686378,1.0,1x
A,S3,Drawdown-from-ATH DCA,"x=0.4, n_weeks=12",2018-05-07 00:00:00+00:00,7.820458306639186,5.828493064222101,0.6334142876781379,0.6570507207688201,0.13867614787045618,0.10335365708040514,1.0,1x
A,S3,Drawdown-from-ATH DCA,"x=0.4, n_weeks=12",2018-06-04 00:00:00+00:00,5.784816905500939,5.079941358389624,0.6334142876781381,0.6334142876781383,0.14739592474953844,0.12943584324704321,1.0,1x
A,S3,Drawdown-from-ATH DCA,"x=0.4, n_weeks=12",2018-07-02 00:00:00+00:00,4.950823727757059,5.259462071784936,0.6334142876781375,0.6334142876781379,0.14776509580470848,0.15697689104972873,1.0,1x
A,S3,Drawdown-from-ATH DCA,"x=0.4, n_weeks=12",2018-08-06 00:00:00+00:00,6.174286765998465,5.808675127348062,0.6334142876781375,0.6334142876781379,0.15109924282577372,0.14215187062521595,1.0,1x
A,S3,Drawdown-from-ATH DCA,"x=0.4, n_weeks=12",2018-09-03 00:00:00+00:00,7.586160242659984,6.734162712870155,0.6334142876781379,0.6334142876781377,0.15404421992363304,0.1367435973879671,1.0,1x
A,S3,Drawdown-from-ATH DCA,"x=0.4, n_weeks=12",2018-10-01 00:00:00+00:00,8.48869708490337,6.603482715807671,0.6334142876781372,0.6334142876781381,0.19369929068488276,0.1506815363192324,1.0,1x
A,S3,Drawdown-from-ATH DCA,"x=0.4, n_weeks=12",2018-11-05 00:00:00+00:00,14.817586867098347,9.451810450638034,0.6334142876781379,0.6334142876781375,0.24134839080730414,0.15395079259109223,1.0,1x
A,S3,Drawdown-from-ATH DCA,"x=0.4, n_weeks=12",2018-12-03 00:00:00+00:00,15.440223437716911,13.55487092447001,0.6334142876781379,0.633414287678138,0.27337341520459885,0.23999272887645523,1.0,1x
A,S3,Drawdown-from-ATH DCA,"x=0.4, n_weeks=12",2019-01-07 00:00:00+00:00,11.553769433446346,10.787828792198495,0.6334142876781383,0.6334142876781383,0.26817896796727814,0.25040042635129117,1.0,1x
A,S3,Drawdown-from-ATH DCA,"x=0.4, n_weeks=12",2019-02-04 00:00:00+00:00,9.135947070139473,10.77343051852904,0.6334142876781383,0.6334142876781379,0.2448553431529616,0.2887420435228884,1.0,1x
A,S3,Drawdown-from-ATH DCA,"x=0.4, n_weeks=12",2019-03-04 00:00:00+00:00,8.724445900045996,11.133919191184592,0.6334142876781375,0.6334142876781376,0.20550350732665934,0.2622584253824043,1.0,1x
A,S3,Drawdown-from-ATH DCA,"x=0.4, n_weeks=12",2019-04-01 00:00:00+00:00,7.284200822174424,11.076860124182488,0.6334142876781377,0.6334142876781379,0.16005595260713115,0.2433921637188931,1.0,1x
A,S3,Drawdown-from-ATH DCA,"x=0.4, n_weeks=12",2019-05-06 00:00:00+00:00,4.188603763939105,6.3220277982379605,0.6148018295471616,0.6334142876781378,0.11458997077225476,0.17295524271319024,1.0,1x
A,S3,Drawdown-from-ATH DCA,"x=0.4, n_weeks=12",2019-06-03 00:00:00+00:00,3.127948477070323,3.4846429412153657,0.5832341886702037,0.6334142876781379,0.10271525002020593,0.11442834610668526,1.0,1x
A,S3,Drawdown-from-ATH DCA,"x=0.4, n_weeks=12",2019-07-01 00:00:00+00:00,2.021855880311422,1.834544692467773,0.7190587661047628,0.7190587661047629,0.10138574813480664,0.09199304853713669,1.0,1x
A,S3,Drawdown-from-ATH DCA,"x=0.4, n_weeks=12",2019-08-05 00:00:00+00:00,2.4143061430267387,2.066706838509523,0.7190587661047634,0.7190587661047633,0.10671919185831127,0.09135431488289884,1.0,1x
A,S3,Drawdown-from-ATH DCA,"x=0.4, n_weeks=12",2019-09-02 00:00:00+00:00,2.231145504677672,2.0672712447097705,0.7190587661047634,0.7190587661047632,0.1108287975476032,0.1026885901325473,1.0,1x
A,S3,Drawdown-from-ATH DCA,"x=0.4, n_weeks=12",2019-10-07 00:00:00+00:00,2.489366874450687,2.5372377743415115,0.7266029902927522,0.7266029902927517,0.12471359300317508,0.12711185417831725,1.0,1x
A,S3,Drawdown-from-ATH DCA,"x=0.4, n_weeks=12",2019-11-04 00:00:00+00:00,2.5767771432353457,2.1940554948137057,0.7266029902927515,0.7266029902927521,0.12751386063589965,0.10857457631816325,1.0,1x
A,S3,Drawdown-from-ATH DCA,"x=0.4, n_weeks=12",2019-12-02 00:00:00+00:00,2.081176896181083,2.293436193411052,0.7662925431645939,0.7662925431645937,0.12258535310128028,0.1350878371273673,1.0,1x
A,S3,Drawdown-from-ATH DCA,"x=0.4, n_weeks=12",2020-01-06 00:00:00+00:00,2.0959052883983174,2.2842421821685157,0.7662925431645932,0.7662925431645932,0.12452019762523536,0.13570951393747663,1.0,1x
A,S3,Drawdown-from-ATH DCA,"x=0.4, n_weeks=12",2020-02-03 00:00:00+00:00,3.1474240696580633,2.513370995901953,0.7662925431645939,0.7662925431645938,0.13399600278505816,0.10700231666060506,1.0,1x
A,S3,Drawdown-from-ATH DCA,"x=0.4, n_weeks=12",2020-03-02 00:00:00+00:00,3.2706815175318438,2.765854407399379,0.7662925431645936,0.7662925431645933,0.1384182855846803,0.11705353248149958,1.0,1x
A,S3,Drawdown-from-ATH DCA,"x=0.4, n_weeks=12",2020-04-06 00:00:00+00:00,3.3543470578020025,4.1530662785079775,0.766292543164593,0.7662925431645936,0.11907511065143402,0.14742864054744664,1.0,1x
A,S3,Drawdown-from-ATH DCA,"x=0.4, n_weeks=12",2020-05-04 00:00:00+00:00,3.149868996417919,3.2586218471031105,0.7662925431645939,0.7662925431645935,0.10851828131650618,0.11226499981751326,1.0,1x
A,S3,Drawdown-from-ATH DCA,"x=0.4, n_weeks=12",2020-06-01 00:00:00+00:00,2.656378161703757,2.875614482031711,0.7650472319006253,0.7662925431645937,0.09762381453027091,0.1056809075234869,1.0,1x
A,S3,Drawdown-from-ATH DCA,"x=0.4, n_weeks=12",2020-07-06 00:00:00+00:00,2.4070560735348243,3.3584440565902334,0.7608027049133874,0.7662925431645942,0.0789074271741022,0.11009555727736817,1.0,1x
A,S3,Drawdown-from-ATH DCA,"x=0.4, n_weeks=12",2020-08-03 00:00:00+00:00,1.863997966354988,2.63222241945436,0.7553928505013905,0.7662925431645934,0.06386614567578741,0.09018781325211496,1.0,1x
A,S3,Drawdown-from-ATH DCA,"x=0.4, n_weeks=12",2020-09-07 00:00:00+00:00,1.5835482792389253,2.5079593391370674,0.7538617997663057,0.7662925431645933,0.06147326680521217,0.0973588589704975,1.0,1x
A,S3,Drawdown-from-ATH DCA,"x=0.4, n_weeks=12",2020-10-05 00:00:00+00:00,1.10729101369869,2.6003505051709395,0.7314300306798363,0.766292543164593,0.03986133964774609,0.09360994843042458,1.0,1x
A,S3,Drawdown-from-ATH DCA,"x=0.4, n_weeks=12",2020-11-02 00:00:00+00:00,1.051660776832962,2.570096681111993,0.704491688078699,0.7662925431645933,0.02968995822113794,0.07255767712122276,0.8146118721461187,1x
A,S3,Drawdown-from-ATH DCA,"x=0.4, n_weeks=12",2020-12-07 00:00:00+00:00,1.2993124377446112,2.2572378406025395,0.704491688078699,0.7662925431645933,0.02968995822113794,0.05157904691422167,0.8465753424657534,1x
A,S3,Drawdown-from-ATH DCA,"x=0.4, n_weeks=12",2021-01-04 00:00:00+00:00,1.272073088675046,1.296393098007446,0.704491688078699,0.7662925431645934,0.02968995822113794,0.030257582886296704,0.8721461187214612,1x
A,S3,Drawdown-from-ATH DCA,"x=0.4, n_weeks=12",2021-02-01 00:00:00+00:00,1.2641984210560535,1.2847503392788535,0.704491688078699,0.766292543164593,0.02968995822113794,0.030172624219794587,0.897716894977169,1x
A,S3,Drawdown-from-ATH DCA,"x=0.4, n_weeks=12",2021-03-01 00:00:00+00:00,1.8149762422172193,1.3524004438043142,0.704491688078699,0.7662925431645935,0.02968995822113794,0.02212299629098559,0.9233576642335767,1x
A,S3,Drawdown-from-ATH DCA,"x=0.4, n_weeks=12",2021-04-05 00:00:00+00:00,2.0333996237580685,1.1749624805114196,0.704491688078699,0.766292543164593,0.02968995822113794,0.01715579493091279,0.9552919708029197,1x
A,S3,Drawdown-from-ATH DCA,"x=0.4, n_weeks=12",2021-05-03 00:00:00+00:00,1.7535070434149216,1.0423115600589552,0.704491688078699,0.766292543164594,0.02968995822113794,0.017648167874645303,0.9808394160583942,1x
A,S3,Drawdown-from-ATH DCA,"x=0.4, n_weeks=12",2021-06-07 00:00:00+00:00,2.1229363858338632,1.9748679452084257,0.687100896130548,0.766292543164594,0.029985375311958423,0.027893985389190554,1.0,1x
A,S3,Drawdown-from-ATH DCA,"x=0.4, n_weeks=12",2021-07-05 00:00:00+00:00,1.7496243576696404,1.6142690110147282,0.6348698101222474,0.7662925431645932,0.030668256809589345,0.02829568322625584,1.0,1x
A,S3,Drawdown-from-ATH DCA,"x=0.4, n_weeks=12",2021-08-02 00:00:00+00:00,2.049957306368118,1.6375322731093847,0.5557461120980569,0.7662925431645935,0.03136696574086977,0.025056335832277565,0.8403284671532847,1x
A,S3,Drawdown-from-ATH DCA,"x=0.4, n_weeks=12",2021-09-06 00:00:00+00:00,1.7621961353220639,1.0838332644813837,0.5557461120980569,0.7662925431645937,0.03136696574086977,0.019292154939148876,0.8722627737226277,1x
A,S3,Drawdown-from-ATH DCA,"x=0.4, n_weeks=12",2021-10-04 00:00:00+00:00,1.9056281732349967,1.2585409658306868,0.5557461120980569,0.7662925431645937,0.03136696574086977,0.020715799605164717,0.8978102189781022,1x
A,S3,Drawdown-from-ATH DCA,"x=0.4, n_weeks=12",2021-11-01 00:00:00+00:00,2.2048470695268754,1.1449741012958448,0.5557461120980569,0.7662925431645929,0.03136696574086977,0.016288822887492404,0.9233576642335767,1x
A,S3,Drawdown-from-ATH DCA,"x=0.4, n_weeks=12",2021-12-06 00:00:00+00:00,3.040890254937037,1.95966786651854,0.5557461120980569,0.6895818371830496,0.03136696574086977,0.020214091821555445,0.9552919708029197,1x
A,S3,Drawdown-from-ATH DCA,"x=0.4, n_weeks=12",2022-01-03 00:00:00+00:00,3.0421185853154493,2.047944713587009,0.5557461120980569,0.6673056490171767,0.03136696574086977,0.021116143197165337,0.9808394160583942,1x
A,S3,Drawdown-from-ATH DCA,"x=0.4, n_weeks=12",2022-02-07 00:00:00+00:00,3.1138409645953335,2.2748397393507966,0.5293665301274222,0.667305649017178,0.03224961863028785,0.02356019940428159,0.9872262773722628,1x
A,S3,Drawdown-from-ATH DCA,"x=0.4, n_weeks=12",2022-03-07 00:00:00+00:00,3.0353308402389985,2.3372014475846226,0.4881124725423245,0.667305649017177,0.03375144056506539,0.025988572547342468,1.0,1x
A,S3,Drawdown-from-ATH DCA,"x=0.4, n_weeks=12",2022-04-04 00:00:00+00:00,2.934072636223475,1.7904146202680786,0.44559672094748004,0.6612040100033256,0.0352597486311766,0.02151602134072991,0.9872262773722628,1x
A,S3,Drawdown-from-ATH DCA,"x=0.4, n_weeks=12",2022-05-02 00:00:00+00:00,3.7672199509900826,2.504535385885038,0.38540423665117285,0.6023862433862435,0.03904263099623663,0.0259564485642596,1.0,1x
A,S3,Drawdown-from-ATH DCA,"x=0.4, n_weeks=12",2022-06-06 00:00:00+00:00,4.501618042840591,3.3876772918412827,0.3473807033116951,0.49698021553496563,0.044347124234504785,0.0333732769635196,1.0,1x
A,S3,Drawdown-from-ATH DCA,"x=0.4, n_weeks=12",2022-07-04 00:00:00+00:00,5.144804745147021,5.6648145276752615,0.30476706625583394,0.35432082803835163,0.046948168761638445,0.05169344253531614,1.0,1x
A,S3,Drawdown-from-ATH DCA,"x=0.4, n_weeks=12",2022-08-01 00:00:00+00:00,5.5978334088241315,4.9617466527091105,0.28095276766937505,0.35432082803835163,0.048355529701649524,0.04286084813794668,1.0,1x
A,S3,Drawdown-from-ATH DCA,"x=0.4, n_weeks=12",2022-09-05 00:00:00+00:00,5.771248550239808,5.528165440849209,0.2809527676693748,0.2953441145503565,0.05211959908054375,0.04992433854126866,1.0,1x
A,S3,Drawdown-from-ATH DCA,"x=0.5, n_weeks=4",2018-01-01 00:00:00+00:00,3.5536041596454977,2.105645384445993,0.6743998377939984,0.8118477145881704,0.1228616242029613,0.07280017703331126,0.968065693430657,1x
A,S3,Drawdown-from-ATH DCA,"x=0.5, n_weeks=4",2018-02-05 00:00:00+00:00,4.538098040232553,4.5087242869453705,0.6743998377939987,0.7210838037342593,0.1228616242029613,0.1220663776027765,1.0,1x
A,S3,Drawdown-from-ATH DCA,"x=0.5, n_weeks=4",2018-03-05 00:00:00+00:00,5.939255007991351,4.194668990798933,0.6743998377939978,0.7195983935742972,0.12277760693775017,0.08671313487858756,0.9936131386861314,1x
A,S3,Drawdown-from-ATH DCA,"x=0.5, n_weeks=4",2018-04-02 00:00:00+00:00,7.665011844267759,8.605955662883634,0.6743998377939984,0.6743998377939973,0.1305339647364318,0.14655809225686378,1.0,1x
A,S3,Drawdown-from-ATH DCA,"x=0.5, n_weeks=4",2018-05-07 00:00:00+00:00,7.015769634475417,5.828493064222101,0.6334142876781379,0.6570507207688201,0.12440701927016318,0.10335365708040514,0.9936131386861314,1x
A,S3,Drawdown-from-ATH DCA,"x=0.5, n_weeks=4",2018-06-04 00:00:00+00:00,5.834623550443439,5.079941358389624,0.6334142876781378,0.6334142876781383,0.14866498764468225,0.12943584324704321,1.0,1x
A,S3,Drawdown-from-ATH DCA,"x=0.5, n_weeks=4",2018-07-02 00:00:00+00:00,5.008179985530504,5.259462071784936,0.6334142876781372,0.6334142876781379,0.1494769832381826,0.15697689104972873,1.0,1x
A,S3,Drawdown-from-ATH DCA,"x=0.5, n_weeks=4",2018-08-06 00:00:00+00:00,6.166224899042747,5.808675127348062,0.6334142876781383,0.6334142876781379,0.150901950079431,0.14215187062521595,1.0,1x
A,S3,Drawdown-from-ATH DCA,"x=0.5, n_weeks=4",2018-09-03 00:00:00+00:00,7.373929391145581,6.734162712870155,0.6334142876781379,0.6334142876781377,0.14973467004338936,0.1367435973879671,1.0,1x
A,S3,Drawdown-from-ATH DCA,"x=0.5, n_weeks=4",2018-10-01 00:00:00+00:00,6.690235678638478,6.603482715807671,0.6334142876781381,0.6334142876781381,0.1526611083545008,0.1506815363192324,1.0,1x
A,S3,Drawdown-from-ATH DCA,"x=0.5, n_weeks=4",2018-11-05 00:00:00+00:00,11.193909546229857,9.451810450638034,0.6334142876781377,0.6334142876781375,0.18232604809788053,0.15395079259109223,1.0,1x
A,S3,Drawdown-from-ATH DCA,"x=0.5, n_weeks=4",2018-12-03 00:00:00+00:00,15.315763840290193,13.55487092447001,0.6334142876781383,0.633414287678138,0.27116982369954207,0.23999272887645523,1.0,1x
A,S3,Drawdown-from-ATH DCA,"x=0.5, n_weeks=4",2019-01-07 00:00:00+00:00,11.857471877725775,10.787828792198495,0.6334142876781379,0.6334142876781383,0.275228321734043,0.25040042635129117,1.0,1x
A,S3,Drawdown-from-ATH DCA,"x=0.5, n_weeks=4",2019-02-04 00:00:00+00:00,10.251976174475583,10.77343051852904,0.6334142876781376,0.6334142876781379,0.27476638436335454,0.2887420435228884,1.0,1x
A,S3,Drawdown-from-ATH DCA,"x=0.5, n_weeks=4",2019-03-04 00:00:00+00:00,10.806334465589558,11.133919191184592,0.6334142876781379,0.6334142876781376,0.25454219780443677,0.2622584253824043,1.0,1x
A,S3,Drawdown-from-ATH DCA,"x=0.5, n_weeks=4",2019-04-01 00:00:00+00:00,9.341336213749745,11.076860124182488,0.6334142876781386,0.6334142876781379,0.20525744729109352,0.2433921637188931,1.0,1x
A,S3,Drawdown-from-ATH DCA,"x=0.5, n_weeks=4",2019-05-06 00:00:00+00:00,5.069264775952466,6.3220277982379605,0.6334142876781383,0.6334142876781378,0.13868270556270712,0.17295524271319024,1.0,1x
A,S3,Drawdown-from-ATH DCA,"x=0.5, n_weeks=4",2019-06-03 00:00:00+00:00,3.62025080791024,3.4846429412153657,0.5976290355002036,0.6334142876781379,0.11888142327032092,0.11442834610668526,1.0,1x
A,S3,Drawdown-from-ATH DCA,"x=0.5, n_weeks=4",2019-07-01 00:00:00+00:00,2.366409691332301,1.834544692467773,0.7190587661047632,0.7190587661047629,0.11866336235213155,0.09199304853713669,0.9744525547445255,1x
A,S3,Drawdown-from-ATH DCA,"x=0.5, n_weeks=4",2019-08-05 00:00:00+00:00,2.790209678265958,2.066706838509523,0.7190587661047632,0.7190587661047633,0.12333519625911166,0.09135431488289884,0.948905109489051,1x
A,S3,Drawdown-from-ATH DCA,"x=0.5, n_weeks=4",2019-09-02 00:00:00+00:00,2.4829175700824564,2.0672712447097705,0.7190587661047632,0.7190587661047632,0.12333519625911166,0.1026885901325473,0.9744525547445255,1x
A,S3,Drawdown-from-ATH DCA,"x=0.5, n_weeks=4",2019-10-07 00:00:00+00:00,2.3652895384708943,2.5372377743415115,0.7266029902927513,0.7266029902927517,0.11849750226174245,0.12711185417831725,1.0,1x
A,S3,Drawdown-from-ATH DCA,"x=0.5, n_weeks=4",2019-11-04 00:00:00+00:00,2.4308141924397897,2.1940554948137057,0.7266029902927515,0.7266029902927521,0.12029076824911296,0.10857457631816325,1.0,1x
A,S3,Drawdown-from-ATH DCA,"x=0.5, n_weeks=4",2019-12-02 00:00:00+00:00,2.2979296172100607,2.293436193411052,0.7662925431645939,0.7662925431645937,0.13535250849866975,0.1350878371273673,1.0,1x
A,S3,Drawdown-from-ATH DCA,"x=0.5, n_weeks=4",2020-01-06 00:00:00+00:00,2.055001232998185,2.2842421821685157,0.7662925431645933,0.7662925431645932,0.1220900395974409,0.13570951393747663,1.0,1x
A,S3,Drawdown-from-ATH DCA,"x=0.5, n_weeks=4",2020-02-03 00:00:00+00:00,3.267690042622908,2.513370995901953,0.7662925431645937,0.7662925431645938,0.1391161134824691,0.10700231666060506,1.0,1x
A,S3,Drawdown-from-ATH DCA,"x=0.5, n_weeks=4",2020-03-02 00:00:00+00:00,3.540109119223831,2.765854407399379,0.7662925431645935,0.7662925431645933,0.14982071242309045,0.11705353248149958,1.0,1x
A,S3,Drawdown-from-ATH DCA,"x=0.5, n_weeks=4",2020-04-06 00:00:00+00:00,3.9583293446329395,4.1530662785079775,0.7662925431645935,0.7662925431645936,0.14051572380105437,0.14742864054744664,1.0,1x
A,S3,Drawdown-from-ATH DCA,"x=0.5, n_weeks=4",2020-05-04 00:00:00+00:00,3.231524627048064,3.2586218471031105,0.7662925431645933,0.7662925431645935,0.11133145504083433,0.11226499981751326,1.0,1x
A,S3,Drawdown-from-ATH DCA,"x=0.5, n_weeks=4",2020-06-01 00:00:00+00:00,2.932817137017166,2.875614482031711,0.7662925431645939,0.7662925431645937,0.10778314637691784,0.1056809075234869,1.0,1x
A,S3,Drawdown-from-ATH DCA,"x=0.5, n_weeks=4",2020-07-06 00:00:00+00:00,2.7337793996549227,3.3584440565902334,0.7570340929219007,0.7662925431645942,0.08961797826817877,0.11009555727736817,1.0,1x
A,S3,Drawdown-from-ATH DCA,"x=0.5, n_weeks=4",2020-08-03 00:00:00+00:00,0.9521039457095434,2.63222241945436,0.5979335698864354,0.7662925431645934,0.032621928989592736,0.09018781325211496,0.680365296803653,1x
A,S3,Drawdown-from-ATH DCA,"x=0.5, n_weeks=4",2020-09-07 00:00:00+00:00,0.8403392596754594,2.5079593391370674,0.5979335698864354,0.7662925431645933,0.032621928989592736,0.0973588589704975,0.7123287671232876,1x
A,S3,Drawdown-from-ATH DCA,"x=0.5, n_weeks=4",2020-10-05 00:00:00+00:00,0.9061905379724311,2.6003505051709395,0.5979335698864354,0.766292543164593,0.032621928989592736,0.09360994843042458,0.7378995433789954,1x
A,S3,Drawdown-from-ATH DCA,"x=0.5, n_weeks=4",2020-11-02 00:00:00+00:00,1.1555153741698296,2.570096681111993,0.5979335698864354,0.7662925431645933,0.032621928989592736,0.07255767712122276,0.7634703196347032,1x
A,S3,Drawdown-from-ATH DCA,"x=0.5, n_weeks=4",2020-12-07 00:00:00+00:00,1.4276233655735602,2.2572378406025395,0.5979335698864354,0.7662925431645933,0.032621928989592736,0.05157904691422167,0.7954337899543379,1x
A,S3,Drawdown-from-ATH DCA,"x=0.5, n_weeks=4",2021-01-04 00:00:00+00:00,1.3976940506027684,1.296393098007446,0.5979335698864354,0.7662925431645934,0.032621928989592736,0.030257582886296704,0.8210045662100457,1x
A,S3,Drawdown-from-ATH DCA,"x=0.5, n_weeks=4",2021-02-01 00:00:00+00:00,1.3890417363768588,1.2847503392788535,0.5979335698864354,0.766292543164593,0.032621928989592736,0.030172624219794587,0.8465753424657534,1x
A,S3,Drawdown-from-ATH DCA,"x=0.5, n_weeks=4",2021-03-01 00:00:00+00:00,1.9942104886242138,1.3524004438043142,0.5979335698864354,0.7662925431645935,0.032621928989592736,0.02212299629098559,0.8722627737226277,1x
A,S3,Drawdown-from-ATH DCA,"x=0.5, n_weeks=4",2021-04-05 00:00:00+00:00,2.2342038220341394,1.1749624805114196,0.5979335698864354,0.766292543164593,0.032621928989592736,0.01715579493091279,0.9041970802919708,1x
A,S3,Drawdown-from-ATH DCA,"x=0.5, n_weeks=4",2021-05-03 00:00:00+00:00,1.9266710255020305,1.0423115600589552,0.5979335698864354,0.766292543164594,0.032621928989592736,0.017648167874645303,0.9297445255474452,1x
A,S3,Drawdown-from-ATH DCA,"x=0.5, n_weeks=4",2021-06-07 00:00:00+00:00,2.3096019078499155,1.9748679452084257,0.5979335698864354,0.766292543164594,0.032621928989592736,0.027893985389190554,0.9616788321167883,1x
A,S3,Drawdown-from-ATH DCA,"x=0.5, n_weeks=4",2021-07-05 00:00:00+00:00,1.8610813750755555,1.6142690110147282,0.5979335698864354,0.7662925431645932,0.032621928989592736,0.02829568322625584,0.9872262773722628,1x
A,S3,Drawdown-from-ATH DCA,"x=0.5, n_weeks=4",2021-08-02 00:00:00+00:00,2.158144751286922,1.6375322731093847,0.49698021553496474,0.7662925431645935,0.03302237186460638,0.025056335832277565,0.7381386861313869,1x
A,S3,Drawdown-from-ATH DCA,"x=0.5, n_weeks=4",2021-09-06 00:00:00+00:00,1.8551968513535864,1.0838332644813837,0.49698021553496474,0.7662925431645937,0.03302237186460638,0.019292154939148876,0.7700729927007299,1x
A,S3,Drawdown-from-ATH DCA,"x=0.5, n_weeks=4",2021-10-04 00:00:00+00:00,2.00619858140259,1.2585409658306868,0.49698021553496474,0.7662925431645937,0.03302237186460638,0.020715799605164717,0.7956204379562044,1x
A,S3,Drawdown-from-ATH DCA,"x=0.5, n_weeks=4",2021-11-01 00:00:00+00:00,2.32120889333063,1.1449741012958448,0.49698021553496474,0.7662925431645929,0.03302237186460638,0.016288822887492404,0.8211678832116789,1x
A,S3,Drawdown-from-ATH DCA,"x=0.5, n_weeks=4",2021-12-06 00:00:00+00:00,3.20137464450854,1.95966786651854,0.49698021553496474,0.6895818371830496,0.03302237186460638,0.020214091821555445,0.8531021897810219,1x
A,S3,Drawdown-from-ATH DCA,"x=0.5, n_weeks=4",2022-01-03 00:00:00+00:00,3.2026678005907576,2.047944713587009,0.49698021553496474,0.6673056490171767,0.03302237186460638,0.021116143197165337,0.8786496350364964,1x
A,S3,Drawdown-from-ATH DCA,"x=0.5, n_weeks=4",2022-02-07 00:00:00+00:00,3.188453650845357,2.2748397393507966,0.49698021553496474,0.667305649017178,0.03302237186460638,0.02356019940428159,0.9105839416058394,1x
A,S3,Drawdown-from-ATH DCA,"x=0.5, n_weeks=4",2022-03-07 00:00:00+00:00,2.9697643140668757,2.3372014475846226,0.49698021553496474,0.667305649017177,0.03302237186460638,0.025988572547342468,0.9361313868613139,1x
A,S3,Drawdown-from-ATH DCA,"x=0.5, n_weeks=4",2022-04-04 00:00:00+00:00,2.747893601982958,1.7904146202680786,0.49698021553496474,0.6612040100033256,0.03302237186460638,0.02151602134072991,0.9616788321167883,1x
A,S3,Drawdown-from-ATH DCA,"x=0.5, n_weeks=4",2022-05-02 00:00:00+00:00,3.1863256892024014,2.504535385885038,0.49698021553496474,0.6023862433862435,0.03302237186460638,0.0259564485642596,0.9872262773722628,1x
A,S3,Drawdown-from-ATH DCA,"x=0.5, n_weeks=4",2022-06-06 00:00:00+00:00,4.2364841872467975,3.3876772918412827,0.3543208280383515,0.49698021553496563,0.04173519138704983,0.0333732769635196,1.0,1x
A,S3,Drawdown-from-ATH DCA,"x=0.5, n_weeks=4",2022-07-04 00:00:00+00:00,5.254311279117738,5.6648145276752615,0.3543208280383524,0.35432082803835163,0.047947454738858246,0.05169344253531614,1.0,1x
A,S3,Drawdown-from-ATH DCA,"x=0.5, n_weeks=4",2022-08-01 00:00:00+00:00,5.01938309222814,4.9617466527091105,0.33254163711397566,0.35432082803835163,0.04335872657760629,0.04286084813794668,1.0,1x
A,S3,Drawdown-from-ATH DCA,"x=0.5, n_weeks=4",2022-09-05 00:00:00+00:00,5.541518307347604,5.528165440849209,0.28095276766937505,0.2953441145503565,0.050044927014007964,0.04992433854126866,1.0,1x
A,S3,Drawdown-from-ATH DCA,"x=0.5, n_weeks=12",2018-01-01 00:00:00+00:00,3.672854424138873,2.105645384445993,0.6441859093470994,0.8118477145881704,0.12698455982664944,0.07280017703331126,0.968065693430657,1x
A,S3,Drawdown-from-ATH DCA,"x=0.5, n_weeks=12",2018-02-05 00:00:00+00:00,4.6903855115666095,4.5087242869453705,0.6441859093470998,0.7210838037342593,0.12698455982664944,0.1220663776027765,1.0,1x
A,S3,Drawdown-from-ATH DCA,"x=0.5, n_weeks=12",2018-03-05 00:00:00+00:00,6.181838325699848,4.194668990798933,0.6377173370937523,0.7195983935742972,0.12779234349834484,0.08671313487858756,0.9936131386861314,1x
A,S3,Drawdown-from-ATH DCA,"x=0.5, n_weeks=12",2018-04-02 00:00:00+00:00,7.87610996752468,8.605955662883634,0.633414287678138,0.6743998377939973,0.13412893308573098,0.14655809225686378,1.0,1x
A,S3,Drawdown-from-ATH DCA,"x=0.5, n_weeks=12",2018-05-07 00:00:00+00:00,7.906232472299214,5.828493064222101,0.6334142876781379,0.6570507207688201,0.14019713684759025,0.10335365708040514,0.9936131386861314,1x
A,S3,Drawdown-from-ATH DCA,"x=0.5, n_weeks=12",2018-06-04 00:00:00+00:00,5.784816905500939,5.079941358389624,0.6334142876781381,0.6334142876781383,0.14739592474953844,0.12943584324704321,1.0,1x
A,S3,Drawdown-from-ATH DCA,"x=0.5, n_weeks=12",2018-07-02 00:00:00+00:00,4.950823727757059,5.259462071784936,0.6334142876781375,0.6334142876781379,0.14776509580470848,0.15697689104972873,1.0,1x
A,S3,Drawdown-from-ATH DCA,"x=0.5, n_weeks=12",2018-08-06 00:00:00+00:00,6.174286765998465,5.808675127348062,0.6334142876781375,0.6334142876781379,0.15109924282577372,0.14215187062521595,1.0,1x
A,S3,Drawdown-from-ATH DCA,"x=0.5, n_weeks=12",2018-09-03 00:00:00+00:00,7.586160242659984,6.734162712870155,0.6334142876781379,0.6334142876781377,0.15404421992363304,0.1367435973879671,1.0,1x
A,S3,Drawdown-from-ATH DCA,"x=0.5, n_weeks=12",2018-10-01 00:00:00+00:00,8.48869708490337,6.603482715807671,0.6334142876781372,0.6334142876781381,0.19369929068488276,0.1506815363192324,1.0,1x
A,S3,Drawdown-from-ATH DCA,"x=0.5, n_weeks=12",2018-11-05 00:00:00+00:00,14.817586867098347,9.451810450638034,0.6334142876781379,0.6334142876781375,0.24134839080730414,0.15395079259109223,1.0,1x
A,S3,Drawdown-from-ATH DCA,"x=0.5, n_weeks=12",2018-12-03 00:00:00+00:00,15.440223437716911,13.55487092447001,0.6334142876781379,0.633414287678138,0.27337341520459885,0.23999272887645523,1.0,1x
A,S3,Drawdown-from-ATH DCA,"x=0.5, n_weeks=12",2019-01-07 00:00:00+00:00,11.553769433446346,10.787828792198495,0.6334142876781383,0.6334142876781383,0.26817896796727814,0.25040042635129117,1.0,1x
A,S3,Drawdown-from-ATH DCA,"x=0.5, n_weeks=12",2019-02-04 00:00:00+00:00,9.135947070139473,10.77343051852904,0.6334142876781383,0.6334142876781379,0.2448553431529616,0.2887420435228884,1.0,1x
A,S3,Drawdown-from-ATH DCA,"x=0.5, n_weeks=12",2019-03-04 00:00:00+00:00,8.724445900045996,11.133919191184592,0.6334142876781375,0.6334142876781376,0.20550350732665934,0.2622584253824043,1.0,1x
A,S3,Drawdown-from-ATH DCA,"x=0.5, n_weeks=12",2019-04-01 00:00:00+00:00,7.284200822174424,11.076860124182488,0.6334142876781377,0.6334142876781379,0.16005595260713115,0.2433921637188931,1.0,1x
A,S3,Drawdown-from-ATH DCA,"x=0.5, n_weeks=12",2019-05-06 00:00:00+00:00,4.640314274060205,6.3220277982379605,0.5682515747123034,0.6334142876781378,0.12694766729106297,0.17295524271319024,1.0,1x
A,S3,Drawdown-from-ATH DCA,"x=0.5, n_weeks=12",2019-06-03 00:00:00+00:00,3.700156426244352,3.4846429412153657,0.5760170589535889,0.6334142876781379,0.1215053557376788,0.11442834610668526,1.0,1x
A,S3,Drawdown-from-ATH DCA,"x=0.5, n_weeks=12",2019-07-01 00:00:00+00:00,2.4400444780506385,1.834544692467773,0.7190587661047632,0.7190587661047629,0.12235577090255487,0.09199304853713669,0.9744525547445255,1x
A,S3,Drawdown-from-ATH DCA,"x=0.5, n_weeks=12",2019-08-05 00:00:00+00:00,2.804470858004977,2.066706838509523,0.7190587661047632,0.7190587661047633,0.12396558092722432,0.09135431488289884,0.948905109489051,1x
A,S3,Drawdown-from-ATH DCA,"x=0.5, n_weeks=12",2019-09-02 00:00:00+00:00,2.4956081338131795,2.0672712447097705,0.7190587661047632,0.7190587661047632,0.12396558092722432,0.1026885901325473,0.9744525547445255,1x
A,S3,Drawdown-from-ATH DCA,"x=0.5, n_weeks=12",2019-10-07 00:00:00+00:00,2.489366874450687,2.5372377743415115,0.7266029902927522,0.7266029902927517,0.12471359300317508,0.12711185417831725,1.0,1x
A,S3,Drawdown-from-ATH DCA,"x=0.5, n_weeks=12",2019-11-04 00:00:00+00:00,2.5767771432353457,2.1940554948137057,0.7266029902927515,0.7266029902927521,0.12751386063589965,0.10857457631816325,1.0,1x
A,S3,Drawdown-from-ATH DCA,"x=0.5, n_weeks=12",2019-12-02 00:00:00+00:00,2.185803998992392,2.293436193411052,0.7660333873042493,0.7662925431645937,0.1287480922541237,0.1350878371273673,1.0,1x
A,S3,Drawdown-from-ATH DCA,"x=0.5, n_weeks=12",2020-01-06 00:00:00+00:00,2.1756213623825387,2.2842421821685157,0.7653865656730796,0.7662925431645932,0.12925622331369035,0.13570951393747663,1.0,1x
A,S3,Drawdown-from-ATH DCA,"x=0.5, n_weeks=12",2020-02-03 00:00:00+00:00,3.149153927893276,2.513370995901953,0.7649172320152915,0.7662925431645938,0.13406964843425356,0.10700231666060506,1.0,1x
A,S3,Drawdown-from-ATH DCA,"x=0.5, n_weeks=12",2020-03-02 00:00:00+00:00,3.226070716259851,2.765854407399379,0.7648186261563588,0.7662925431645933,0.1365303149591307,0.11705353248149958,1.0,1x
A,S3,Drawdown-from-ATH DCA,"x=0.5, n_weeks=12",2020-04-06 00:00:00+00:00,2.9853163616700757,4.1530662785079775,0.7543942225186815,0.7662925431645936,0.10597498409372506,0.14742864054744664,1.0,1x
A,S3,Drawdown-from-ATH DCA,"x=0.5, n_weeks=12",2020-05-04 00:00:00+00:00,2.495212182189513,3.2586218471031105,0.7404587819659552,0.7662925431645935,0.08596425370043825,0.11226499981751326,1.0,1x
A,S3,Drawdown-from-ATH DCA,"x=0.5, n_weeks=12",2020-06-01 00:00:00+00:00,2.0993462509298295,2.875614482031711,0.7262115679902126,0.7662925431645937,0.07715248980368974,0.1056809075234869,1.0,1x
A,S3,Drawdown-from-ATH DCA,"x=0.5, n_weeks=12",2020-07-06 00:00:00+00:00,1.7626109819140976,3.3584440565902334,0.6563814958335226,0.7662925431645942,0.05778141158440579,0.11009555727736817,1.0,1x
A,S3,Drawdown-from-ATH DCA,"x=0.5, n_weeks=12",2020-08-03 00:00:00+00:00,1.1918494868721279,2.63222241945436,0.4106405397623909,0.7662925431645934,0.04083632832552746,0.09018781325211496,0.680365296803653,1x
A,S3,Drawdown-from-ATH DCA,"x=0.5, n_weeks=12",2020-09-07 00:00:00+00:00,1.0519417758491711,2.5079593391370674,0.4106405397623909,0.7662925431645933,0.04083632832552746,0.0973588589704975,0.7123287671232876,1x
A,S3,Drawdown-from-ATH DCA,"x=0.5, n_weeks=12",2020-10-05 00:00:00+00:00,1.1343748049336475,2.6003505051709395,0.4106405397623909,0.766292543164593,0.04083632832552746,0.09360994843042458,0.7378995433789954,1x
A,S3,Drawdown-from-ATH DCA,"x=0.5, n_weeks=12",2020-11-02 00:00:00+00:00,1.4464811452396884,2.570096681111993,0.4106405397623909,0.7662925431645933,0.04083632832552746,0.07255767712122276,0.7634703196347032,1x
A,S3,Drawdown-from-ATH DCA,"x=0.5, n_weeks=12",2020-12-07 00:00:00+00:00,1.7871075772482774,2.2572378406025395,0.4106405397623909,0.7662925431645933,0.04083632832552746,0.05157904691422167,0.7954337899543379,1x
A,S3,Drawdown-from-ATH DCA,"x=0.5, n_weeks=12",2021-01-04 00:00:00+00:00,1.7496418794627389,1.296393098007446,0.4106405397623909,0.7662925431645934,0.04083632832552746,0.030257582886296704,0.8210045662100457,1x
A,S3,Drawdown-from-ATH DCA,"x=0.5, n_weeks=12",2021-02-01 00:00:00+00:00,1.7388108601009593,1.2847503392788535,0.4106405397623909,0.766292543164593,0.04083632832552746,0.030172624219794587,0.8465753424657534,1x
A,S3,Drawdown-from-ATH DCA,"x=0.5, n_weeks=12",2021-03-01 00:00:00+00:00,2.496364770141253,1.3524004438043142,0.4106405397623909,0.7662925431645935,0.04083632832552746,0.02212299629098559,0.8722627737226277,1x
A,S3,Drawdown-from-ATH DCA,"x=0.5, n_weeks=12",2021-04-05 00:00:00+00:00,2.796789878729776,1.1749624805114196,0.4106405397623909,0.766292543164593,0.04083632832552746,0.01715579493091279,0.9041970802919708,1x
A,S3,Drawdown-from-ATH DCA,"x=0.5, n_weeks=12",2021-05-03 00:00:00+00:00,2.4118184610659306,1.0423115600589552,0.4106405397623909,0.766292543164594,0.04083632832552746,0.017648167874645303,0.9297445255474452,1x
A,S3,Drawdown-from-ATH DCA,"x=0.5, n_weeks=12",2021-06-07 00:00:00+00:00,2.891173659298718,1.9748679452084257,0.4106405397623909,0.766292543164594,0.04083632832552746,0.027893985389190554,0.9616788321167883,1x
A,S3,Drawdown-from-ATH DCA,"x=0.5, n_weeks=12",2021-07-05 00:00:00+00:00,2.329712939334625,1.6142690110147282,0.4106405397623909,0.7662925431645932,0.04083632832552746,0.02829568322625584,0.9872262773722628,1x
A,S3,Drawdown-from-ATH DCA,"x=0.5, n_weeks=12",2021-08-02 00:00:00+00:00,2.7247596429745577,1.6375322731093847,0.35432082803835163,0.7662925431645935,0.041692303594707075,0.025056335832277565,0.7381386861313869,1x
A,S3,Drawdown-from-ATH DCA,"x=0.5, n_weeks=12",2021-09-06 00:00:00+00:00,2.3422736159506434,1.0838332644813837,0.35432082803835163,0.7662925431645937,0.041692303594707075,0.019292154939148876,0.7700729927007299,1x
A,S3,Drawdown-from-ATH DCA,"x=0.5, n_weeks=12",2021-10-04 00:00:00+00:00,2.5329204295211962,1.2585409658306868,0.35432082803835163,0.7662925431645937,0.041692303594707075,0.020715799605164717,0.7956204379562044,1x
A,S3,Drawdown-from-ATH DCA,"x=0.5, n_weeks=12",2021-11-01 00:00:00+00:00,2.9306358212021855,1.1449741012958448,0.35432082803835163,0.7662925431645929,0.041692303594707075,0.016288822887492404,0.8211678832116789,1x
A,S3,Drawdown-from-ATH DCA,"x=0.5, n_weeks=12",2021-12-06 00:00:00+00:00,4.041886638140142,1.95966786651854,0.35432082803835163,0.6895818371830496,0.041692303594707075,0.020214091821555445,0.8531021897810219,1x
A,S3,Drawdown-from-ATH DCA,"x=0.5, n_weeks=12",2022-01-03 00:00:00+00:00,4.043519308748911,2.047944713587009,0.35432082803835163,0.6673056490171767,0.041692303594707075,0.021116143197165337,0.8786496350364964,1x
A,S3,Drawdown-from-ATH DCA,"x=0.5, n_weeks=12",2022-02-07 00:00:00+00:00,4.025573273589606,2.2748397393507966,0.35432082803835163,0.667305649017178,0.041692303594707075,0.02356019940428159,0.9105839416058394,1x
A,S3,Drawdown-from-ATH DCA,"x=0.5, n_weeks=12",2022-03-07 00:00:00+00:00,3.7494676607258013,2.3372014475846226,0.35432082803835163,0.667305649017177,0.041692303594707075,0.025988572547342468,0.9361313868613139,1x
A,S3,Drawdown-from-ATH DCA,"x=0.5, n_weeks=12",2022-04-04 00:00:00+00:00,3.4693454113336832,1.7904146202680786,0.35432082803835163,0.6612040100033256,0.041692303594707075,0.02151602134072991,0.9616788321167883,1x
A,S3,Drawdown-from-ATH DCA,"x=0.5, n_weeks=12",2022-05-02 00:00:00+00:00,4.022886621545962,2.504535385885038,0.35432082803835163,0.6023862433862435,0.041692303594707075,0.0259564485642596,0.9872262773722628,1x
A,S3,Drawdown-from-ATH DCA,"x=0.5, n_weeks=12",2022-06-06 00:00:00+00:00,4.501618042840591,3.3876772918412827,0.3473807033116951,0.49698021553496563,0.044347124234504785,0.0333732769635196,1.0,1x
A,S3,Drawdown-from-ATH DCA,"x=0.5, n_weeks=12",2022-07-04 00:00:00+00:00,5.144804745147021,5.6648145276752615,0.30476706625583394,0.35432082803835163,0.046948168761638445,0.05169344253531614,1.0,1x
A,S3,Drawdown-from-ATH DCA,"x=0.5, n_weeks=12",2022-08-01 00:00:00+00:00,5.5978334088241315,4.9617466527091105,0.28095276766937505,0.35432082803835163,0.048355529701649524,0.04286084813794668,1.0,1x
A,S3,Drawdown-from-ATH DCA,"x=0.5, n_weeks=12",2022-09-05 00:00:00+00:00,5.771248550239808,5.528165440849209,0.2809527676693748,0.2953441145503565,0.05211959908054375,0.04992433854126866,1.0,1x
A,S4,Log-regression band,trim_z=1.5,2018-01-01 00:00:00+00:00,5.865636860425501,2.105645384445993,0.6334142876781375,0.8118477145881704,0.2027973964687524,0.07280017703331126,0.9105839416058394,1x
A,S4,Log-regression band,trim_z=1.5,2018-02-05 00:00:00+00:00,7.490658482251509,4.5087242869453705,0.6334142876781373,0.7210838037342593,0.2027973964687524,0.1220663776027765,0.9425182481751825,1x
A,S4,Log-regression band,trim_z=1.5,2018-03-05 00:00:00+00:00,9.920539479863573,4.194668990798933,0.6334142876781383,0.7195983935742972,0.20507960935003786,0.08671313487858756,0.9607664233576643,1x
A,S4,Log-regression band,trim_z=1.5,2018-04-02 00:00:00+00:00,12.179807105589314,8.605955662883634,0.6334142876781369,0.6743998377939973,0.20742022889456063,0.14655809225686378,0.9744525547445255,1x
A,S4,Log-regression band,trim_z=1.5,2018-05-07 00:00:00+00:00,12.011232717232168,5.828493064222101,0.6334142876781381,0.6570507207688201,0.21298898595076912,0.10335365708040514,0.9616788321167883,1x
A,S4,Log-regression band,trim_z=1.5,2018-06-04 00:00:00+00:00,8.545342516387981,5.079941358389624,0.6334142876781377,0.6334142876781383,0.21773353989939004,0.12943584324704321,0.968065693430657,1x
A,S4,Log-regression band,trim_z=1.5,2018-07-02 00:00:00+00:00,7.4143970815174765,5.259462071784936,0.6334142876781382,0.6334142876781379,0.22129430481277323,0.15697689104972873,0.9726277372262774,1x
A,S4,Log-regression band,trim_z=1.5,2018-08-06 00:00:00+00:00,9.233862423520108,5.808675127348062,0.6334142876781372,0.6334142876781379,0.22597421749743185,0.14215187062521595,0.9698905109489051,1x
A,S4,Log-regression band,trim_z=1.5,2018-09-03 00:00:00+00:00,11.299589612202606,6.734162712870155,0.6334142876781372,0.6334142876781377,0.229448945394094,0.1367435973879671,0.968065693430657,1x
A,S4,Log-regression band,trim_z=1.5,2018-10-01 00:00:00+00:00,10.2096378505471,6.603482715807671,0.6334142876781386,0.6334142876781381,0.2329685686767578,0.1506815363192324,0.968065693430657,1x
A,S4,Log-regression band,trim_z=1.5,2018-11-05 00:00:00+00:00,14.563833167850124,9.451810450638034,0.6334142876781379,0.6334142876781375,0.23721525850146655,0.15395079259109223,0.9872262773722628,1x
A,S4,Log-regression band,trim_z=1.5,2018-12-03 00:00:00+00:00,15.161252577341056,13.55487092447001,0.6334142876781375,0.633414287678138,0.2684341591665535,0.23999272887645523,1.0,1x
A,S4,Log-regression band,trim_z=1.5,2019-01-07 00:00:00+00:00,11.734647942595023,10.787828792198495,0.6334142876781377,0.6334142876781383,0.27237740832826796,0.25040042635129117,1.0,1x
A,S4,Log-regression band,trim_z=1.5,2019-02-04 00:00:00+00:00,10.0601602143478,10.77343051852904,0.6334142876781372,0.6334142876781379,0.269625465487761,0.2887420435228884,1.0,1x
A,S4,Log-regression band,trim_z=1.5,2019-03-04 00:00:00+00:00,10.279903480115747,11.133919191184592,0.6334142876781381,0.6334142876781376,0.2421421651697307,0.2622584253824043,1.0,1x
A,S4,Log-regression band,trim_z=1.5,2019-04-01 00:00:00+00:00,8.9115772362355,11.076860124182488,0.6331997735282071,0.6334142876781379,0.1958143410098782,0.2433921637188931,1.0,1x
A,S4,Log-regression band,trim_z=1.5,2019-05-06 00:00:00+00:00,5.008100974809749,6.3220277982379605,0.5968235959662536,0.6334142876781378,0.1370094133201693,0.17295524271319024,1.0,1x
A,S4,Log-regression band,trim_z=1.5,2019-06-03 00:00:00+00:00,3.64597562773312,3.4846429412153657,0.5760170589535885,0.6334142876781379,0.11972617225490353,0.11442834610668526,0.9936131386861314,1x
A,S4,Log-regression band,trim_z=1.5,2019-07-01 00:00:00+00:00,2.3520255415332025,1.834544692467773,0.7190587661047629,0.7190587661047629,0.11794207068991867,0.09199304853713669,0.968065693430657,1x
A,S4,Log-regression band,trim_z=1.5,2019-08-05 00:00:00+00:00,2.6971944067058202,2.066706838509523,0.719058766104763,0.7190587661047633,0.11922365694996064,0.09135431488289884,0.968065693430657,1x
A,S4,Log-regression band,trim_z=1.5,2019-09-02 00:00:00+00:00,2.4223441346468264,2.0672712447097705,0.7190587661047629,0.7190587661047632,0.12032630194962643,0.1026885901325473,0.9744525547445255,1x
A,S4,Log-regression band,trim_z=1.5,2019-10-07 00:00:00+00:00,2.4036154755077987,2.5372377743415115,0.7266029902927517,0.7266029902927517,0.12041757493650258,0.12711185417831725,1.0,1x
A,S4,Log-regression band,trim_z=1.5,2019-11-04 00:00:00+00:00,2.4586221757853686,2.1940554948137057,0.7266029902927511,0.7266029902927521,0.12166686836013824,0.10857457631816325,1.0,1x
A,S4,Log-regression band,trim_z=1.5,2019-12-02 00:00:00+00:00,2.254393982684869,2.293436193411052,0.7662925431645942,0.7662925431645937,0.13278817524062145,0.1350878371273673,1.0,1x
A,S4,Log-regression band,trim_z=1.5,2020-01-06 00:00:00+00:00,2.0097625176571934,2.2842421821685157,0.7662925431645938,0.7662925431645932,0.11940235432570952,0.13570951393747663,1.0,1x
A,S4,Log-regression band,trim_z=1.5,2020-02-03 00:00:00+00:00,2.680207598777026,2.513370995901953,0.7662925431645938,0.7662925431645938,0.11410508940705821,0.10700231666060506,1.0,1x
A,S4,Log-regression band,trim_z=1.5,2020-03-02 00:00:00+00:00,3.3918572456800793,2.765854407399379,0.7662925431645936,0.7662925431645933,0.14354655516851045,0.11705353248149958,1.0,1x
A,S4,Log-regression band,trim_z=1.5,2020-04-06 00:00:00+00:00,3.7607872794835466,4.1530662785079775,0.7662925431645933,0.7662925431645936,0.1335032284150253,0.14742864054744664,1.0,1x
A,S4,Log-regression band,trim_z=1.5,2020-05-04 00:00:00+00:00,3.189449614574868,3.2586218471031105,0.766292543164593,0.7662925431645935,0.10988190014024826,0.11226499981751326,1.0,1x
A,S4,Log-regression band,trim_z=1.5,2020-06-01 00:00:00+00:00,2.8762441951561395,2.875614482031711,0.7662925431645937,0.7662925431645937,0.10570404993526875,0.1056809075234869,1.0,1x
A,S4,Log-regression band,trim_z=1.5,2020-07-06 00:00:00+00:00,3.111185147376652,3.3584440565902334,0.7662925431645939,0.7662925431645942,0.10198998608339642,0.11009555727736817,1.0,1x
A,S4,Log-regression band,trim_z=1.5,2020-08-03 00:00:00+00:00,2.5778273360044235,2.63222241945436,0.7662925431645933,0.7662925431645934,0.08832407499361591,0.09018781325211496,1.0,1x
A,S4,Log-regression band,trim_z=1.5,2020-09-07 00:00:00+00:00,2.3775885372057157,2.5079593391370674,0.7662925431645934,0.7662925431645933,0.09229787081130653,0.0973588589704975,1.0,1x
A,S4,Log-regression band,trim_z=1.5,2020-10-05 00:00:00+00:00,2.1926226846860537,2.6003505051709395,0.7662925431645932,0.766292543164593,0.07893216550333779,0.09360994843042458,1.0,1x
A,S4,Log-regression band,trim_z=1.5,2020-11-02 00:00:00+00:00,1.658523704299283,2.570096681111993,0.7573865475327524,0.7662925431645933,0.04682260722673486,0.07255767712122276,1.0,1x
A,S4,Log-regression band,trim_z=1.5,2020-12-07 00:00:00+00:00,1.287581174655008,2.2572378406025395,0.6332890636100452,0.7662925431645933,0.029421892819088774,0.05157904691422167,0.9789954337899544,1x
A,S4,Log-regression band,trim_z=1.5,2021-01-04 00:00:00+00:00,1.2421782428985817,1.296393098007446,0.6138998398693043,0.7662925431645934,0.028992217871127813,0.030257582886296704,0.9680365296803652,1x
A,S4,Log-regression band,trim_z=1.5,2021-02-01 00:00:00+00:00,1.2412199113417024,1.2847503392788535,0.6020582874616366,0.766292543164593,0.029150303225497942,0.030172624219794587,0.8858447488584474,1x
A,S4,Log-regression band,trim_z=1.5,2021-03-01 00:00:00+00:00,1.7906281065606182,1.3524004438043142,0.5941351441218474,0.7662925431645935,0.02929166367953889,0.02212299629098559,0.8978102189781022,1x
A,S4,Log-regression band,trim_z=1.5,2021-04-05 00:00:00+00:00,2.0061213108348865,1.1749624805114196,0.5941351441218474,0.766292543164593,0.02929166367953889,0.01715579493091279,0.9297445255474452,1x
A,S4,Log-regression band,trim_z=1.5,2021-05-03 00:00:00+00:00,1.729983524828411,1.0423115600589552,0.5941351441218474,0.766292543164594,0.02929166367953889,0.017648167874645303,0.9552919708029197,1x
A,S4,Log-regression band,trim_z=1.5,2021-06-07 00:00:00+00:00,2.092614183966665,1.9748679452084257,0.5823903167854498,0.766292543164594,0.029557089938293892,0.027893985389190554,0.968065693430657,1x
A,S4,Log-regression band,trim_z=1.5,2021-07-05 00:00:00+00:00,1.703193205611749,1.6142690110147282,0.5652850015239936,0.7662925431645932,0.02985438925622886,0.02829568322625584,0.9744525547445255,1x
A,S4,Log-regression band,trim_z=1.5,2021-08-02 00:00:00+00:00,1.966273867244978,1.6375322731093847,0.5461778227672325,0.7662925431645935,0.030086502211263792,0.025056335832277565,0.9726277372262774,1x
A,S4,Log-regression band,trim_z=1.5,2021-09-06 00:00:00+00:00,1.726146505711065,1.0838332644813837,0.5259599012366662,0.7662925431645937,0.030724125354562083,0.019292154939148876,0.9744525547445255,1x
A,S4,Log-regression band,trim_z=1.5,2021-10-04 00:00:00+00:00,1.8987845590230368,1.2585409658306868,0.5138084144818849,0.7662925431645937,0.03125431868015496,0.020715799605164717,0.9361313868613139,1x
A,S4,Log-regression band,trim_z=1.5,2021-11-01 00:00:00+00:00,2.21791705659176,1.1449741012958448,0.509864263051977,0.7662925431645929,0.03155290418629031,0.016288822887492404,0.948905109489051,1x
A,S4,Log-regression band,trim_z=1.5,2021-12-06 00:00:00+00:00,3.092072413203445,1.95966786651854,0.5062574090898635,0.6895818371830496,0.03189491277949759,0.020214091821555445,0.968065693430657,1x
A,S4,Log-regression band,trim_z=1.5,2022-01-03 00:00:00+00:00,3.148206982087901,2.047944713587009,0.4981947755756001,0.6673056490171767,0.032460832075709,0.021116143197165337,0.968065693430657,1x
A,S4,Log-regression band,trim_z=1.5,2022-02-07 00:00:00+00:00,3.1834723429990683,2.2748397393507966,0.4864919063107418,0.667305649017178,0.03297078115071013,0.02356019940428159,0.968978102189781,1x
A,S4,Log-regression band,trim_z=1.5,2022-03-07 00:00:00+00:00,2.9999487977966552,2.3372014475846226,0.47681656999506705,0.667305649017177,0.033358009019900006,0.025988572547342468,0.9698905109489051,1x
A,S4,Log-regression band,trim_z=1.5,2022-04-04 00:00:00+00:00,2.8095334254650854,1.7904146202680786,0.4671858449732491,0.6612040100033256,0.03376311858464919,0.02151602134072991,0.968065693430657,1x
A,S4,Log-regression band,trim_z=1.5,2022-05-02 00:00:00+00:00,3.299009613488915,2.504535385885038,0.4605911861591766,0.6023862433862435,0.034190203032513085,0.0259564485642596,0.9936131386861314,1x
A,S4,Log-regression band,trim_z=1.5,2022-06-06 00:00:00+00:00,4.263848557617897,3.3876772918412827,0.35431601275789604,0.49698021553496563,0.04200476804168765,0.0333732769635196,1.0,1x
A,S4,Log-regression band,trim_z=1.5,2022-07-04 00:00:00+00:00,5.207957138697407,5.6648145276752615,0.3452525768866527,0.35432082803835163,0.04752445676030381,0.05169344253531614,1.0,1x
A,S4,Log-regression band,trim_z=1.5,2022-08-01 00:00:00+00:00,5.218581690325783,4.9617466527091105,0.30465728642276246,0.35432082803835163,0.045079455478122255,0.04286084813794668,1.0,1x
A,S4,Log-regression band,trim_z=1.5,2022-09-05 00:00:00+00:00,5.540393191081726,5.528165440849209,0.2809527676693754,0.2953441145503565,0.05003476619556702,0.04992433854126866,1.0,1x
A,S4,Log-regression band,trim_z=2.0,2018-01-01 00:00:00+00:00,5.865636860425501,2.105645384445993,0.6334142876781375,0.8118477145881704,0.2027973964687524,0.07280017703331126,0.9105839416058394,1x
A,S4,Log-regression band,trim_z=2.0,2018-02-05 00:00:00+00:00,7.490658482251509,4.5087242869453705,0.6334142876781373,0.7210838037342593,0.2027973964687524,0.1220663776027765,0.9425182481751825,1x
A,S4,Log-regression band,trim_z=2.0,2018-03-05 00:00:00+00:00,9.920539479863573,4.194668990798933,0.6334142876781383,0.7195983935742972,0.20507960935003786,0.08671313487858756,0.9607664233576643,1x
A,S4,Log-regression band,trim_z=2.0,2018-04-02 00:00:00+00:00,12.179807105589314,8.605955662883634,0.6334142876781369,0.6743998377939973,0.20742022889456063,0.14655809225686378,0.9744525547445255,1x
A,S4,Log-regression band,trim_z=2.0,2018-05-07 00:00:00+00:00,12.011232717232168,5.828493064222101,0.6334142876781381,0.6570507207688201,0.21298898595076912,0.10335365708040514,0.9616788321167883,1x
A,S4,Log-regression band,trim_z=2.0,2018-06-04 00:00:00+00:00,8.545342516387981,5.079941358389624,0.6334142876781377,0.6334142876781383,0.21773353989939004,0.12943584324704321,0.968065693430657,1x
A,S4,Log-regression band,trim_z=2.0,2018-07-02 00:00:00+00:00,7.4143970815174765,5.259462071784936,0.6334142876781382,0.6334142876781379,0.22129430481277323,0.15697689104972873,0.9726277372262774,1x
A,S4,Log-regression band,trim_z=2.0,2018-08-06 00:00:00+00:00,9.233862423520108,5.808675127348062,0.6334142876781372,0.6334142876781379,0.22597421749743185,0.14215187062521595,0.9698905109489051,1x
A,S4,Log-regression band,trim_z=2.0,2018-09-03 00:00:00+00:00,11.299589612202606,6.734162712870155,0.6334142876781372,0.6334142876781377,0.229448945394094,0.1367435973879671,0.968065693430657,1x
A,S4,Log-regression band,trim_z=2.0,2018-10-01 00:00:00+00:00,10.2096378505471,6.603482715807671,0.6334142876781386,0.6334142876781381,0.2329685686767578,0.1506815363192324,0.968065693430657,1x
A,S4,Log-regression band,trim_z=2.0,2018-11-05 00:00:00+00:00,14.563833167850124,9.451810450638034,0.6334142876781379,0.6334142876781375,0.23721525850146655,0.15395079259109223,0.9872262773722628,1x
A,S4,Log-regression band,trim_z=2.0,2018-12-03 00:00:00+00:00,15.161252577341056,13.55487092447001,0.6334142876781375,0.633414287678138,0.2684341591665535,0.23999272887645523,1.0,1x
A,S4,Log-regression band,trim_z=2.0,2019-01-07 00:00:00+00:00,11.734647942595023,10.787828792198495,0.6334142876781377,0.6334142876781383,0.27237740832826796,0.25040042635129117,1.0,1x
A,S4,Log-regression band,trim_z=2.0,2019-02-04 00:00:00+00:00,10.0601602143478,10.77343051852904,0.6334142876781372,0.6334142876781379,0.269625465487761,0.2887420435228884,1.0,1x
A,S4,Log-regression band,trim_z=2.0,2019-03-04 00:00:00+00:00,10.279903480115747,11.133919191184592,0.6334142876781381,0.6334142876781376,0.2421421651697307,0.2622584253824043,1.0,1x
A,S4,Log-regression band,trim_z=2.0,2019-04-01 00:00:00+00:00,8.9115772362355,11.076860124182488,0.6331997735282071,0.6334142876781379,0.1958143410098782,0.2433921637188931,1.0,1x
A,S4,Log-regression band,trim_z=2.0,2019-05-06 00:00:00+00:00,5.008100974809749,6.3220277982379605,0.5968235959662536,0.6334142876781378,0.1370094133201693,0.17295524271319024,1.0,1x
A,S4,Log-regression band,trim_z=2.0,2019-06-03 00:00:00+00:00,3.64597562773312,3.4846429412153657,0.5760170589535885,0.6334142876781379,0.11972617225490353,0.11442834610668526,0.9936131386861314,1x
A,S4,Log-regression band,trim_z=2.0,2019-07-01 00:00:00+00:00,2.3520255415332025,1.834544692467773,0.7190587661047629,0.7190587661047629,0.11794207068991867,0.09199304853713669,0.968065693430657,1x
A,S4,Log-regression band,trim_z=2.0,2019-08-05 00:00:00+00:00,2.6971944067058202,2.066706838509523,0.719058766104763,0.7190587661047633,0.11922365694996064,0.09135431488289884,0.968065693430657,1x
A,S4,Log-regression band,trim_z=2.0,2019-09-02 00:00:00+00:00,2.4223441346468264,2.0672712447097705,0.7190587661047629,0.7190587661047632,0.12032630194962643,0.1026885901325473,0.9744525547445255,1x
A,S4,Log-regression band,trim_z=2.0,2019-10-07 00:00:00+00:00,2.4036154755077987,2.5372377743415115,0.7266029902927517,0.7266029902927517,0.12041757493650258,0.12711185417831725,1.0,1x
A,S4,Log-regression band,trim_z=2.0,2019-11-04 00:00:00+00:00,2.4586221757853686,2.1940554948137057,0.7266029902927511,0.7266029902927521,0.12166686836013824,0.10857457631816325,1.0,1x
A,S4,Log-regression band,trim_z=2.0,2019-12-02 00:00:00+00:00,2.254393982684869,2.293436193411052,0.7662925431645942,0.7662925431645937,0.13278817524062145,0.1350878371273673,1.0,1x
A,S4,Log-regression band,trim_z=2.0,2020-01-06 00:00:00+00:00,2.0097625176571934,2.2842421821685157,0.7662925431645938,0.7662925431645932,0.11940235432570952,0.13570951393747663,1.0,1x
A,S4,Log-regression band,trim_z=2.0,2020-02-03 00:00:00+00:00,2.680207598777026,2.513370995901953,0.7662925431645938,0.7662925431645938,0.11410508940705821,0.10700231666060506,1.0,1x
A,S4,Log-regression band,trim_z=2.0,2020-03-02 00:00:00+00:00,3.3918572456800793,2.765854407399379,0.7662925431645936,0.7662925431645933,0.14354655516851045,0.11705353248149958,1.0,1x
A,S4,Log-regression band,trim_z=2.0,2020-04-06 00:00:00+00:00,3.7607872794835466,4.1530662785079775,0.7662925431645933,0.7662925431645936,0.1335032284150253,0.14742864054744664,1.0,1x
A,S4,Log-regression band,trim_z=2.0,2020-05-04 00:00:00+00:00,3.189449614574868,3.2586218471031105,0.766292543164593,0.7662925431645935,0.10988190014024826,0.11226499981751326,1.0,1x
A,S4,Log-regression band,trim_z=2.0,2020-06-01 00:00:00+00:00,2.8762441951561395,2.875614482031711,0.7662925431645937,0.7662925431645937,0.10570404993526875,0.1056809075234869,1.0,1x
A,S4,Log-regression band,trim_z=2.0,2020-07-06 00:00:00+00:00,3.111185147376652,3.3584440565902334,0.7662925431645939,0.7662925431645942,0.10198998608339642,0.11009555727736817,1.0,1x
A,S4,Log-regression band,trim_z=2.0,2020-08-03 00:00:00+00:00,2.5778273360044235,2.63222241945436,0.7662925431645933,0.7662925431645934,0.08832407499361591,0.09018781325211496,1.0,1x
A,S4,Log-regression band,trim_z=2.0,2020-09-07 00:00:00+00:00,2.3775885372057157,2.5079593391370674,0.7662925431645934,0.7662925431645933,0.09229787081130653,0.0973588589704975,1.0,1x
A,S4,Log-regression band,trim_z=2.0,2020-10-05 00:00:00+00:00,2.1926226846860537,2.6003505051709395,0.7662925431645932,0.766292543164593,0.07893216550333779,0.09360994843042458,1.0,1x
A,S4,Log-regression band,trim_z=2.0,2020-11-02 00:00:00+00:00,1.658523704299283,2.570096681111993,0.7573865475327524,0.7662925431645933,0.04682260722673486,0.07255767712122276,1.0,1x
A,S4,Log-regression band,trim_z=2.0,2020-12-07 00:00:00+00:00,1.287581174655008,2.2572378406025395,0.6332890636100452,0.7662925431645933,0.029421892819088774,0.05157904691422167,0.9789954337899544,1x
A,S4,Log-regression band,trim_z=2.0,2021-01-04 00:00:00+00:00,1.2421782428985817,1.296393098007446,0.6138998398693043,0.7662925431645934,0.028992217871127813,0.030257582886296704,0.9680365296803652,1x
A,S4,Log-regression band,trim_z=2.0,2021-02-01 00:00:00+00:00,1.2412199113417024,1.2847503392788535,0.6020582874616366,0.766292543164593,0.029150303225497942,0.030172624219794587,0.8858447488584474,1x
A,S4,Log-regression band,trim_z=2.0,2021-03-01 00:00:00+00:00,1.7906281065606182,1.3524004438043142,0.5941351441218474,0.7662925431645935,0.02929166367953889,0.02212299629098559,0.8978102189781022,1x
A,S4,Log-regression band,trim_z=2.0,2021-04-05 00:00:00+00:00,2.0061213108348865,1.1749624805114196,0.5941351441218474,0.766292543164593,0.02929166367953889,0.01715579493091279,0.9297445255474452,1x
A,S4,Log-regression band,trim_z=2.0,2021-05-03 00:00:00+00:00,1.729983524828411,1.0423115600589552,0.5941351441218474,0.766292543164594,0.02929166367953889,0.017648167874645303,0.9552919708029197,1x
A,S4,Log-regression band,trim_z=2.0,2021-06-07 00:00:00+00:00,2.092614183966665,1.9748679452084257,0.5823903167854498,0.766292543164594,0.029557089938293892,0.027893985389190554,0.968065693430657,1x
A,S4,Log-regression band,trim_z=2.0,2021-07-05 00:00:00+00:00,1.703193205611749,1.6142690110147282,0.5652850015239936,0.7662925431645932,0.02985438925622886,0.02829568322625584,0.9744525547445255,1x
A,S4,Log-regression band,trim_z=2.0,2021-08-02 00:00:00+00:00,1.966273867244978,1.6375322731093847,0.5461778227672325,0.7662925431645935,0.030086502211263792,0.025056335832277565,0.9726277372262774,1x
A,S4,Log-regression band,trim_z=2.0,2021-09-06 00:00:00+00:00,1.726146505711065,1.0838332644813837,0.5259599012366662,0.7662925431645937,0.030724125354562083,0.019292154939148876,0.9744525547445255,1x
A,S4,Log-regression band,trim_z=2.0,2021-10-04 00:00:00+00:00,1.8987845590230368,1.2585409658306868,0.5138084144818849,0.7662925431645937,0.03125431868015496,0.020715799605164717,0.9361313868613139,1x
A,S4,Log-regression band,trim_z=2.0,2021-11-01 00:00:00+00:00,2.21791705659176,1.1449741012958448,0.509864263051977,0.7662925431645929,0.03155290418629031,0.016288822887492404,0.948905109489051,1x
A,S4,Log-regression band,trim_z=2.0,2021-12-06 00:00:00+00:00,3.092072413203445,1.95966786651854,0.5062574090898635,0.6895818371830496,0.03189491277949759,0.020214091821555445,0.968065693430657,1x
A,S4,Log-regression band,trim_z=2.0,2022-01-03 00:00:00+00:00,3.148206982087901,2.047944713587009,0.4981947755756001,0.6673056490171767,0.032460832075709,0.021116143197165337,0.968065693430657,1x
A,S4,Log-regression band,trim_z=2.0,2022-02-07 00:00:00+00:00,3.1834723429990683,2.2748397393507966,0.4864919063107418,0.667305649017178,0.03297078115071013,0.02356019940428159,0.968978102189781,1x
A,S4,Log-regression band,trim_z=2.0,2022-03-07 00:00:00+00:00,2.9999487977966552,2.3372014475846226,0.47681656999506705,0.667305649017177,0.033358009019900006,0.025988572547342468,0.9698905109489051,1x
A,S4,Log-regression band,trim_z=2.0,2022-04-04 00:00:00+00:00,2.8095334254650854,1.7904146202680786,0.4671858449732491,0.6612040100033256,0.03376311858464919,0.02151602134072991,0.968065693430657,1x
A,S4,Log-regression band,trim_z=2.0,2022-05-02 00:00:00+00:00,3.299009613488915,2.504535385885038,0.4605911861591766,0.6023862433862435,0.034190203032513085,0.0259564485642596,0.9936131386861314,1x
A,S4,Log-regression band,trim_z=2.0,2022-06-06 00:00:00+00:00,4.263848557617897,3.3876772918412827,0.35431601275789604,0.49698021553496563,0.04200476804168765,0.0333732769635196,1.0,1x
A,S4,Log-regression band,trim_z=2.0,2022-07-04 00:00:00+00:00,5.207957138697407,5.6648145276752615,0.3452525768866527,0.35432082803835163,0.04752445676030381,0.05169344253531614,1.0,1x
A,S4,Log-regression band,trim_z=2.0,2022-08-01 00:00:00+00:00,5.218581690325783,4.9617466527091105,0.30465728642276246,0.35432082803835163,0.045079455478122255,0.04286084813794668,1.0,1x
A,S4,Log-regression band,trim_z=2.0,2022-09-05 00:00:00+00:00,5.540393191081726,5.528165440849209,0.2809527676693754,0.2953441145503565,0.05003476619556702,0.04992433854126866,1.0,1x
A,S4,Log-regression band,trim_z=2.5,2018-01-01 00:00:00+00:00,5.865636860425501,2.105645384445993,0.6334142876781375,0.8118477145881704,0.2027973964687524,0.07280017703331126,0.9105839416058394,1x
A,S4,Log-regression band,trim_z=2.5,2018-02-05 00:00:00+00:00,7.490658482251509,4.5087242869453705,0.6334142876781373,0.7210838037342593,0.2027973964687524,0.1220663776027765,0.9425182481751825,1x
A,S4,Log-regression band,trim_z=2.5,2018-03-05 00:00:00+00:00,9.920539479863573,4.194668990798933,0.6334142876781383,0.7195983935742972,0.20507960935003786,0.08671313487858756,0.9607664233576643,1x
A,S4,Log-regression band,trim_z=2.5,2018-04-02 00:00:00+00:00,12.179807105589314,8.605955662883634,0.6334142876781369,0.6743998377939973,0.20742022889456063,0.14655809225686378,0.9744525547445255,1x
A,S4,Log-regression band,trim_z=2.5,2018-05-07 00:00:00+00:00,12.011232717232168,5.828493064222101,0.6334142876781381,0.6570507207688201,0.21298898595076912,0.10335365708040514,0.9616788321167883,1x
A,S4,Log-regression band,trim_z=2.5,2018-06-04 00:00:00+00:00,8.545342516387981,5.079941358389624,0.6334142876781377,0.6334142876781383,0.21773353989939004,0.12943584324704321,0.968065693430657,1x
A,S4,Log-regression band,trim_z=2.5,2018-07-02 00:00:00+00:00,7.4143970815174765,5.259462071784936,0.6334142876781382,0.6334142876781379,0.22129430481277323,0.15697689104972873,0.9726277372262774,1x
A,S4,Log-regression band,trim_z=2.5,2018-08-06 00:00:00+00:00,9.233862423520108,5.808675127348062,0.6334142876781372,0.6334142876781379,0.22597421749743185,0.14215187062521595,0.9698905109489051,1x
A,S4,Log-regression band,trim_z=2.5,2018-09-03 00:00:00+00:00,11.299589612202606,6.734162712870155,0.6334142876781372,0.6334142876781377,0.229448945394094,0.1367435973879671,0.968065693430657,1x
A,S4,Log-regression band,trim_z=2.5,2018-10-01 00:00:00+00:00,10.2096378505471,6.603482715807671,0.6334142876781386,0.6334142876781381,0.2329685686767578,0.1506815363192324,0.968065693430657,1x
A,S4,Log-regression band,trim_z=2.5,2018-11-05 00:00:00+00:00,14.563833167850124,9.451810450638034,0.6334142876781379,0.6334142876781375,0.23721525850146655,0.15395079259109223,0.9872262773722628,1x
A,S4,Log-regression band,trim_z=2.5,2018-12-03 00:00:00+00:00,15.161252577341056,13.55487092447001,0.6334142876781375,0.633414287678138,0.2684341591665535,0.23999272887645523,1.0,1x
A,S4,Log-regression band,trim_z=2.5,2019-01-07 00:00:00+00:00,11.734647942595023,10.787828792198495,0.6334142876781377,0.6334142876781383,0.27237740832826796,0.25040042635129117,1.0,1x
A,S4,Log-regression band,trim_z=2.5,2019-02-04 00:00:00+00:00,10.0601602143478,10.77343051852904,0.6334142876781372,0.6334142876781379,0.269625465487761,0.2887420435228884,1.0,1x
A,S4,Log-regression band,trim_z=2.5,2019-03-04 00:00:00+00:00,10.279903480115747,11.133919191184592,0.6334142876781381,0.6334142876781376,0.2421421651697307,0.2622584253824043,1.0,1x
A,S4,Log-regression band,trim_z=2.5,2019-04-01 00:00:00+00:00,8.9115772362355,11.076860124182488,0.6331997735282071,0.6334142876781379,0.1958143410098782,0.2433921637188931,1.0,1x
A,S4,Log-regression band,trim_z=2.5,2019-05-06 00:00:00+00:00,5.008100974809749,6.3220277982379605,0.5968235959662536,0.6334142876781378,0.1370094133201693,0.17295524271319024,1.0,1x
A,S4,Log-regression band,trim_z=2.5,2019-06-03 00:00:00+00:00,3.64597562773312,3.4846429412153657,0.5760170589535885,0.6334142876781379,0.11972617225490353,0.11442834610668526,0.9936131386861314,1x
A,S4,Log-regression band,trim_z=2.5,2019-07-01 00:00:00+00:00,2.3520255415332025,1.834544692467773,0.7190587661047629,0.7190587661047629,0.11794207068991867,0.09199304853713669,0.968065693430657,1x
A,S4,Log-regression band,trim_z=2.5,2019-08-05 00:00:00+00:00,2.6971944067058202,2.066706838509523,0.719058766104763,0.7190587661047633,0.11922365694996064,0.09135431488289884,0.968065693430657,1x
A,S4,Log-regression band,trim_z=2.5,2019-09-02 00:00:00+00:00,2.4223441346468264,2.0672712447097705,0.7190587661047629,0.7190587661047632,0.12032630194962643,0.1026885901325473,0.9744525547445255,1x
A,S4,Log-regression band,trim_z=2.5,2019-10-07 00:00:00+00:00,2.4036154755077987,2.5372377743415115,0.7266029902927517,0.7266029902927517,0.12041757493650258,0.12711185417831725,1.0,1x
A,S4,Log-regression band,trim_z=2.5,2019-11-04 00:00:00+00:00,2.4586221757853686,2.1940554948137057,0.7266029902927511,0.7266029902927521,0.12166686836013824,0.10857457631816325,1.0,1x
A,S4,Log-regression band,trim_z=2.5,2019-12-02 00:00:00+00:00,2.254393982684869,2.293436193411052,0.7662925431645942,0.7662925431645937,0.13278817524062145,0.1350878371273673,1.0,1x
A,S4,Log-regression band,trim_z=2.5,2020-01-06 00:00:00+00:00,2.0097625176571934,2.2842421821685157,0.7662925431645938,0.7662925431645932,0.11940235432570952,0.13570951393747663,1.0,1x
A,S4,Log-regression band,trim_z=2.5,2020-02-03 00:00:00+00:00,2.680207598777026,2.513370995901953,0.7662925431645938,0.7662925431645938,0.11410508940705821,0.10700231666060506,1.0,1x
A,S4,Log-regression band,trim_z=2.5,2020-03-02 00:00:00+00:00,3.3918572456800793,2.765854407399379,0.7662925431645936,0.7662925431645933,0.14354655516851045,0.11705353248149958,1.0,1x
A,S4,Log-regression band,trim_z=2.5,2020-04-06 00:00:00+00:00,3.7607872794835466,4.1530662785079775,0.7662925431645933,0.7662925431645936,0.1335032284150253,0.14742864054744664,1.0,1x
A,S4,Log-regression band,trim_z=2.5,2020-05-04 00:00:00+00:00,3.189449614574868,3.2586218471031105,0.766292543164593,0.7662925431645935,0.10988190014024826,0.11226499981751326,1.0,1x
A,S4,Log-regression band,trim_z=2.5,2020-06-01 00:00:00+00:00,2.8762441951561395,2.875614482031711,0.7662925431645937,0.7662925431645937,0.10570404993526875,0.1056809075234869,1.0,1x
A,S4,Log-regression band,trim_z=2.5,2020-07-06 00:00:00+00:00,3.111185147376652,3.3584440565902334,0.7662925431645939,0.7662925431645942,0.10198998608339642,0.11009555727736817,1.0,1x
A,S4,Log-regression band,trim_z=2.5,2020-08-03 00:00:00+00:00,2.5778273360044235,2.63222241945436,0.7662925431645933,0.7662925431645934,0.08832407499361591,0.09018781325211496,1.0,1x
A,S4,Log-regression band,trim_z=2.5,2020-09-07 00:00:00+00:00,2.3775885372057157,2.5079593391370674,0.7662925431645934,0.7662925431645933,0.09229787081130653,0.0973588589704975,1.0,1x
A,S4,Log-regression band,trim_z=2.5,2020-10-05 00:00:00+00:00,2.1926226846860537,2.6003505051709395,0.7662925431645932,0.766292543164593,0.07893216550333779,0.09360994843042458,1.0,1x
A,S4,Log-regression band,trim_z=2.5,2020-11-02 00:00:00+00:00,1.658523704299283,2.570096681111993,0.7573865475327524,0.7662925431645933,0.04682260722673486,0.07255767712122276,1.0,1x
A,S4,Log-regression band,trim_z=2.5,2020-12-07 00:00:00+00:00,1.287581174655008,2.2572378406025395,0.6332890636100452,0.7662925431645933,0.029421892819088774,0.05157904691422167,0.9789954337899544,1x
A,S4,Log-regression band,trim_z=2.5,2021-01-04 00:00:00+00:00,1.2421782428985817,1.296393098007446,0.6138998398693043,0.7662925431645934,0.028992217871127813,0.030257582886296704,0.9680365296803652,1x
A,S4,Log-regression band,trim_z=2.5,2021-02-01 00:00:00+00:00,1.2412199113417024,1.2847503392788535,0.6020582874616366,0.766292543164593,0.029150303225497942,0.030172624219794587,0.8858447488584474,1x
A,S4,Log-regression band,trim_z=2.5,2021-03-01 00:00:00+00:00,1.7906281065606182,1.3524004438043142,0.5941351441218474,0.7662925431645935,0.02929166367953889,0.02212299629098559,0.8978102189781022,1x
A,S4,Log-regression band,trim_z=2.5,2021-04-05 00:00:00+00:00,2.0061213108348865,1.1749624805114196,0.5941351441218474,0.766292543164593,0.02929166367953889,0.01715579493091279,0.9297445255474452,1x
A,S4,Log-regression band,trim_z=2.5,2021-05-03 00:00:00+00:00,1.729983524828411,1.0423115600589552,0.5941351441218474,0.766292543164594,0.02929166367953889,0.017648167874645303,0.9552919708029197,1x
A,S4,Log-regression band,trim_z=2.5,2021-06-07 00:00:00+00:00,2.092614183966665,1.9748679452084257,0.5823903167854498,0.766292543164594,0.029557089938293892,0.027893985389190554,0.968065693430657,1x
A,S4,Log-regression band,trim_z=2.5,2021-07-05 00:00:00+00:00,1.703193205611749,1.6142690110147282,0.5652850015239936,0.7662925431645932,0.02985438925622886,0.02829568322625584,0.9744525547445255,1x
A,S4,Log-regression band,trim_z=2.5,2021-08-02 00:00:00+00:00,1.966273867244978,1.6375322731093847,0.5461778227672325,0.7662925431645935,0.030086502211263792,0.025056335832277565,0.9726277372262774,1x
A,S4,Log-regression band,trim_z=2.5,2021-09-06 00:00:00+00:00,1.726146505711065,1.0838332644813837,0.5259599012366662,0.7662925431645937,0.030724125354562083,0.019292154939148876,0.9744525547445255,1x
A,S4,Log-regression band,trim_z=2.5,2021-10-04 00:00:00+00:00,1.8987845590230368,1.2585409658306868,0.5138084144818849,0.7662925431645937,0.03125431868015496,0.020715799605164717,0.9361313868613139,1x
A,S4,Log-regression band,trim_z=2.5,2021-11-01 00:00:00+00:00,2.21791705659176,1.1449741012958448,0.509864263051977,0.7662925431645929,0.03155290418629031,0.016288822887492404,0.948905109489051,1x
A,S4,Log-regression band,trim_z=2.5,2021-12-06 00:00:00+00:00,3.092072413203445,1.95966786651854,0.5062574090898635,0.6895818371830496,0.03189491277949759,0.020214091821555445,0.968065693430657,1x
A,S4,Log-regression band,trim_z=2.5,2022-01-03 00:00:00+00:00,3.148206982087901,2.047944713587009,0.4981947755756001,0.6673056490171767,0.032460832075709,0.021116143197165337,0.968065693430657,1x
A,S4,Log-regression band,trim_z=2.5,2022-02-07 00:00:00+00:00,3.1834723429990683,2.2748397393507966,0.4864919063107418,0.667305649017178,0.03297078115071013,0.02356019940428159,0.968978102189781,1x
A,S4,Log-regression band,trim_z=2.5,2022-03-07 00:00:00+00:00,2.9999487977966552,2.3372014475846226,0.47681656999506705,0.667305649017177,0.033358009019900006,0.025988572547342468,0.9698905109489051,1x
A,S4,Log-regression band,trim_z=2.5,2022-04-04 00:00:00+00:00,2.8095334254650854,1.7904146202680786,0.4671858449732491,0.6612040100033256,0.03376311858464919,0.02151602134072991,0.968065693430657,1x
A,S4,Log-regression band,trim_z=2.5,2022-05-02 00:00:00+00:00,3.299009613488915,2.504535385885038,0.4605911861591766,0.6023862433862435,0.034190203032513085,0.0259564485642596,0.9936131386861314,1x
A,S4,Log-regression band,trim_z=2.5,2022-06-06 00:00:00+00:00,4.263848557617897,3.3876772918412827,0.35431601275789604,0.49698021553496563,0.04200476804168765,0.0333732769635196,1.0,1x
A,S4,Log-regression band,trim_z=2.5,2022-07-04 00:00:00+00:00,5.207957138697407,5.6648145276752615,0.3452525768866527,0.35432082803835163,0.04752445676030381,0.05169344253531614,1.0,1x
A,S4,Log-regression band,trim_z=2.5,2022-08-01 00:00:00+00:00,5.218581690325783,4.9617466527091105,0.30465728642276246,0.35432082803835163,0.045079455478122255,0.04286084813794668,1.0,1x
A,S4,Log-regression band,trim_z=2.5,2022-09-05 00:00:00+00:00,5.540393191081726,5.528165440849209,0.2809527676693754,0.2953441145503565,0.05003476619556702,0.04992433854126866,1.0,1x
A,S5,MVRV-Z DCA,k=5,2018-01-01 00:00:00+00:00,5.189040768635948,2.105645384445993,0.6309718806114143,0.8118477145881704,0.1794048938060661,0.07280017703331126,0.9616788321167883,1x
A,S5,MVRV-Z DCA,k=5,2018-02-05 00:00:00+00:00,6.559889651251819,4.5087242869453705,0.6288828432644695,0.7210838037342593,0.15475721139738616,0.1220663776027765,0.9698905109489051,1x
A,S5,MVRV-Z DCA,k=5,2018-03-05 00:00:00+00:00,8.118544082031137,4.194668990798933,0.6255398358024149,0.7195983935742972,0.13254401314190412,0.08671313487858756,0.9653284671532847,1x
A,S5,MVRV-Z DCA,k=5,2018-04-02 00:00:00+00:00,9.343078631668106,8.605955662883634,0.6226811812581035,0.6743998377939973,0.11343568518756111,0.14655809225686378,0.9744525547445255,1x
A,S5,MVRV-Z DCA,k=5,2018-05-07 00:00:00+00:00,9.12931492595236,5.828493064222101,0.6166647568780345,0.6570507207688201,0.0974937731016351,0.10335365708040514,0.9616788321167883,1x
A,S5,MVRV-Z DCA,k=5,2018-06-04 00:00:00+00:00,7.4767394962158376,5.079941358389624,0.6119825125956967,0.6334142876781383,0.09868478543780979,0.12943584324704321,0.968065693430657,1x
A,S5,MVRV-Z DCA,k=5,2018-07-02 00:00:00+00:00,6.84882578467766,5.259462071784936,0.6089057777736391,0.6334142876781379,0.09894913420155671,0.15697689104972873,0.9726277372262774,1x
A,S5,MVRV-Z DCA,k=5,2018-08-06 00:00:00+00:00,7.547954516697797,5.808675127348062,0.602701082186501,0.6334142876781379,0.0998607536525,0.14215187062521595,0.9698905109489051,1x
A,S5,MVRV-Z DCA,k=5,2018-09-03 00:00:00+00:00,8.418875876491482,6.734162712870155,0.5907314773664403,0.6334142876781377,0.10103549149414737,0.1367435973879671,0.968065693430657,1x
A,S5,MVRV-Z DCA,k=5,2018-10-01 00:00:00+00:00,7.83825239507946,6.603482715807671,0.5783482543172744,0.6334142876781381,0.10149368565648617,0.1506815363192324,0.9671532846715328,1x
A,S5,MVRV-Z DCA,k=5,2018-11-05 00:00:00+00:00,9.511570298087955,9.451810450638034,0.5621717955247514,0.6334142876781375,0.10121347253239642,0.15395079259109223,0.9717153284671532,1x
A,S5,MVRV-Z DCA,k=5,2018-12-03 00:00:00+00:00,8.802463302344934,13.55487092447001,0.5440384276742078,0.633414287678138,0.09967356960765901,0.23999272887645523,0.9872262773722628,1x
A,S5,MVRV-Z DCA,k=5,2019-01-07 00:00:00+00:00,6.725631850177435,10.787828792198495,0.49624568145915204,0.6334142876781383,0.09177548712080634,0.25040042635129117,0.9872262773722628,1x
A,S5,MVRV-Z DCA,k=5,2019-02-04 00:00:00+00:00,5.588591079131512,10.77343051852904,0.44639929417924973,0.6334142876781379,0.08489276374229549,0.2887420435228884,0.9872262773722628,1x
A,S5,MVRV-Z DCA,k=5,2019-03-04 00:00:00+00:00,5.260732397929275,11.133919191184592,0.3816093734194458,0.6334142876781376,0.0762917326032477,0.2622584253824043,0.9872262773722628,1x
A,S5,MVRV-Z DCA,k=5,2019-04-01 00:00:00+00:00,4.703788305209037,11.076860124182488,0.3394144073069616,0.6334142876781379,0.06701250869549323,0.2433921637188931,0.9808394160583942,1x
A,S5,MVRV-Z DCA,k=5,2019-05-06 00:00:00+00:00,3.676221556090499,6.3220277982379605,0.3403829516429646,0.6334142876781378,0.06189553643791213,0.17295524271319024,0.9717153284671532,1x
A,S5,MVRV-Z DCA,k=5,2019-06-03 00:00:00+00:00,3.1406644912715316,3.4846429412153657,0.41732874481028537,0.6334142876781379,0.06034243865424775,0.11442834610668526,0.9781021897810219,1x
A,S5,MVRV-Z DCA,k=5,2019-07-01 00:00:00+00:00,2.4032776485492495,1.834544692467773,0.5303253648175043,0.7190587661047629,0.06061991566319732,0.09199304853713669,0.968065693430657,1x
A,S5,MVRV-Z DCA,k=5,2019-08-05 00:00:00+00:00,2.4708816988612075,2.066706838509523,0.5291654231622911,0.7190587661047633,0.06190296560557497,0.09135431488289884,0.968065693430657,1x
A,S5,MVRV-Z DCA,k=5,2019-09-02 00:00:00+00:00,2.2392704278669875,2.0672712447097705,0.5280914049474995,0.7190587661047632,0.06271333262388823,0.1026885901325473,0.968065693430657,1x
A,S5,MVRV-Z DCA,k=5,2019-10-07 00:00:00+00:00,2.1225755180993047,2.5372377743415115,0.5389512929446318,0.7266029902927517,0.06452312818496164,0.12711185417831725,0.9726277372262774,1x
A,S5,MVRV-Z DCA,k=5,2019-11-04 00:00:00+00:00,2.0361596816547545,2.1940554948137057,0.5389733623063182,0.7266029902927521,0.06604068903141952,0.10857457631816325,0.968065693430657,1x
A,S5,MVRV-Z DCA,k=5,2019-12-02 00:00:00+00:00,1.7245976691794793,2.293436193411052,0.5845914269426074,0.7662925431645937,0.06760890599515369,0.1350878371273673,0.968065693430657,1x
A,S5,MVRV-Z DCA,k=5,2020-01-06 00:00:00+00:00,1.5703131845106035,2.2842421821685157,0.5871003559557106,0.7662925431645932,0.06990295480802906,0.13570951393747663,0.9744525547445255,1x
A,S5,MVRV-Z DCA,k=5,2020-02-03 00:00:00+00:00,1.9276043671068808,2.513370995901953,0.5885523987046235,0.7662925431645938,0.06986000445072893,0.10700231666060506,0.9616788321167883,1x
A,S5,MVRV-Z DCA,k=5,2020-03-02 00:00:00+00:00,1.8473264219690493,2.765854407399379,0.5887420053593475,0.7662925431645933,0.06948173770411722,0.11705353248149958,0.9771689497716894,1x
A,S5,MVRV-Z DCA,k=5,2020-04-06 00:00:00+00:00,1.9000640712822154,4.1530662785079775,0.5962078225646706,0.7662925431645936,0.0665783116671844,0.14742864054744664,0.9744292237442922,1x
A,S5,MVRV-Z DCA,k=5,2020-05-04 00:00:00+00:00,1.794423464028307,3.2586218471031105,0.6007876329585522,0.7662925431645935,0.06182090445406168,0.11226499981751326,0.9744292237442922,1x
A,S5,MVRV-Z DCA,k=5,2020-06-01 00:00:00+00:00,1.562640471514391,2.875614482031711,0.6030472140624767,0.7662925431645937,0.057428165073745506,0.1056809075234869,0.9680365296803652,1x
A,S5,MVRV-Z DCA,k=5,2020-07-06 00:00:00+00:00,1.5718593402943595,3.3584440565902334,0.6057322618538669,0.7662925431645942,0.05152824555518817,0.11009555727736817,0.9744292237442922,1x
A,S5,MVRV-Z DCA,k=5,2020-08-03 00:00:00+00:00,1.3608587192725456,2.63222241945436,0.6083981554692222,0.7662925431645934,0.04662709014601673,0.09018781325211496,0.9680365296803652,1x
A,S5,MVRV-Z DCA,k=5,2020-09-07 00:00:00+00:00,1.0879036291720512,2.5079593391370674,0.6083781775281232,0.7662925431645933,0.0422323657139106,0.0973588589704975,0.9707762557077626,1x
A,S5,MVRV-Z DCA,k=5,2020-10-05 00:00:00+00:00,1.0576166963002593,2.6003505051709395,0.6092275329844168,0.766292543164593,0.03807311522156322,0.09360994843042458,0.9744292237442922,1x
A,S5,MVRV-Z DCA,k=5,2020-11-02 00:00:00+00:00,1.2311116239193307,2.570096681111993,0.605495789070327,0.7662925431645933,0.034756124298746,0.07255767712122276,0.9744292237442922,1x
A,S5,MVRV-Z DCA,k=5,2020-12-07 00:00:00+00:00,1.4239178987102508,2.2572378406025395,0.596369891973012,0.7662925431645933,0.03253725716381353,0.05157904691422167,0.9789954337899544,1x
A,S5,MVRV-Z DCA,k=5,2021-01-04 00:00:00+00:00,1.3588959354027197,1.296393098007446,0.5865023245841628,0.7662925431645934,0.03171638792469359,0.030257582886296704,0.971689497716895,1x
A,S5,MVRV-Z DCA,k=5,2021-02-01 00:00:00+00:00,1.3579997789020468,1.2847503392788535,0.5746626601592077,0.766292543164593,0.03189290227576437,0.030172624219794587,0.9744292237442922,1x
A,S5,MVRV-Z DCA,k=5,2021-03-01 00:00:00+00:00,1.989097863213647,1.3524004438043142,0.5593337458296098,0.7662925431645935,0.03253829503818926,0.02212299629098559,0.9735401459854015,1x
A,S5,MVRV-Z DCA,k=5,2021-04-05 00:00:00+00:00,2.34493488986898,1.1749624805114196,0.5313482069279571,0.766292543164593,0.03423872912046045,0.01715579493091279,0.9616788321167883,1x
A,S5,MVRV-Z DCA,k=5,2021-05-03 00:00:00+00:00,2.1114508221519444,1.0423115600589552,0.5049672248658796,0.766292543164594,0.03575057592788061,0.017648167874645303,0.9653284671532847,1x
A,S5,MVRV-Z DCA,k=5,2021-06-07 00:00:00+00:00,2.6558785430844516,1.9748679452084257,0.46617346096247303,0.766292543164594,0.03751290685334593,0.027893985389190554,0.968065693430657,1x
A,S5,MVRV-Z DCA,k=5,2021-07-05 00:00:00+00:00,2.209486285653127,1.6142690110147282,0.4299163447769453,0.7662925431645932,0.03872893774520154,0.02829568322625584,0.9744525547445255,1x
A,S5,MVRV-Z DCA,k=5,2021-08-02 00:00:00+00:00,2.568998932911951,1.6375322731093847,0.38980641430944074,0.7662925431645935,0.03930896573633801,0.025056335832277565,0.9726277372262774,1x
A,S5,MVRV-Z DCA,k=5,2021-09-06 00:00:00+00:00,2.267479071284078,1.0838332644813837,0.3453875956122504,0.7662925431645937,0.04036096602499246,0.019292154939148876,0.9744525547445255,1x
A,S5,MVRV-Z DCA,k=5,2021-10-04 00:00:00+00:00,2.4852394334313495,1.2585409658306868,0.3091527042419694,0.7662925431645937,0.040907466241939625,0.020715799605164717,0.9744525547445255,1x
A,S5,MVRV-Z DCA,k=5,2021-11-01 00:00:00+00:00,2.920614326660179,1.1449741012958448,0.28113417048373535,0.7662925431645929,0.04154973412568765,0.016288822887492404,0.9625912408759124,1x
A,S5,MVRV-Z DCA,k=5,2021-12-06 00:00:00+00:00,4.124605102976286,1.95966786651854,0.2615137505386772,0.6895818371830496,0.04254554953097199,0.020214091821555445,0.968065693430657,1x
A,S5,MVRV-Z DCA,k=5,2022-01-03 00:00:00+00:00,4.1777359159545036,2.047944713587009,0.2615137505386784,0.6673056490171767,0.04307619695783744,0.021116143197165337,0.968065693430657,1x
A,S5,MVRV-Z DCA,k=5,2022-02-07 00:00:00+00:00,4.2025166176219315,2.2748397393507966,0.2615137505386783,0.667305649017178,0.04352488124690323,0.02356019940428159,0.968978102189781,1x
A,S5,MVRV-Z DCA,k=5,2022-03-07 00:00:00+00:00,3.96067961415926,2.3372014475846226,0.2615137505386774,0.667305649017177,0.04404088042805794,0.025988572547342468,0.9698905109489051,1x
A,S5,MVRV-Z DCA,k=5,2022-04-04 00:00:00+00:00,3.7041247675424676,1.7904146202680786,0.26151375053867787,0.6612040100033256,0.04451372695741099,0.02151602134072991,0.9616788321167883,1x
A,S5,MVRV-Z DCA,k=5,2022-05-02 00:00:00+00:00,4.3246540765991455,2.504535385885038,0.28095276766937516,0.6023862433862435,0.044819754486237415,0.0259564485642596,0.9607664233576643,1x
A,S5,MVRV-Z DCA,k=5,2022-06-06 00:00:00+00:00,4.524319900615243,3.3876772918412827,0.28095276766937516,0.49698021553496563,0.04457076873243986,0.0333732769635196,0.9781021897810219,1x
A,S5,MVRV-Z DCA,k=5,2022-07-04 00:00:00+00:00,4.75647312063887,5.6648145276752615,0.2809527676693758,0.35432082803835163,0.04340450490149151,0.05169344253531614,0.9872262773722628,1x
A,S5,MVRV-Z DCA,k=5,2022-08-01 00:00:00+00:00,4.7990305751863644,4.9617466527091105,0.28095276766937594,0.35432082803835163,0.04145526466574401,0.04286084813794668,0.9744525547445255,1x
A,S5,MVRV-Z DCA,k=5,2022-09-05 00:00:00+00:00,4.358589571953827,5.528165440849209,0.2809527676693748,0.2953441145503565,0.0393620096361008,0.04992433854126866,0.9808394160583942,1x
A,S5,MVRV-Z DCA,k=6,2018-01-01 00:00:00+00:00,5.187312755864577,2.105645384445993,0.6310432943510008,0.8118477145881704,0.1793451498260963,0.07280017703331126,0.9616788321167883,1x
A,S5,MVRV-Z DCA,k=6,2018-02-05 00:00:00+00:00,6.697925094554677,4.5087242869453705,0.6288828432644695,0.7210838037342593,0.15446627310040256,0.1220663776027765,0.9698905109489051,1x
A,S5,MVRV-Z DCA,k=6,2018-03-05 00:00:00+00:00,8.480539731199531,4.194668990798933,0.6255398358024149,0.7195983935742972,0.13225959428160866,0.08671313487858756,0.9653284671532847,1x
A,S5,MVRV-Z DCA,k=6,2018-04-02 00:00:00+00:00,9.861668063843066,8.605955662883634,0.6226811812581035,0.6743998377939973,0.11316566832616388,0.14655809225686378,0.9744525547445255,1x
A,S5,MVRV-Z DCA,k=6,2018-05-07 00:00:00+00:00,9.620355916074669,5.828493064222101,0.6166647568780345,0.6570507207688201,0.11427653983287775,0.10335365708040514,0.9616788321167883,1x
A,S5,MVRV-Z DCA,k=6,2018-06-04 00:00:00+00:00,7.6806081513929065,5.079941358389624,0.6119825125956967,0.6334142876781383,0.11551575566454643,0.12943584324704321,0.968065693430657,1x
A,S5,MVRV-Z DCA,k=6,2018-07-02 00:00:00+00:00,6.955107369902424,5.259462071784936,0.6089057777736391,0.6334142876781379,0.11563958683335539,0.15697689104972873,0.9726277372262774,1x
A,S5,MVRV-Z DCA,k=6,2018-08-06 00:00:00+00:00,7.775911309668224,5.808675127348062,0.602701082186501,0.6334142876781379,0.1164708930455165,0.14215187062521595,0.9698905109489051,1x
A,S5,MVRV-Z DCA,k=6,2018-09-03 00:00:00+00:00,8.787518088085667,6.734162712870155,0.5907314773664403,0.6334142876781377,0.11770903001171466,0.1367435973879671,0.968065693430657,1x
A,S5,MVRV-Z DCA,k=6,2018-10-01 00:00:00+00:00,8.115395456516097,6.603482715807671,0.5783482543172744,0.6334142876781381,0.11810341473322528,0.1506815363192324,0.9671532846715328,1x
A,S5,MVRV-Z DCA,k=6,2018-11-05 00:00:00+00:00,10.07369050110674,9.451810450638034,0.5621717955247514,0.6334142876781375,0.117624584670042,0.15395079259109223,0.9717153284671532,1x
A,S5,MVRV-Z DCA,k=6,2018-12-03 00:00:00+00:00,9.27256505704018,13.55487092447001,0.5440384276742078,0.633414287678138,0.11570181166925336,0.23999272887645523,0.9872262773722628,1x
A,S5,MVRV-Z DCA,k=6,2019-01-07 00:00:00+00:00,6.9554673907687565,10.787828792198495,0.49624568145915204,0.6334142876781383,0.10623630695079572,0.25040042635129117,0.9872262773722628,1x
A,S5,MVRV-Z DCA,k=6,2019-02-04 00:00:00+00:00,5.72041145232682,10.77343051852904,0.44639929417924973,0.6334142876781379,0.09796770625123788,0.2887420435228884,0.9872262773722628,1x
A,S5,MVRV-Z DCA,k=6,2019-03-04 00:00:00+00:00,5.436668739712391,11.133919191184592,0.3816093734194458,0.6334142876781376,0.0878581723785527,0.2622584253824043,0.9872262773722628,1x
A,S5,MVRV-Z DCA,k=6,2019-04-01 00:00:00+00:00,4.881329962466045,11.076860124182488,0.37323690839308465,0.6334142876781379,0.07677524777202918,0.2433921637188931,0.9808394160583942,1x
A,S5,MVRV-Z DCA,k=6,2019-05-06 00:00:00+00:00,3.755496302106194,6.3220277982379605,0.3707054154315669,0.6334142876781378,0.07054889078818616,0.17295524271319024,0.9717153284671532,1x
A,S5,MVRV-Z DCA,k=6,2019-06-03 00:00:00+00:00,3.1653566056028772,3.4846429412153657,0.4500436382303745,0.6334142876781379,0.06850443617825046,0.11442834610668526,0.9781021897810219,1x
A,S5,MVRV-Z DCA,k=6,2019-07-01 00:00:00+00:00,2.3449081482543406,1.834544692467773,0.5702564099984566,0.7190587661047629,0.06838472369392926,0.09199304853713669,0.968065693430657,1x
A,S5,MVRV-Z DCA,k=6,2019-08-05 00:00:00+00:00,2.4350916349544116,2.066706838509523,0.5686981100805069,0.7190587661047633,0.06924564064284479,0.09135431488289884,0.968065693430657,1x
A,S5,MVRV-Z DCA,k=6,2019-09-02 00:00:00+00:00,2.1873908214962245,2.0672712447097705,0.5672838550179955,0.7190587661047632,0.06972542904601749,0.1026885901325473,0.968065693430657,1x
A,S5,MVRV-Z DCA,k=6,2019-10-07 00:00:00+00:00,2.072645988004608,2.5372377743415115,0.5776847979870348,0.7266029902927517,0.07107507545115338,0.12711185417831725,0.9726277372262774,1x
A,S5,MVRV-Z DCA,k=6,2019-11-04 00:00:00+00:00,1.9906176378463003,2.1940554948137057,0.5771798059923821,0.7266029902927521,0.0721727962289007,0.10857457631816325,0.968065693430657,1x
A,S5,MVRV-Z DCA,k=6,2019-12-02 00:00:00+00:00,1.6634330212751098,2.293436193411052,0.6233857799497324,0.7662925431645937,0.07331481953080227,0.1350878371273673,0.968065693430657,1x
A,S5,MVRV-Z DCA,k=6,2020-01-06 00:00:00+00:00,1.5142924811063316,2.2842421821685157,0.6248449583310537,0.7662925431645932,0.07500960575733931,0.13570951393747663,0.9744525547445255,1x
A,S5,MVRV-Z DCA,k=6,2020-02-03 00:00:00+00:00,1.9070118857486953,2.513370995901953,0.6254169232328113,0.7662925431645938,0.07453408686791736,0.10700231666060506,0.9616788321167883,1x
A,S5,MVRV-Z DCA,k=6,2020-03-02 00:00:00+00:00,1.8285309320257235,2.765854407399379,0.6247726066525122,0.7662925431645933,0.07379567180294887,0.11705353248149958,0.9771689497716894,1x
A,S5,MVRV-Z DCA,k=6,2020-04-06 00:00:00+00:00,1.889288043369472,4.1530662785079775,0.6299015666942746,0.7662925431645936,0.0670673543733024,0.14742864054744664,0.9744292237442922,1x
A,S5,MVRV-Z DCA,k=6,2020-05-04 00:00:00+00:00,1.7650817070269518,3.2586218471031105,0.6327267041810364,0.7662925431645935,0.06081003160690053,0.11226499981751326,0.9744292237442922,1x
A,S5,MVRV-Z DCA,k=6,2020-06-01 00:00:00+00:00,1.5188648275238328,2.875614482031711,0.6333152343452357,0.7662925431645937,0.05581937856454741,0.1056809075234869,0.9680365296803652,1x
A,S5,MVRV-Z DCA,k=6,2020-07-06 00:00:00+00:00,1.5252685063879543,3.3584440565902334,0.6335766004368306,0.7662925431645942,0.05000091809743953,0.11009555727736817,0.9744292237442922,1x
A,S5,MVRV-Z DCA,k=6,2020-08-03 00:00:00+00:00,1.3218643922882913,2.63222241945436,0.6337711804879484,0.7662925431645934,0.04529102786877313,0.09018781325211496,0.9680365296803652,1x
A,S5,MVRV-Z DCA,k=6,2020-09-07 00:00:00+00:00,1.057690897865615,2.5079593391370674,0.6302397522697645,0.7662925431645933,0.04105950896122139,0.0973588589704975,0.9707762557077626,1x
A,S5,MVRV-Z DCA,k=6,2020-10-05 00:00:00+00:00,1.0391405540738783,2.6003505051709395,0.6248543331077057,0.766292543164593,0.03740799307069724,0.09360994843042458,0.9744292237442922,1x
A,S5,MVRV-Z DCA,k=6,2020-11-02 00:00:00+00:00,1.2134489253071892,2.570096681111993,0.6176535083203686,0.7662925431645933,0.03425747987326286,0.07255767712122276,0.9744292237442922,1x
A,S5,MVRV-Z DCA,k=6,2020-12-07 00:00:00+00:00,1.4054574501362413,2.2572378406025395,0.6054760581665487,0.7662925431645933,0.03211542640857409,0.05157904691422167,0.9789954337899544,1x
A,S5,MVRV-Z DCA,k=6,2021-01-04 00:00:00+00:00,1.3427776278065393,1.296393098007446,0.5936906146281202,0.7662925431645934,0.03134018951016342,0.030257582886296704,0.971689497716895,1x
A,S5,MVRV-Z DCA,k=6,2021-02-01 00:00:00+00:00,1.3468995465941727,1.2847503392788535,0.5792313234003177,0.766292543164593,0.03163221105200029,0.030172624219794587,0.9726027397260274,1x
A,S5,MVRV-Z DCA,k=6,2021-03-01 00:00:00+00:00,1.9741413663096246,1.3524004438043142,0.5631127365259416,0.7662925431645935,0.032293631908234165,0.02212299629098559,0.968065693430657,1x
A,S5,MVRV-Z DCA,k=6,2021-04-05 00:00:00+00:00,2.3404591013848193,1.1749624805114196,0.5323708337973557,0.766292543164593,0.03417337749378129,0.01715579493091279,0.9644160583941606,1x
A,S5,MVRV-Z DCA,k=6,2021-05-03 00:00:00+00:00,2.1114508221519444,1.0423115600589552,0.5049672248658796,0.766292543164594,0.03575057592788061,0.017648167874645303,0.9653284671532847,1x
A,S5,MVRV-Z DCA,k=6,2021-06-07 00:00:00+00:00,2.6558785430844516,1.9748679452084257,0.46617346096247303,0.766292543164594,0.03751290685334593,0.027893985389190554,0.968065693430657,1x
A,S5,MVRV-Z DCA,k=6,2021-07-05 00:00:00+00:00,2.209486285653127,1.6142690110147282,0.4299163447769453,0.7662925431645932,0.03872893774520154,0.02829568322625584,0.9744525547445255,1x
A,S5,MVRV-Z DCA,k=6,2021-08-02 00:00:00+00:00,2.568998932911951,1.6375322731093847,0.38980641430944074,0.7662925431645935,0.03930896573633801,0.025056335832277565,0.9726277372262774,1x
A,S5,MVRV-Z DCA,k=6,2021-09-06 00:00:00+00:00,2.267479071284078,1.0838332644813837,0.3453875956122504,0.7662925431645937,0.04036096602499246,0.019292154939148876,0.9744525547445255,1x
A,S5,MVRV-Z DCA,k=6,2021-10-04 00:00:00+00:00,2.4852394334313495,1.2585409658306868,0.3091527042419694,0.7662925431645937,0.040907466241939625,0.020715799605164717,0.9744525547445255,1x
A,S5,MVRV-Z DCA,k=6,2021-11-01 00:00:00+00:00,2.920614326660179,1.1449741012958448,0.28113417048373535,0.7662925431645929,0.04154973412568765,0.016288822887492404,0.9625912408759124,1x
A,S5,MVRV-Z DCA,k=6,2021-12-06 00:00:00+00:00,4.124605102976286,1.95966786651854,0.2615137505386772,0.6895818371830496,0.04254554953097199,0.020214091821555445,0.968065693430657,1x
A,S5,MVRV-Z DCA,k=6,2022-01-03 00:00:00+00:00,4.1777359159545036,2.047944713587009,0.2615137505386784,0.6673056490171767,0.04307619695783744,0.021116143197165337,0.968065693430657,1x
A,S5,MVRV-Z DCA,k=6,2022-02-07 00:00:00+00:00,4.2025166176219315,2.2748397393507966,0.2615137505386783,0.667305649017178,0.04352488124690323,0.02356019940428159,0.968978102189781,1x
A,S5,MVRV-Z DCA,k=6,2022-03-07 00:00:00+00:00,3.96067961415926,2.3372014475846226,0.2615137505386774,0.667305649017177,0.04404088042805794,0.025988572547342468,0.9698905109489051,1x
A,S5,MVRV-Z DCA,k=6,2022-04-04 00:00:00+00:00,3.7041247675424676,1.7904146202680786,0.26151375053867787,0.6612040100033256,0.04451372695741099,0.02151602134072991,0.9616788321167883,1x
A,S5,MVRV-Z DCA,k=6,2022-05-02 00:00:00+00:00,4.3246540765991455,2.504535385885038,0.28095276766937516,0.6023862433862435,0.044819754486237415,0.0259564485642596,0.9607664233576643,1x
A,S5,MVRV-Z DCA,k=6,2022-06-06 00:00:00+00:00,4.524319900615243,3.3876772918412827,0.28095276766937516,0.49698021553496563,0.04457076873243986,0.0333732769635196,0.9781021897810219,1x
A,S5,MVRV-Z DCA,k=6,2022-07-04 00:00:00+00:00,4.75647312063887,5.6648145276752615,0.2809527676693758,0.35432082803835163,0.04340450490149151,0.05169344253531614,0.9872262773722628,1x
A,S5,MVRV-Z DCA,k=6,2022-08-01 00:00:00+00:00,4.7990305751863644,4.9617466527091105,0.28095276766937594,0.35432082803835163,0.04145526466574401,0.04286084813794668,0.9744525547445255,1x
A,S5,MVRV-Z DCA,k=6,2022-09-05 00:00:00+00:00,4.358589571953827,5.528165440849209,0.2809527676693748,0.2953441145503565,0.0393620096361008,0.04992433854126866,0.9808394160583942,1x
A,S5,MVRV-Z DCA,k=7,2018-01-01 00:00:00+00:00,5.187312755864577,2.105645384445993,0.6310432943510008,0.8118477145881704,0.1793451498260963,0.07280017703331126,0.9616788321167883,1x
A,S5,MVRV-Z DCA,k=7,2018-02-05 00:00:00+00:00,6.6641936188832815,4.5087242869453705,0.6288828432644695,0.7210838037342593,0.18042220435966,0.1220663776027765,0.9698905109489051,1x
A,S5,MVRV-Z DCA,k=7,2018-03-05 00:00:00+00:00,8.739498825926642,4.194668990798933,0.6255398358024149,0.7195983935742972,0.18066487299144318,0.08671313487858756,0.9653284671532847,1x
A,S5,MVRV-Z DCA,k=7,2018-04-02 00:00:00+00:00,10.6166129039923,8.605955662883634,0.6226811812581035,0.6743998377939973,0.1807992737110331,0.14655809225686378,0.9744525547445255,1x
A,S5,MVRV-Z DCA,k=7,2018-05-07 00:00:00+00:00,10.218850954049001,5.828493064222101,0.6166647568780345,0.6570507207688201,0.18120560591273702,0.10335365708040514,0.9616788321167883,1x
A,S5,MVRV-Z DCA,k=7,2018-06-04 00:00:00+00:00,7.132275250226177,5.079941358389624,0.6119825125956967,0.6334142876781383,0.18172888152702868,0.12943584324704321,0.968065693430657,1x
A,S5,MVRV-Z DCA,k=7,2018-07-02 00:00:00+00:00,6.037661911441615,5.259462071784936,0.6089057777736391,0.6334142876781379,0.18020348528643643,0.15697689104972873,0.9726277372262774,1x
A,S5,MVRV-Z DCA,k=7,2018-08-06 00:00:00+00:00,7.3279319924936095,5.808675127348062,0.602701082186501,0.6334142876781379,0.1793316406426243,0.14215187062521595,0.9698905109489051,1x
A,S5,MVRV-Z DCA,k=7,2018-09-03 00:00:00+00:00,8.86537388921137,6.734162712870155,0.5907314773664403,0.6334142876781377,0.18001987321797727,0.1367435973879671,0.968065693430657,1x
A,S5,MVRV-Z DCA,k=7,2018-10-01 00:00:00+00:00,7.858852550932464,6.603482715807671,0.5783482543172744,0.6334142876781381,0.17932718643240733,0.1506815363192324,0.9671532846715328,1x
A,S5,MVRV-Z DCA,k=7,2018-11-05 00:00:00+00:00,10.877420821692988,9.451810450638034,0.5621717955247514,0.6334142876781375,0.17717108966499046,0.15395079259109223,0.9717153284671532,1x
A,S5,MVRV-Z DCA,k=7,2018-12-03 00:00:00+00:00,9.771936036537477,13.55487092447001,0.5440384276742078,0.633414287678138,0.17301482314974514,0.23999272887645523,0.9872262773722628,1x
A,S5,MVRV-Z DCA,k=7,2019-01-07 00:00:00+00:00,6.720822592010313,10.787828792198495,0.5314140778607941,0.6334142876781383,0.15599958758038535,0.25040042635129117,0.9872262773722628,1x
A,S5,MVRV-Z DCA,k=7,2019-02-04 00:00:00+00:00,5.259262556835696,10.77343051852904,0.5314140778607939,0.6334142876781379,0.14095512246283914,0.2887420435228884,0.9872262773722628,1x
A,S5,MVRV-Z DCA,k=7,2019-03-04 00:00:00+00:00,5.229590028083035,11.133919191184592,0.5314140778607939,0.6334142876781376,0.12318250407695466,0.2622584253824043,0.9872262773722628,1x
A,S5,MVRV-Z DCA,k=7,2019-04-01 00:00:00+00:00,4.800045260202278,11.076860124182488,0.5314140778607943,0.6334142876781379,0.10547153152892894,0.2433921637188931,0.9808394160583942,1x
A,S5,MVRV-Z DCA,k=7,2019-05-06 00:00:00+00:00,3.4515815678099373,6.3220277982379605,0.5313160829498383,0.6334142876781378,0.09442684323079452,0.17295524271319024,0.9717153284671532,1x
A,S5,MVRV-Z DCA,k=7,2019-06-03 00:00:00+00:00,2.7355560028036567,3.4846429412153657,0.5760170589535887,0.6334142876781379,0.08982990635300525,0.11442834610668526,0.9781021897810219,1x
A,S5,MVRV-Z DCA,k=7,2019-07-01 00:00:00+00:00,1.726569954455935,1.834544692467773,0.7190587661047626,0.7190587661047629,0.08657866678045877,0.09199304853713669,0.968065693430657,1x
A,S5,MVRV-Z DCA,k=7,2019-08-05 00:00:00+00:00,1.8866881205312358,2.066706838509523,0.7190587661047627,0.7190587661047633,0.08339697601868692,0.09135431488289884,0.968065693430657,1x
A,S5,MVRV-Z DCA,k=7,2019-09-02 00:00:00+00:00,1.625499976356807,2.0672712447097705,0.7190587661047634,0.7190587661047632,0.08074426675247622,0.1026885901325473,0.968065693430657,1x
A,S5,MVRV-Z DCA,k=7,2019-10-07 00:00:00+00:00,1.5317475904379414,2.5372377743415115,0.7266029902927514,0.7266029902927517,0.0767382853600575,0.12711185417831725,0.9726277372262774,1x
A,S5,MVRV-Z DCA,k=7,2019-11-04 00:00:00+00:00,1.4738375393900474,2.1940554948137057,0.7266029902927514,0.7266029902927521,0.07293401957212828,0.10857457631816325,0.968065693430657,1x
A,S5,MVRV-Z DCA,k=7,2019-12-02 00:00:00+00:00,1.170082459205103,2.293436193411052,0.7662784988179219,0.7662925431645937,0.06892012480172727,0.1350878371273673,0.968065693430657,1x
A,S5,MVRV-Z DCA,k=7,2020-01-06 00:00:00+00:00,1.0660968512741829,2.2842421821685157,0.7654949172622157,0.7662925431645932,0.06333806748956179,0.13570951393747663,0.9744525547445255,1x
A,S5,MVRV-Z DCA,k=7,2020-02-03 00:00:00+00:00,1.3972786934801806,2.513370995901953,0.7643506026376097,0.7662925431645938,0.05948666451019835,0.10700231666060506,0.9616788321167883,1x
A,S5,MVRV-Z DCA,k=7,2020-03-02 00:00:00+00:00,1.3362239038354768,2.765854407399379,0.7625392974906822,0.7662925431645933,0.0565502391274556,0.11705353248149958,0.9771689497716894,1x
A,S5,MVRV-Z DCA,k=7,2020-04-06 00:00:00+00:00,1.3749961620463929,4.1530662785079775,0.7589542148935509,0.7662925431645936,0.04881063805253851,0.14742864054744664,0.9744292237442922,1x
A,S5,MVRV-Z DCA,k=7,2020-05-04 00:00:00+00:00,1.2866178376804347,3.2586218471031105,0.7561920068087885,0.7662925431645935,0.044326147092155224,0.11226499981751326,0.9744292237442922,1x
A,S5,MVRV-Z DCA,k=7,2020-06-01 00:00:00+00:00,1.1212851404024393,2.875614482031711,0.7516999178314651,0.7662925431645937,0.041208038132638396,0.1056809075234869,0.9680365296803652,1x
A,S5,MVRV-Z DCA,k=7,2020-07-06 00:00:00+00:00,1.1602294707608383,3.3584440565902334,0.7414753159979799,0.7662925431645942,0.03803431231864207,0.11009555727736817,0.9744292237442922,1x
A,S5,MVRV-Z DCA,k=7,2020-08-03 00:00:00+00:00,1.0460631364921875,2.63222241945436,0.7285061298693403,0.7662925431645934,0.03584125190432626,0.09018781325211496,0.9680365296803652,1x
A,S5,MVRV-Z DCA,k=7,2020-09-07 00:00:00+00:00,0.8750902792638428,2.5079593391370674,0.7105168224550018,0.7662925431645933,0.03397096187158129,0.0973588589704975,0.9707762557077626,1x
A,S5,MVRV-Z DCA,k=7,2020-10-05 00:00:00+00:00,0.8889975709504484,2.6003505051709395,0.6929617739325675,0.766292543164593,0.03200299982866103,0.09360994843042458,0.9744292237442922,1x
A,S5,MVRV-Z DCA,k=7,2020-11-02 00:00:00+00:00,1.083721816530611,2.570096681111993,0.6691688434531735,0.7662925431645933,0.030595089371903143,0.07255767712122276,0.9744292237442922,1x
A,S5,MVRV-Z DCA,k=7,2020-12-07 00:00:00+00:00,1.3148597426206556,2.2572378406025395,0.6372290884077305,0.7662925431645933,0.03004522214289514,0.05157904691422167,0.9789954337899544,1x
A,S5,MVRV-Z DCA,k=7,2021-01-04 00:00:00+00:00,1.2976027349254025,1.296393098007446,0.6101184226264095,0.7662925431645934,0.030285815595467742,0.030257582886296704,0.9726027397260274,1x
A,S5,MVRV-Z DCA,k=7,2021-02-01 00:00:00+00:00,1.32674581757274,1.2847503392788535,0.5866138180755816,0.766292543164593,0.03115889660809629,0.030172624219794587,0.9744292237442922,1x
A,S5,MVRV-Z DCA,k=7,2021-03-01 00:00:00+00:00,1.964576944739826,1.3524004438043142,0.5654230200968555,0.7662925431645935,0.0321371740603508,0.02212299629098559,0.9744525547445255,1x
A,S5,MVRV-Z DCA,k=7,2021-04-05 00:00:00+00:00,2.3404591013848193,1.1749624805114196,0.5323708337973557,0.766292543164593,0.03417337749378129,0.01715579493091279,0.9644160583941606,1x
A,S5,MVRV-Z DCA,k=7,2021-05-03 00:00:00+00:00,2.1114508221519444,1.0423115600589552,0.5049672248658796,0.766292543164594,0.03575057592788061,0.017648167874645303,0.9653284671532847,1x
A,S5,MVRV-Z DCA,k=7,2021-06-07 00:00:00+00:00,2.6558785430844516,1.9748679452084257,0.46617346096247303,0.766292543164594,0.03751290685334593,0.027893985389190554,0.968065693430657,1x
A,S5,MVRV-Z DCA,k=7,2021-07-05 00:00:00+00:00,2.209486285653127,1.6142690110147282,0.4299163447769453,0.7662925431645932,0.03872893774520154,0.02829568322625584,0.9744525547445255,1x
A,S5,MVRV-Z DCA,k=7,2021-08-02 00:00:00+00:00,2.568998932911951,1.6375322731093847,0.38980641430944074,0.7662925431645935,0.03930896573633801,0.025056335832277565,0.9726277372262774,1x
A,S5,MVRV-Z DCA,k=7,2021-09-06 00:00:00+00:00,2.267479071284078,1.0838332644813837,0.3453875956122504,0.7662925431645937,0.04036096602499246,0.019292154939148876,0.9744525547445255,1x
A,S5,MVRV-Z DCA,k=7,2021-10-04 00:00:00+00:00,2.4852394334313495,1.2585409658306868,0.3091527042419694,0.7662925431645937,0.040907466241939625,0.020715799605164717,0.9744525547445255,1x
A,S5,MVRV-Z DCA,k=7,2021-11-01 00:00:00+00:00,2.920614326660179,1.1449741012958448,0.28113417048373535,0.7662925431645929,0.04154973412568765,0.016288822887492404,0.9625912408759124,1x
A,S5,MVRV-Z DCA,k=7,2021-12-06 00:00:00+00:00,4.124605102976286,1.95966786651854,0.2615137505386772,0.6895818371830496,0.04254554953097199,0.020214091821555445,0.968065693430657,1x
A,S5,MVRV-Z DCA,k=7,2022-01-03 00:00:00+00:00,4.1777359159545036,2.047944713587009,0.2615137505386784,0.6673056490171767,0.04307619695783744,0.021116143197165337,0.968065693430657,1x
A,S5,MVRV-Z DCA,k=7,2022-02-07 00:00:00+00:00,4.2025166176219315,2.2748397393507966,0.2615137505386783,0.667305649017178,0.04352488124690323,0.02356019940428159,0.968978102189781,1x
A,S5,MVRV-Z DCA,k=7,2022-03-07 00:00:00+00:00,3.96067961415926,2.3372014475846226,0.2615137505386774,0.667305649017177,0.04404088042805794,0.025988572547342468,0.9698905109489051,1x
A,S5,MVRV-Z DCA,k=7,2022-04-04 00:00:00+00:00,3.7041247675424676,1.7904146202680786,0.26151375053867787,0.6612040100033256,0.04451372695741099,0.02151602134072991,0.9616788321167883,1x
A,S5,MVRV-Z DCA,k=7,2022-05-02 00:00:00+00:00,4.3246540765991455,2.504535385885038,0.28095276766937516,0.6023862433862435,0.044819754486237415,0.0259564485642596,0.9607664233576643,1x
A,S5,MVRV-Z DCA,k=7,2022-06-06 00:00:00+00:00,4.524319900615243,3.3876772918412827,0.28095276766937516,0.49698021553496563,0.04457076873243986,0.0333732769635196,0.9781021897810219,1x
A,S5,MVRV-Z DCA,k=7,2022-07-04 00:00:00+00:00,4.75647312063887,5.6648145276752615,0.2809527676693758,0.35432082803835163,0.04340450490149151,0.05169344253531614,0.9872262773722628,1x
A,S5,MVRV-Z DCA,k=7,2022-08-01 00:00:00+00:00,4.7990305751863644,4.9617466527091105,0.28095276766937594,0.35432082803835163,0.04145526466574401,0.04286084813794668,0.9744525547445255,1x
A,S5,MVRV-Z DCA,k=7,2022-09-05 00:00:00+00:00,4.358589571953827,5.528165440849209,0.2809527676693748,0.2953441145503565,0.0393620096361008,0.04992433854126866,0.9808394160583942,1x
A,A2-lump,"Market gate, lump sum",map=70/40,2018-01-01 00:00:00+00:00,2.7021894379667075,2.105645384445993,0.43017383151152777,0.8118477145881704,0.0,0.07280017703331126,0.8686131386861314,1x
A,A2-lump,"Market gate, lump sum",map=70/40,2018-02-05 00:00:00+00:00,2.7021894379667075,4.5087242869453705,0.43017383151152777,0.7210838037342593,0.0,0.1220663776027765,0.8686131386861314,1x
A,A2-lump,"Market gate, lump sum",map=70/40,2018-03-05 00:00:00+00:00,2.7021894379667075,4.194668990798933,0.43017383151152777,0.7195983935742972,0.0,0.08671313487858756,0.8686131386861314,1x
A,A2-lump,"Market gate, lump sum",map=70/40,2018-04-02 00:00:00+00:00,2.65248233022635,8.605955662883634,0.4301738315115269,0.6743998377939973,0.0,0.14655809225686378,0.8622262773722628,1x
A,A2-lump,"Market gate, lump sum",map=70/40,2018-05-07 00:00:00+00:00,2.2706085507465583,5.828493064222101,0.42406618005845576,0.6570507207688201,0.0,0.10335365708040514,0.8558394160583942,1x
A,A2-lump,"Market gate, lump sum",map=70/40,2018-06-04 00:00:00+00:00,2.4588556875957264,5.079941358389624,0.41722718590075303,0.6334142876781383,0.0,0.12943584324704321,0.8366788321167883,1x
A,A2-lump,"Market gate, lump sum",map=70/40,2018-07-02 00:00:00+00:00,2.7367310001525174,5.259462071784936,0.4171110913303574,0.6334142876781379,0.0,0.15697689104972873,0.8111313868613139,1x
A,A2-lump,"Market gate, lump sum",map=70/40,2018-08-06 00:00:00+00:00,2.526820118880408,5.808675127348062,0.3893752715705846,0.6334142876781379,0.0,0.14215187062521595,0.7791970802919708,1x
A,A2-lump,"Market gate, lump sum",map=70/40,2018-09-03 00:00:00+00:00,2.47420785089473,6.734162712870155,0.38937527157058516,0.6334142876781377,0.0,0.1367435973879671,0.7536496350364964,1x
A,A2-lump,"Market gate, lump sum",map=70/40,2018-10-01 00:00:00+00:00,2.643423159874384,6.603482715807671,0.3893752715705834,0.6334142876781381,0.0,0.1506815363192324,0.7281021897810219,1x
A,A2-lump,"Market gate, lump sum",map=70/40,2018-11-05 00:00:00+00:00,2.6709883715130407,9.451810450638034,0.38937527157058294,0.6334142876781375,0.0,0.15395079259109223,0.6961678832116789,1x
A,A2-lump,"Market gate, lump sum",map=70/40,2018-12-03 00:00:00+00:00,3.138128375636552,13.55487092447001,0.38937527157058327,0.633414287678138,0.0,0.23999272887645523,0.6833941605839416,1x
A,A2-lump,"Market gate, lump sum",map=70/40,2019-01-07 00:00:00+00:00,3.1726016870924574,10.787828792198495,0.3893752715705835,0.6334142876781383,0.0,0.25040042635129117,0.6514598540145985,1x
A,A2-lump,"Market gate, lump sum",map=70/40,2019-02-04 00:00:00+00:00,3.238341416555719,10.77343051852904,0.3893752715705828,0.6334142876781379,0.04961968870483634,0.2887420435228884,0.6487226277372263,1x
A,A2-lump,"Market gate, lump sum",map=70/40,2019-03-04 00:00:00+00:00,3.281977436495762,11.133919191184592,0.38937527157058327,0.6334142876781376,0.0,0.2622584253824043,0.6259124087591241,1x
A,A2-lump,"Market gate, lump sum",map=70/40,2019-04-01 00:00:00+00:00,3.1361217303716717,11.076860124182488,0.3893752715705844,0.6334142876781379,0.0,0.2433921637188931,0.6003649635036497,1x
A,A2-lump,"Market gate, lump sum",map=70/40,2019-05-06 00:00:00+00:00,2.030006324117921,6.3220277982379605,0.3893752715705825,0.6334142876781378,0.030057410055429855,0.17295524271319024,0.5976277372262774,1x
A,A2-lump,"Market gate, lump sum",map=70/40,2019-06-03 00:00:00+00:00,1.3188096827479903,3.4846429412153657,0.3893752715705824,0.6334142876781379,0.024813341848177434,0.11442834610668526,0.5976277372262774,1x
A,A2-lump,"Market gate, lump sum",map=70/40,2019-07-01 00:00:00+00:00,0.9047802450973305,1.834544692467773,0.45606259388927417,0.7190587661047629,0.02687969717070468,0.09199304853713669,0.5976277372262774,1x
A,A2-lump,"Market gate, lump sum",map=70/40,2019-08-05 00:00:00+00:00,0.9121983731731081,2.066706838509523,0.4560625938892736,0.7190587661047633,0.025100991878742283,0.09135431488289884,0.6040145985401459,1x
A,A2-lump,"Market gate, lump sum",map=70/40,2019-09-02 00:00:00+00:00,0.9072351567961956,2.0672712447097705,0.4560625938892744,0.7190587661047632,0.02680193937374166,0.1026885901325473,0.6040145985401459,1x
A,A2-lump,"Market gate, lump sum",map=70/40,2019-10-07 00:00:00+00:00,1.0201972149427407,2.5372377743415115,0.46731928972696535,0.7266029902927517,0.030291953761203215,0.12711185417831725,0.6040145985401459,1x
A,A2-lump,"Market gate, lump sum",map=70/40,2019-11-04 00:00:00+00:00,0.9643946666234635,2.1940554948137057,0.4673192897269659,0.7266029902927521,0.028415653125329805,0.10857457631816325,0.6040145985401459,1x
A,A2-lump,"Market gate, lump sum",map=70/40,2019-12-02 00:00:00+00:00,0.9958032860696603,2.293436193411052,0.5027374730049701,0.7662925431645937,0.03573443988776583,0.1350878371273673,0.6040145985401459,1x
A,A2-lump,"Market gate, lump sum",map=70/40,2020-01-06 00:00:00+00:00,0.987222668992535,2.2842421821685157,0.5027374730049696,0.7662925431645932,0.05865205957708362,0.13570951393747663,0.6040145985401459,1x
A,A2-lump,"Market gate, lump sum",map=70/40,2020-02-03 00:00:00+00:00,1.1871305803663654,2.513370995901953,0.5027374730049703,0.7662925431645938,0.05053998095982047,0.10700231666060506,0.6040145985401459,1x
A,A2-lump,"Market gate, lump sum",map=70/40,2020-03-02 00:00:00+00:00,1.2307228413508753,2.765854407399379,0.50273747300497,0.7662925431645933,0.0316424700317582,0.11705353248149958,0.6036529680365297,1x
A,A2-lump,"Market gate, lump sum",map=70/40,2020-04-06 00:00:00+00:00,1.5273121572214412,4.1530662785079775,0.5027374730049688,0.7662925431645936,0.03516260724670618,0.14742864054744664,0.6036529680365297,1x
A,A2-lump,"Market gate, lump sum",map=70/40,2020-05-04 00:00:00+00:00,1.3147323792190486,3.2586218471031105,0.5027374730049632,0.7662925431645935,0.026708987762966502,0.11226499981751326,0.6036529680365297,1x
A,A2-lump,"Market gate, lump sum",map=70/40,2020-06-01 00:00:00+00:00,1.2165992536888415,2.875614482031711,0.5038257242612503,0.7662925431645937,0.02566203112568403,0.1056809075234869,0.6036529680365297,1x
A,A2-lump,"Market gate, lump sum",map=70/40,2020-07-06 00:00:00+00:00,1.3367197109149438,3.3584440565902334,0.5038258238796756,0.7662925431645942,0.026363723864974514,0.11009555727736817,0.6036529680365297,1x
A,A2-lump,"Market gate, lump sum",map=70/40,2020-08-03 00:00:00+00:00,1.1501612955811178,2.63222241945436,0.5027374729972984,0.7662925431645934,0.023290069592740673,0.09018781325211496,0.6036529680365297,1x
A,A2-lump,"Market gate, lump sum",map=70/40,2020-09-07 00:00:00+00:00,1.1264391465031283,2.5079593391370674,0.5027377612180202,0.7662925431645933,0.02451011537985506,0.0973588589704975,0.6036529680365297,1x
A,A2-lump,"Market gate, lump sum",map=70/40,2020-10-05 00:00:00+00:00,1.1449524626202219,2.6003505051709395,0.5027374731652802,0.766292543164593,0.023864734211920174,0.09360994843042458,0.6036529680365297,1x
A,A2-lump,"Market gate, lump sum",map=70/40,2020-11-02 00:00:00+00:00,1.1306054848582365,2.570096681111993,0.5027374640065556,0.7662925431645933,0.02032746041428986,0.07255767712122276,0.6036529680365297,1x
A,A2-lump,"Market gate, lump sum",map=70/40,2020-12-07 00:00:00+00:00,1.084846394454399,2.2572378406025395,0.4948011208010673,0.7662925431645933,0.015408778507903748,0.05157904691422167,0.6100456621004566,1x
A,A2-lump,"Market gate, lump sum",map=70/40,2021-01-04 00:00:00+00:00,1.0707094565245374,1.296393098007446,0.4948011208010673,0.7662925431645934,0.015408778507903748,0.030257582886296704,0.6356164383561644,1x
A,A2-lump,"Market gate, lump sum",map=70/40,2021-02-01 00:00:00+00:00,1.0666225862008862,1.2847503392788535,0.4948011208010673,0.766292543164593,0.015408778507903748,0.030172624219794587,0.6611872146118721,1x
A,A2-lump,"Market gate, lump sum",map=70/40,2021-03-01 00:00:00+00:00,1.3394140604518747,1.3524004438043142,0.4948011208010673,0.7662925431645935,0.013969491090170958,0.02212299629098559,0.6870437956204379,1x
A,A2-lump,"Market gate, lump sum",map=70/40,2021-04-05 00:00:00+00:00,1.440200576793096,1.1749624805114196,0.4948011208010673,0.766292543164593,0.0,0.01715579493091279,0.7025547445255474,1x
A,A2-lump,"Market gate, lump sum",map=70/40,2021-05-03 00:00:00+00:00,1.3570238468442788,1.0423115600589552,0.4877754322384428,0.766292543164594,0.013249640521048073,0.017648167874645303,0.6998175182481752,1x
A,A2-lump,"Market gate, lump sum",map=70/40,2021-06-07 00:00:00+00:00,1.519214648243437,1.9748679452084257,0.4877754322384428,0.766292543164594,0.013091720279524578,0.027893985389190554,0.7253649635036497,1x
A,A2-lump,"Market gate, lump sum",map=70/40,2021-07-05 00:00:00+00:00,1.3392159315342396,1.6142690110147282,0.4877754322384428,0.7662925431645932,0.013091720279524578,0.02829568322625584,0.7509124087591241,1x
A,A2-lump,"Market gate, lump sum",map=70/40,2021-08-02 00:00:00+00:00,1.4833966972844643,1.6375322731093847,0.4877754322384428,0.7662925431645935,0.0,0.025056335832277565,0.7664233576642335,1x
A,A2-lump,"Market gate, lump sum",map=70/40,2021-09-06 00:00:00+00:00,1.4833966972844643,1.0838332644813837,0.4877754322384428,0.7662925431645937,0.0,0.019292154939148876,0.7664233576642335,1x
A,A2-lump,"Market gate, lump sum",map=70/40,2021-10-04 00:00:00+00:00,1.5496576271678706,1.2585409658306868,0.4877754322384428,0.7662925431645937,0.0,0.020715799605164717,0.7728102189781022,1x
A,A2-lump,"Market gate, lump sum",map=70/40,2021-11-01 00:00:00+00:00,1.6586930685056962,1.1449741012958448,0.4877754322384428,0.7662925431645929,0.014778778094957706,0.016288822887492404,0.7956204379562044,1x
A,A2-lump,"Market gate, lump sum",map=70/40,2021-12-06 00:00:00+00:00,2.0951420599231323,1.95966786651854,0.46025897719814557,0.6895818371830496,0.0,0.020214091821555445,0.7983576642335767,1x
A,A2-lump,"Market gate, lump sum",map=70/40,2022-01-03 00:00:00+00:00,2.003391247133193,2.047944713587009,0.46025897719814557,0.6673056490171767,0.012015641041898839,0.021116143197165337,0.8147810218978102,1x
A,A2-lump,"Market gate, lump sum",map=70/40,2022-02-07 00:00:00+00:00,1.9871322635887307,2.2748397393507966,0.4488184317835845,0.667305649017178,0.011948973149985928,0.02356019940428159,0.8211678832116789,1x
A,A2-lump,"Market gate, lump sum",map=70/40,2022-03-07 00:00:00+00:00,1.9581474261295793,2.3372014475846226,0.4488184317835845,0.667305649017177,0.0,0.025988572547342468,0.843065693430657,1x
A,A2-lump,"Market gate, lump sum",map=70/40,2022-04-04 00:00:00+00:00,1.9581474261295793,1.7904146202680786,0.44881843178358516,0.6612040100033256,0.0,0.02151602134072991,0.843065693430657,1x
A,A2-lump,"Market gate, lump sum",map=70/40,2022-05-02 00:00:00+00:00,2.1907090891832515,2.504535385885038,0.3935261303357187,0.6023862433862435,0.0,0.0259564485642596,0.8175182481751825,1x
A,A2-lump,"Market gate, lump sum",map=70/40,2022-06-06 00:00:00+00:00,2.4170088268362253,3.3876772918412827,0.30832553799782736,0.49698021553496563,0.013867966232326749,0.0333732769635196,0.7956204379562044,1x
A,A2-lump,"Market gate, lump sum",map=70/40,2022-07-04 00:00:00+00:00,3.269548796774922,5.6648145276752615,0.20606309130021294,0.35432082803835163,0.017928766512988265,0.05169344253531614,0.7956204379562044,1x
A,A2-lump,"Market gate, lump sum",map=70/40,2022-08-01 00:00:00+00:00,3.002945007431038,4.9617466527091105,0.20587983761574236,0.35432082803835163,0.01592714437626398,0.04286084813794668,0.7956204379562044,1x
A,A2-lump,"Market gate, lump sum",map=70/40,2022-09-05 00:00:00+00:00,3.1847016483799964,5.528165440849209,0.16890235508006146,0.2953441145503565,0.017354435489608865,0.04992433854126866,0.7956204379562044,1x
A,A2-lump,"Market gate, lump sum",map=60/30,2018-01-01 00:00:00+00:00,2.1457314679793438,2.105645384445993,0.6756964440924597,0.8118477145881704,0.0481566276842103,0.07280017703331126,1.0,1x
A,A2-lump,"Market gate, lump sum",map=60/30,2018-02-05 00:00:00+00:00,3.3110342861373616,4.5087242869453705,0.6034638520103173,0.7210838037342593,0.05618568068628107,0.1220663776027765,1.0,1x
A,A2-lump,"Market gate, lump sum",map=60/30,2018-03-05 00:00:00+00:00,3.2242583735056387,4.194668990798933,0.598688720854913,0.7195983935742972,0.03992872719526167,0.08671313487858756,1.0,1x
A,A2-lump,"Market gate, lump sum",map=60/30,2018-04-02 00:00:00+00:00,4.880665688440418,8.605955662883634,0.5739716646820583,0.6743998377939973,0.053576760972274685,0.14655809225686378,1.0,1x
A,A2-lump,"Market gate, lump sum",map=60/30,2018-05-07 00:00:00+00:00,3.836766475212599,5.828493064222101,0.5588692933038513,0.6570507207688201,0.0432214646577367,0.10335365708040514,1.0,1x
A,A2-lump,"Market gate, lump sum",map=60/30,2018-06-04 00:00:00+00:00,3.3625785031866626,5.079941358389624,0.5306246381311859,0.6334142876781383,0.0,0.12943584324704321,0.989963503649635,1x
A,A2-lump,"Market gate, lump sum",map=60/30,2018-07-02 00:00:00+00:00,3.6618272799420097,5.259462071784936,0.5305311346155446,0.6334142876781379,0.06461166679355815,0.15697689104972873,0.968065693430657,1x
A,A2-lump,"Market gate, lump sum",map=60/30,2018-08-06 00:00:00+00:00,3.9012605265189952,5.808675127348062,0.4953772691256486,0.6334142876781379,0.061209624454339896,0.14215187062521595,0.9616788321167883,1x
A,A2-lump,"Market gate, lump sum",map=60/30,2018-09-03 00:00:00+00:00,4.2875087506595,6.734162712870155,0.4948810656795687,0.6334142876781377,0.054662057074441016,0.1367435973879671,0.9616788321167883,1x
A,A2-lump,"Market gate, lump sum",map=60/30,2018-10-01 00:00:00+00:00,4.225452151990976,6.603482715807671,0.47330767912244964,0.6334142876781381,0.05787171868293154,0.1506815363192324,0.9616788321167883,1x
A,A2-lump,"Market gate, lump sum",map=60/30,2018-11-05 00:00:00+00:00,4.90165664081671,9.451810450638034,0.45883145846626716,0.6334142876781375,0.05007360660880106,0.15395079259109223,0.9552919708029197,1x
A,A2-lump,"Market gate, lump sum",map=60/30,2018-12-03 00:00:00+00:00,7.325947383070571,13.55487092447001,0.4227146513466572,0.633414287678138,0.07879535391649595,0.23999272887645523,0.9552919708029197,1x
A,A2-lump,"Market gate, lump sum",map=60/30,2019-01-07 00:00:00+00:00,6.386321732870181,10.787828792198495,0.4227146513466574,0.6334142876781383,0.0802540398030464,0.25040042635129117,0.9552919708029197,1x
A,A2-lump,"Market gate, lump sum",map=60/30,2019-02-04 00:00:00+00:00,6.450812499847772,10.77343051852904,0.4227146513466584,0.6334142876781379,0.09889949703162935,0.2887420435228884,0.9552919708029197,1x
A,A2-lump,"Market gate, lump sum",map=60/30,2019-03-04 00:00:00+00:00,6.321072053981765,11.133919191184592,0.42271465134665687,0.6334142876781376,0.08982836737653986,0.2622584253824043,0.9552919708029197,1x
A,A2-lump,"Market gate, lump sum",map=60/30,2019-04-01 00:00:00+00:00,6.1211446486587455,11.076860124182488,0.42271465134665787,0.6334142876781379,0.08336632337829387,0.2433921637188931,0.9552919708029197,1x
A,A2-lump,"Market gate, lump sum",map=60/30,2019-05-06 00:00:00+00:00,3.8190668371597103,6.3220277982379605,0.4227146513466572,0.6334142876781378,0.05924037353417833,0.17295524271319024,0.9552919708029197,1x
A,A2-lump,"Market gate, lump sum",map=60/30,2019-06-03 00:00:00+00:00,2.33061712629834,3.4846429412153657,0.4227105732188229,0.6334142876781379,0.04385166436817923,0.11442834610668526,0.9552919708029197,1x
A,A2-lump,"Market gate, lump sum",map=60/30,2019-07-01 00:00:00+00:00,1.5986069278520136,1.834544692467773,0.5231348340606766,0.7190587661047629,0.04749227268049755,0.09199304853713669,0.9552919708029197,1x
A,A2-lump,"Market gate, lump sum",map=60/30,2019-08-05 00:00:00+00:00,1.7196141444988766,2.066706838509523,0.523134834060677,0.7190587661047633,0.04731867754367522,0.09135431488289884,0.9552919708029197,1x
A,A2-lump,"Market gate, lump sum",map=60/30,2019-09-02 00:00:00+00:00,1.7295987184959352,2.0672712447097705,0.5231348340606778,0.7190587661047632,0.08591521521518733,0.1026885901325473,0.9552919708029197,1x
A,A2-lump,"Market gate, lump sum",map=60/30,2019-10-07 00:00:00+00:00,2.0094481945370903,2.5372377743415115,0.536299822964954,0.7266029902927517,0.058261598693832586,0.12711185417831725,0.9552919708029197,1x
A,A2-lump,"Market gate, lump sum",map=60/30,2019-11-04 00:00:00+00:00,1.8908974820251057,2.1940554948137057,0.5362998229649534,0.7266029902927521,0.09357256161352911,0.10857457631816325,0.9552919708029197,1x
A,A2-lump,"Market gate, lump sum",map=60/30,2019-12-02 00:00:00+00:00,1.7805382437205552,2.293436193411052,0.588299599037281,0.7662925431645937,0.06393568276315355,0.1350878371273673,0.9552919708029197,1x
A,A2-lump,"Market gate, lump sum",map=60/30,2020-01-06 00:00:00+00:00,1.765201131581698,2.2842421821685157,0.5882995990372797,0.7662925431645932,0.10487267481481229,0.13570951393747663,0.9552919708029197,1x
A,A2-lump,"Market gate, lump sum",map=60/30,2020-02-03 00:00:00+00:00,2.1226459942785123,2.513370995901953,0.5882995990372797,0.7662925431645938,0.09036789204955663,0.10700231666060506,0.9552919708029197,1x
A,A2-lump,"Market gate, lump sum",map=60/30,2020-03-02 00:00:00+00:00,2.228142671305643,2.765854407399379,0.5882995990372812,0.7662925431645933,0.09429707140453618,0.11705353248149958,0.9552511415525115,1x
A,A2-lump,"Market gate, lump sum",map=60/30,2020-04-06 00:00:00+00:00,2.950168286900219,4.1530662785079775,0.5882995990372797,0.7662925431645936,0.06287241576876502,0.14742864054744664,0.9552511415525115,1x
A,A2-lump,"Market gate, lump sum",map=60/30,2020-05-04 00:00:00+00:00,2.5521085025449715,3.2586218471031105,0.5882995990372799,0.7662925431645935,0.08792442756964655,0.11226499981751326,0.9552511415525115,1x
A,A2-lump,"Market gate, lump sum",map=60/30,2020-06-01 00:00:00+00:00,2.2972696619560047,2.875614482031711,0.5882995944596114,0.7662925431645937,0.08442631799870289,0.1056809075234869,0.9552511415525115,1x
A,A2-lump,"Market gate, lump sum",map=60/30,2020-07-06 00:00:00+00:00,2.645830400136829,3.3584440565902334,0.5882995944596099,0.7662925431645942,0.0867348591955442,0.11009555727736817,0.9552511415525115,1x
A,A2-lump,"Market gate, lump sum",map=60/30,2020-08-03 00:00:00+00:00,2.2376782137777695,2.63222241945436,0.5882995990372798,0.7662925431645934,0.07666954865628325,0.09018781325211496,0.9552511415525115,1x
A,A2-lump,"Market gate, lump sum",map=60/30,2020-09-07 00:00:00+00:00,2.0784695052423894,2.5079593391370674,0.5882995990372799,0.7662925431645933,0.08068608460972902,0.0973588589704975,0.9552511415525115,1x
A,A2-lump,"Market gate, lump sum",map=60/30,2020-10-05 00:00:00+00:00,2.182320880727198,2.6003505051709395,0.5882995990372795,0.766292543164593,0.07856131113758548,0.09360994843042458,0.9552511415525115,1x
A,A2-lump,"Market gate, lump sum",map=60/30,2020-11-02 00:00:00+00:00,2.3449322907665717,2.570096681111993,0.5882995990372804,0.7662925431645933,0.040150084017013934,0.07255767712122276,0.9552511415525115,1x
A,A2-lump,"Market gate, lump sum",map=60/30,2020-12-07 00:00:00+00:00,2.154771596207176,2.2572378406025395,0.5882995944595524,0.7662925431645933,0.03228343318364524,0.05157904691422167,0.9552511415525115,1x
A,A2-lump,"Market gate, lump sum",map=60/30,2021-01-04 00:00:00+00:00,1.518952999325524,1.296393098007446,0.5882995124092214,0.7662925431645934,0.021087161349567198,0.030257582886296704,0.9552511415525115,1x
A,A2-lump,"Market gate, lump sum",map=60/30,2021-02-01 00:00:00+00:00,1.5104382951420372,1.2847503392788535,0.5882993765056213,0.766292543164593,0.021046449591568348,0.030172624219794587,0.9552511415525115,1x
A,A2-lump,"Market gate, lump sum",map=60/30,2021-03-01 00:00:00+00:00,1.5696406907200227,1.3524004438043142,0.5847381797771979,0.7662925431645935,0.017379070600117744,0.02212299629098559,0.9552919708029197,1x
A,A2-lump,"Market gate, lump sum",map=60/30,2021-04-05 00:00:00+00:00,1.4345103595472495,1.1749624805114196,0.5847381797771976,0.766292543164593,0.012976057586655923,0.01715579493091279,0.9552919708029197,1x
A,A2-lump,"Market gate, lump sum",map=60/30,2021-05-03 00:00:00+00:00,1.3522121705957815,1.0423115600589552,0.5847381797771981,0.766292543164594,0.013371905152697143,0.017648167874645303,0.9552919708029197,1x
A,A2-lump,"Market gate, lump sum",map=60/30,2021-06-07 00:00:00+00:00,1.9684386570043135,1.9748679452084257,0.5847381797771991,0.766292543164594,0.01744113803098437,0.027893985389190554,0.968065693430657,1x
A,A2-lump,"Market gate, lump sum",map=60/30,2021-07-05 00:00:00+00:00,1.7144134116894456,1.6142690110147282,0.5847381797771984,0.7662925431645932,0.017297602885665897,0.02829568322625584,0.9872262773722628,1x
A,A2-lump,"Market gate, lump sum",map=60/30,2021-08-02 00:00:00+00:00,1.6977680887684514,1.6375322731093847,0.5847381797771982,0.7662925431645935,0.015805426488634068,0.025056335832277565,0.9936131386861314,1x
A,A2-lump,"Market gate, lump sum",map=60/30,2021-09-06 00:00:00+00:00,1.316999543564389,1.0838332644813837,0.5847381797771978,0.7662925431645937,0.013405562762926537,0.019292154939148876,0.9936131386861314,1x
A,A2-lump,"Market gate, lump sum",map=60/30,2021-10-04 00:00:00+00:00,1.4400897710545537,1.2585409658306868,0.5847381797771984,0.7662925431645937,0.014006546972513042,0.020715799605164717,0.9936131386861314,1x
A,A2-lump,"Market gate, lump sum",map=60/30,2021-11-01 00:00:00+00:00,1.503818141658049,1.1449741012958448,0.5731611375233692,0.7662925431645929,0.013384550414444333,0.016288822887492404,1.0,1x
A,A2-lump,"Market gate, lump sum",map=60/30,2021-12-06 00:00:00+00:00,2.084396671836505,1.95966786651854,0.4962156771917766,0.6895818371830496,0.013848495950083478,0.020214091821555445,1.0,1x
A,A2-lump,"Market gate, lump sum",map=60/30,2022-01-03 00:00:00+00:00,2.13831474662208,2.047944713587009,0.48483845390955227,0.6673056490171767,0.013008551061513158,0.021116143197165337,1.0,1x
A,A2-lump,"Market gate, lump sum",map=60/30,2022-02-07 00:00:00+00:00,2.2264752290518435,2.2748397393507966,0.48889310050939483,0.667305649017178,0.01358044183437418,0.02356019940428159,1.0,1x
A,A2-lump,"Market gate, lump sum",map=60/30,2022-03-07 00:00:00+00:00,2.2785203731609873,2.3372014475846226,0.4879835764325301,0.667305649017177,0.014482913303244577,0.025988572547342468,1.0,1x
A,A2-lump,"Market gate, lump sum",map=60/30,2022-04-04 00:00:00+00:00,1.9514042812634473,1.7904146202680786,0.4794726305532303,0.6612040100033256,0.01423930925781491,0.02151602134072991,1.0,1x
A,A2-lump,"Market gate, lump sum",map=60/30,2022-05-02 00:00:00+00:00,2.3946709476600336,2.504535385885038,0.4272554233510828,0.6023862433862435,0.015930457729852594,0.0259564485642596,1.0,1x
A,A2-lump,"Market gate, lump sum",map=60/30,2022-06-06 00:00:00+00:00,2.854273208618833,3.3876772918412827,0.34679330023851973,0.49698021553496563,0.016700907296294653,0.0333732769635196,1.0,1x
A,A2-lump,"Market gate, lump sum",map=60/30,2022-07-04 00:00:00+00:00,3.864395101064849,5.6648145276752615,0.2524281234609286,0.35432082803835163,0.02159104560874682,0.05169344253531614,1.0,1x
A,A2-lump,"Market gate, lump sum",map=60/30,2022-08-01 00:00:00+00:00,3.544218881970662,4.9617466527091105,0.2524281234609286,0.35432082803835163,0.01914131507473704,0.04286084813794668,1.0,1x
A,A2-lump,"Market gate, lump sum",map=60/30,2022-09-05 00:00:00+00:00,3.7306382488330674,5.528165440849209,0.2524281234609288,0.2953441145503565,0.020711101338019056,0.04992433854126866,1.0,1x
B,S1,BTC regime filter,sma=20w,2018-01-01 00:00:00+00:00,3.8459679339043613,3.9094374654085198,0.7269771764722095,0.8397057339879949,0.1329697528942377,0.13516413622385987,0.48905109489051096,1x
B,S1,BTC regime filter,sma=20w,2018-02-05 00:00:00+00:00,4.847535879154478,4.937537075018321,0.4567442659703941,0.7276408589296155,0.13123915045795906,0.13367578646846576,0.48905109489051096,1x
B,S1,BTC regime filter,sma=20w,2018-03-05 00:00:00+00:00,6.205447126265021,6.355385742762701,0.45671953812080335,0.7364470161139185,0.12828038990015153,0.13137995449139614,0.5082116788321168,1x
B,S1,BTC regime filter,sma=20w,2018-04-02 00:00:00+00:00,7.306166507874738,7.580256698332603,0.4566859207508648,0.6802639444419026,0.12442288422693593,0.129090597725981,0.5273722627737226,1x
B,S1,BTC regime filter,sma=20w,2018-05-07 00:00:00+00:00,6.730783171866401,7.086435291871654,0.4566356801112498,0.6672162146034437,0.11935350152475242,0.12566009687382795,0.5593065693430657,1x
B,S1,BTC regime filter,sma=20w,2018-06-04 00:00:00+00:00,5.347904382908313,4.837740989182845,0.4565892143525292,0.633047301837514,0.0,0.1232646285003906,0.5684306569343066,1x
B,S1,BTC regime filter,sma=20w,2018-07-02 00:00:00+00:00,5.164220308054854,4.026578854766553,0.4565358385443985,0.6330220875623349,0.0,0.12017955858617266,0.5684306569343066,1x
B,S1,BTC regime filter,sma=20w,2018-08-06 00:00:00+00:00,4.93461521448803,4.760559078004514,0.45645684859693636,0.6329868420524685,0.0,0.11650201867446339,0.5620437956204379,1x
B,S1,BTC regime filter,sma=20w,2018-09-03 00:00:00+00:00,4.935026405427519,5.574600028759115,0.45636659099252463,0.6329523382188247,0.10021041852657397,0.11319757101721287,0.5784671532846716,1x
B,S1,BTC regime filter,sma=20w,2018-10-01 00:00:00+00:00,4.186980003016902,4.817395509389865,0.45625511241117755,0.6329125341559452,0.09554058162100083,0.10992571460429,0.6040145985401459,1x
B,S1,BTC regime filter,sma=20w,2018-11-05 00:00:00+00:00,5.500036271984178,6.484309519849692,0.456072813790412,0.6328513968000946,0.08958441853799157,0.1056162303719747,0.6359489051094891,1x
B,S1,BTC regime filter,sma=20w,2018-12-03 00:00:00+00:00,4.7888925848690045,5.726434529031203,0.45587526227693764,0.632778694710924,0.0847886642479313,0.10138810299355853,0.6614963503649635,1x
B,S1,BTC regime filter,sma=20w,2019-01-07 00:00:00+00:00,3.892426345839716,4.026422863350916,0.4555203843825465,0.6325867199882067,0.0,0.09345884339421252,0.6642335766423357,1x
B,S1,BTC regime filter,sma=20w,2019-02-04 00:00:00+00:00,3.66079325155147,3.249452809010662,0.4550843021483554,0.63233085308593,0.0,0.08708958978212578,0.6642335766423357,1x
B,S1,BTC regime filter,sma=20w,2019-03-04 00:00:00+00:00,3.4291601572632207,3.427092772006663,0.45437957773450566,0.6318845193902299,0.0,0.08072484976696337,0.6642335766423357,1x
B,S1,BTC regime filter,sma=20w,2019-04-01 00:00:00+00:00,3.1029141126520265,3.407064724461093,0.4530591939339227,0.6310500284042195,0.06818042037594152,0.07486353045178509,0.6614963503649635,1x
B,S1,BTC regime filter,sma=20w,2019-05-06 00:00:00+00:00,2.668621978851478,2.529867906197906,0.44968780107352735,0.6288368832714343,0.0,0.06921100819435208,0.6386861313868614,1x
B,S1,BTC regime filter,sma=20w,2019-06-03 00:00:00+00:00,2.5661627046992224,2.024895226743345,0.4440038562618671,0.6249940723525568,0.0,0.06649330096206318,0.6131386861313869,1x
B,S1,BTC regime filter,sma=20w,2019-07-01 00:00:00+00:00,2.488222239818985,1.2902700052665899,0.4067428637736895,0.7193053406886544,0.0,0.06470045222001923,0.5875912408759124,1x
B,S1,BTC regime filter,sma=20w,2019-08-05 00:00:00+00:00,2.410156540492229,1.428856320882226,0.3900246214327492,0.7193178179613204,0.0,0.06315950952890495,0.5556569343065694,1x
B,S1,BTC regime filter,sma=20w,2019-09-02 00:00:00+00:00,2.3495598758904537,1.2469273514666512,0.36885076393814675,0.7193285080445331,0.0,0.06193924094261675,0.5301094890510949,1x
B,S1,BTC regime filter,sma=20w,2019-10-07 00:00:00+00:00,2.261509699163878,1.2024124497774173,0.3688641943952634,0.7268008988055241,0.0,0.060239082644892056,0.5045620437956204,1x
B,S1,BTC regime filter,sma=20w,2019-11-04 00:00:00+00:00,2.1721177614641523,1.1823726773360996,0.36887867230339366,0.7268128906912148,0.0,0.058510649705712924,0.5045620437956204,1x
B,S1,BTC regime filter,sma=20w,2019-12-02 00:00:00+00:00,1.6264108074404175,0.9663067540356801,0.5014926813897843,0.7664994600336434,0.0,0.056917340791635,0.5109489051094891,1x
B,S1,BTC regime filter,sma=20w,2020-01-06 00:00:00+00:00,1.5464214051516987,0.9172116498223498,0.5015016211254115,0.7665199771461912,0.0,0.05449262260668613,0.5109489051094891,1x
B,S1,BTC regime filter,sma=20w,2020-02-03 00:00:00+00:00,1.6640212399097072,1.2356595922291138,0.5015099963683715,0.7665375224556092,0.07084275577823893,0.05260601765039691,0.5145985401459854,1x
B,S1,BTC regime filter,sma=20w,2020-03-02 00:00:00+00:00,1.6103773417747216,1.2078547130285309,0.5015185150161647,0.7665543480077357,0.06815266775380906,0.05111753550952627,0.5141552511415525,1x
B,S1,BTC regime filter,sma=20w,2020-04-06 00:00:00+00:00,1.793449297120192,1.3372892049194935,0.5079356179005723,0.7665934827899941,0.06366519916465035,0.047472088398956676,0.5397260273972603,1x
B,S1,BTC regime filter,sma=20w,2020-05-04 00:00:00+00:00,1.7386242887208068,1.2996330556849252,0.5079537522744388,0.7666304537457287,0.059898529075868345,0.04477454322876072,0.5652968036529681,1x
B,S1,BTC regime filter,sma=20w,2020-06-01 00:00:00+00:00,1.5298182387813533,1.1664611447622377,0.5079758641008647,0.7666668721017242,0.05622192433325382,0.04286828889603544,0.5652968036529681,1x
B,S1,BTC regime filter,sma=20w,2020-07-06 00:00:00+00:00,1.5525904325791169,1.2390384953974574,0.508010179653175,0.7667224527279624,0.050896577706240974,0.04061780733587449,0.5589041095890411,1x
B,S1,BTC regime filter,sma=20w,2020-08-03 00:00:00+00:00,1.383839196952737,1.1310104269045298,0.5080469696277765,0.7667807238668434,0.0474144700475583,0.038751800157148235,0.5589041095890411,1x
B,S1,BTC regime filter,sma=20w,2020-09-07 00:00:00+00:00,1.1560545092712171,0.9576765805012093,0.5080975053572572,0.7668584690443073,0.0,0.03717695804926676,0.54337899543379,1x
B,S1,BTC regime filter,sma=20w,2020-10-05 00:00:00+00:00,1.0712046967965856,0.9923619435844709,0.5081601634802444,0.766951104898001,0.038562269288756966,0.0357240111202438,0.5205479452054794,1x
B,S1,BTC regime filter,sma=20w,2020-11-02 00:00:00+00:00,1.1892262773651643,1.2179891311511242,0.5082434074297054,0.7670677830638355,0.03357363825698635,0.03438565668159428,0.5077625570776255,1x
B,S1,BTC regime filter,sma=20w,2020-12-07 00:00:00+00:00,1.3877298071806556,1.4560400633888368,0.5083572647187786,0.7672160943329145,0.03171034063903876,0.03327126516648855,0.5077625570776255,1x
B,S1,BTC regime filter,sma=20w,2021-01-04 00:00:00+00:00,1.3148137918109781,1.4008341907518784,0.5084578432911735,0.7673371620725237,0.030687518582838236,0.03269521929866821,0.5077625570776255,1x
B,S1,BTC regime filter,sma=20w,2021-02-01 00:00:00+00:00,1.2891234682038328,1.386513622423898,0.5085419513564626,0.7674319682465924,0.030275328046121014,0.03256255571685998,0.5077625570776255,1x
B,S1,BTC regime filter,sma=20w,2021-03-01 00:00:00+00:00,1.8324532153232465,1.9861887857895564,0.508628740690626,0.7675242773872565,0.02997585210188429,0.03249070742509864,0.5082116788321168,1x
B,S1,BTC regime filter,sma=20w,2021-04-05 00:00:00+00:00,2.028563430381487,2.2164073146200476,0.508739657637987,0.7676349748229772,0.029619344271168437,0.03236207964397811,0.5082116788321168,1x
B,S1,BTC regime filter,sma=20w,2021-05-03 00:00:00+00:00,1.734845229294709,1.907136155922548,0.5088480670071056,0.7677362100111943,0.02937398088666387,0.03229116929070912,0.5082116788321168,1x
B,S1,BTC regime filter,sma=20w,2021-06-07 00:00:00+00:00,2.0520600626250185,2.2695485042231716,0.5090502009563218,0.7679369505647666,0.02898428400920886,0.03205619543851531,0.5273722627737226,1x
B,S1,BTC regime filter,sma=20w,2021-07-05 00:00:00+00:00,1.8059759993027569,1.8108958409394666,0.5093067315953939,0.7682104774944687,0.0,0.03174225282238279,0.5428832116788321,1x
B,S1,BTC regime filter,sma=20w,2021-08-02 00:00:00+00:00,1.707429226586413,2.0522110217905816,0.5097061564419676,0.7686647262645794,0.02612584851836831,0.03140145046610112,0.5529197080291971,1x
B,S1,BTC regime filter,sma=20w,2021-09-06 00:00:00+00:00,1.3342027807424648,1.7549628133140618,0.5106684536850312,0.7694727012973894,0.0,0.031238213124137805,0.5428832116788321,1x
B,S1,BTC regime filter,sma=20w,2021-10-04 00:00:00+00:00,1.2624323290701756,1.890357866015472,0.5128003223981585,0.7709716450232176,0.02077985210981001,0.031115613871635885,0.5273722627737226,1x
B,S1,BTC regime filter,sma=20w,2021-11-01 00:00:00+00:00,1.454228291230346,2.1823882493431275,0.5219786336616228,0.7762085122464988,0.02068838679147667,0.0310474583006394,0.5273722627737226,1x
B,S1,BTC regime filter,sma=20w,2021-12-06 00:00:00+00:00,1.9887122462359414,2.995559194198079,0.38072950325091603,0.7122639592029544,0.0205136863439429,0.030899373124895664,0.5273722627737226,1x
B,S1,BTC regime filter,sma=20w,2022-01-03 00:00:00+00:00,1.961922776609684,2.9716633294097936,0.3807290243377759,0.6733763874907408,0.020229180025132645,0.030640508985066563,0.5529197080291971,1x
B,S1,BTC regime filter,sma=20w,2022-02-07 00:00:00+00:00,1.9187522368952235,2.9144773472846324,0.3807283222279466,0.6756714674985848,0.01987225057074304,0.030184837319961577,0.5848540145985401,1x
B,S1,BTC regime filter,sma=20w,2022-03-07 00:00:00+00:00,1.7622094452032377,2.6813007781668716,0.3807276638191627,0.6796335819157904,0.019594933957278533,0.029814794042100884,0.6104014598540146,1x
B,S1,BTC regime filter,sma=20w,2022-04-04 00:00:00+00:00,1.5613232048349073,2.454605644738735,0.3807269046023145,0.696627209054805,0.0,0.029497830746806005,0.6067518248175182,1x
B,S1,BTC regime filter,sma=20w,2022-05-02 00:00:00+00:00,1.5818100284984615,2.816343082749682,0.3807259449010376,0.678620313459342,0.016393527867301992,0.029187954292315972,0.6040145985401459,1x
B,S1,BTC regime filter,sma=20w,2022-06-06 00:00:00+00:00,1.6293324508164024,2.894403163431816,0.3807244722202481,0.5987120401188979,0.016051163809995387,0.028513848898752463,0.6359489051094891,1x
B,S1,BTC regime filter,sma=20w,2022-07-04 00:00:00+00:00,1.7285762459373266,3.034687134233389,0.380723054697398,0.3516111023095845,0.015773871571739494,0.02769259685727698,0.6614963503649635,1x
B,S1,BTC regime filter,sma=20w,2022-08-01 00:00:00+00:00,1.7912930947677244,3.0897598859385367,0.3807213771281073,0.35032562688450763,0.015473652058287202,0.026690143315081304,0.6870437956204379,1x
B,S1,BTC regime filter,sma=20w,2022-09-05 00:00:00+00:00,1.6723036900037471,2.8278673939870624,0.38071882884582486,0.28881237525651204,0.015102416245837743,0.02553820261673247,0.718978102189781,1x
B,S1,BTC regime filter,sma=200d,2018-01-01 00:00:00+00:00,3.3358583073476717,3.9094374654085198,0.6619882946114877,0.8397057339879949,0.11533332114079982,0.13516413622385987,0.48905109489051096,1x
B,S1,BTC regime filter,sma=200d,2018-02-05 00:00:00+00:00,4.1847694103814295,4.937537075018321,0.491506673079513,0.7276408589296155,0.11329582616244754,0.13367578646846576,0.48905109489051096,1x
B,S1,BTC regime filter,sma=200d,2018-03-05 00:00:00+00:00,5.33825369587049,6.355385742762701,0.4914872988200284,0.7364470161139185,0.11035357349090164,0.13137995449139614,0.48905109489051096,1x
B,S1,BTC regime filter,sma=200d,2018-04-02 00:00:00+00:00,6.306700636155775,7.580256698332603,0.4914657492273734,0.6802639444419026,0.10740213520463701,0.129090597725981,0.5018248175182481,1x
B,S1,BTC regime filter,sma=200d,2018-05-07 00:00:00+00:00,5.819380242881802,7.086435291871654,0.49143013021201365,0.6672162146034437,0.10319206412636668,0.12566009687382795,0.5337591240875912,1x
B,S1,BTC regime filter,sma=200d,2018-06-04 00:00:00+00:00,3.462306501713572,4.837740989182845,0.49139590569820535,0.633047301837514,0.0,0.1232646285003906,0.5492700729927007,1x
B,S1,BTC regime filter,sma=200d,2018-07-02 00:00:00+00:00,3.355343644555173,4.026578854766553,0.4913551009374637,0.6330220875623349,0.0,0.12017955858617266,0.5492700729927007,1x
B,S1,BTC regime filter,sma=200d,2018-08-06 00:00:00+00:00,3.2216400731071775,4.760559078004514,0.49129184910038637,0.6329868420524685,0.0,0.11650201867446339,0.5492700729927007,1x
B,S1,BTC regime filter,sma=200d,2018-09-03 00:00:00+00:00,3.2599359174642317,5.574600028759115,0.49122799540696094,0.6329523382188247,0.06619610835306189,0.11319757101721287,0.5656934306569343,1x
B,S1,BTC regime filter,sma=200d,2018-10-01 00:00:00+00:00,2.754895745192036,4.817395509389865,0.5285447435422765,0.6329125341559452,0.0,0.10992571460429,0.5875912408759124,1x
B,S1,BTC regime filter,sma=200d,2018-11-05 00:00:00+00:00,3.3452976023441106,6.484309519849692,0.528555765236725,0.6328513968000946,0.0544881025728982,0.1056162303719747,0.6167883211678832,1x
B,S1,BTC regime filter,sma=200d,2018-12-03 00:00:00+00:00,2.959110419325323,5.726434529031203,0.528565562022344,0.632778694710924,0.052391866255148654,0.10138810299355853,0.6423357664233577,1x
B,S1,BTC regime filter,sma=200d,2019-01-07 00:00:00+00:00,2.1607211036876253,4.026422863350916,0.5622698485120703,0.6325867199882067,0.0,0.09345884339421252,0.6642335766423357,1x
B,S1,BTC regime filter,sma=200d,2019-02-04 00:00:00+00:00,2.077425478651656,3.249452809010662,0.5622794476140488,0.63233085308593,0.0,0.08708958978212578,0.6642335766423357,1x
B,S1,BTC regime filter,sma=200d,2019-03-04 00:00:00+00:00,1.9941298536156868,3.427092772006663,0.5622901684556308,0.6318845193902299,0.0,0.08072484976696337,0.6642335766423357,1x
B,S1,BTC regime filter,sma=200d,2019-04-01 00:00:00+00:00,1.910834228579718,3.407064724461093,0.5623022199746432,0.6310500284042195,0.0,0.07486353045178509,0.6642335766423357,1x
B,S1,BTC regime filter,sma=200d,2019-05-06 00:00:00+00:00,1.8076734218170012,2.529867906197906,0.5623194325417218,0.6288368832714343,0.0,0.06921100819435208,0.6386861313868614,1x
B,S1,BTC regime filter,sma=200d,2019-06-03 00:00:00+00:00,1.755040680252668,2.024895226743345,0.5623307699093596,0.6249940723525568,0.0,0.06649330096206318,0.6131386861313869,1x
B,S1,BTC regime filter,sma=200d,2019-07-01 00:00:00+00:00,1.7173776149563904,1.2902700052665899,0.5623408115794628,0.7193053406886544,0.0,0.06470045222001923,0.5875912408759124,1x
B,S1,BTC regime filter,sma=200d,2019-08-05 00:00:00+00:00,1.6821187359088805,1.428856320882226,0.5623524706261713,0.7193178179613204,0.0,0.06315950952890495,0.5556569343065694,1x
B,S1,BTC regime filter,sma=200d,2019-09-02 00:00:00+00:00,1.6550447278765976,1.2469273514666512,0.5623624066932094,0.7193285080445331,0.0,0.06193924094261675,0.5301094890510949,1x
B,S1,BTC regime filter,sma=200d,2019-10-07 00:00:00+00:00,1.6136899412863195,1.2024124497774173,0.5623776040935881,0.7268008988055241,0.0,0.060239082644892056,0.5045620437956204,1x
B,S1,BTC regime filter,sma=200d,2019-11-04 00:00:00+00:00,1.5690353113101114,1.1823726773360996,0.56239388565687,0.7268128906912148,0.0,0.058510649705712924,0.4981751824817518,1x
B,S1,BTC regime filter,sma=200d,2019-12-02 00:00:00+00:00,1.5207418080257917,0.9663067540356801,0.5624131769942828,0.7664994600336434,0.0,0.056917340791635,0.49178832116788324,1x
B,S1,BTC regime filter,sma=200d,2020-01-06 00:00:00+00:00,1.45991293288322,0.9172116498223498,0.5624412705319715,0.7665199771461912,0.0,0.05449262260668613,0.49178832116788324,1x
B,S1,BTC regime filter,sma=200d,2020-02-03 00:00:00+00:00,1.5842952044529606,1.2356595922291138,0.5624676065169162,0.7665375224556092,0.06744856108674809,0.05260601765039691,0.5082116788321168,1x
B,S1,BTC regime filter,sma=200d,2020-03-02 00:00:00+00:00,1.540150918285804,1.2078547130285309,0.5624966429192733,0.7665543480077357,0.06518062015762024,0.05111753550952627,0.5077625570776255,1x
B,S1,BTC regime filter,sma=200d,2020-04-06 00:00:00+00:00,1.7344112364488196,1.3372892049194935,0.5692399114813065,0.7665934827899941,0.06156942210701451,0.047472088398956676,0.5397260273972603,1x
B,S1,BTC regime filter,sma=200d,2020-05-04 00:00:00+00:00,1.6997837525694215,1.2996330556849252,0.569292463750519,0.7666304537457287,0.058560407321168954,0.04477454322876072,0.5652968036529681,1x
B,S1,BTC regime filter,sma=200d,2020-06-01 00:00:00+00:00,1.5138099000424354,1.1664611447622377,0.5693574982876612,0.7666668721017242,0.05563360633150385,0.04286828889603544,0.5652968036529681,1x
B,S1,BTC regime filter,sma=200d,2020-07-06 00:00:00+00:00,1.5911769787032781,1.2390384953974574,0.5694604901655824,0.7667224527279624,0.05216151087986708,0.04061780733587449,0.5652968036529681,1x
B,S1,BTC regime filter,sma=200d,2020-08-03 00:00:00+00:00,1.4393470165507753,1.1310104269045298,0.5695736625448614,0.7667807238668434,0.049316333974763094,0.038751800157148235,0.5652968036529681,1x
B,S1,BTC regime filter,sma=200d,2020-09-07 00:00:00+00:00,1.2226055387507868,0.9576765805012093,0.569733665430056,0.7668584690443073,0.0,0.03717695804926676,0.5497716894977169,1x
B,S1,BTC regime filter,sma=200d,2020-10-05 00:00:00+00:00,1.1623981687206308,0.9923619435844709,0.5699390784208577,0.766951104898001,0.0,0.0357240111202438,0.5242009132420091,1x
B,S1,BTC regime filter,sma=200d,2020-11-02 00:00:00+00:00,1.307643650121679,1.2179891311511242,0.5702229530988971,0.7670677830638355,0.03691673797815839,0.03438565668159428,0.5077625570776255,1x
B,S1,BTC regime filter,sma=200d,2020-12-07 00:00:00+00:00,1.5509273935123675,1.4560400633888368,0.5706251383025691,0.7672160943329145,0.035439489517494635,0.03327126516648855,0.5077625570776255,1x
B,S1,BTC regime filter,sma=200d,2021-01-04 00:00:00+00:00,1.4844575468730434,1.4008341907518784,0.5709716286357994,0.7673371620725237,0.03464697346409491,0.03269521929866821,0.5077625570776255,1x
B,S1,BTC regime filter,sma=200d,2021-02-01 00:00:00+00:00,1.4638524811721751,1.386513622423898,0.5711972781114993,0.7674319682465924,0.0343788746165377,0.03256255571685998,0.5077625570776255,1x
B,S1,BTC regime filter,sma=200d,2021-03-01 00:00:00+00:00,2.090480051628298,1.9861887857895564,0.5711492793983959,0.7675242773872565,0.03419673709841226,0.03249070742509864,0.5082116788321168,1x
B,S1,BTC regime filter,sma=200d,2021-04-05 00:00:00+00:00,2.3256876758440677,2.2164073146200476,0.567899136186816,0.7676349748229772,0.033957697800499446,0.03236207964397811,0.5082116788321168,1x
B,S1,BTC regime filter,sma=200d,2021-05-03 00:00:00+00:00,1.9963822232903412,1.907136155922548,0.5766694589002783,0.7677362100111943,0.033802262172543444,0.03229116929070912,0.5082116788321168,1x
B,S1,BTC regime filter,sma=200d,2021-06-07 00:00:00+00:00,2.3666160061813413,2.2695485042231716,0.3852649077343687,0.7679369505647666,0.03342722355609441,0.03205619543851531,0.5209854014598541,1x
B,S1,BTC regime filter,sma=200d,2021-07-05 00:00:00+00:00,1.8794781249601824,1.8108958409394666,0.385850746965144,0.7682104774944687,0.032944396065139735,0.03174225282238279,0.5465328467153284,1x
B,S1,BTC regime filter,sma=200d,2021-08-02 00:00:00+00:00,1.9458702882901215,2.0522110217905816,0.38672409188488177,0.7686647262645794,0.029774301386358816,0.03140145046610112,0.5656934306569343,1x
B,S1,BTC regime filter,sma=200d,2021-09-06 00:00:00+00:00,1.516552193135056,1.7549628133140618,0.38865339322000725,0.7694727012973894,0.0,0.031238213124137805,0.5556569343065694,1x
B,S1,BTC regime filter,sma=200d,2021-10-04 00:00:00+00:00,1.387634823864759,1.890357866015472,0.40211576382880354,0.7709716450232176,0.02284070659341384,0.031115613871635885,0.5401459854014599,1x
B,S1,BTC regime filter,sma=200d,2021-11-01 00:00:00+00:00,1.4448949332212444,2.1823882493431275,0.4060710943811846,0.7762085122464988,0.02055560700599178,0.0310474583006394,0.5273722627737226,1x
B,S1,BTC regime filter,sma=200d,2021-12-06 00:00:00+00:00,1.9694384959735791,2.995559194198079,0.40377849428992263,0.7122639592029544,0.02031487645161086,0.030899373124895664,0.5273722627737226,1x
B,S1,BTC regime filter,sma=200d,2022-01-03 00:00:00+00:00,1.9348559639010843,2.9716633294097936,0.40377803730768247,0.6733763874907408,0.019950096957482552,0.030640508985066563,0.5337591240875912,1x
B,S1,BTC regime filter,sma=200d,2022-02-07 00:00:00+00:00,1.873646565245875,2.9144773472846324,0.40377726704382,0.6756714674985848,0.01940509739070145,0.030184837319961577,0.5656934306569343,1x
B,S1,BTC regime filter,sma=200d,2022-03-07 00:00:00+00:00,1.7066666762746823,2.6813007781668716,0.4037765138791459,0.6796335819157904,0.018977324687323733,0.029814794042100884,0.5912408759124088,1x
B,S1,BTC regime filter,sma=200d,2022-04-04 00:00:00+00:00,1.4310825861054468,2.454605644738735,0.4037756112310751,0.696627209054805,0.0,0.029497830746806005,0.6003649635036497,1x
B,S1,BTC regime filter,sma=200d,2022-05-02 00:00:00+00:00,1.4420775990837913,2.816343082749682,0.4037745265349024,0.678620313459342,0.014945371998831706,0.029187954292315972,0.6040145985401459,1x
B,S1,BTC regime filter,sma=200d,2022-06-06 00:00:00+00:00,1.4761459135010022,2.894403163431816,0.40377285077216285,0.5987120401188979,0.014542065895261394,0.028513848898752463,0.6359489051094891,1x
B,S1,BTC regime filter,sma=200d,2022-07-04 00:00:00+00:00,1.5578594263666972,3.034687134233389,0.4037711877368686,0.3516111023095845,0.014216020019994538,0.02769259685727698,0.6614963503649635,1x
B,S1,BTC regime filter,sma=200d,2022-08-01 00:00:00+00:00,1.605305923168169,3.0897598859385367,0.4037691602706135,0.35032562688450763,0.013867046869531283,0.026690143315081304,0.6870437956204379,1x
B,S1,BTC regime filter,sma=200d,2022-09-05 00:00:00+00:00,1.4876547339039297,2.8278673939870624,0.4037659646476055,0.28881237525651204,0.013434869010818118,0.02553820261673247,0.718978102189781,1x
B,S1,BTC regime filter,sma=50w,2018-01-01 00:00:00+00:00,2.4515755382840534,3.9094374654085198,0.7031813981001258,0.8397057339879949,0.08476029939132998,0.13516413622385987,0.6040145985401459,1x
B,S1,BTC regime filter,sma=50w,2018-02-05 00:00:00+00:00,3.106662742970215,4.937537075018321,0.5931283684870166,0.7276408589296155,0.08410784144993659,0.13367578646846576,0.6040145985401459,1x
B,S1,BTC regime filter,sma=50w,2018-03-05 00:00:00+00:00,4.00517975232572,6.355385742762701,0.59309837899575,0.7364470161139185,0.08279597099037357,0.13137995449139614,0.6040145985401459,1x
B,S1,BTC regime filter,sma=50w,2018-04-02 00:00:00+00:00,4.783222154381372,7.580256698332603,0.5930669730015738,0.6802639444419026,0.0814575325794795,0.129090597725981,0.6040145985401459,1x
B,S1,BTC regime filter,sma=50w,2018-05-07 00:00:00+00:00,4.478341031146937,7.086435291871654,0.593016285354542,0.6672162146034437,0.07941210843390495,0.12566009687382795,0.6040145985401459,1x
B,S1,BTC regime filter,sma=50w,2018-06-04 00:00:00+00:00,3.0633953341508438,4.837740989182845,0.5929736836169974,0.633047301837514,0.07805467234774725,0.1232646285003906,0.6104014598540146,1x
B,S1,BTC regime filter,sma=50w,2018-07-02 00:00:00+00:00,2.5543635153800697,4.026578854766553,0.5929122622810821,0.6330220875623349,0.07623898371780397,0.12017955858617266,0.6295620437956204,1x
B,S1,BTC regime filter,sma=50w,2018-08-06 00:00:00+00:00,2.7054115473066016,4.760559078004514,0.5928188019528711,0.6329868420524685,0.06620775027510829,0.11650201867446339,0.6551094890510949,1x
B,S1,BTC regime filter,sma=50w,2018-09-03 00:00:00+00:00,3.1724540378192727,5.574600028759115,0.5927290864633201,0.6329523382188247,0.06441970534069477,0.11319757101721287,0.6806569343065694,1x
B,S1,BTC regime filter,sma=50w,2018-10-01 00:00:00+00:00,2.7449011187352697,4.817395509389865,0.5926216428138537,0.6329125341559452,0.06263451203185622,0.10992571460429,0.7062043795620438,1x
B,S1,BTC regime filter,sma=50w,2018-11-05 00:00:00+00:00,3.7011462035828853,6.484309519849692,0.5924527636299644,0.6328513968000946,0.06028415344476506,0.1056162303719747,0.7381386861313869,1x
B,S1,BTC regime filter,sma=50w,2018-12-03 00:00:00+00:00,3.296929301435831,5.726434529031203,0.592277769283138,0.632778694710924,0.05837304275143936,0.10138810299355853,0.7636861313868614,1x
B,S1,BTC regime filter,sma=50w,2019-01-07 00:00:00+00:00,2.4295897872985823,4.026422863350916,0.5919803836148089,0.6325867199882067,0.0,0.09345884339421252,0.7855839416058394,1x
B,S1,BTC regime filter,sma=50w,2019-02-04 00:00:00+00:00,2.354306043749054,3.249452809010662,0.5916390839364489,0.63233085308593,0.0,0.08708958978212578,0.7855839416058394,1x
B,S1,BTC regime filter,sma=50w,2019-03-04 00:00:00+00:00,2.2790223001995247,3.427092772006663,0.5911323191289872,0.6318845193902299,0.0,0.08072484976696337,0.7855839416058394,1x
B,S1,BTC regime filter,sma=50w,2019-04-01 00:00:00+00:00,2.138531225334681,3.407064724461093,0.5902992244549079,0.6310500284042195,0.0469900076627571,0.07486353045178509,0.7892335766423357,1x
B,S1,BTC regime filter,sma=50w,2019-05-06 00:00:00+00:00,1.896266544434615,2.529867906197906,0.588001272410882,0.6288368832714343,0.0,0.06921100819435208,0.7983576642335767,1x
B,S1,BTC regime filter,sma=50w,2019-06-03 00:00:00+00:00,1.849222969284542,2.024895226743345,0.5837139153575313,0.6249940723525568,0.0,0.06649330096206318,0.7728102189781022,1x
B,S1,BTC regime filter,sma=50w,2019-07-01 00:00:00+00:00,1.8160779203405186,1.2902700052665899,0.5556802393151148,0.7193053406886544,0.0,0.06470045222001923,0.7472627737226277,1x
B,S1,BTC regime filter,sma=50w,2019-08-05 00:00:00+00:00,1.7856207890723441,1.428856320882226,0.5425335926707291,0.7193178179613204,0.0,0.06315950952890495,0.7153284671532847,1x
B,S1,BTC regime filter,sma=50w,2019-09-02 00:00:00+00:00,1.7623071010238835,1.2469273514666512,0.507850838891306,0.7193285080445331,0.0,0.06193924094261675,0.6897810218978102,1x
B,S1,BTC regime filter,sma=50w,2019-10-07 00:00:00+00:00,1.7262390151541291,1.2024124497774173,0.5066301696765163,0.7268008988055241,0.0,0.060239082644892056,0.6578467153284672,1x
B,S1,BTC regime filter,sma=50w,2019-11-04 00:00:00+00:00,1.6897508788962732,1.1823726773360996,0.5066434852493515,0.7268128906912148,0.0,0.058510649705712924,0.6322992700729927,1x
B,S1,BTC regime filter,sma=50w,2019-12-02 00:00:00+00:00,1.652268152554123,0.9663067540356801,0.5066583690598391,0.7664994600336434,0.0,0.056917340791635,0.6131386861313869,1x
B,S1,BTC regime filter,sma=50w,2020-01-06 00:00:00+00:00,1.5868302226842814,0.9172116498223498,0.5066845694721356,0.7665199771461912,0.0,0.05449262260668613,0.593978102189781,1x
B,S1,BTC regime filter,sma=50w,2020-02-03 00:00:00+00:00,1.5340299865175722,1.2356595922291138,0.5067091003333146,0.7665375224556092,0.0,0.05260601765039691,0.5748175182481752,1x
B,S1,BTC regime filter,sma=50w,2020-03-02 00:00:00+00:00,1.49245144613034,1.2078547130285309,0.5067331491298994,0.7665543480077357,0.0,0.05111753550952627,0.5497716894977169,1x
B,S1,BTC regime filter,sma=50w,2020-04-06 00:00:00+00:00,1.4306039238512536,1.3372892049194935,0.5067763410886436,0.7665934827899941,0.05078464380563775,0.047472088398956676,0.5589041095890411,1x
B,S1,BTC regime filter,sma=50w,2020-05-04 00:00:00+00:00,1.4145032762592031,1.2996330556849252,0.5068191210344951,0.7666304537457287,0.04873201540469712,0.04477454322876072,0.5844748858447488,1x
B,S1,BTC regime filter,sma=50w,2020-06-01 00:00:00+00:00,1.2676182342833917,1.1664611447622377,0.5068740621323592,0.7666668721017242,0.04658588494023016,0.04286828889603544,0.5972602739726027,1x
B,S1,BTC regime filter,sma=50w,2020-07-06 00:00:00+00:00,1.3274591012325674,1.2390384953974574,0.5105590946138336,0.7667224527279624,0.04351638647257817,0.04061780733587449,0.5972602739726027,1x
B,S1,BTC regime filter,sma=50w,2020-08-03 00:00:00+00:00,1.1964485584334736,1.1310104269045298,0.510751033765761,0.7667807238668434,0.04099390627336432,0.038751800157148235,0.5972602739726027,1x
B,S1,BTC regime filter,sma=50w,2020-09-07 00:00:00+00:00,0.9983602694312278,0.9576765805012093,0.5110147605901916,0.7668584690443073,0.03875629686514251,0.03717695804926676,0.5972602739726027,1x
B,S1,BTC regime filter,sma=50w,2020-10-05 00:00:00+00:00,1.0200629207725338,0.9923619435844709,0.5113419080958612,0.766951104898001,0.03672121785867789,0.0357240111202438,0.5972602739726027,1x
B,S1,BTC regime filter,sma=50w,2020-11-02 00:00:00+00:00,1.2345039214730298,1.2179891311511242,0.511773543059675,0.7670677830638355,0.03485189393745621,0.03438565668159428,0.5972602739726027,1x
B,S1,BTC regime filter,sma=50w,2020-12-07 00:00:00+00:00,1.4556384145792045,1.4560400633888368,0.5123325437630291,0.7672160943329145,0.03326208728437865,0.03327126516648855,0.5972602739726027,1x
B,S1,BTC regime filter,sma=50w,2021-01-04 00:00:00+00:00,1.3882892316544582,1.4008341907518784,0.5127177269324091,0.7673371620725237,0.03240242219856115,0.03269521929866821,0.5972602739726027,1x
B,S1,BTC regime filter,sma=50w,2021-02-01 00:00:00+00:00,1.3664906170083253,1.386513622423898,0.5128001395288493,0.7674319682465924,0.03209231134354921,0.03256255571685998,0.5972602739726027,1x
B,S1,BTC regime filter,sma=50w,2021-03-01 00:00:00+00:00,1.948608802664977,1.9861887857895564,0.5121865394865548,0.7675242773872565,0.03187596211716182,0.03249070742509864,0.5976277372262774,1x
B,S1,BTC regime filter,sma=50w,2021-04-05 00:00:00+00:00,2.1643972439512464,2.2164073146200476,0.5060890692918092,0.7676349748229772,0.03160267317650703,0.03236207964397811,0.5976277372262774,1x
B,S1,BTC regime filter,sma=50w,2021-05-03 00:00:00+00:00,1.85574447902321,1.907136155922548,0.5051549037678392,0.7677362100111943,0.031421017815820226,0.03229116929070912,0.5976277372262774,1x
B,S1,BTC regime filter,sma=50w,2021-06-07 00:00:00+00:00,2.1956137422149817,2.2695485042231716,0.48701323262200624,0.7679369505647666,0.031011905274095194,0.03205619543851531,0.5976277372262774,1x
B,S1,BTC regime filter,sma=50w,2021-07-05 00:00:00+00:00,1.7416305365502465,1.8108958409394666,0.48751297567054197,0.7682104774944687,0.030528137270269474,0.03174225282238279,0.5976277372262774,1x
B,S1,BTC regime filter,sma=50w,2021-08-02 00:00:00+00:00,1.9593315563635387,2.0522110217905816,0.48837537210727244,0.7686647262645794,0.029980275985525277,0.03140145046610112,0.6040145985401459,1x
B,S1,BTC regime filter,sma=50w,2021-09-06 00:00:00+00:00,1.659921132980264,1.7549628133140618,0.4900811114752621,0.7694727012973894,0.02954647798113677,0.031238213124137805,0.6040145985401459,1x
B,S1,BTC regime filter,sma=50w,2021-10-04 00:00:00+00:00,1.7748248341609618,1.890357866015472,0.4933363860751915,0.7709716450232176,0.02921392040224974,0.031115613871635885,0.6040145985401459,1x
B,S1,BTC regime filter,sma=50w,2021-11-01 00:00:00+00:00,2.03631655933544,2.1823882493431275,0.5048549967734532,0.7762085122464988,0.028969388687781733,0.0310474583006394,0.6040145985401459,1x
B,S1,BTC regime filter,sma=50w,2021-12-06 00:00:00+00:00,2.7745757581647075,2.995559194198079,0.3631002629406914,0.7122639592029544,0.028619915700838782,0.030899373124895664,0.6040145985401459,1x
B,S1,BTC regime filter,sma=50w,2022-01-03 00:00:00+00:00,2.729605246375929,2.9716633294097936,0.2613084349037724,0.6733763874907408,0.028144673472777833,0.030640508985066563,0.6104014598540146,1x
B,S1,BTC regime filter,sma=50w,2022-02-07 00:00:00+00:00,2.6500351420783654,2.9144773472846324,0.26129949411144415,0.6756714674985848,0.027446046108521943,0.030184837319961577,0.6423357664233577,1x
B,S1,BTC regime filter,sma=50w,2022-03-07 00:00:00+00:00,2.418751561314601,2.6813007781668716,0.2612917612390504,0.6796335819157904,0.0268953711671644,0.029814794042100884,0.6678832116788321,1x
B,S1,BTC regime filter,sma=50w,2022-04-04 00:00:00+00:00,2.19565485176628,2.454605644738735,0.26128344997242225,0.696627209054805,0.026385931008766534,0.029497830746806005,0.6870437956204379,1x
B,S1,BTC regime filter,sma=50w,2022-05-02 00:00:00+00:00,2.4891938015858472,2.816343082749682,0.2811585036275509,0.678620313459342,0.025797451791444798,0.029187954292315972,0.7062043795620438,1x
B,S1,BTC regime filter,sma=50w,2022-06-06 00:00:00+00:00,2.5344168719513385,2.894403163431816,0.2811682658456176,0.5987120401188979,0.024967489203399536,0.028513848898752463,0.7381386861313869,1x
B,S1,BTC regime filter,sma=50w,2022-07-04 00:00:00+00:00,2.6629231004064806,3.034687134233389,0.28117676892612864,0.3516111023095845,0.024300118140552735,0.02769259685727698,0.7636861313868614,1x
B,S1,BTC regime filter,sma=50w,2022-08-01 00:00:00+00:00,2.7331690684032965,3.0897598859385367,0.2811859705424471,0.35032562688450763,0.02360981980250952,0.026690143315081304,0.7892335766423357,1x
B,S1,BTC regime filter,sma=50w,2022-09-05 00:00:00+00:00,2.519236413268008,2.8278673939870624,0.2811985930988594,0.28881237525651204,0.0227509854593214,0.02553820261673247,0.8211678832116789,1x
B,S2,DCA vs 200-week SMA,table=mild,2018-01-01 00:00:00+00:00,3.495179200058653,3.9094374654085198,0.5376399200867471,0.8397057339879949,0.11398708492241665,0.13516413622385987,1.0,1x
B,S2,DCA vs 200-week SMA,table=mild,2018-02-05 00:00:00+00:00,4.353297212574956,4.937537075018321,0.5489226453573198,0.7276408589296155,0.10240613903878867,0.13367578646846576,1.0,1x
B,S2,DCA vs 200-week SMA,table=mild,2018-03-05 00:00:00+00:00,5.4054194731628975,6.355385742762701,0.5582473993945989,0.7364470161139185,0.09184869233832986,0.13137995449139614,1.0,1x
B,S2,DCA vs 200-week SMA,table=mild,2018-04-02 00:00:00+00:00,6.257225315004807,7.580256698332603,0.5676599779761418,0.6802639444419026,0.08233670914250704,0.129090597725981,1.0,1x
B,S2,DCA vs 200-week SMA,table=mild,2018-05-07 00:00:00+00:00,6.0384579143083394,7.086435291871654,0.5796942746404132,0.6672162146034437,0.06626044597694024,0.12566009687382795,1.0,1x
B,S2,DCA vs 200-week SMA,table=mild,2018-06-04 00:00:00+00:00,4.877441501021964,4.837740989182845,0.5897438404677919,0.633047301837514,0.06614997817384016,0.1232646285003906,1.0,1x
B,S2,DCA vs 200-week SMA,table=mild,2018-07-02 00:00:00+00:00,4.418257527123452,4.026578854766553,0.5939376041538056,0.6330220875623349,0.06524289346308496,0.12017955858617266,1.0,1x
B,S2,DCA vs 200-week SMA,table=mild,2018-08-06 00:00:00+00:00,4.791792480610437,4.760559078004514,0.5991856156282396,0.6329868420524685,0.06412097668367522,0.11650201867446339,1.0,1x
B,S2,DCA vs 200-week SMA,table=mild,2018-09-03 00:00:00+00:00,5.210591187854724,5.574600028759115,0.6019344854707693,0.6329523382188247,0.06255335949912197,0.11319757101721287,1.0,1x
B,S2,DCA vs 200-week SMA,table=mild,2018-10-01 00:00:00+00:00,4.762006490249611,4.817395509389865,0.6049757026674705,0.6329125341559452,0.061142393657247794,0.10992571460429,1.0,1x
B,S2,DCA vs 200-week SMA,table=mild,2018-11-05 00:00:00+00:00,5.6596262180048615,6.484309519849692,0.6092159691266668,0.6328513968000946,0.05912587034867136,0.1056162303719747,1.0,1x
B,S2,DCA vs 200-week SMA,table=mild,2018-12-03 00:00:00+00:00,5.174048254753454,5.726434529031203,0.6100391123823934,0.632778694710924,0.05677747684543232,0.10138810299355853,1.0,1x
B,S2,DCA vs 200-week SMA,table=mild,2019-01-07 00:00:00+00:00,4.062346188687671,4.026422863350916,0.605902912108121,0.6325867199882067,0.052199297968299536,0.09345884339421252,1.0,1x
B,S2,DCA vs 200-week SMA,table=mild,2019-02-04 00:00:00+00:00,3.498853609556267,3.249452809010662,0.601149239581878,0.63233085308593,0.04862671144742602,0.08708958978212578,1.0,1x
B,S2,DCA vs 200-week SMA,table=mild,2019-03-04 00:00:00+00:00,3.4684639152169043,3.427092772006663,0.5941782530471108,0.6318845193902299,0.04505338797994247,0.08072484976696337,1.0,1x
B,S2,DCA vs 200-week SMA,table=mild,2019-04-01 00:00:00+00:00,3.337941598204634,3.407064724461093,0.5836658370504031,0.6310500284042195,0.04177531603498804,0.07486353045178509,1.0,1x
B,S2,DCA vs 200-week SMA,table=mild,2019-05-06 00:00:00+00:00,2.7325483107528874,2.529867906197906,0.5622371107618471,0.6288368832714343,0.03872055581840691,0.06921100819435208,1.0,1x
B,S2,DCA vs 200-week SMA,table=mild,2019-06-03 00:00:00+00:00,2.401852522858476,2.024895226743345,0.5471349043188831,0.6249940723525568,0.03767401531788201,0.06649330096206318,1.0,1x
B,S2,DCA vs 200-week SMA,table=mild,2019-07-01 00:00:00+00:00,1.954577477119735,1.2902700052665899,0.5245011736335337,0.7193053406886544,0.03808385512907081,0.06470045222001923,1.0,1x
B,S2,DCA vs 200-week SMA,table=mild,2019-08-05 00:00:00+00:00,2.011361410814672,1.428856320882226,0.5227964452047174,0.7193178179613204,0.03945569769015666,0.06315950952890495,1.0,1x
B,S2,DCA vs 200-week SMA,table=mild,2019-09-02 00:00:00+00:00,1.8749422009547807,1.2469273514666512,0.5162328137394211,0.7193285080445331,0.04018062765431403,0.06193924094261675,1.0,1x
B,S2,DCA vs 200-week SMA,table=mild,2019-10-07 00:00:00+00:00,1.789529213069813,1.2024124497774173,0.5316519834786075,0.7268008988055241,0.041290534544448955,0.060239082644892056,1.0,1x
B,S2,DCA vs 200-week SMA,table=mild,2019-11-04 00:00:00+00:00,1.7295020959226908,1.1823726773360996,0.5365698654271356,0.7268128906912148,0.04201242702442204,0.058510649705712924,1.0,1x
B,S2,DCA vs 200-week SMA,table=mild,2019-12-02 00:00:00+00:00,1.5297852808888386,0.9663067540356801,0.5367842241302669,0.7664994600336434,0.04314558093524218,0.056917340791635,1.0,1x
B,S2,DCA vs 200-week SMA,table=mild,2020-01-06 00:00:00+00:00,1.4310579291687409,0.9172116498223498,0.5376154495781367,0.7665199771461912,0.04437009126262455,0.05449262260668613,1.0,1x
B,S2,DCA vs 200-week SMA,table=mild,2020-02-03 00:00:00+00:00,1.6566898173727003,1.2356595922291138,0.5469171938780077,0.7665375224556092,0.04498126687139616,0.05260601765039691,1.0,1x
B,S2,DCA vs 200-week SMA,table=mild,2020-03-02 00:00:00+00:00,1.6046148570074015,1.2078547130285309,0.5230032223898382,0.7665543480077357,0.04565465844147088,0.05111753550952627,1.0,1x
B,S2,DCA vs 200-week SMA,table=mild,2020-04-06 00:00:00+00:00,1.6768255152177687,1.3372892049194935,0.5228778619778793,0.7665934827899941,0.04458789260823493,0.047472088398956676,1.0,1x
B,S2,DCA vs 200-week SMA,table=mild,2020-05-04 00:00:00+00:00,1.6117848408601323,1.2996330556849252,0.5226405014352877,0.7666304537457287,0.043356400789727356,0.04477454322876072,1.0,1x
B,S2,DCA vs 200-week SMA,table=mild,2020-06-01 00:00:00+00:00,1.459383460265349,1.1664611447622377,0.5222950358848255,0.7666668721017242,0.04260931122591598,0.04286828889603544,1.0,1x
B,S2,DCA vs 200-week SMA,table=mild,2020-07-06 00:00:00+00:00,1.5116882460059367,1.2390384953974574,0.521556559185496,0.7667224527279624,0.0422331391735675,0.04061780733587449,1.0,1x
B,S2,DCA vs 200-week SMA,table=mild,2020-08-03 00:00:00+00:00,1.3828066374036823,1.1310104269045298,0.5205109924034204,0.7667807238668434,0.041479299715822836,0.038751800157148235,1.0,1x
B,S2,DCA vs 200-week SMA,table=mild,2020-09-07 00:00:00+00:00,1.1771104834989878,0.9576765805012093,0.5186869667925553,0.7668584690443073,0.0417586643237246,0.03717695804926676,1.0,1x
B,S2,DCA vs 200-week SMA,table=mild,2020-10-05 00:00:00+00:00,1.2041723319733024,0.9923619435844709,0.5158750267791665,0.766951104898001,0.042020093217858004,0.0357240111202438,1.0,1x
B,S2,DCA vs 200-week SMA,table=mild,2020-11-02 00:00:00+00:00,1.4668270336519333,1.2179891311511242,0.5113391178223347,0.7670677830638355,0.04141072321619803,0.03438565668159428,1.0,1x
B,S2,DCA vs 200-week SMA,table=mild,2020-12-07 00:00:00+00:00,1.747699191206245,1.4560400633888368,0.5109044926390927,0.7672160943329145,0.03993582641300717,0.03327126516648855,1.0,1x
B,S2,DCA vs 200-week SMA,table=mild,2021-01-04 00:00:00+00:00,1.6768290558963765,1.4008341907518784,0.5191602764455361,0.7673371620725237,0.0391368900551211,0.03269521929866821,1.0,1x
B,S2,DCA vs 200-week SMA,table=mild,2021-02-01 00:00:00+00:00,1.6458402467598914,1.386513622423898,0.5360634222932463,0.7674319682465924,0.038652894475337984,0.03256255571685998,1.0,1x
B,S2,DCA vs 200-week SMA,table=mild,2021-03-01 00:00:00+00:00,2.329550802070309,1.9861887857895564,0.554295748386223,0.7675242773872565,0.038107532417610654,0.03249070742509864,1.0,1x
B,S2,DCA vs 200-week SMA,table=mild,2021-04-05 00:00:00+00:00,2.53072024019608,2.2164073146200476,0.5785227580305343,0.7676349748229772,0.03685840663634332,0.03236207964397811,1.0,1x
B,S2,DCA vs 200-week SMA,table=mild,2021-05-03 00:00:00+00:00,2.130556403021508,1.907136155922548,0.5998236369458096,0.7677362100111943,0.035939260017497573,0.03229116929070912,1.0,1x
B,S2,DCA vs 200-week SMA,table=mild,2021-06-07 00:00:00+00:00,2.490873255003139,2.2695485042231716,0.6091231131444845,0.7679369505647666,0.03506983668375892,0.03205619543851531,1.0,1x
B,S2,DCA vs 200-week SMA,table=mild,2021-07-05 00:00:00+00:00,1.9832166259676502,1.8108958409394666,0.5944650349185887,0.7682104774944687,0.03462321641184918,0.03174225282238279,1.0,1x
B,S2,DCA vs 200-week SMA,table=mild,2021-08-02 00:00:00+00:00,2.23940146112796,2.0522110217905816,0.569443766648862,0.7686647262645794,0.03414387787757309,0.03140145046610112,1.0,1x
B,S2,DCA vs 200-week SMA,table=mild,2021-09-06 00:00:00+00:00,1.8815712771654012,1.7549628133140618,0.5829940726415457,0.7694727012973894,0.03335011558785886,0.031238213124137805,1.0,1x
B,S2,DCA vs 200-week SMA,table=mild,2021-10-04 00:00:00+00:00,2.0029625320304443,1.890357866015472,0.5743394821478309,0.7709716450232176,0.03283805362083361,0.031115613871635885,1.0,1x
B,S2,DCA vs 200-week SMA,table=mild,2021-11-01 00:00:00+00:00,2.269705339100515,2.1823882493431275,0.6012480370393578,0.7762085122464988,0.03217639608912912,0.0310474583006394,1.0,1x
B,S2,DCA vs 200-week SMA,table=mild,2021-12-06 00:00:00+00:00,3.042740780998437,2.995559194198079,0.6477271128495516,0.7122639592029544,0.03125465198890607,0.030899373124895664,1.0,1x
B,S2,DCA vs 200-week SMA,table=mild,2022-01-03 00:00:00+00:00,2.999571747960718,2.9716633294097936,0.6369399370370972,0.6733763874907408,0.030731246288267892,0.030640508985066563,1.0,1x
B,S2,DCA vs 200-week SMA,table=mild,2022-02-07 00:00:00+00:00,2.9311280219230134,2.9144773472846324,0.6445961475179439,0.6756714674985848,0.030076925153851127,0.030184837319961577,1.0,1x
B,S2,DCA vs 200-week SMA,table=mild,2022-03-07 00:00:00+00:00,2.692090674208515,2.6813007781668716,0.6524730963557539,0.6796335819157904,0.029562941285484555,0.029814794042100884,1.0,1x
B,S2,DCA vs 200-week SMA,table=mild,2022-04-04 00:00:00+00:00,2.4602580452751126,2.454605644738735,0.6729422764770958,0.696627209054805,0.029163903838077074,0.029497830746806005,1.0,1x
B,S2,DCA vs 200-week SMA,table=mild,2022-05-02 00:00:00+00:00,2.8133669618414636,2.816343082749682,0.678620313459342,0.678620313459342,0.028794048151850334,0.029187954292315972,1.0,1x
B,S2,DCA vs 200-week SMA,table=mild,2022-06-06 00:00:00+00:00,2.8896253633823163,2.894403163431816,0.5987120401188979,0.5987120401188979,0.02804323465549023,0.028513848898752463,1.0,1x
B,S2,DCA vs 200-week SMA,table=mild,2022-07-04 00:00:00+00:00,3.0258463750413997,3.034687134233389,0.3516111023095845,0.3516111023095845,0.027161466379880116,0.02769259685727698,1.0,1x
B,S2,DCA vs 200-week SMA,table=mild,2022-08-01 00:00:00+00:00,3.0776644714995065,3.0897598859385367,0.35032562688450763,0.35032562688450763,0.026104228422348913,0.026690143315081304,1.0,1x
B,S2,DCA vs 200-week SMA,table=mild,2022-09-05 00:00:00+00:00,2.8189880893674037,2.8278673939870624,0.28881237525651204,0.28881237525651204,0.024882797559989192,0.02553820261673247,1.0,1x
B,S2,DCA vs 200-week SMA,table=base,2018-01-01 00:00:00+00:00,3.262126974518077,3.9094374654085198,0.47859139478279356,0.8397057339879949,0.10221381238944226,0.13516413622385987,0.8403284671532847,1x
B,S2,DCA vs 200-week SMA,table=base,2018-02-05 00:00:00+00:00,4.040425937525123,4.937537075018321,0.4925287537886297,0.7276408589296155,0.09199243115049803,0.13367578646846576,0.8759124087591241,1x
B,S2,DCA vs 200-week SMA,table=base,2018-03-05 00:00:00+00:00,5.003933741054874,6.355385742762701,0.5042534111085147,0.7364470161139185,0.08279318803544822,0.13137995449139614,0.9041970802919708,1x
B,S2,DCA vs 200-week SMA,table=base,2018-04-02 00:00:00+00:00,5.795649867552823,7.580256698332603,0.5165253612173333,0.6802639444419026,0.0745138692319034,0.129090597725981,0.9297445255474452,1x
B,S2,DCA vs 200-week SMA,table=base,2018-05-07 00:00:00+00:00,5.635766784410861,7.086435291871654,0.5326906227144915,0.6672162146034437,0.06035623407784176,0.12566009687382795,0.968065693430657,1x
B,S2,DCA vs 200-week SMA,table=base,2018-06-04 00:00:00+00:00,4.601575820169437,4.837740989182845,0.5463313179853639,0.633047301837514,0.0605371449002854,0.1232646285003906,0.9936131386861314,1x
B,S2,DCA vs 200-week SMA,table=base,2018-07-02 00:00:00+00:00,4.205315784198706,4.026578854766553,0.5536074068165586,0.6330220875623349,0.060013558247126876,0.12017955858617266,1.0,1x
B,S2,DCA vs 200-week SMA,table=base,2018-08-06 00:00:00+00:00,4.580363092746715,4.760559078004514,0.5629423085572685,0.6329868420524685,0.05934184180219417,0.11650201867446339,1.0,1x
B,S2,DCA vs 200-week SMA,table=base,2018-09-03 00:00:00+00:00,4.998506250977889,5.574600028759115,0.569054259943142,0.6329523382188247,0.058206732343564827,0.11319757101721287,1.0,1x
B,S2,DCA vs 200-week SMA,table=base,2018-10-01 00:00:00+00:00,4.610195841555677,4.817395509389865,0.5757300725419384,0.6329125341559452,0.05722317108435152,0.10992571460429,1.0,1x
B,S2,DCA vs 200-week SMA,table=base,2018-11-05 00:00:00+00:00,5.497432196058178,6.484309519849692,0.5849263281849375,0.6328513968000946,0.055785500112320655,0.1056162303719747,1.0,1x
B,S2,DCA vs 200-week SMA,table=base,2018-12-03 00:00:00+00:00,5.051227339311552,5.726434529031203,0.5868345232646107,0.632778694710924,0.05362312543434695,0.10138810299355853,1.0,1x
B,S2,DCA vs 200-week SMA,table=base,2019-01-07 00:00:00+00:00,3.982728821200255,4.026422863350916,0.5785302581475322,0.6325867199882067,0.048881994981004165,0.09345884339421252,1.0,1x
B,S2,DCA vs 200-week SMA,table=base,2019-02-04 00:00:00+00:00,3.4387697217450692,3.249452809010662,0.5689503395944127,0.63233085308593,0.04523451504094119,0.08708958978212578,1.0,1x
B,S2,DCA vs 200-week SMA,table=base,2019-03-04 00:00:00+00:00,3.3909229219719967,3.427092772006663,0.5548186868484148,0.6318845193902299,0.04158586717691638,0.08072484976696337,1.0,1x
B,S2,DCA vs 200-week SMA,table=base,2019-04-01 00:00:00+00:00,3.2496884861752524,3.407064724461093,0.5332675510440064,0.6310500284042195,0.03823530819650695,0.07486353045178509,1.0,1x
B,S2,DCA vs 200-week SMA,table=base,2019-05-06 00:00:00+00:00,2.67634436752137,2.529867906197906,0.4878836039733301,0.6288368832714343,0.035146286799446945,0.06921100819435208,1.0,1x
B,S2,DCA vs 200-week SMA,table=base,2019-06-03 00:00:00+00:00,2.37825354951591,2.024895226743345,0.45723648884175916,0.6249940723525568,0.03432398424711955,0.06649330096206318,1.0,1x
B,S2,DCA vs 200-week SMA,table=base,2019-07-01 00:00:00+00:00,1.9811387688708235,1.2902700052665899,0.4521347929360897,0.7193053406886544,0.03576688418752014,0.06470045222001923,1.0,1x
B,S2,DCA vs 200-week SMA,table=base,2019-08-05 00:00:00+00:00,2.050347562815585,1.428856320882226,0.47135406295095905,0.7193178179613204,0.03880843091171563,0.06315950952890495,1.0,1x
B,S2,DCA vs 200-week SMA,table=base,2019-09-02 00:00:00+00:00,1.9271950154980653,1.2469273514666512,0.4960251452780646,0.7193285080445331,0.04050508416780201,0.06193924094261675,1.0,1x
B,S2,DCA vs 200-week SMA,table=base,2019-10-07 00:00:00+00:00,1.832424781176736,1.2024124497774173,0.5268477909198267,0.7268008988055241,0.04307002661587908,0.060239082644892056,1.0,1x
B,S2,DCA vs 200-week SMA,table=base,2019-11-04 00:00:00+00:00,1.7694467344981342,1.1823726773360996,0.5365698654271356,0.7268128906912148,0.045005915542999174,0.058510649705712924,1.0,1x
B,S2,DCA vs 200-week SMA,table=base,2019-12-02 00:00:00+00:00,1.559562807741213,0.9663067540356801,0.5367842241302669,0.7664994600336434,0.04761049348876338,0.056917340791635,1.0,1x
B,S2,DCA vs 200-week SMA,table=base,2020-01-06 00:00:00+00:00,1.4600589328587825,0.9172116498223498,0.5376154495781367,0.7665199771461912,0.05071954679094753,0.05449262260668613,1.0,1x
B,S2,DCA vs 200-week SMA,table=base,2020-02-03 00:00:00+00:00,1.7312317524317524,1.2356595922291138,0.5469171938780077,0.7665375224556092,0.05255469170068956,0.05260601765039691,1.0,1x
B,S2,DCA vs 200-week SMA,table=base,2020-03-02 00:00:00+00:00,1.6807627132898617,1.2078547130285309,0.4958933141656635,0.7665543480077357,0.054329405992445845,0.05111753550952627,1.0,1x
B,S2,DCA vs 200-week SMA,table=base,2020-04-06 00:00:00+00:00,1.7957585020216342,1.3372892049194935,0.4912099574730845,0.7665934827899941,0.05383529201150639,0.047472088398956676,1.0,1x
B,S2,DCA vs 200-week SMA,table=base,2020-05-04 00:00:00+00:00,1.7386349886631094,1.2996330556849252,0.4865291090332353,0.7666304537457287,0.05260380019299884,0.04477454322876072,1.0,1x
B,S2,DCA vs 200-week SMA,table=base,2020-06-01 00:00:00+00:00,1.5694420877578723,1.1664611447622377,0.4816687282570159,0.7666668721017242,0.05185671062918745,0.04286828889603544,1.0,1x
B,S2,DCA vs 200-week SMA,table=base,2020-07-06 00:00:00+00:00,1.654321944778377,1.2390384953974574,0.4737581077259342,0.7667224527279624,0.051967305658653304,0.04061780733587449,1.0,1x
B,S2,DCA vs 200-week SMA,table=base,2020-08-03 00:00:00+00:00,1.5126029174155924,1.1310104269045298,0.46479708202263814,0.7667807238668434,0.05121346620090866,0.038751800157148235,1.0,1x
B,S2,DCA vs 200-week SMA,table=base,2020-09-07 00:00:00+00:00,1.2728180340198731,0.9576765805012093,0.4517082813487763,0.7668584690443073,0.049410733872537534,0.03717695804926676,1.0,1x
B,S2,DCA vs 200-week SMA,table=base,2020-10-05 00:00:00+00:00,1.3052090665007865,0.9923619435844709,0.4342682929654902,0.766951104898001,0.04698618634799367,0.0357240111202438,1.0,1x
B,S2,DCA vs 200-week SMA,table=base,2020-11-02 00:00:00+00:00,1.584693542947304,1.2179891311511242,0.4090674794739725,0.7670677830638355,0.044738271237138194,0.03438565668159428,1.0,1x
B,S2,DCA vs 200-week SMA,table=base,2020-12-07 00:00:00+00:00,1.8827366414198272,1.4560400633888368,0.396449647503078,0.7672160943329145,0.04302150168145119,0.03327126516648855,0.9954337899543378,1x
B,S2,DCA vs 200-week SMA,table=base,2021-01-04 00:00:00+00:00,1.7957736581290413,1.4008341907518784,0.40289725457929104,0.7673371620725237,0.04191303578319083,0.03269521929866821,0.8602739726027397,1x
B,S2,DCA vs 200-week SMA,table=base,2021-02-01 00:00:00+00:00,1.74638357161948,1.386513622423898,0.4223297285425579,0.7674319682465924,0.04101417500280601,0.03256255571685998,0.891324200913242,1x
B,S2,DCA vs 200-week SMA,table=base,2021-03-01 00:00:00+00:00,2.4460273352728854,1.9861887857895564,0.44359292149655594,0.7675242773872565,0.040012892567285616,0.03249070742509864,0.916970802919708,1x
B,S2,DCA vs 200-week SMA,table=base,2021-04-05 00:00:00+00:00,2.6479455943414094,2.2164073146200476,0.4689597337620821,0.7676349748229772,0.03847702985945707,0.03236207964397811,0.9552919708029197,1x
B,S2,DCA vs 200-week SMA,table=base,2021-05-03 00:00:00+00:00,2.234370895497966,1.907136155922548,0.4872956872960802,0.7677362100111943,0.03756221496220553,0.03229116929070912,0.9808394160583942,1x
B,S2,DCA vs 200-week SMA,table=base,2021-06-07 00:00:00+00:00,2.6038561662129625,2.2695485042231716,0.49778236190175784,0.7679369505647666,0.036553205640498354,0.03205619543851531,1.0,1x
B,S2,DCA vs 200-week SMA,table=base,2021-07-05 00:00:00+00:00,2.065524881151372,1.8108958409394666,0.481886464122281,0.7682104774944687,0.035926397107947754,0.03174225282238279,1.0,1x
B,S2,DCA vs 200-week SMA,table=base,2021-08-02 00:00:00+00:00,2.321902399150507,2.0522110217905816,0.45453220072615597,0.7686647262645794,0.035284422171299124,0.03140145046610112,1.0,1x
B,S2,DCA vs 200-week SMA,table=base,2021-09-06 00:00:00+00:00,1.9448234269365163,1.7549628133140618,0.47653631371697147,0.7694727012973894,0.034334280171903445,0.031238213124137805,0.9936131386861314,1x
B,S2,DCA vs 200-week SMA,table=base,2021-10-04 00:00:00+00:00,2.0602980401305278,1.890357866015472,0.49223152269298653,0.7709716450232176,0.033650753575462676,0.031115613871635885,0.9397810218978102,1x
B,S2,DCA vs 200-week SMA,table=base,2021-11-01 00:00:00+00:00,2.3243627982729453,2.1823882493431275,0.5223923070615625,0.7762085122464988,0.03284070595497219,0.0310474583006394,0.968065693430657,1x
B,S2,DCA vs 200-week SMA,table=base,2021-12-06 00:00:00+00:00,3.0899223677987924,2.995559194198079,0.5760269021754236,0.7122639592029544,0.031609930852916454,0.030899373124895664,1.0,1x
B,S2,DCA vs 200-week SMA,table=base,2022-01-03 00:00:00+00:00,3.027480166511641,2.9716633294097936,0.5991866510255038,0.6733763874907408,0.030821983591469208,0.030640508985066563,1.0,1x
B,S2,DCA vs 200-week SMA,table=base,2022-02-07 00:00:00+00:00,2.947778696561392,2.9144773472846324,0.6123501390559059,0.6756714674985848,0.029969012987740653,0.030184837319961577,1.0,1x
B,S2,DCA vs 200-week SMA,table=base,2022-03-07 00:00:00+00:00,2.7028805702501564,2.6813007781668716,0.6242893523531883,0.6796335819157904,0.029311088528868202,0.029814794042100884,1.0,1x
B,S2,DCA vs 200-week SMA,table=base,2022-04-04 00:00:00+00:00,2.4659104458114878,2.454605644738735,0.6484343684568648,0.696627209054805,0.028829976929348113,0.029497830746806005,1.0,1x
B,S2,DCA vs 200-week SMA,table=base,2022-05-02 00:00:00+00:00,2.810390840933242,2.816343082749682,0.678620313459342,0.678620313459342,0.028400142011384674,0.029187954292315972,1.0,1x
B,S2,DCA vs 200-week SMA,table=base,2022-06-06 00:00:00+00:00,2.884847563332813,2.894403163431816,0.5987120401188979,0.5987120401188979,0.027572620412227966,0.028513848898752463,1.0,1x
B,S2,DCA vs 200-week SMA,table=base,2022-07-04 00:00:00+00:00,3.0170056158494076,3.034687134233389,0.3516111023095845,0.3516111023095845,0.026630335902483232,0.02769259685727698,1.0,1x
B,S2,DCA vs 200-week SMA,table=base,2022-08-01 00:00:00+00:00,3.0655690570604737,3.0897598859385367,0.35032562688450763,0.35032562688450763,0.025518313529616504,0.026690143315081304,1.0,1x
B,S2,DCA vs 200-week SMA,table=base,2022-09-05 00:00:00+00:00,2.810108784747743,2.8278673939870624,0.28881237525651204,0.28881237525651204,0.024227392503245897,0.02553820261673247,1.0,1x
B,S2,DCA vs 200-week SMA,table=aggressive,2018-01-01 00:00:00+00:00,4.78530868707051,3.9094374654085198,0.6280547511752981,0.8397057339879949,0.1646205312663742,0.13516413622385987,0.843978102189781,1x
B,S2,DCA vs 200-week SMA,table=aggressive,2018-02-05 00:00:00+00:00,5.705472923903891,4.937537075018321,0.6276451090893134,0.7276408589296155,0.1264599785436855,0.13367578646846576,0.8996350364963503,1x
B,S2,DCA vs 200-week SMA,table=aggressive,2018-03-05 00:00:00+00:00,6.8160409085106055,6.355385742762701,0.6272531981702703,0.7364470161139185,0.1086598378368831,0.13137995449139614,0.958941605839416,1x
B,S2,DCA vs 200-week SMA,table=aggressive,2018-04-02 00:00:00+00:00,7.554671867390206,7.580256698332603,0.6267949813692866,0.6802639444419026,0.09306803764764576,0.129090597725981,1.0,1x
B,S2,DCA vs 200-week SMA,table=aggressive,2018-05-07 00:00:00+00:00,6.880572372983602,7.086435291871654,0.6261719871708882,0.6672162146034437,0.0788434871308612,0.12566009687382795,0.9808394160583942,1x
B,S2,DCA vs 200-week SMA,table=aggressive,2018-06-04 00:00:00+00:00,5.296400453329937,4.837740989182845,0.625607713649044,0.633047301837514,0.07515868808452486,0.1232646285003906,1.0,1x
B,S2,DCA vs 200-week SMA,table=aggressive,2018-07-02 00:00:00+00:00,4.644487229125295,4.026578854766553,0.6249206515672582,0.6330220875623349,0.07141661783255426,0.12017955858617266,1.0,1x
B,S2,DCA vs 200-week SMA,table=aggressive,2018-08-06 00:00:00+00:00,4.906051252407633,4.760559078004514,0.6240202206527027,0.6329868420524685,0.0675290991123704,0.11650201867446339,1.0,1x
B,S2,DCA vs 200-week SMA,table=aggressive,2018-09-03 00:00:00+00:00,5.297521137678965,5.574600028759115,0.6233816930676903,0.6329523382188247,0.06510603848569665,0.11319757101721287,1.0,1x
B,S2,DCA vs 200-week SMA,table=aggressive,2018-10-01 00:00:00+00:00,4.783113336369706,4.817395509389865,0.6226502153999685,0.6329125341559452,0.0626859959902958,0.10992571460429,1.0,1x
B,S2,DCA vs 200-week SMA,table=aggressive,2018-11-05 00:00:00+00:00,5.657026873179784,6.484309519849692,0.6216874563900017,0.6328513968000946,0.053885456907035244,0.1056162303719747,1.0,1x
B,S2,DCA vs 200-week SMA,table=aggressive,2018-12-03 00:00:00+00:00,5.227406579620777,5.726434529031203,0.6205921135638597,0.632778694710924,0.0463299874830981,0.10138810299355853,1.0,1x
B,S2,DCA vs 200-week SMA,table=aggressive,2019-01-07 00:00:00+00:00,4.2522533859088405,4.026422863350916,0.6179105890222336,0.6325867199882067,0.04238864183864029,0.09345884339421252,1.0,1x
B,S2,DCA vs 200-week SMA,table=aggressive,2019-02-04 00:00:00+00:00,3.7361059064040543,3.249452809010662,0.6146971074056305,0.63233085308593,0.03967766768276874,0.08708958978212578,1.0,1x
B,S2,DCA vs 200-week SMA,table=aggressive,2019-03-04 00:00:00+00:00,3.6548846408606255,3.427092772006663,0.6097647087741642,0.6318845193902299,0.03696506714526628,0.08072484976696337,1.0,1x
B,S2,DCA vs 200-week SMA,table=aggressive,2019-04-01 00:00:00+00:00,3.4975095746023377,3.407064724461093,0.6019607699366196,0.6310500284042195,0.03448707149060743,0.07486353045178509,1.0,1x
B,S2,DCA vs 200-week SMA,table=aggressive,2019-05-06 00:00:00+00:00,2.9483744520163446,2.529867906197906,0.5856240689895043,0.6288368832714343,0.032187665576707505,0.06921100819435208,1.0,1x
B,S2,DCA vs 200-week SMA,table=aggressive,2019-06-03 00:00:00+00:00,2.639616529701818,2.024895226743345,0.5626761266642384,0.6249940723525568,0.0325708322974353,0.06649330096206318,1.0,1x
B,S2,DCA vs 200-week SMA,table=aggressive,2019-07-01 00:00:00+00:00,2.206581313662943,1.2902700052665899,0.5362544368173949,0.7193053406886544,0.034299717274266756,0.06470045222001923,1.0,1x
B,S2,DCA vs 200-week SMA,table=aggressive,2019-08-05 00:00:00+00:00,2.1982497095309133,1.428856320882226,0.5363066521460098,0.7193178179613204,0.03690369705399337,0.06315950952890495,1.0,1x
B,S2,DCA vs 200-week SMA,table=aggressive,2019-09-02 00:00:00+00:00,2.0264926640633067,1.2469273514666512,0.5565267011065937,0.7193285080445331,0.03898259256572915,0.06193924094261675,1.0,1x
B,S2,DCA vs 200-week SMA,table=aggressive,2019-10-07 00:00:00+00:00,1.940484089169224,1.2024124497774173,0.5364470248515172,0.7268008988055241,0.042226193319925505,0.060239082644892056,1.0,1x
B,S2,DCA vs 200-week SMA,table=aggressive,2019-11-04 00:00:00+00:00,1.875668349140803,1.1823726773360996,0.5365698654271356,0.7268128906912148,0.04465402873922105,0.058510649705712924,1.0,1x
B,S2,DCA vs 200-week SMA,table=aggressive,2019-12-02 00:00:00+00:00,1.6560488013754704,0.9663067540356801,0.5367842241302669,0.7664994600336434,0.04760244857520818,0.056917340791635,1.0,1x
B,S2,DCA vs 200-week SMA,table=aggressive,2020-01-06 00:00:00+00:00,1.5411883103059707,0.9172116498223498,0.5376154495781367,0.7665199771461912,0.05119497124561435,0.05449262260668613,1.0,1x
B,S2,DCA vs 200-week SMA,table=aggressive,2020-02-03 00:00:00+00:00,1.8067635140457903,1.2356595922291138,0.5469171938780077,0.7665375224556092,0.05337910112405853,0.05260601765039691,1.0,1x
B,S2,DCA vs 200-week SMA,table=aggressive,2020-03-02 00:00:00+00:00,1.7491550639701017,1.2078547130285309,0.48615701162999136,0.7665543480077357,0.05544437365173963,0.05111753550952627,1.0,1x
B,S2,DCA vs 200-week SMA,table=aggressive,2020-04-06 00:00:00+00:00,1.8581105367498039,1.3372892049194935,0.45594361094742075,0.7665934827899941,0.056860870150138444,0.047472088398956676,1.0,1x
B,S2,DCA vs 200-week SMA,table=aggressive,2020-05-04 00:00:00+00:00,1.7959906275775928,1.2996330556849252,0.4570216525736157,0.7666304537457287,0.05779597823975088,0.04477454322876072,1.0,1x
B,S2,DCA vs 200-week SMA,table=aggressive,2020-06-01 00:00:00+00:00,1.6099692633863014,1.1664611447622377,0.4581792334539332,0.7666668721017242,0.059167532331862754,0.04286828889603544,1.0,1x
B,S2,DCA vs 200-week SMA,table=aggressive,2020-07-06 00:00:00+00:00,1.7006160040484708,1.2390384953974574,0.45980420380739273,0.7667224527279624,0.05574910986327962,0.04061780733587449,1.0,1x
B,S2,DCA vs 200-week SMA,table=aggressive,2020-08-03 00:00:00+00:00,1.5432356500386244,1.1310104269045298,0.4604720888612578,0.7667807238668434,0.05287586929623557,0.038751800157148235,1.0,1x
B,S2,DCA vs 200-week SMA,table=aggressive,2020-09-07 00:00:00+00:00,1.283574164272278,0.9576765805012093,0.4593792291406228,0.7668584690443073,0.04982828632323734,0.03717695804926676,1.0,1x
B,S2,DCA vs 200-week SMA,table=aggressive,2020-10-05 00:00:00+00:00,1.2982036047331957,0.9923619435844709,0.4564000874286376,0.766951104898001,0.046733996916802974,0.0357240111202438,1.0,1x
B,S2,DCA vs 200-week SMA,table=aggressive,2020-11-02 00:00:00+00:00,1.5368445361846377,1.2179891311511242,0.45150172548931633,0.7670677830638355,0.04338742213921453,0.03438565668159428,1.0,1x
B,S2,DCA vs 200-week SMA,table=aggressive,2020-12-07 00:00:00+00:00,1.7798998070750585,1.4560400633888368,0.4438586818272794,0.7672160943329145,0.04067162706577356,0.03327126516648855,0.9908675799086758,1x
B,S2,DCA vs 200-week SMA,table=aggressive,2021-01-04 00:00:00+00:00,1.7073179351449852,1.4008341907518784,0.4480146315658122,0.7673371620725237,0.039848495040054284,0.03269521929866821,0.8401826484018264,1x
B,S2,DCA vs 200-week SMA,table=aggressive,2021-02-01 00:00:00+00:00,1.6664826918367923,1.386513622423898,0.4622021516470963,0.7674319682465924,0.039137686515659756,0.03256255571685998,0.8757990867579909,1x
B,S2,DCA vs 200-week SMA,table=aggressive,2021-03-01 00:00:00+00:00,2.343269205687501,1.9861887857895564,0.47853445866610267,0.7675242773872565,0.038331942424078606,0.03249070742509864,0.9087591240875912,1x
B,S2,DCA vs 200-week SMA,table=aggressive,2021-04-05 00:00:00+00:00,2.5492185668921454,2.2164073146200476,0.4994864805351019,0.7676349748229772,0.03722150425487734,0.03236207964397811,0.948905109489051,1x
B,S2,DCA vs 200-week SMA,table=aggressive,2021-05-03 00:00:00+00:00,2.1454038540960556,1.907136155922548,0.519510620170835,0.7677362100111943,0.036325460473504344,0.03229116929070912,0.9808394160583942,1x
B,S2,DCA vs 200-week SMA,table=aggressive,2021-06-07 00:00:00+00:00,2.5087176557280357,2.2695485042231716,0.5356987988227316,0.7679369505647666,0.03543433564976761,0.03205619543851531,1.0,1x
B,S2,DCA vs 200-week SMA,table=aggressive,2021-07-05 00:00:00+00:00,1.9835763422638328,1.8108958409394666,0.542429960876543,0.7682104774944687,0.034769079659474775,0.03174225282238279,1.0,1x
B,S2,DCA vs 200-week SMA,table=aggressive,2021-08-02 00:00:00+00:00,2.2266225346955095,2.0522110217905816,0.536329313493641,0.7686647262645794,0.034070169435568155,0.03140145046610112,1.0,1x
B,S2,DCA vs 200-week SMA,table=aggressive,2021-09-06 00:00:00+00:00,1.8650944180576414,1.7549628133140618,0.5591951036842446,0.7694727012973894,0.03319854784723463,0.031238213124137805,1.0,1x
B,S2,DCA vs 200-week SMA,table=aggressive,2021-10-04 00:00:00+00:00,1.9740618235192413,1.890357866015472,0.585855455322815,0.7709716450232176,0.032493395331981756,0.031115613871635885,1.0,1x
B,S2,DCA vs 200-week SMA,table=aggressive,2021-11-01 00:00:00+00:00,2.2377542136066233,2.1823882493431275,0.6152151665556658,0.7762085122464988,0.03183511488157223,0.0310474583006394,0.9808394160583942,1x
B,S2,DCA vs 200-week SMA,table=aggressive,2021-12-06 00:00:00+00:00,3.023144733066947,2.995559194198079,0.6430564692740525,0.7122639592029544,0.0311839196162524,0.030899373124895664,1.0,1x
B,S2,DCA vs 200-week SMA,table=aggressive,2022-01-03 00:00:00+00:00,2.9766463647715127,2.9716633294097936,0.6665506579570206,0.6733763874907408,0.030691888540167103,0.030640508985066563,1.0,1x
B,S2,DCA vs 200-week SMA,table=aggressive,2022-02-07 00:00:00+00:00,2.9144773472846324,2.9144773472846324,0.6756714674985848,0.6756714674985848,0.030184837319961577,0.030184837319961577,1.0,1x
B,S2,DCA vs 200-week SMA,table=aggressive,2022-03-07 00:00:00+00:00,2.6813007781668716,2.6813007781668716,0.6796335819157904,0.6796335819157904,0.029814794042100884,0.029814794042100884,1.0,1x
B,S2,DCA vs 200-week SMA,table=aggressive,2022-04-04 00:00:00+00:00,2.454605644738735,2.454605644738735,0.696627209054805,0.696627209054805,0.029497830746806005,0.029497830746806005,1.0,1x
B,S2,DCA vs 200-week SMA,table=aggressive,2022-05-02 00:00:00+00:00,2.816343082749682,2.816343082749682,0.678620313459342,0.678620313459342,0.029187954292315972,0.029187954292315972,1.0,1x
B,S2,DCA vs 200-week SMA,table=aggressive,2022-06-06 00:00:00+00:00,2.894403163431816,2.894403163431816,0.5987120401188979,0.5987120401188979,0.028513848898752463,0.028513848898752463,1.0,1x
B,S2,DCA vs 200-week SMA,table=aggressive,2022-07-04 00:00:00+00:00,3.034687134233389,3.034687134233389,0.3516111023095845,0.3516111023095845,0.02769259685727698,0.02769259685727698,1.0,1x
B,S2,DCA vs 200-week SMA,table=aggressive,2022-08-01 00:00:00+00:00,3.0897598859385367,3.0897598859385367,0.35032562688450763,0.35032562688450763,0.026690143315081304,0.026690143315081304,1.0,1x
B,S2,DCA vs 200-week SMA,table=aggressive,2022-09-05 00:00:00+00:00,2.8278673939870624,2.8278673939870624,0.28881237525651204,0.28881237525651204,0.02553820261673247,0.02553820261673247,1.0,1x
B,S3,Drawdown-from-ATH DCA,"x=0.3, n_weeks=4",2018-01-01 00:00:00+00:00,3.895089521746633,3.9094374654085198,0.7260277356506424,0.8397057339879949,0.13268613521132383,0.13516413622385987,0.9808394160583942,1x
B,S3,Drawdown-from-ATH DCA,"x=0.3, n_weeks=4",2018-02-05 00:00:00+00:00,4.876508452488548,4.937537075018321,0.7276408589296155,0.7276408589296155,0.1296093495721122,0.13367578646846576,1.0,1x
B,S3,Drawdown-from-ATH DCA,"x=0.3, n_weeks=4",2018-03-05 00:00:00+00:00,6.246887179560003,6.355385742762701,0.7364470161139185,0.7364470161139185,0.12676698410308787,0.13137995449139614,1.0,1x
B,S3,Drawdown-from-ATH DCA,"x=0.3, n_weeks=4",2018-04-02 00:00:00+00:00,7.422640484152226,7.580256698332603,0.6802639444419026,0.6802639444419026,0.12402007027905777,0.129090597725981,1.0,1x
B,S3,Drawdown-from-ATH DCA,"x=0.3, n_weeks=4",2018-05-07 00:00:00+00:00,6.940287887671491,7.086435291871654,0.6672162146034437,0.6672162146034437,0.12001900506188808,0.12566009687382795,1.0,1x
B,S3,Drawdown-from-ATH DCA,"x=0.3, n_weeks=4",2018-06-04 00:00:00+00:00,4.801993333447002,4.837740989182845,0.633047301837514,0.633047301837514,0.1200005566200169,0.1232646285003906,1.0,1x
B,S3,Drawdown-from-ATH DCA,"x=0.3, n_weeks=4",2018-07-02 00:00:00+00:00,3.999965721115524,4.026578854766553,0.6330220875623349,0.6330220875623349,0.11938524788963945,0.12017955858617266,1.0,1x
B,S3,Drawdown-from-ATH DCA,"x=0.3, n_weeks=4",2018-08-06 00:00:00+00:00,4.728101588939853,4.760559078004514,0.6329868420524685,0.6329868420524685,0.1157077079779302,0.11650201867446339,1.0,1x
B,S3,Drawdown-from-ATH DCA,"x=0.3, n_weeks=4",2018-09-03 00:00:00+00:00,5.535140403619732,5.574600028759115,0.6329523382188247,0.6329523382188247,0.11200829383212652,0.11319757101721287,1.0,1x
B,S3,Drawdown-from-ATH DCA,"x=0.3, n_weeks=4",2018-10-01 00:00:00+00:00,4.7862847245074525,4.817395509389865,0.6329125341559452,0.6329125341559452,0.10856178002800485,0.10992571460429,1.0,1x
B,S3,Drawdown-from-ATH DCA,"x=0.3, n_weeks=4",2018-11-05 00:00:00+00:00,6.426703229593306,6.484309519849692,0.6328513968000946,0.6328513968000946,0.10369236319781003,0.1056162303719747,1.0,1x
B,S3,Drawdown-from-ATH DCA,"x=0.3, n_weeks=4",2018-12-03 00:00:00+00:00,5.680201911301793,5.726434529031203,0.632778694710924,0.632778694710924,0.099047113564743,0.10138810299355853,1.0,1x
B,S3,Drawdown-from-ATH DCA,"x=0.3, n_weeks=4",2019-01-07 00:00:00+00:00,4.012883869321364,4.026422863350916,0.6325867199882067,0.6325867199882067,0.09113022096147859,0.09345884339421252,1.0,1x
B,S3,Drawdown-from-ATH DCA,"x=0.3, n_weeks=4",2019-02-04 00:00:00+00:00,3.2442802205336565,3.249452809010662,0.63233085308593,0.63233085308593,0.08695095763848454,0.08708958978212578,1.0,1x
B,S3,Drawdown-from-ATH DCA,"x=0.3, n_weeks=4",2019-03-04 00:00:00+00:00,3.4212072829805185,3.427092772006663,0.6318845193902299,0.6318845193902299,0.08058621762332215,0.08072484976696337,1.0,1x
B,S3,Drawdown-from-ATH DCA,"x=0.3, n_weeks=4",2019-04-01 00:00:00+00:00,3.400755528469052,3.407064724461093,0.6310500284042195,0.6310500284042195,0.07472489830814387,0.07486353045178509,1.0,1x
B,S3,Drawdown-from-ATH DCA,"x=0.3, n_weeks=4",2019-05-06 00:00:00+00:00,2.524800489610353,2.529867906197906,0.6288368832714343,0.6288368832714343,0.06907237605071087,0.06921100819435208,1.0,1x
B,S3,Drawdown-from-ATH DCA,"x=0.3, n_weeks=4",2019-06-03 00:00:00+00:00,2.0206735147532533,2.024895226743345,0.6249940723525568,0.6249940723525568,0.06635466881842199,0.06649330096206318,1.0,1x
B,S3,Drawdown-from-ATH DCA,"x=0.3, n_weeks=4",2019-07-01 00:00:00+00:00,1.2875053739453468,1.2902700052665899,0.7150269703930909,0.7193053406886544,0.06456182007637805,0.06470045222001923,1.0,1x
B,S3,Drawdown-from-ATH DCA,"x=0.3, n_weeks=4",2019-08-05 00:00:00+00:00,1.425720048669274,1.428856320882226,0.7148064745241269,0.7193178179613204,0.06302087738526374,0.06315950952890495,1.0,1x
B,S3,Drawdown-from-ATH DCA,"x=0.3, n_weeks=4",2019-09-02 00:00:00+00:00,1.2441364840122242,1.2469273514666512,0.7146162119629391,0.7193285080445331,0.061800608798975545,0.06193924094261675,1.0,1x
B,S3,Drawdown-from-ATH DCA,"x=0.3, n_weeks=4",2019-10-07 00:00:00+00:00,1.199645259306803,1.2024124497774173,0.7219103732215424,0.7268008988055241,0.06010045050125086,0.060239082644892056,1.0,1x
B,S3,Drawdown-from-ATH DCA,"x=0.3, n_weeks=4",2019-11-04 00:00:00+00:00,1.1795712239311842,1.1823726773360996,0.7216083706128187,0.7268128906912148,0.05837201756207172,0.058510649705712924,1.0,1x
B,S3,Drawdown-from-ATH DCA,"x=0.3, n_weeks=4",2019-12-02 00:00:00+00:00,0.9639531448391904,0.9663067540356801,0.7617406512381508,0.7664994600336434,0.056778708647993795,0.056917340791635,1.0,1x
B,S3,Drawdown-from-ATH DCA,"x=0.3, n_weeks=4",2020-01-06 00:00:00+00:00,0.9148782143754025,0.9172116498223498,0.7612439293489754,0.7665199771461912,0.05435399046304492,0.05449262260668613,1.0,1x
B,S3,Drawdown-from-ATH DCA,"x=0.3, n_weeks=4",2020-02-03 00:00:00+00:00,1.232403270125054,1.2356595922291138,0.7608122616802893,0.7665375224556092,0.0524673855067557,0.05260601765039691,1.0,1x
B,S3,Drawdown-from-ATH DCA,"x=0.3, n_weeks=4",2020-03-02 00:00:00+00:00,1.204578978265397,1.2078547130285309,0.760392244780366,0.7665543480077357,0.05097890336588506,0.05111753550952627,1.0,1x
B,S3,Drawdown-from-ATH DCA,"x=0.3, n_weeks=4",2020-04-06 00:00:00+00:00,1.3333839360467985,1.3372892049194935,0.7593919197576207,0.7665934827899941,0.04733345625531544,0.047472088398956676,1.0,1x
B,S3,Drawdown-from-ATH DCA,"x=0.3, n_weeks=4",2020-05-04 00:00:00+00:00,1.2956090969024516,1.2996330556849252,0.7584160529949436,0.7666304537457287,0.04463591108511948,0.04477454322876072,1.0,1x
B,S3,Drawdown-from-ATH DCA,"x=0.3, n_weeks=4",2020-06-01 00:00:00+00:00,1.1626889156125095,1.1664611447622377,0.757424522086435,0.7666668721017242,0.0427296567523942,0.04286828889603544,1.0,1x
B,S3,Drawdown-from-ATH DCA,"x=0.3, n_weeks=4",2020-07-06 00:00:00+00:00,1.2348095481957888,1.2390384953974574,0.755851214073936,0.7667224527279624,0.04047917519223325,0.04061780733587449,1.0,1x
B,S3,Drawdown-from-ATH DCA,"x=0.3, n_weeks=4",2020-08-03 00:00:00+00:00,1.1269643077738958,1.1310104269045298,0.7541203195527025,0.7667807238668434,0.03861316801350701,0.038751800157148235,1.0,1x
B,S3,Drawdown-from-ATH DCA,"x=0.3, n_weeks=4",2020-09-07 00:00:00+00:00,0.9541054234126186,0.9576765805012093,0.7516736081065116,0.7668584690443073,0.03703832590562554,0.03717695804926676,1.0,1x
B,S3,Drawdown-from-ATH DCA,"x=0.3, n_weeks=4",2020-10-05 00:00:00+00:00,0.9885109408780834,0.9923619435844709,0.7485387902402605,0.766951104898001,0.03558537897660259,0.0357240111202438,1.0,1x
B,S3,Drawdown-from-ATH DCA,"x=0.3, n_weeks=4",2020-11-02 00:00:00+00:00,1.2130785823793864,1.2179891311511242,0.7442203560644767,0.7670677830638355,0.03424702453795305,0.03438565668159428,0.8146118721461187,1x
B,S3,Drawdown-from-ATH DCA,"x=0.3, n_weeks=4",2020-12-07 00:00:00+00:00,1.497618014916718,1.4560400633888368,0.7418418145997072,0.7672160943329145,0.03422134276747425,0.03327126516648855,0.8465753424657534,1x
B,S3,Drawdown-from-ATH DCA,"x=0.3, n_weeks=4",2021-01-04 00:00:00+00:00,1.4617147370621608,1.4008341907518784,0.7395340304068707,0.7673371620725237,0.03411616035349001,0.03269521929866821,0.8721461187214612,1x
B,S3,Drawdown-from-ATH DCA,"x=0.3, n_weeks=4",2021-02-01 00:00:00+00:00,1.4483639577795395,1.386513622423898,0.7367435717339921,0.7674319682465924,0.03401512348002676,0.03256255571685998,0.897716894977169,1x
B,S3,Drawdown-from-ATH DCA,"x=0.3, n_weeks=4",2021-03-01 00:00:00+00:00,2.0646730222155294,1.9861887857895564,0.7333004223740348,0.7675242773872565,0.03346199818751069,0.03249070742509864,0.9233576642335767,1x
B,S3,Drawdown-from-ATH DCA,"x=0.3, n_weeks=4",2021-04-05 00:00:00+00:00,2.282554730868903,2.2164073146200476,0.7276669866504681,0.7676349748229772,0.032583900237636,0.03236207964397811,0.9552919708029197,1x
B,S3,Drawdown-from-ATH DCA,"x=0.3, n_weeks=4",2021-05-03 00:00:00+00:00,1.9593693447855567,1.907136155922548,0.7215409718037197,0.7677362100111943,0.03188142187773625,0.03229116929070912,0.9808394160583942,1x
B,S3,Drawdown-from-ATH DCA,"x=0.3, n_weeks=4",2021-06-07 00:00:00+00:00,2.302537217175125,2.2695485042231716,0.7102555859177673,0.7679369505647666,0.030992741462924158,0.03205619543851531,1.0,1x
B,S3,Drawdown-from-ATH DCA,"x=0.3, n_weeks=4",2021-07-05 00:00:00+00:00,1.86181237075416,1.8108958409394666,0.6961817729629087,0.7682104774944687,0.030290168379825358,0.03174225282238279,1.0,1x
B,S3,Drawdown-from-ATH DCA,"x=0.3, n_weeks=4",2021-08-02 00:00:00+00:00,2.090081926303293,2.0522110217905816,0.6702442078375723,0.7686647262645794,0.029544414521302343,0.03140145046610112,1.0,1x
B,S3,Drawdown-from-ATH DCA,"x=0.3, n_weeks=4",2021-09-06 00:00:00+00:00,1.8080112430393214,1.7549628133140618,0.6704679577993461,0.7694727012973894,0.028781211115905137,0.031238213124137805,0.9808394160583942,1x
B,S3,Drawdown-from-ATH DCA,"x=0.3, n_weeks=4",2021-10-04 00:00:00+00:00,1.9282967181295094,1.890357866015472,0.6708603737057361,0.7709716450232176,0.028175470832089124,0.031115613871635885,0.9297445255474452,1x
B,S3,Drawdown-from-ATH DCA,"x=0.3, n_weeks=4",2021-11-01 00:00:00+00:00,2.179077277105362,2.1823882493431275,0.6713757186429914,0.7762085122464988,0.027557030458296078,0.0310474583006394,0.9552919708029197,1x
B,S3,Drawdown-from-ATH DCA,"x=0.3, n_weeks=4",2021-12-06 00:00:00+00:00,2.870475164458671,2.995559194198079,0.6722761891816256,0.7122639592029544,0.026783979991054776,0.030899373124895664,0.9872262773722628,1x
B,S3,Drawdown-from-ATH DCA,"x=0.3, n_weeks=4",2022-01-03 00:00:00+00:00,2.838210124998841,2.9716633294097936,0.6733210609862239,0.6733763874907408,0.026177785894819186,0.030640508985066563,0.9936131386861314,1x
B,S3,Drawdown-from-ATH DCA,"x=0.3, n_weeks=4",2022-02-07 00:00:00+00:00,2.7811918287908584,2.9144773472846324,0.6756714674985848,0.6756714674985848,0.02537411973368425,0.030184837319961577,1.0,1x
B,S3,Drawdown-from-ATH DCA,"x=0.3, n_weeks=4",2022-03-07 00:00:00+00:00,2.5814627709386313,2.6813007781668716,0.6796335819157904,0.6796335819157904,0.024738442312837627,0.029814794042100884,1.0,1x
B,S3,Drawdown-from-ATH DCA,"x=0.3, n_weeks=4",2022-04-04 00:00:00+00:00,2.388816824962524,2.454605644738735,0.696627209054805,0.696627209054805,0.02411461009159716,0.029497830746806005,1.0,1x
B,S3,Drawdown-from-ATH DCA,"x=0.3, n_weeks=4",2022-05-02 00:00:00+00:00,2.6756588966613806,2.816343082749682,0.678620313459342,0.678620313459342,0.023505209866601283,0.029187954292315972,1.0,1x
B,S3,Drawdown-from-ATH DCA,"x=0.3, n_weeks=4",2022-06-06 00:00:00+00:00,2.725899570819285,2.894403163431816,0.5987120401188979,0.5987120401188979,0.022524272061851383,0.028513848898752463,1.0,1x
B,S3,Drawdown-from-ATH DCA,"x=0.3, n_weeks=4",2022-07-04 00:00:00+00:00,2.8167621943184433,3.034687134233389,0.3516111023095845,0.3516111023095845,0.021460955083837382,0.02769259685727698,1.0,1x
B,S3,Drawdown-from-ATH DCA,"x=0.3, n_weeks=4",2022-08-01 00:00:00+00:00,2.8334371992607243,3.0897598859385367,0.35032562688450763,0.35032562688450763,0.020239363880299597,0.026690143315081304,1.0,1x
B,S3,Drawdown-from-ATH DCA,"x=0.3, n_weeks=4",2022-09-05 00:00:00+00:00,2.605081143356677,2.8278673939870624,0.28881237525651204,0.28881237525651204,0.018809462525907216,0.02553820261673247,1.0,1x
B,S3,Drawdown-from-ATH DCA,"x=0.3, n_weeks=12",2018-01-01 00:00:00+00:00,3.8991204206084173,3.9094374654085198,0.7133461424232201,0.8397057339879949,0.1328254987304182,0.13516413622385987,0.9808394160583942,1x
B,S3,Drawdown-from-ATH DCA,"x=0.3, n_weeks=12",2018-02-05 00:00:00+00:00,4.876508452488548,4.937537075018321,0.7276408589296155,0.7276408589296155,0.1296093495721122,0.13367578646846576,1.0,1x
B,S3,Drawdown-from-ATH DCA,"x=0.3, n_weeks=12",2018-03-05 00:00:00+00:00,6.246887179560003,6.355385742762701,0.7364470161139185,0.7364470161139185,0.12676698410308787,0.13137995449139614,1.0,1x
B,S3,Drawdown-from-ATH DCA,"x=0.3, n_weeks=12",2018-04-02 00:00:00+00:00,7.422640484152226,7.580256698332603,0.6802639444419026,0.6802639444419026,0.12402007027905777,0.129090597725981,1.0,1x
B,S3,Drawdown-from-ATH DCA,"x=0.3, n_weeks=12",2018-05-07 00:00:00+00:00,6.940287887671491,7.086435291871654,0.6672162146034437,0.6672162146034437,0.12001900506188808,0.12566009687382795,1.0,1x
B,S3,Drawdown-from-ATH DCA,"x=0.3, n_weeks=12",2018-06-04 00:00:00+00:00,4.794929491159726,4.837740989182845,0.633047301837514,0.633047301837514,0.11825175200306173,0.1232646285003906,1.0,1x
B,S3,Drawdown-from-ATH DCA,"x=0.3, n_weeks=12",2018-07-02 00:00:00+00:00,4.007867778546312,4.026578854766553,0.6330220875623349,0.6330220875623349,0.11686456703966587,0.12017955858617266,1.0,1x
B,S3,Drawdown-from-ATH DCA,"x=0.3, n_weeks=12",2018-08-06 00:00:00+00:00,4.7298971553897475,4.760559078004514,0.6329868420524685,0.6329868420524685,0.11537495231744245,0.11650201867446339,1.0,1x
B,S3,Drawdown-from-ATH DCA,"x=0.3, n_weeks=12",2018-09-03 00:00:00+00:00,5.53603651312556,5.574600028759115,0.6329523382188247,0.6329523382188247,0.11202649019041264,0.11319757101721287,1.0,1x
B,S3,Drawdown-from-ATH DCA,"x=0.3, n_weeks=12",2018-10-01 00:00:00+00:00,4.786993982095447,4.817395509389865,0.6329125341559452,0.6329125341559452,0.10843262348711528,0.10992571460429,1.0,1x
B,S3,Drawdown-from-ATH DCA,"x=0.3, n_weeks=12",2018-11-05 00:00:00+00:00,6.425143089225418,6.484309519849692,0.6328513968000946,0.6328513968000946,0.10356320665692047,0.1056162303719747,1.0,1x
B,S3,Drawdown-from-ATH DCA,"x=0.3, n_weeks=12",2018-12-03 00:00:00+00:00,5.679276532710719,5.726434529031203,0.632778694710924,0.632778694710924,0.09891795702385343,0.10138810299355853,1.0,1x
B,S3,Drawdown-from-ATH DCA,"x=0.3, n_weeks=12",2019-01-07 00:00:00+00:00,4.014938593103924,4.026422863350916,0.6325867199882067,0.6325867199882067,0.09066046272780882,0.09345884339421252,1.0,1x
B,S3,Drawdown-from-ATH DCA,"x=0.3, n_weeks=12",2019-02-04 00:00:00+00:00,3.2519924491791254,3.249452809010662,0.63233085308593,0.63233085308593,0.08520872798301778,0.08708958978212578,1.0,1x
B,S3,Drawdown-from-ATH DCA,"x=0.3, n_weeks=12",2019-03-04 00:00:00+00:00,3.422114244391977,3.427092772006663,0.6318845193902299,0.6318845193902299,0.07975115262052192,0.08072484976696337,1.0,1x
B,S3,Drawdown-from-ATH DCA,"x=0.3, n_weeks=12",2019-04-01 00:00:00+00:00,3.403267497304413,3.407064724461093,0.6310500284042195,0.6310500284042195,0.07478009387107222,0.07486353045178509,1.0,1x
B,S3,Drawdown-from-ATH DCA,"x=0.3, n_weeks=12",2019-05-06 00:00:00+00:00,2.5268180513662077,2.529867906197906,0.6288368832714343,0.6288368832714343,0.06912757161363926,0.06921100819435208,1.0,1x
B,S3,Drawdown-from-ATH DCA,"x=0.3, n_weeks=12",2019-06-03 00:00:00+00:00,2.0223543642567985,2.024895226743345,0.6249940723525568,0.6249940723525568,0.06640986438135038,0.06649330096206318,1.0,1x
B,S3,Drawdown-from-ATH DCA,"x=0.3, n_weeks=12",2019-07-01 00:00:00+00:00,1.2886060954523333,1.2902700052665899,0.7145906701356662,0.7193053406886544,0.06461701563930644,0.06470045222001923,1.0,1x
B,S3,Drawdown-from-ATH DCA,"x=0.3, n_weeks=12",2019-08-05 00:00:00+00:00,1.426968736785492,1.428856320882226,0.7143460783516307,0.7193178179613204,0.06307607294819216,0.06315950952890495,1.0,1x
B,S3,Drawdown-from-ATH DCA,"x=0.3, n_weeks=12",2019-09-02 00:00:00+00:00,1.2452476512794948,1.2469273514666512,0.7141350046984013,0.7193285080445331,0.061855804361903945,0.06193924094261675,1.0,1x
B,S3,Drawdown-from-ATH DCA,"x=0.3, n_weeks=12",2019-10-07 00:00:00+00:00,1.2007469997238809,1.2024124497774173,0.7214105777005922,0.7268008988055241,0.06015564606417926,0.060239082644892056,1.0,1x
B,S3,Drawdown-from-ATH DCA,"x=0.3, n_weeks=12",2019-11-04 00:00:00+00:00,1.18068660593164,1.1823726773360996,0.7210759580638919,0.7268128906912148,0.05842721312500013,0.058510649705712924,1.0,1x
B,S3,Drawdown-from-ATH DCA,"x=0.3, n_weeks=12",2019-12-02 00:00:00+00:00,0.9648902203333842,0.9663067540356801,0.7612532619615341,0.7664994600336434,0.056833904210922194,0.056917340791635,1.0,1x
B,S3,Drawdown-from-ATH DCA,"x=0.3, n_weeks=12",2020-01-06 00:00:00+00:00,0.9158072578112791,0.9172116498223498,0.760702545936536,0.7665199771461912,0.054409186025973326,0.05449262260668613,1.0,1x
B,S3,Drawdown-from-ATH DCA,"x=0.3, n_weeks=12",2020-02-03 00:00:00+00:00,1.233699755390946,1.2356595922291138,0.7602238311436401,0.7665375224556092,0.05252258106968411,0.05260601765039691,1.0,1x
B,S3,Drawdown-from-ATH DCA,"x=0.3, n_weeks=12",2020-03-02 00:00:00+00:00,1.2058831925659654,1.2078547130285309,0.7597579268313011,0.7665543480077357,0.051034098928813464,0.05111753550952627,1.0,1x
B,S3,Drawdown-from-ATH DCA,"x=0.3, n_weeks=12",2020-04-06 00:00:00+00:00,1.3349387956064471,1.3372892049194935,0.7586478828895229,0.7665934827899941,0.047388651818243845,0.047472088398956676,1.0,1x
B,S3,Drawdown-from-ATH DCA,"x=0.3, n_weeks=12",2020-05-04 00:00:00+00:00,1.297211212143302,1.2996330556849252,0.7575644022583934,0.7666304537457287,0.044691106648047894,0.04477454322876072,1.0,1x
B,S3,Drawdown-from-ATH DCA,"x=0.3, n_weeks=12",2020-06-01 00:00:00+00:00,1.1641908061982384,1.1664611447622377,0.7564629564099958,0.7666668721017242,0.04278485231532261,0.04286828889603544,1.0,1x
B,S3,Drawdown-from-ATH DCA,"x=0.3, n_weeks=12",2020-07-06 00:00:00+00:00,1.236493278355763,1.2390384953974574,0.754714078885339,0.7667224527279624,0.040534370755161656,0.04061780733587449,1.0,1x
B,S3,Drawdown-from-ATH DCA,"x=0.3, n_weeks=12",2020-08-03 00:00:00+00:00,1.1285752460254797,1.1310104269045298,0.752788420486382,0.7667807238668434,0.038668363576435404,0.038751800157148235,1.0,1x
B,S3,Drawdown-from-ATH DCA,"x=0.3, n_weeks=12",2020-09-07 00:00:00+00:00,0.9555272583538761,0.9576765805012093,0.7500636071209482,0.7668584690443073,0.037093521468553936,0.03717695804926676,1.0,1x
B,S3,Drawdown-from-ATH DCA,"x=0.3, n_weeks=12",2020-10-05 00:00:00+00:00,0.9900441946865792,0.9923619435844709,0.7465678480587699,0.766951104898001,0.035640574539530984,0.0357240111202438,1.0,1x
B,S3,Drawdown-from-ATH DCA,"x=0.3, n_weeks=12",2020-11-02 00:00:00+00:00,1.2150336881479653,1.2179891311511242,0.7417439920146242,0.7670677830638355,0.03430222010088146,0.03438565668159428,0.8146118721461187,1x
B,S3,Drawdown-from-ATH DCA,"x=0.3, n_weeks=12",2020-12-07 00:00:00+00:00,1.499896224401218,1.4560400633888368,0.7390725899666177,0.7672160943329145,0.03427340102724988,0.03327126516648855,0.8465753424657534,1x
B,S3,Drawdown-from-ATH DCA,"x=0.3, n_weeks=12",2021-01-04 00:00:00+00:00,1.4638376503955182,1.4008341907518784,0.7364760447247065,0.7673371620725237,0.0341657087707434,0.03269521929866821,0.8721461187214612,1x
B,S3,Drawdown-from-ATH DCA,"x=0.3, n_weeks=12",2021-02-01 00:00:00+00:00,1.450366860291592,1.386513622423898,0.7333303952393961,0.7674319682465924,0.03406216205475792,0.03256255571685998,0.897716894977169,1x
B,S3,Drawdown-from-ATH DCA,"x=0.3, n_weeks=12",2021-03-01 00:00:00+00:00,2.0673951072536187,1.9861887857895564,0.7294399036266479,0.7675242773872565,0.033506526919719615,0.03249070742509864,0.9233576642335767,1x
B,S3,Drawdown-from-ATH DCA,"x=0.3, n_weeks=12",2021-04-05 00:00:00+00:00,2.2853895383699006,2.2164073146200476,0.7230529739796517,0.7676349748229772,0.03262529166669215,0.03236207964397811,0.9552919708029197,1x
B,S3,Drawdown-from-ATH DCA,"x=0.3, n_weeks=12",2021-05-03 00:00:00+00:00,1.9616657150040178,1.907136155922548,0.7160770659196207,0.7677362100111943,0.03192030346427017,0.03229116929070912,0.9808394160583942,1x
B,S3,Drawdown-from-ATH DCA,"x=0.3, n_weeks=12",2021-06-07 00:00:00+00:00,2.3051567260845442,2.2695485042231716,0.7031652341739724,0.7679369505647666,0.031029740667566405,0.03205619543851531,1.0,1x
B,S3,Drawdown-from-ATH DCA,"x=0.3, n_weeks=12",2021-07-05 00:00:00+00:00,1.8639231757489925,1.8108958409394666,0.6869627728402743,0.7682104774944687,0.03032716758446761,0.03174225282238279,1.0,1x
B,S3,Drawdown-from-ATH DCA,"x=0.3, n_weeks=12",2021-08-02 00:00:00+00:00,2.092499973063466,2.0522110217905816,0.67006525766431,0.7686647262645794,0.029581413725944593,0.03140145046610112,1.0,1x
B,S3,Drawdown-from-ATH DCA,"x=0.3, n_weeks=12",2021-09-06 00:00:00+00:00,1.8095663890730322,1.7549628133140618,0.6704520797720358,0.7694727012973894,0.02880889260457924,0.031238213124137805,0.9808394160583942,1x
B,S3,Drawdown-from-ATH DCA,"x=0.3, n_weeks=12",2021-10-04 00:00:00+00:00,1.9294123670872199,1.890357866015472,0.6708470548855937,0.7709716450232176,0.028193834604795073,0.031115613871635885,0.9297445255474452,1x
B,S3,Drawdown-from-ATH DCA,"x=0.3, n_weeks=12",2021-11-01 00:00:00+00:00,2.179786431457763,2.1823882493431275,0.6713661180931636,0.7762085122464988,0.027567119149064782,0.0310474583006394,0.9552919708029197,1x
B,S3,Drawdown-from-ATH DCA,"x=0.3, n_weeks=12",2021-12-06 00:00:00+00:00,2.870450427651484,2.995559194198079,0.6722765522678448,0.7122639592029544,0.026783724829401927,0.030899373124895664,0.9872262773722628,1x
B,S3,Drawdown-from-ATH DCA,"x=0.3, n_weeks=12",2022-01-03 00:00:00+00:00,2.8379971123282037,2.9716633294097936,0.6733256535716694,0.6733763874907408,0.026175589543508453,0.030640508985066563,0.9936131386861314,1x
B,S3,Drawdown-from-ATH DCA,"x=0.3, n_weeks=12",2022-02-07 00:00:00+00:00,2.7811918287908584,2.9144773472846324,0.6756714674985848,0.6756714674985848,0.02537411973368425,0.030184837319961577,1.0,1x
B,S3,Drawdown-from-ATH DCA,"x=0.3, n_weeks=12",2022-03-07 00:00:00+00:00,2.5814627709386313,2.6813007781668716,0.6796335819157904,0.6796335819157904,0.024738442312837627,0.029814794042100884,1.0,1x
B,S3,Drawdown-from-ATH DCA,"x=0.3, n_weeks=12",2022-04-04 00:00:00+00:00,2.388816824962524,2.454605644738735,0.696627209054805,0.696627209054805,0.02411461009159716,0.029497830746806005,1.0,1x
B,S3,Drawdown-from-ATH DCA,"x=0.3, n_weeks=12",2022-05-02 00:00:00+00:00,2.6756588966613806,2.816343082749682,0.678620313459342,0.678620313459342,0.023505209866601283,0.029187954292315972,1.0,1x
B,S3,Drawdown-from-ATH DCA,"x=0.3, n_weeks=12",2022-06-06 00:00:00+00:00,2.725899570819285,2.894403163431816,0.5987120401188979,0.5987120401188979,0.022524272061851383,0.028513848898752463,1.0,1x
B,S3,Drawdown-from-ATH DCA,"x=0.3, n_weeks=12",2022-07-04 00:00:00+00:00,2.8167621943184433,3.034687134233389,0.3516111023095845,0.3516111023095845,0.021460955083837382,0.02769259685727698,1.0,1x
B,S3,Drawdown-from-ATH DCA,"x=0.3, n_weeks=12",2022-08-01 00:00:00+00:00,2.8334371992607243,3.0897598859385367,0.35032562688450763,0.35032562688450763,0.020239363880299597,0.026690143315081304,1.0,1x
B,S3,Drawdown-from-ATH DCA,"x=0.3, n_weeks=12",2022-09-05 00:00:00+00:00,2.605081143356677,2.8278673939870624,0.28881237525651204,0.28881237525651204,0.018809462525907216,0.02553820261673247,1.0,1x
B,S3,Drawdown-from-ATH DCA,"x=0.4, n_weeks=4",2018-01-01 00:00:00+00:00,3.9073162123729106,3.9094374654085198,0.7173255071538289,0.8397057339879949,0.1326684277908891,0.13516413622385987,0.968065693430657,1x
B,S3,Drawdown-from-ATH DCA,"x=0.4, n_weeks=4",2018-02-05 00:00:00+00:00,4.871005079415735,4.937537075018321,0.7110079402433873,0.7276408589296155,0.12911547095460868,0.13367578646846576,1.0,1x
B,S3,Drawdown-from-ATH DCA,"x=0.4, n_weeks=4",2018-03-05 00:00:00+00:00,6.235735104370998,6.355385742762701,0.6789051292901684,0.7364470161139185,0.12627310548558437,0.13137995449139614,0.9936131386861314,1x
B,S3,Drawdown-from-ATH DCA,"x=0.4, n_weeks=4",2018-04-02 00:00:00+00:00,7.392889894886455,7.580256698332603,0.6802639444419026,0.6802639444419026,0.12329648164843857,0.129090597725981,1.0,1x
B,S3,Drawdown-from-ATH DCA,"x=0.4, n_weeks=4",2018-05-07 00:00:00+00:00,6.912220915487898,7.086435291871654,0.6672162146034437,0.6672162146034437,0.1192954164312689,0.12566009687382795,1.0,1x
B,S3,Drawdown-from-ATH DCA,"x=0.4, n_weeks=4",2018-06-04 00:00:00+00:00,4.787064398223468,4.837740989182845,0.6326566024355822,0.633047301837514,0.11945787881184133,0.1232646285003906,1.0,1x
B,S3,Drawdown-from-ATH DCA,"x=0.4, n_weeks=4",2018-07-02 00:00:00+00:00,3.9940993556469246,4.026578854766553,0.6326096381952221,0.6330220875623349,0.11837844533433105,0.12017955858617266,1.0,1x
B,S3,Drawdown-from-ATH DCA,"x=0.4, n_weeks=4",2018-08-06 00:00:00+00:00,4.719512918800672,4.760559078004514,0.6325446045702146,0.6329868420524685,0.11534164835032153,0.11650201867446339,1.0,1x
B,S3,Drawdown-from-ATH DCA,"x=0.4, n_weeks=4",2018-09-03 00:00:00+00:00,5.522700378261127,5.574600028759115,0.6324815780652876,0.6329523382188247,0.11149701267950797,0.11319757101721287,1.0,1x
B,S3,Drawdown-from-ATH DCA,"x=0.4, n_weeks=4",2018-10-01 00:00:00+00:00,4.776396688057236,4.817395509389865,0.6324095864477774,0.6329125341559452,0.10768211662744713,0.10992571460429,1.0,1x
B,S3,Drawdown-from-ATH DCA,"x=0.4, n_weeks=4",2018-11-05 00:00:00+00:00,6.401358706701596,6.484309519849692,0.6323003573750601,0.6328513968000946,0.1028126997972523,0.1056162303719747,1.0,1x
B,S3,Drawdown-from-ATH DCA,"x=0.4, n_weeks=4",2018-12-03 00:00:00+00:00,5.659180643734902,5.726434529031203,0.6321723442469647,0.632778694710924,0.09816745016418527,0.10138810299355853,1.0,1x
B,S3,Drawdown-from-ATH DCA,"x=0.4, n_weeks=4",2019-01-07 00:00:00+00:00,4.006085193755042,4.026422863350916,0.6318423376668658,0.6325867199882067,0.08958638425999947,0.09345884339421252,1.0,1x
B,S3,Drawdown-from-ATH DCA,"x=0.4, n_weeks=4",2019-02-04 00:00:00+00:00,3.2534759229186307,3.249452809010662,0.6314163263762729,0.63233085308593,0.08506355229709267,0.08708958978212578,1.0,1x
B,S3,Drawdown-from-ATH DCA,"x=0.4, n_weeks=4",2019-03-04 00:00:00+00:00,3.425926068286277,3.427092772006663,0.6306995182193902,0.6318845193902299,0.07960964159648638,0.08072484976696337,1.0,1x
B,S3,Drawdown-from-ATH DCA,"x=0.4, n_weeks=4",2019-04-01 00:00:00+00:00,3.4109369565979213,3.407064724461093,0.6294174184122829,0.6310500284042195,0.07466870392738742,0.07486353045178509,1.0,1x
B,S3,Drawdown-from-ATH DCA,"x=0.4, n_weeks=4",2019-05-06 00:00:00+00:00,2.536387253488995,2.529867906197906,0.6262239874307001,0.6288368832714343,0.06921510965421969,0.06921100819435208,1.0,1x
B,S3,Drawdown-from-ATH DCA,"x=0.4, n_weeks=4",2019-06-03 00:00:00+00:00,2.0307100295186724,2.024895226743345,0.6210805447930035,0.6249940723525568,0.06668424685687709,0.06649330096206318,1.0,1x
B,S3,Drawdown-from-ATH DCA,"x=0.4, n_weeks=4",2019-07-01 00:00:00+00:00,1.2940778883996076,1.2902700052665899,0.7112590432353183,0.7193053406886544,0.06489139811483319,0.06470045222001923,1.0,1x
B,S3,Drawdown-from-ATH DCA,"x=0.4, n_weeks=4",2019-08-05 00:00:00+00:00,1.4331760860416838,1.428856320882226,0.7108322333934571,0.7193178179613204,0.0633504554237189,0.06315950952890495,1.0,1x
B,S3,Drawdown-from-ATH DCA,"x=0.4, n_weeks=4",2019-09-02 00:00:00+00:00,1.2492303369902038,1.2469273514666512,0.7104514998145859,0.7193285080445331,0.06205363828506248,0.06193924094261675,1.0,1x
B,S3,Drawdown-from-ATH DCA,"x=0.4, n_weeks=4",2019-10-07 00:00:00+00:00,1.204695897378854,1.2024124497774173,0.717586132690472,0.7268008988055241,0.060353479987337796,0.060239082644892056,1.0,1x
B,S3,Drawdown-from-ATH DCA,"x=0.4, n_weeks=4",2019-11-04 00:00:00+00:00,1.1846843982407218,1.1823726773360996,0.7170036932404271,0.7268128906912148,0.05862504704815867,0.058510649705712924,1.0,1x
B,S3,Drawdown-from-ATH DCA,"x=0.4, n_weeks=4",2019-12-02 00:00:00+00:00,0.9682489200453983,0.9663067540356801,0.7575272312078185,0.7664994600336434,0.057031738134080745,0.056917340791635,1.0,1x
B,S3,Drawdown-from-ATH DCA,"x=0.4, n_weeks=4",2020-01-06 00:00:00+00:00,0.9191371687307953,0.9172116498223498,0.7565669357807033,0.7665199771461912,0.05460701994913188,0.05449262260668613,1.0,1x
B,S3,Drawdown-from-ATH DCA,"x=0.4, n_weeks=4",2020-02-03 00:00:00+00:00,1.2383466645419814,1.2356595922291138,0.7557316815800705,0.7665375224556092,0.05272041499284265,0.05260601765039691,1.0,1x
B,S3,Drawdown-from-ATH DCA,"x=0.4, n_weeks=4",2020-03-02 00:00:00+00:00,1.210557804401261,1.2078547130285309,0.7549182988667427,0.7665543480077357,0.05123193285197201,0.05111753550952627,1.0,1x
B,S3,Drawdown-from-ATH DCA,"x=0.4, n_weeks=4",2020-04-06 00:00:00+00:00,1.3405117792001626,1.3372892049194935,0.7529783239861894,0.7665934827899941,0.04758648574140238,0.047472088398956676,1.0,1x
B,S3,Drawdown-from-ATH DCA,"x=0.4, n_weeks=4",2020-05-04 00:00:00+00:00,1.3029535712503293,1.2996330556849252,0.7510817663851856,0.7666304537457287,0.04488894057120643,0.04477454322876072,1.0,1x
B,S3,Drawdown-from-ATH DCA,"x=0.4, n_weeks=4",2020-06-01 00:00:00+00:00,1.1695739364892555,1.1664611447622377,0.7491504405086185,0.7666668721017242,0.04298268623848115,0.04286828889603544,1.0,1x
B,S3,Drawdown-from-ATH DCA,"x=0.4, n_weeks=4",2020-07-06 00:00:00+00:00,1.2425281645932686,1.2390384953974574,0.7460763449856156,0.7667224527279624,0.04073220467832019,0.04061780733587449,1.0,1x
B,S3,Drawdown-from-ATH DCA,"x=0.4, n_weeks=4",2020-08-03 00:00:00+00:00,1.1343492288851242,1.1310104269045298,0.7426797486192127,0.7667807238668434,0.03886619749959396,0.038751800157148235,1.0,1x
B,S3,Drawdown-from-ATH DCA,"x=0.4, n_weeks=4",2020-09-07 00:00:00+00:00,0.9544190591127776,0.9576765805012093,0.737329248377446,0.7668584690443073,0.03705050122817698,0.03717695804926676,1.0,1x
B,S3,Drawdown-from-ATH DCA,"x=0.4, n_weeks=4",2020-10-05 00:00:00+00:00,0.9888491539278511,0.9923619435844709,0.7308293151682267,0.766951104898001,0.035597554299154024,0.0357240111202438,1.0,1x
B,S3,Drawdown-from-ATH DCA,"x=0.4, n_weeks=4",2020-11-02 00:00:00+00:00,1.2376060943840999,1.2179891311511242,0.7249784903273289,0.7670677830638355,0.03493947292314567,0.03438565668159428,0.8146118721461187,1x
B,S3,Drawdown-from-ATH DCA,"x=0.4, n_weeks=4",2020-12-07 00:00:00+00:00,1.5268843412217832,1.4560400633888368,0.7204734976305787,0.7672160943329145,0.03489009339283721,0.03327126516648855,0.8465753424657534,1x
B,S3,Drawdown-from-ATH DCA,"x=0.4, n_weeks=4",2021-01-04 00:00:00+00:00,1.4894416674677229,1.4008341907518784,0.7160853247767232,0.7673371620725237,0.034168656825073716,0.03269521929866821,0.8721461187214612,1x
B,S3,Drawdown-from-ATH DCA,"x=0.4, n_weeks=4",2021-02-01 00:00:00+00:00,1.4751380525690083,1.386513622423898,0.7107545558712995,0.7674319682465924,0.03344722025731023,0.03256255571685998,0.897716894977169,1x
B,S3,Drawdown-from-ATH DCA,"x=0.4, n_weeks=4",2021-03-01 00:00:00+00:00,2.0769923492291165,1.9861887857895564,0.7041358941082223,0.7675242773872565,0.03272578368954674,0.03249070742509864,0.9233576642335767,1x
B,S3,Drawdown-from-ATH DCA,"x=0.4, n_weeks=4",2021-04-05 00:00:00+00:00,2.2878348605030396,2.2164073146200476,0.6931978533390941,0.7676349748229772,0.03182398797984239,0.03236207964397811,0.9552919708029197,1x
B,S3,Drawdown-from-ATH DCA,"x=0.4, n_weeks=4",2021-05-03 00:00:00+00:00,1.9706936207371808,1.907136155922548,0.6811302096463576,0.7677362100111943,0.0311025514120789,0.03229116929070912,0.9808394160583942,1x
B,S3,Drawdown-from-ATH DCA,"x=0.4, n_weeks=4",2021-06-07 00:00:00+00:00,2.303712093637126,2.2695485042231716,0.6643189276858983,0.7679369505647666,0.030199652341369013,0.03205619543851531,1.0,1x
B,S3,Drawdown-from-ATH DCA,"x=0.4, n_weeks=4",2021-07-05 00:00:00+00:00,1.8728099032546708,1.8108958409394666,0.6639904823365428,0.7682104774944687,0.029478121050406477,0.03174225282238279,1.0,1x
B,S3,Drawdown-from-ATH DCA,"x=0.4, n_weeks=4",2021-08-02 00:00:00+00:00,2.094336209659835,2.0522110217905816,0.6635656503887879,0.7686647262645794,0.02873236719188346,0.03140145046610112,0.8403284671532847,1x
B,S3,Drawdown-from-ATH DCA,"x=0.4, n_weeks=4",2021-09-06 00:00:00+00:00,1.8150152119859646,1.7549628133140618,0.6629293517126977,0.7694727012973894,0.027885503180382035,0.031238213124137805,0.8722627737226277,1x
B,S3,Drawdown-from-ATH DCA,"x=0.4, n_weeks=4",2021-10-04 00:00:00+00:00,1.926845811280152,1.890357866015472,0.6622408162896776,0.7709716450232176,0.02720801197118089,0.031115613871635885,0.8978102189781022,1x
B,S3,Drawdown-from-ATH DCA,"x=0.4, n_weeks=4",2021-11-01 00:00:00+00:00,2.1642466880311284,2.1823882493431275,0.6612970358289763,0.7762085122464988,0.026530520761979745,0.0310474583006394,0.9233576642335767,1x
B,S3,Drawdown-from-ATH DCA,"x=0.4, n_weeks=4",2021-12-06 00:00:00+00:00,2.821128475461676,2.995559194198079,0.659480241076551,0.7122639592029544,0.025683656750478318,0.030899373124895664,0.9552919708029197,1x
B,S3,Drawdown-from-ATH DCA,"x=0.4, n_weeks=4",2022-01-03 00:00:00+00:00,2.7819056118151746,2.9716633294097936,0.6570034132021703,0.6733763874907408,0.025006165541277173,0.030640508985066563,0.9808394160583942,1x
B,S3,Drawdown-from-ATH DCA,"x=0.4, n_weeks=4",2022-02-07 00:00:00+00:00,2.720775219768367,2.9144773472846324,0.650344294556444,0.6756714674985848,0.02415468788222626,0.030184837319961577,0.9872262773722628,1x
B,S3,Drawdown-from-ATH DCA,"x=0.4, n_weeks=4",2022-03-07 00:00:00+00:00,2.5261689435443944,2.6813007781668716,0.6338082357911372,0.6796335819157904,0.023486176090493496,0.029814794042100884,1.0,1x
B,S3,Drawdown-from-ATH DCA,"x=0.4, n_weeks=4",2022-04-04 00:00:00+00:00,2.3380350241358707,2.454605644738735,0.6206925895546762,0.696627209054805,0.02281545581681918,0.029497830746806005,0.9872262773722628,1x
B,S3,Drawdown-from-ATH DCA,"x=0.4, n_weeks=4",2022-05-02 00:00:00+00:00,2.6029066064343565,2.816343082749682,0.678620313459342,0.678620313459342,0.022157119366865555,0.029187954292315972,1.0,1x
B,S3,Drawdown-from-ATH DCA,"x=0.4, n_weeks=4",2022-06-06 00:00:00+00:00,2.646381524434902,2.894403163431816,0.5987120401188979,0.5987120401188979,0.02117618156211566,0.028513848898752463,1.0,1x
B,S3,Drawdown-from-ATH DCA,"x=0.4, n_weeks=4",2022-07-04 00:00:00+00:00,2.7263568342491444,3.034687134233389,0.3516111023095845,0.3516111023095845,0.020112864584101657,0.02769259685727698,1.0,1x
B,S3,Drawdown-from-ATH DCA,"x=0.4, n_weeks=4",2022-08-01 00:00:00+00:00,2.734701583566409,3.0897598859385367,0.35032562688450763,0.35032562688450763,0.01889127338056387,0.026690143315081304,1.0,1x
B,S3,Drawdown-from-ATH DCA,"x=0.4, n_weeks=4",2022-09-05 00:00:00+00:00,2.513130750246536,2.8278673939870624,0.28881237525651204,0.28881237525651204,0.017461372026171488,0.02553820261673247,1.0,1x
B,S3,Drawdown-from-ATH DCA,"x=0.4, n_weeks=12",2018-01-01 00:00:00+00:00,3.891474547370247,3.9094374654085198,0.685618500640341,0.8397057339879949,0.1316802904614513,0.13516413622385987,0.968065693430657,1x
B,S3,Drawdown-from-ATH DCA,"x=0.4, n_weeks=12",2018-02-05 00:00:00+00:00,4.840350118148349,4.937537075018321,0.7102640079308336,0.7276408589296155,0.12794065399036314,0.13367578646846576,1.0,1x
B,S3,Drawdown-from-ATH DCA,"x=0.4, n_weeks=12",2018-03-05 00:00:00+00:00,6.191643256312241,6.355385742762701,0.6774636066173936,0.7364470161139185,0.12509828852133878,0.13137995449139614,0.9936131386861314,1x
B,S3,Drawdown-from-ATH DCA,"x=0.4, n_weeks=12",2018-04-02 00:00:00+00:00,7.337548901626486,7.580256698332603,0.6802639444419026,0.6802639444419026,0.12213709240062039,0.129090597725981,1.0,1x
B,S3,Drawdown-from-ATH DCA,"x=0.4, n_weeks=12",2018-05-07 00:00:00+00:00,6.859577542754184,7.086435291871654,0.6672162146034437,0.6672162146034437,0.1181360271834507,0.12566009687382795,1.0,1x
B,S3,Drawdown-from-ATH DCA,"x=0.4, n_weeks=12",2018-06-04 00:00:00+00:00,4.746993522333471,4.837740989182845,0.632357534319199,0.633047301837514,0.11648938133958679,0.1232646285003906,1.0,1x
B,S3,Drawdown-from-ATH DCA,"x=0.4, n_weeks=12",2018-07-02 00:00:00+00:00,3.9731828897220445,4.026578854766553,0.6322946026830584,0.6330220875623349,0.11450652452967404,0.12017955858617266,1.0,1x
B,S3,Drawdown-from-ATH DCA,"x=0.4, n_weeks=12",2018-08-06 00:00:00+00:00,4.675990026043019,4.760559078004514,0.6322078138191125,0.6329868420524685,0.11226965361029843,0.11650201867446339,1.0,1x
B,S3,Drawdown-from-ATH DCA,"x=0.4, n_weeks=12",2018-09-03 00:00:00+00:00,5.453421328644068,5.574600028759115,0.6321240782706075,0.6329523382188247,0.1084250179394849,0.11319757101721287,1.0,1x
B,S3,Drawdown-from-ATH DCA,"x=0.4, n_weeks=12",2018-10-01 00:00:00+00:00,4.723775652797742,4.817395509389865,0.6320288591411285,0.6329125341559452,0.10461012188742402,0.10992571460429,1.0,1x
B,S3,Drawdown-from-ATH DCA,"x=0.4, n_weeks=12",2018-11-05 00:00:00+00:00,6.294759928344683,6.484309519849692,0.63188520490906,0.6328513968000946,0.0997407050572292,0.1056162303719747,1.0,1x
B,S3,Drawdown-from-ATH DCA,"x=0.4, n_weeks=12",2018-12-03 00:00:00+00:00,5.567679705766937,5.726434529031203,0.6317180086143183,0.632778694710924,0.09509545542416217,0.10138810299355853,1.0,1x
B,S3,Drawdown-from-ATH DCA,"x=0.4, n_weeks=12",2019-01-07 00:00:00+00:00,3.955742933473749,4.026422863350916,0.6312920971394647,0.6325867199882067,0.08651438951997636,0.09345884339421252,1.0,1x
B,S3,Drawdown-from-ATH DCA,"x=0.4, n_weeks=12",2019-02-04 00:00:00+00:00,3.2206371330807744,3.249452809010662,0.6307514630484303,0.63233085308593,0.08092928987073034,0.08708958978212578,1.0,1x
B,S3,Drawdown-from-ATH DCA,"x=0.4, n_weeks=12",2019-03-04 00:00:00+00:00,3.3706207867535523,3.427092772006663,0.629860259519047,0.6318845193902299,0.07519847086952829,0.08072484976696337,1.0,1x
B,S3,Drawdown-from-ATH DCA,"x=0.4, n_weeks=12",2019-04-01 00:00:00+00:00,3.340115493822332,3.407064724461093,0.628309221528061,0.6310500284042195,0.06998103544715922,0.07486353045178509,1.0,1x
B,S3,Drawdown-from-ATH DCA,"x=0.4, n_weeks=12",2019-05-06 00:00:00+00:00,2.5059817805051776,2.529867906197906,0.6246015234052776,0.6288368832714343,0.06511062049336186,0.06921100819435208,1.0,1x
B,S3,Drawdown-from-ATH DCA,"x=0.4, n_weeks=12",2019-06-03 00:00:00+00:00,2.0246157018236826,2.024895226743345,0.6189021243055952,0.6249940723525568,0.06418555630850468,0.06649330096206318,1.0,1x
B,S3,Drawdown-from-ATH DCA,"x=0.4, n_weeks=12",2019-07-01 00:00:00+00:00,1.3048545281569022,1.2902700052665899,0.6987500075994068,0.7193053406886544,0.06472978967438739,0.06470045222001923,1.0,1x
B,S3,Drawdown-from-ATH DCA,"x=0.4, n_weeks=12",2019-08-05 00:00:00+00:00,1.4458918368258202,1.428856320882226,0.6976252864971744,0.7193178179613204,0.06391252774063454,0.06315950952890495,1.0,1x
B,S3,Drawdown-from-ATH DCA,"x=0.4, n_weeks=12",2019-09-02 00:00:00+00:00,1.2593191037491198,1.2469273514666512,0.6965944470745389,0.7193285080445331,0.06255478260141688,0.06193924094261675,1.0,1x
B,S3,Drawdown-from-ATH DCA,"x=0.4, n_weeks=12",2019-10-07 00:00:00+00:00,1.2146990736999796,1.2024124497774173,0.7039537493317083,0.7268008988055241,0.060854624303692186,0.060239082644892056,1.0,1x
B,S3,Drawdown-from-ATH DCA,"x=0.4, n_weeks=12",2019-11-04 00:00:00+00:00,1.1948114323796344,1.1823726773360996,0.7024628855715163,0.7268128906912148,0.05912619136451307,0.058510649705712924,1.0,1x
B,S3,Drawdown-from-ATH DCA,"x=0.4, n_weeks=12",2019-12-02 00:00:00+00:00,0.976757032527544,0.9663067540356801,0.7441957503291676,0.7664994600336434,0.05753288245043514,0.056917340791635,1.0,1x
B,S3,Drawdown-from-ATH DCA,"x=0.4, n_weeks=12",2020-01-06 00:00:00+00:00,0.9275723546920248,0.9172116498223498,0.7417186442998835,0.7665199771461912,0.055108164265486266,0.05449262260668613,1.0,1x
B,S3,Drawdown-from-ATH DCA,"x=0.4, n_weeks=12",2020-02-03 00:00:00+00:00,1.2501180133201708,1.2356595922291138,0.7395533204695346,0.7665375224556092,0.05322155930919705,0.05260601765039691,1.0,1x
B,S3,Drawdown-from-ATH DCA,"x=0.4, n_weeks=12",2020-03-02 00:00:00+00:00,1.2223993284180699,1.2078547130285309,0.737434687878116,0.7665543480077357,0.05173307716832642,0.05111753550952627,1.0,1x
B,S3,Drawdown-from-ATH DCA,"x=0.4, n_weeks=12",2020-04-06 00:00:00+00:00,1.3546290196033097,1.3372892049194935,0.7323396198954484,0.7665934827899941,0.048087630057756806,0.047472088398956676,1.0,1x
B,S3,Drawdown-from-ATH DCA,"x=0.4, n_weeks=12",2020-05-04 00:00:00+00:00,1.3174998663599229,1.2996330556849252,0.7272976305865326,0.7666304537457287,0.04539008488756084,0.04477454322876072,1.0,1x
B,S3,Drawdown-from-ATH DCA,"x=0.4, n_weeks=12",2020-06-01 00:00:00+00:00,1.1832102487377698,1.1664611447622377,0.7220964721981663,0.7666668721017242,0.04348383055483556,0.04286828889603544,1.0,1x
B,S3,Drawdown-from-ATH DCA,"x=0.4, n_weeks=12",2020-07-06 00:00:00+00:00,1.2578154767462395,1.2390384953974574,0.7136666125048131,0.7667224527279624,0.041233348994674596,0.04061780733587449,1.0,1x
B,S3,Drawdown-from-ATH DCA,"x=0.4, n_weeks=12",2020-08-03 00:00:00+00:00,1.1489756319136866,1.1310104269045298,0.7041144202995787,0.7667807238668434,0.03936734181594835,0.038751800157148235,1.0,1x
B,S3,Drawdown-from-ATH DCA,"x=0.4, n_weeks=12",2020-09-07 00:00:00+00:00,0.989020996969172,0.9576765805012093,0.6955724316525741,0.7668584690443073,0.038393746764616085,0.03717695804926676,1.0,1x
B,S3,Drawdown-from-ATH DCA,"x=0.4, n_weeks=12",2020-10-05 00:00:00+00:00,1.0261625940890122,0.9923619435844709,0.6790551904935929,0.766951104898001,0.036940799835593126,0.0357240111202438,1.0,1x
B,S3,Drawdown-from-ATH DCA,"x=0.4, n_weeks=12",2020-11-02 00:00:00+00:00,1.2845659769970061,1.2179891311511242,0.6666840869787458,0.7670677830638355,0.03626522071517175,0.03438565668159428,0.8146118721461187,1x
B,S3,Drawdown-from-ATH DCA,"x=0.4, n_weeks=12",2020-12-07 00:00:00+00:00,1.5829882599512917,1.4560400633888368,0.6631776753326896,0.7672160943329145,0.03617209682383079,0.03327126516648855,0.8465753424657534,1x
B,S3,Drawdown-from-ATH DCA,"x=0.4, n_weeks=12",2021-01-04 00:00:00+00:00,1.542870009561719,1.4008341907518784,0.6598493387265513,0.7673371620725237,0.035415664767241284,0.03269521929866821,0.8721461187214612,1x
B,S3,Drawdown-from-ATH DCA,"x=0.4, n_weeks=12",2021-02-01 00:00:00+00:00,1.5267455428322916,1.386513622423898,0.6559148598829813,0.7674319682465924,0.034659232710651786,0.03256255571685998,0.897716894977169,1x
B,S3,Drawdown-from-ATH DCA,"x=0.4, n_weeks=12",2021-03-01 00:00:00+00:00,2.1489445497465756,1.9861887857895564,0.6511853529717808,0.7675242773872565,0.033902800654062266,0.03249070742509864,0.9233576642335767,1x
B,S3,Drawdown-from-ATH DCA,"x=0.4, n_weeks=12",2021-04-05 00:00:00+00:00,2.3654501965831374,2.2164073146200476,0.6437165503616098,0.7676349748229772,0.0329572605833254,0.03236207964397811,0.9552919708029197,1x
B,S3,Drawdown-from-ATH DCA,"x=0.4, n_weeks=12",2021-05-03 00:00:00+00:00,2.035558537077862,1.907136155922548,0.6359315341749706,0.7677362100111943,0.032200828526735885,0.03229116929070912,0.9808394160583942,1x
B,S3,Drawdown-from-ATH DCA,"x=0.4, n_weeks=12",2021-06-07 00:00:00+00:00,2.3796108451895117,2.2695485042231716,0.6150808772455575,0.7679369505647666,0.03127168283940649,0.03205619543851531,1.0,1x
B,S3,Drawdown-from-ATH DCA,"x=0.4, n_weeks=12",2021-07-05 00:00:00+00:00,1.933384239042275,1.8108958409394666,0.5867578472011968,0.7682104774944687,0.030539897127003206,0.03174225282238279,1.0,1x
B,S3,Drawdown-from-ATH DCA,"x=0.4, n_weeks=12",2021-08-02 00:00:00+00:00,2.1637275446052593,2.0522110217905816,0.5767327129174503,0.7686647262645794,0.02979414326848018,0.03140145046610112,0.8403284671532847,1x
B,S3,Drawdown-from-ATH DCA,"x=0.4, n_weeks=12",2021-09-06 00:00:00+00:00,1.8661217161059536,1.7549628133140618,0.5795749044486583,0.7694727012973894,0.028795195314949302,0.031238213124137805,0.8722627737226277,1x
B,S3,Drawdown-from-ATH DCA,"x=0.4, n_weeks=12",2021-10-04 00:00:00+00:00,1.9747204644201808,1.890357866015472,0.582477215275686,0.7709716450232176,0.027996036952124596,0.031115613871635885,0.8978102189781022,1x
B,S3,Drawdown-from-ATH DCA,"x=0.4, n_weeks=12",2021-11-01 00:00:00+00:00,2.2110863190926944,2.1823882493431275,0.5861962819269979,0.7762085122464988,0.02719687858929989,0.0310474583006394,0.9233576642335767,1x
B,S3,Drawdown-from-ATH DCA,"x=0.4, n_weeks=12",2021-12-06 00:00:00+00:00,2.8709850812637288,2.995559194198079,0.5926451143538445,0.7122639592029544,0.026197930635768998,0.030899373124895664,0.9552919708029197,1x
B,S3,Drawdown-from-ATH DCA,"x=0.4, n_weeks=12",2022-01-03 00:00:00+00:00,2.8199824932384967,2.9716633294097936,0.6002498369032321,0.6733763874907408,0.025398772272944296,0.030640508985066563,0.9808394160583942,1x
B,S3,Drawdown-from-ATH DCA,"x=0.4, n_weeks=12",2022-02-07 00:00:00+00:00,2.7498724878492546,2.9144773472846324,0.5969721840662989,0.6756714674985848,0.024456044248675705,0.030184837319961577,0.9872262773722628,1x
B,S3,Drawdown-from-ATH DCA,"x=0.4, n_weeks=12",2022-03-07 00:00:00+00:00,2.546373505661818,2.6813007781668716,0.5890783661781911,0.6796335819157904,0.02371084124672922,0.029814794042100884,1.0,1x
B,S3,Drawdown-from-ATH DCA,"x=0.4, n_weeks=12",2022-04-04 00:00:00+00:00,2.347382565068724,2.454605644738735,0.5798016785739539,0.696627209054805,0.02292778839493704,0.029497830746806005,0.9872262773722628,1x
B,S3,Drawdown-from-ATH DCA,"x=0.4, n_weeks=12",2022-05-02 00:00:00+00:00,2.6029066064343565,2.816343082749682,0.678620313459342,0.678620313459342,0.022157119366865555,0.029187954292315972,1.0,1x
B,S3,Drawdown-from-ATH DCA,"x=0.4, n_weeks=12",2022-06-06 00:00:00+00:00,2.646381524434902,2.894403163431816,0.5987120401188979,0.5987120401188979,0.02117618156211566,0.028513848898752463,1.0,1x
B,S3,Drawdown-from-ATH DCA,"x=0.4, n_weeks=12",2022-07-04 00:00:00+00:00,2.7263568342491444,3.034687134233389,0.3516111023095845,0.3516111023095845,0.020112864584101657,0.02769259685727698,1.0,1x
B,S3,Drawdown-from-ATH DCA,"x=0.4, n_weeks=12",2022-08-01 00:00:00+00:00,2.734701583566409,3.0897598859385367,0.35032562688450763,0.35032562688450763,0.01889127338056387,0.026690143315081304,1.0,1x
B,S3,Drawdown-from-ATH DCA,"x=0.4, n_weeks=12",2022-09-05 00:00:00+00:00,2.513130750246536,2.8278673939870624,0.28881237525651204,0.28881237525651204,0.017461372026171488,0.02553820261673247,1.0,1x
B,S3,Drawdown-from-ATH DCA,"x=0.5, n_weeks=4",2018-01-01 00:00:00+00:00,3.8902285840524815,3.9094374654085198,0.6748658624813025,0.8397057339879949,0.12943505945712405,0.13516413622385987,0.968065693430657,1x
B,S3,Drawdown-from-ATH DCA,"x=0.5, n_weeks=4",2018-02-05 00:00:00+00:00,4.814717316998132,4.937537075018321,0.6743369603456217,0.7276408589296155,0.1255222688774119,0.13367578646846576,1.0,1x
B,S3,Drawdown-from-ATH DCA,"x=0.5, n_weeks=4",2018-03-05 00:00:00+00:00,6.12442504080776,6.355385742762701,0.6734470909896838,0.7364470161139185,0.1223920364136422,0.13137995449139614,0.9936131386861314,1x
B,S3,Drawdown-from-ATH DCA,"x=0.5, n_weeks=4",2018-04-02 00:00:00+00:00,7.2414249323307285,7.580256698332603,0.6714826612077794,0.6802639444419026,0.11941541257649642,0.129090597725981,1.0,1x
B,S3,Drawdown-from-ATH DCA,"x=0.5, n_weeks=4",2018-05-07 00:00:00+00:00,6.769786269206004,7.086435291871654,0.6284045454156555,0.6672162146034437,0.11541434735932674,0.12566009687382795,0.9936131386861314,1x
B,S3,Drawdown-from-ATH DCA,"x=0.5, n_weeks=4",2018-06-04 00:00:00+00:00,4.693127115959566,4.837740989182845,0.6269539881931852,0.633047301837514,0.11227677249879314,0.1232646285003906,1.0,1x
B,S3,Drawdown-from-ATH DCA,"x=0.5, n_weeks=4",2018-07-02 00:00:00+00:00,3.9469965631448467,4.026578854766553,0.6299001930705479,0.6330220875623349,0.10848912950147638,0.12017955858617266,1.0,1x
B,S3,Drawdown-from-ATH DCA,"x=0.5, n_weeks=4",2018-08-06 00:00:00+00:00,4.614679540895862,4.760559078004514,0.614718815209529,0.6329868420524685,0.10665804540755182,0.11650201867446339,1.0,1x
B,S3,Drawdown-from-ATH DCA,"x=0.5, n_weeks=4",2018-09-03 00:00:00+00:00,5.345062110235607,5.574600028759115,0.6136226369766837,0.6329523382188247,0.10281340973673828,0.11319757101721287,1.0,1x
B,S3,Drawdown-from-ATH DCA,"x=0.5, n_weeks=4",2018-10-01 00:00:00+00:00,4.645845604333003,4.817395509389865,0.6123976193858394,0.6329125341559452,0.09899851368467742,0.10992571460429,1.0,1x
B,S3,Drawdown-from-ATH DCA,"x=0.5, n_weeks=4",2018-11-05 00:00:00+00:00,6.118228817194221,6.484309519849692,0.610589844358751,0.6328513968000946,0.09412909685448259,0.1056162303719747,1.0,1x
B,S3,Drawdown-from-ATH DCA,"x=0.5, n_weeks=4",2018-12-03 00:00:00+00:00,5.418727797102269,5.726434529031203,0.6085420573251047,0.632778694710924,0.08948384722141557,0.10138810299355853,1.0,1x
B,S3,Drawdown-from-ATH DCA,"x=0.5, n_weeks=4",2019-01-07 00:00:00+00:00,3.8819755198577264,4.026422863350916,0.6035633498186743,0.6325867199882067,0.08090278131722979,0.09345884339421252,1.0,1x
B,S3,Drawdown-from-ATH DCA,"x=0.5, n_weeks=4",2019-02-04 00:00:00+00:00,3.1789515772519144,3.249452809010662,0.5976489496428761,0.63233085308593,0.07389059477623508,0.08708958978212578,1.0,1x
B,S3,Drawdown-from-ATH DCA,"x=0.5, n_weeks=4",2019-03-04 00:00:00+00:00,3.2872078181013187,3.427092772006663,0.5886513199956066,0.6318845193902299,0.06689017734022604,0.08072484976696337,1.0,1x
B,S3,Drawdown-from-ATH DCA,"x=0.5, n_weeks=4",2019-04-01 00:00:00+00:00,3.221983198345774,3.407064724461093,0.5745504346665173,0.6310500284042195,0.060405025803807265,0.07486353045178509,1.0,1x
B,S3,Drawdown-from-ATH DCA,"x=0.5, n_weeks=4",2019-05-06 00:00:00+00:00,2.4778250830968376,2.529867906197906,0.5454048986751553,0.6288368832714343,0.05397777562351686,0.06921100819435208,1.0,1x
B,S3,Drawdown-from-ATH DCA,"x=0.5, n_weeks=4",2019-06-03 00:00:00+00:00,2.0672480696830915,2.024895226743345,0.5174936714977068,0.6249940723525568,0.06368783524961957,0.06649330096206318,1.0,1x
B,S3,Drawdown-from-ATH DCA,"x=0.5, n_weeks=4",2019-07-01 00:00:00+00:00,1.3159263033391346,1.2902700052665899,0.6785192321107771,0.7193053406886544,0.0659869845588395,0.06470045222001923,0.9744525547445255,1x
B,S3,Drawdown-from-ATH DCA,"x=0.5, n_weeks=4",2019-08-05 00:00:00+00:00,1.4431596548498256,1.428856320882226,0.6755704575545944,0.7193178179613204,0.06379175753370359,0.06315950952890495,0.948905109489051,1x
B,S3,Drawdown-from-ATH DCA,"x=0.5, n_weeks=4",2019-09-02 00:00:00+00:00,1.244252301560463,1.2469273514666512,0.6726975358338119,0.7193285080445331,0.06180636186150746,0.06193924094261675,0.9744525547445255,1x
B,S3,Drawdown-from-ATH DCA,"x=0.5, n_weeks=4",2019-10-07 00:00:00+00:00,1.1873021517880347,1.2024124497774173,0.6773214111259913,0.7268008988055241,0.05948207909794785,0.060239082644892056,1.0,1x
B,S3,Drawdown-from-ATH DCA,"x=0.5, n_weeks=4",2019-11-04 00:00:00+00:00,1.16707528592009,1.1823726773360996,0.6736543709732895,0.7268128906912148,0.057753646158768726,0.058510649705712924,1.0,1x
B,S3,Drawdown-from-ATH DCA,"x=0.5, n_weeks=4",2019-12-02 00:00:00+00:00,0.9534548247278963,0.9663067540356801,0.7173490210300202,0.7664994600336434,0.05616033724469081,0.056917340791635,1.0,1x
B,S3,Drawdown-from-ATH DCA,"x=0.5, n_weeks=4",2020-01-06 00:00:00+00:00,0.9044698796707171,0.9172116498223498,0.7109833573584188,0.7665199771461912,0.053735619059741925,0.05449262260668613,1.0,1x
B,S3,Drawdown-from-ATH DCA,"x=0.5, n_weeks=4",2020-02-03 00:00:00+00:00,1.2178783813351544,1.2356595922291138,0.7052444837654719,0.7665375224556092,0.051849014103452704,0.05260601765039691,1.0,1x
B,S3,Drawdown-from-ATH DCA,"x=0.5, n_weeks=4",2020-03-02 00:00:00+00:00,1.1674123541655448,1.2078547130285309,0.6970440752620066,0.7665543480077357,0.0494059772459631,0.05111753550952627,1.0,1x
B,S3,Drawdown-from-ATH DCA,"x=0.5, n_weeks=4",2020-04-06 00:00:00+00:00,1.2890745915193356,1.3372892049194935,0.6811989049551725,0.7665934827899941,0.04576053013539348,0.047472088398956676,1.0,1x
B,S3,Drawdown-from-ATH DCA,"x=0.5, n_weeks=4",2020-05-04 00:00:00+00:00,1.2499530916774175,1.2996330556849252,0.6640145793308008,0.7666304537457287,0.043062984965197504,0.04477454322876072,1.0,1x
B,S3,Drawdown-from-ATH DCA,"x=0.5, n_weeks=4",2020-06-01 00:00:00+00:00,1.1188221447246551,1.1664611447622377,0.6441211610573787,0.7666668721017242,0.0411175212639549,0.04286828889603544,1.0,1x
B,S3,Drawdown-from-ATH DCA,"x=0.5, n_weeks=4",2020-07-06 00:00:00+00:00,1.1844577447743019,1.2390384953974574,0.6067005181944134,0.7667224527279624,0.03882855670218244,0.04061780733587449,1.0,1x
B,S3,Drawdown-from-ATH DCA,"x=0.5, n_weeks=4",2020-08-03 00:00:00+00:00,1.0914148978887472,1.1310104269045298,0.5693471385979287,0.7667807238668434,0.0373951389000671,0.038751800157148235,0.680365296803653,1x
B,S3,Drawdown-from-ATH DCA,"x=0.5, n_weeks=4",2020-09-07 00:00:00+00:00,0.9665975967373134,0.9576765805012093,0.5672974694552011,0.7668584690443073,0.037523271463543735,0.03717695804926676,0.7123287671232876,1x
B,S3,Drawdown-from-ATH DCA,"x=0.5, n_weeks=4",2020-10-05 00:00:00+00:00,1.0457934831299027,0.9923619435844709,0.5654276905323306,0.766951104898001,0.03764749168621361,0.0357240111202438,0.7378995433789954,1x
B,S3,Drawdown-from-ATH DCA,"x=0.5, n_weeks=4",2020-11-02 00:00:00+00:00,1.334334310457065,1.2179891311511242,0.5633081100589266,0.7670677830638355,0.03749043682610986,0.03438565668159428,0.7634703196347032,1x
B,S3,Drawdown-from-ATH DCA,"x=0.5, n_weeks=4",2020-12-07 00:00:00+00:00,1.6334332130157712,1.4560400633888368,0.5602216857524801,0.7672160943329145,0.03645152189013557,0.03327126516648855,0.7954337899543379,1x
B,S3,Drawdown-from-ATH DCA,"x=0.5, n_weeks=4",2021-01-04 00:00:00+00:00,1.589858067243014,1.4008341907518784,0.5573101429558082,0.7673371620725237,0.03562038994135614,0.03269521929866821,0.8210045662100457,1x
B,S3,Drawdown-from-ATH DCA,"x=0.5, n_weeks=4",2021-02-01 00:00:00+00:00,1.5704985798462094,1.386513622423898,0.5538905988023828,0.7674319682465924,0.03478925799257671,0.03256255571685998,0.8465753424657534,1x
B,S3,Drawdown-from-ATH DCA,"x=0.5, n_weeks=4",2021-03-01 00:00:00+00:00,2.190543205549513,1.9861887857895564,0.5498111039460979,0.7675242773872565,0.033958126043797277,0.03249070742509864,0.8722627737226277,1x
B,S3,Drawdown-from-ATH DCA,"x=0.5, n_weeks=4",2021-04-05 00:00:00+00:00,2.4010608326048715,2.2164073146200476,0.5434352955874769,0.7676349748229772,0.03291921110782297,0.03236207964397811,0.9041970802919708,1x
B,S3,Drawdown-from-ATH DCA,"x=0.5, n_weeks=4",2021-05-03 00:00:00+00:00,2.0671160511543922,1.907136155922548,0.5368724742866979,0.7677362100111943,0.03208807915904354,0.03229116929070912,0.9297445255474452,1x
B,S3,Drawdown-from-ATH DCA,"x=0.5, n_weeks=4",2021-06-07 00:00:00+00:00,2.4020732968298883,2.2695485042231716,0.5257958150288891,0.7679369505647666,0.03104916422306925,0.03205619543851531,0.9562043795620438,1x
B,S3,Drawdown-from-ATH DCA,"x=0.5, n_weeks=4",2021-07-05 00:00:00+00:00,1.953238406485882,1.8108958409394666,0.5131278256027674,0.7682104774944687,0.03021803227428982,0.03174225282238279,0.9498175182481752,1x
B,S3,Drawdown-from-ATH DCA,"x=0.5, n_weeks=4",2021-08-02 00:00:00+00:00,2.175662524498832,2.0522110217905816,0.49869511311522996,0.7686647262645794,0.02939200150863158,0.03140145046610112,0.7381386861313869,1x
B,S3,Drawdown-from-ATH DCA,"x=0.5, n_weeks=4",2021-09-06 00:00:00+00:00,1.8787841463041706,1.7549628133140618,0.49892257933906436,0.7694727012973894,0.028340333614854298,0.031238213124137805,0.7700729927007299,1x
B,S3,Drawdown-from-ATH DCA,"x=0.5, n_weeks=4",2021-10-04 00:00:00+00:00,1.9827406405809511,1.890357866015472,0.4991528690940996,0.7709716450232176,0.027498999299832478,0.031115613871635885,0.7956204379562044,1x
B,S3,Drawdown-from-ATH DCA,"x=0.5, n_weeks=4",2021-11-01 00:00:00+00:00,2.211400471523356,2.1823882493431275,0.4994445012922514,0.7762085122464988,0.026657664984810668,0.0310474583006394,0.8211678832116789,1x
B,S3,Drawdown-from-ATH DCA,"x=0.5, n_weeks=4",2021-12-06 00:00:00+00:00,2.851816271360757,2.995559194198079,0.4999391906025543,0.7122639592029544,0.025605997091033394,0.030899373124895664,0.8531021897810219,1x
B,S3,Drawdown-from-ATH DCA,"x=0.5, n_weeks=4",2022-01-03 00:00:00+00:00,2.796700077351026,2.9716633294097936,0.500501253347271,0.6733763874907408,0.024764662776011578,0.030640508985066563,0.8786496350364964,1x
B,S3,Drawdown-from-ATH DCA,"x=0.5, n_weeks=4",2022-02-07 00:00:00+00:00,2.716344399764148,2.9144773472846324,0.501582788137269,0.6756714674985848,0.023712994882234304,0.030184837319961577,0.9105839416058394,1x
B,S3,Drawdown-from-ATH DCA,"x=0.5, n_weeks=4",2022-03-07 00:00:00+00:00,2.509120961610948,2.6813007781668716,0.5030481696264837,0.6796335819157904,0.022871660567212484,0.029814794042100884,0.9361313868613139,1x
B,S3,Drawdown-from-ATH DCA,"x=0.5, n_weeks=4",2022-04-04 00:00:00+00:00,2.3109185275223307,2.454605644738735,0.5057756726626426,0.696627209054805,0.022030326252190664,0.029497830746806005,0.9616788321167883,1x
B,S3,Drawdown-from-ATH DCA,"x=0.5, n_weeks=4",2022-05-02 00:00:00+00:00,2.5477086383839436,2.816343082749682,0.5124001630061743,0.678620313459342,0.021188991937168843,0.029187954292315972,0.9872262773722628,1x
B,S3,Drawdown-from-ATH DCA,"x=0.5, n_weeks=4",2022-06-06 00:00:00+00:00,2.579371907939972,2.894403163431816,0.5987120401188979,0.5987120401188979,0.02013955910771586,0.028513848898752463,1.0,1x
B,S3,Drawdown-from-ATH DCA,"x=0.5, n_weeks=4",2022-07-04 00:00:00+00:00,2.6509753511502367,3.034687134233389,0.3516111023095845,0.3516111023095845,0.019076242129701857,0.02769259685727698,1.0,1x
B,S3,Drawdown-from-ATH DCA,"x=0.5, n_weeks=4",2022-08-01 00:00:00+00:00,2.6529144993350284,3.0897598859385367,0.35032562688450763,0.35032562688450763,0.01785465092616407,0.026690143315081304,1.0,1x
B,S3,Drawdown-from-ATH DCA,"x=0.5, n_weeks=4",2022-09-05 00:00:00+00:00,2.436561204518865,2.8278673939870624,0.28881237525651204,0.28881237525651204,0.01642474957177169,0.02553820261673247,1.0,1x
B,S3,Drawdown-from-ATH DCA,"x=0.5, n_weeks=12",2018-01-01 00:00:00+00:00,3.8839563067495457,3.9094374654085198,0.6601205682936246,0.8397057339879949,0.12899339980219185,0.13516413622385987,0.968065693430657,1x
B,S3,Drawdown-from-ATH DCA,"x=0.5, n_weeks=12",2018-02-05 00:00:00+00:00,4.800056088161198,4.937537075018321,0.6646527742339747,0.7276408589296155,0.12494930554019668,0.13367578646846576,1.0,1x
B,S3,Drawdown-from-ATH DCA,"x=0.5, n_weeks=12",2018-03-05 00:00:00+00:00,6.100120350562255,6.355385742762701,0.6667709584431651,0.7364470161139185,0.12175519108202447,0.13137995449139614,0.9936131386861314,1x
B,S3,Drawdown-from-ATH DCA,"x=0.5, n_weeks=12",2018-04-02 00:00:00+00:00,7.208655627978744,7.580256698332603,0.6664871824227645,0.6802639444419026,0.11874662624767744,0.129090597725981,1.0,1x
B,S3,Drawdown-from-ATH DCA,"x=0.5, n_weeks=12",2018-05-07 00:00:00+00:00,6.738573070132462,7.086435291871654,0.6254681731012923,0.6672162146034437,0.11474556103050777,0.12566009687382795,0.9936131386861314,1x
B,S3,Drawdown-from-ATH DCA,"x=0.5, n_weeks=12",2018-06-04 00:00:00+00:00,4.669434315947962,4.837740989182845,0.6269539881931852,0.633047301837514,0.11150741217266573,0.1232646285003906,1.0,1x
B,S3,Drawdown-from-ATH DCA,"x=0.5, n_weeks=12",2018-07-02 00:00:00+00:00,3.927721507061899,4.026578854766553,0.6299001930705479,0.6330220875623349,0.10771976917534898,0.12017955858617266,1.0,1x
B,S3,Drawdown-from-ATH DCA,"x=0.5, n_weeks=12",2018-08-06 00:00:00+00:00,4.574525921586044,4.760559078004514,0.6116744350814225,0.6329868420524685,0.1042045948261278,0.11650201867446339,1.0,1x
B,S3,Drawdown-from-ATH DCA,"x=0.5, n_weeks=12",2018-09-03 00:00:00+00:00,5.2843383196300255,5.574600028759115,0.6104350977940187,0.6329523382188247,0.10035995915531426,0.11319757101721287,1.0,1x
B,S3,Drawdown-from-ATH DCA,"x=0.5, n_weeks=12",2018-10-01 00:00:00+00:00,4.598425747643216,4.817395509389865,0.6090541952066117,0.6329125341559452,0.09654506310325339,0.10992571460429,1.0,1x
B,S3,Drawdown-from-ATH DCA,"x=0.5, n_weeks=12",2018-11-05 00:00:00+00:00,6.027699601148785,6.484309519849692,0.6070240919698973,0.6328513968000946,0.09167564627305856,0.1056162303719747,1.0,1x
B,S3,Drawdown-from-ATH DCA,"x=0.5, n_weeks=12",2018-12-03 00:00:00+00:00,5.34025648102584,5.726434529031203,0.6047352330029026,0.632778694710924,0.08703039663999153,0.10138810299355853,1.0,1x
B,S3,Drawdown-from-ATH DCA,"x=0.5, n_weeks=12",2019-01-07 00:00:00+00:00,3.8363756082747327,4.026422863350916,0.5992156791475938,0.6325867199882067,0.07844933073580573,0.09345884339421252,1.0,1x
B,S3,Drawdown-from-ATH DCA,"x=0.5, n_weeks=12",2019-02-04 00:00:00+00:00,3.1475097929391445,3.249452809010662,0.5927358845166926,0.63233085308593,0.07143714419481102,0.08708958978212578,1.0,1x
B,S3,Drawdown-from-ATH DCA,"x=0.5, n_weeks=12",2019-03-04 00:00:00+00:00,3.2431494340531404,3.427092772006663,0.5830207077422579,0.6318845193902299,0.06443672675880198,0.08072484976696337,1.0,1x
B,S3,Drawdown-from-ATH DCA,"x=0.5, n_weeks=12",2019-04-01 00:00:00+00:00,3.1704262351475654,3.407064724461093,0.5680887280779318,0.6310500284042195,0.0579515752223832,0.07486353045178509,1.0,1x
B,S3,Drawdown-from-ATH DCA,"x=0.5, n_weeks=12",2019-05-06 00:00:00+00:00,2.4482445845331595,2.529867906197906,0.5380954028831635,0.6288368832714343,0.0515243250420928,0.06921100819435208,1.0,1x
B,S3,Drawdown-from-ATH DCA,"x=0.5, n_weeks=12",2019-06-03 00:00:00+00:00,2.052139971838692,2.024895226743345,0.5093643585674321,0.6249940723525568,0.053319050841127265,0.06649330096206318,1.0,1x
B,S3,Drawdown-from-ATH DCA,"x=0.5, n_weeks=12",2019-07-01 00:00:00+00:00,1.4201350456570752,1.2902700052665899,0.6370486242408562,0.7193053406886544,0.05927705617519523,0.06470045222001923,0.9744525547445255,1x
B,S3,Drawdown-from-ATH DCA,"x=0.5, n_weeks=12",2019-08-05 00:00:00+00:00,1.5419380655018067,1.428856320882226,0.6308252969954387,0.7193178179613204,0.06815804396687823,0.06315950952890495,0.948905109489051,1x
B,S3,Drawdown-from-ATH DCA,"x=0.5, n_weeks=12",2019-09-02 00:00:00+00:00,1.3318286957739842,1.2469273514666512,0.6248538926024013,0.7193285080445331,0.06615658753880664,0.06193924094261675,0.9744525547445255,1x
B,S3,Drawdown-from-ATH DCA,"x=0.5, n_weeks=12",2019-10-07 00:00:00+00:00,1.273814987510149,1.2024124497774173,0.6374863634571253,0.7268008988055241,0.06381624401937155,0.060239082644892056,1.0,1x
B,S3,Drawdown-from-ATH DCA,"x=0.5, n_weeks=12",2019-11-04 00:00:00+00:00,1.2546593105025339,1.1823726773360996,0.6306624324553809,0.7268128906912148,0.06208781108019242,0.058510649705712924,1.0,1x
B,S3,Drawdown-from-ATH DCA,"x=0.5, n_weeks=12",2019-12-02 00:00:00+00:00,1.027037546239927,0.9663067540356801,0.6773797445199463,0.7664994600336434,0.06049450216611449,0.056917340791635,1.0,1x
B,S3,Drawdown-from-ATH DCA,"x=0.5, n_weeks=12",2020-01-06 00:00:00+00:00,0.9774218935033823,0.9172116498223498,0.6653852836103928,0.7665199771461912,0.058069783981165614,0.05449262260668613,1.0,1x
B,S3,Drawdown-from-ATH DCA,"x=0.5, n_weeks=12",2020-02-03 00:00:00+00:00,1.31968332112458,1.2356595922291138,0.6544711912321164,0.7665375224556092,0.056183179024876385,0.05260601765039691,1.0,1x
B,S3,Drawdown-from-ATH DCA,"x=0.5, n_weeks=12",2020-03-02 00:00:00+00:00,1.275824940883516,1.2078547130285309,0.6402127607490433,0.7665543480077357,0.05399409880682552,0.05111753550952627,1.0,1x
B,S3,Drawdown-from-ATH DCA,"x=0.5, n_weeks=12",2020-04-06 00:00:00+00:00,1.4183220217700454,1.3372892049194935,0.6099072494914435,0.7665934827899941,0.050348651696255894,0.047472088398956676,1.0,1x
B,S3,Drawdown-from-ATH DCA,"x=0.5, n_weeks=12",2020-05-04 00:00:00+00:00,1.3831286422024598,1.2996330556849252,0.5762435778749044,0.7666304537457287,0.04765110652605994,0.04477454322876072,1.0,1x
B,S3,Drawdown-from-ATH DCA,"x=0.5, n_weeks=12",2020-06-01 00:00:00+00:00,1.2486599872746427,1.1664611447622377,0.5413885202709814,0.7666668721017242,0.04588915568063781,0.04286828889603544,1.0,1x
B,S3,Drawdown-from-ATH DCA,"x=0.5, n_weeks=12",2020-07-06 00:00:00+00:00,1.3366070905527396,1.2390384953974574,0.4761572050848015,0.7667224527279624,0.043816273255028945,0.04061780733587449,1.0,1x
B,S3,Drawdown-from-ATH DCA,"x=0.5, n_weeks=12",2020-08-03 00:00:00+00:00,1.2354594014138347,1.1310104269045298,0.4027454672732438,0.7667807238668434,0.04233053443803503,0.038751800157148235,0.680365296803653,1x
B,S3,Drawdown-from-ATH DCA,"x=0.5, n_weeks=12",2020-09-07 00:00:00+00:00,1.086994205389485,0.9576765805012093,0.4022036425995609,0.7668584690443073,0.04219706192711885,0.03717695804926676,0.7095890410958904,1x
B,S3,Drawdown-from-ATH DCA,"x=0.5, n_weeks=12",2020-10-05 00:00:00+00:00,1.1698110867905558,0.9923619435844709,0.4017123838567689,0.766951104898001,0.042111998090274466,0.0357240111202438,0.7333333333333333,1x
B,S3,Drawdown-from-ATH DCA,"x=0.5, n_weeks=12",2020-11-02 00:00:00+00:00,1.4850603708688581,1.2179891311511242,0.40115900462678844,0.7670677830638355,0.04174565917065645,0.03438565668159428,0.7579908675799086,1x
B,S3,Drawdown-from-ATH DCA,"x=0.5, n_weeks=12",2020-12-07 00:00:00+00:00,1.808204647588157,1.4560400633888368,0.40035995107674227,0.7672160943329145,0.04044513916028934,0.03327126516648855,0.7890410958904109,1x
B,S3,Drawdown-from-ATH DCA,"x=0.5, n_weeks=12",2021-01-04 00:00:00+00:00,1.7519986940495023,1.4008341907518784,0.39961359866165147,0.7673371620725237,0.03940472315199565,0.03269521929866821,0.8146118721461187,1x
B,S3,Drawdown-from-ATH DCA,"x=0.5, n_weeks=12",2021-02-01 00:00:00+00:00,1.7227241727011222,1.386513622423898,0.398746351234852,0.7674319682465924,0.03836430714370195,0.03256255571685998,0.8392694063926941,1x
B,S3,Drawdown-from-ATH DCA,"x=0.5, n_weeks=12",2021-03-01 00:00:00+00:00,2.3962957240494824,1.9861887857895564,0.3977250845540091,0.7675242773872565,0.037323891135408266,0.03249070742509864,0.8622262773722628,1x
B,S3,Drawdown-from-ATH DCA,"x=0.5, n_weeks=12",2021-04-05 00:00:00+00:00,2.613657891990506,2.2164073146200476,0.3961584949012541,0.7676349748229772,0.03602337112504114,0.03236207964397811,0.8859489051094891,1x
B,S3,Drawdown-from-ATH DCA,"x=0.5, n_weeks=12",2021-05-03 00:00:00+00:00,2.238089191090719,1.907136155922548,0.39458414396320307,0.7677362100111943,0.03498295511674744,0.03229116929070912,0.8978102189781022,1x
B,S3,Drawdown-from-ATH DCA,"x=0.5, n_weeks=12",2021-06-07 00:00:00+00:00,2.5885064000936824,2.2695485042231716,0.3920160944105806,0.7679369505647666,0.03368243510638033,0.03205619543851531,0.8895985401459854,1x
B,S3,Drawdown-from-ATH DCA,"x=0.5, n_weeks=12",2021-07-05 00:00:00+00:00,2.091526879023358,1.8108958409394666,0.3892173458351651,0.7682104774944687,0.03264201909808663,0.03174225282238279,0.8832116788321168,1x
B,S3,Drawdown-from-ATH DCA,"x=0.5, n_weeks=12",2021-08-02 00:00:00+00:00,2.323632018506432,2.0522110217905816,0.36415417991832655,0.7686647262645794,0.03165612380757508,0.03140145046610112,0.7381386861313869,1x
B,S3,Drawdown-from-ATH DCA,"x=0.5, n_weeks=12",2021-09-06 00:00:00+00:00,1.9904705381862986,1.7549628133140618,0.3659858989015232,0.7694727012973894,0.030328343438316887,0.031238213124137805,0.7700729927007299,1x
B,S3,Drawdown-from-ATH DCA,"x=0.5, n_weeks=12",2021-10-04 00:00:00+00:00,2.090097959942706,1.890357866015472,0.36782587930170907,0.7709716450232176,0.029266119142910337,0.031115613871635885,0.7956204379562044,1x
B,S3,Drawdown-from-ATH DCA,"x=0.5, n_weeks=12",2021-11-01 00:00:00+00:00,2.320088076494079,2.1823882493431275,0.3701367899285247,0.7762085122464988,0.028203894847503786,0.0310474583006394,0.8211678832116789,1x
B,S3,Drawdown-from-ATH DCA,"x=0.5, n_weeks=12",2021-12-06 00:00:00+00:00,2.974948601637998,2.995559194198079,0.37401312604853043,0.7122639592029544,0.0268761144782456,0.030899373124895664,0.8531021897810219,1x
B,S3,Drawdown-from-ATH DCA,"x=0.5, n_weeks=12",2022-01-03 00:00:00+00:00,2.898459177064433,2.9716633294097936,0.37836017426155044,0.6733763874907408,0.025813890182839055,0.030640508985066563,0.8786496350364964,1x
B,S3,Drawdown-from-ATH DCA,"x=0.5, n_weeks=12",2022-02-07 00:00:00+00:00,2.790992009435609,2.9144773472846324,0.38658747000716054,0.6756714674985848,0.02448610981358086,0.030184837319961577,0.9105839416058394,1x
B,S3,Drawdown-from-ATH DCA,"x=0.5, n_weeks=12",2022-03-07 00:00:00+00:00,2.5587835951561027,2.6813007781668716,0.39751487217594794,0.6796335819157904,0.023423885518174314,0.029814794042100884,0.9361313868613139,1x
B,S3,Drawdown-from-ATH DCA,"x=0.5, n_weeks=12",2022-04-04 00:00:00+00:00,2.3384899342491106,2.454605644738735,0.41737618910107865,0.696627209054805,0.022361661222767764,0.029497830746806005,0.9616788321167883,1x
B,S3,Drawdown-from-ATH DCA,"x=0.5, n_weeks=12",2022-05-02 00:00:00+00:00,2.558365465547556,2.816343082749682,0.4638584967118504,0.678620313459342,0.02129943692736121,0.029187954292315972,0.9872262773722628,1x
B,S3,Drawdown-from-ATH DCA,"x=0.5, n_weeks=12",2022-06-06 00:00:00+00:00,2.579371907939972,2.894403163431816,0.5987120401188979,0.5987120401188979,0.02013955910771586,0.028513848898752463,1.0,1x
B,S3,Drawdown-from-ATH DCA,"x=0.5, n_weeks=12",2022-07-04 00:00:00+00:00,2.6509753511502367,3.034687134233389,0.3516111023095845,0.3516111023095845,0.019076242129701857,0.02769259685727698,1.0,1x
B,S3,Drawdown-from-ATH DCA,"x=0.5, n_weeks=12",2022-08-01 00:00:00+00:00,2.6529144993350284,3.0897598859385367,0.35032562688450763,0.35032562688450763,0.01785465092616407,0.026690143315081304,1.0,1x
B,S3,Drawdown-from-ATH DCA,"x=0.5, n_weeks=12",2022-09-05 00:00:00+00:00,2.436561204518865,2.8278673939870624,0.28881237525651204,0.28881237525651204,0.01642474957177169,0.02553820261673247,1.0,1x
B,S4,Log-regression band,trim_z=1.5,2018-01-01 00:00:00+00:00,4.151722944253967,3.9094374654085198,0.6331530785095326,0.8397057339879949,0.14354086759697754,0.13516413622385987,0.968065693430657,1x
B,S4,Log-regression band,trim_z=1.5,2018-02-05 00:00:00+00:00,5.046518976770744,4.937537075018321,0.6331248136055113,0.7276408589296155,0.13645385235208468,0.13367578646846576,1.0,1x
B,S4,Log-regression band,trim_z=1.5,2018-03-05 00:00:00+00:00,6.419658172080636,6.355385742762701,0.6491627631652879,0.7364470161139185,0.1321819276615698,0.13137995449139614,0.9872262773722628,1x
B,S4,Log-regression band,trim_z=1.5,2018-04-02 00:00:00+00:00,7.572088554753561,7.580256698332603,0.6802639444419026,0.6802639444419026,0.12808373269581805,0.129090597725981,1.0,1x
B,S4,Log-regression band,trim_z=1.5,2018-05-07 00:00:00+00:00,7.080280791108005,7.086435291871654,0.6672162146034437,0.6672162146034437,0.12408266747864838,0.12566009687382795,1.0,1x
B,S4,Log-regression band,trim_z=1.5,2018-06-04 00:00:00+00:00,4.860718184058612,4.837740989182845,0.633047301837514,0.633047301837514,0.12157799936087307,0.1232646285003906,1.0,1x
B,S4,Log-regression band,trim_z=1.5,2018-07-02 00:00:00+00:00,4.0592408428243445,4.026578854766553,0.6330220875623349,0.6330220875623349,0.11849292944665511,0.12017955858617266,1.0,1x
B,S4,Log-regression band,trim_z=1.5,2018-08-06 00:00:00+00:00,4.780811236778437,4.760559078004514,0.6329868420524685,0.6329868420524685,0.11481538953494586,0.11650201867446339,1.0,1x
B,S4,Log-regression band,trim_z=1.5,2018-09-03 00:00:00+00:00,5.580711185234079,5.574600028759115,0.6329523382188247,0.6329523382188247,0.11151094187769532,0.11319757101721287,1.0,1x
B,S4,Log-regression band,trim_z=1.5,2018-10-01 00:00:00+00:00,4.832652479839028,4.817395509389865,0.6329125341559452,0.6329125341559452,0.10823908546477247,0.10992571460429,1.0,1x
B,S4,Log-regression band,trim_z=1.5,2018-11-05 00:00:00+00:00,6.469906684135537,6.484309519849692,0.6328513968000946,0.6328513968000946,0.10361797203646464,0.1056162303719747,1.0,1x
B,S4,Log-regression band,trim_z=1.5,2018-12-03 00:00:00+00:00,5.7234317613251715,5.726434529031203,0.632778694710924,0.632778694710924,0.09919226146735159,0.10138810299355853,1.0,1x
B,S4,Log-regression band,trim_z=1.5,2019-01-07 00:00:00+00:00,4.05284004628825,4.026422863350916,0.6325867199882067,0.6325867199882067,0.09126300186800558,0.09345884339421252,1.0,1x
B,S4,Log-regression band,trim_z=1.5,2019-02-04 00:00:00+00:00,3.2885415346432785,3.249452809010662,0.63233085308593,0.63233085308593,0.08489374825591882,0.08708958978212578,1.0,1x
B,S4,Log-regression band,trim_z=1.5,2019-03-04 00:00:00+00:00,3.4548896241333287,3.427092772006663,0.6318845193902299,0.6318845193902299,0.07852900824075643,0.08072484976696337,1.0,1x
B,S4,Log-regression band,trim_z=1.5,2019-04-01 00:00:00+00:00,3.4281503382975504,3.407064724461093,0.6310500284042195,0.6310500284042195,0.07266768892557814,0.07486353045178509,1.0,1x
B,S4,Log-regression band,trim_z=1.5,2019-05-06 00:00:00+00:00,2.5706224850459627,2.529867906197906,0.6288368832714343,0.6288368832714343,0.06701516666814511,0.06921100819435208,1.0,1x
B,S4,Log-regression band,trim_z=1.5,2019-06-03 00:00:00+00:00,2.0750791058961267,2.024895226743345,0.6249940723525568,0.6249940723525568,0.0673127699561562,0.06649330096206318,1.0,1x
B,S4,Log-regression band,trim_z=1.5,2019-07-01 00:00:00+00:00,1.3258619884160234,1.2902700052665899,0.7090842731351077,0.7193053406886544,0.06648520843056127,0.06470045222001923,1.0,1x
B,S4,Log-regression band,trim_z=1.5,2019-08-05 00:00:00+00:00,1.4692328249381943,1.428856320882226,0.7085583972128382,0.7193178179613204,0.06494426573944698,0.06315950952890495,1.0,1x
B,S4,Log-regression band,trim_z=1.5,2019-09-02 00:00:00+00:00,1.28285709972893,1.2469273514666512,0.7081061363764902,0.7193285080445331,0.0637239971531588,0.06193924094261675,1.0,1x
B,S4,Log-regression band,trim_z=1.5,2019-10-07 00:00:00+00:00,1.2380373795264976,1.2024124497774173,0.715304528527575,0.7268008988055241,0.0620238388554341,0.060239082644892056,1.0,1x
B,S4,Log-regression band,trim_z=1.5,2019-11-04 00:00:00+00:00,1.2184387095826152,1.1823726773360996,0.7146062807964794,0.7268128906912148,0.060295405916254964,0.058510649705712924,1.0,1x
B,S4,Log-regression band,trim_z=1.5,2019-12-02 00:00:00+00:00,0.9966072205818504,0.9663067540356801,0.755366864481377,0.7664994600336434,0.05870209700217704,0.056917340791635,1.0,1x
B,S4,Log-regression band,trim_z=1.5,2020-01-06 00:00:00+00:00,0.947252398644762,0.9172116498223498,0.7542305402266087,0.7665199771461912,0.05627737881722817,0.05449262260668613,1.0,1x
B,S4,Log-regression band,trim_z=1.5,2020-02-03 00:00:00+00:00,1.2775816237731636,1.2356595922291138,0.753251049267766,0.7665375224556092,0.054390773860938955,0.05260601765039691,1.0,1x
B,S4,Log-regression band,trim_z=1.5,2020-03-02 00:00:00+00:00,1.2500266639847428,1.2078547130285309,0.7523049713927642,0.7665543480077357,0.05290229172006832,0.05111753550952627,1.0,1x
B,S4,Log-regression band,trim_z=1.5,2020-04-06 00:00:00+00:00,1.387565805218025,1.3372892049194935,0.7500785665908679,0.7665934827899941,0.04925684460949873,0.047472088398956676,1.0,1x
B,S4,Log-regression band,trim_z=1.5,2020-05-04 00:00:00+00:00,1.3514376750131123,1.2996330556849252,0.7479414851669746,0.7666304537457287,0.046559299439302766,0.04477454322876072,1.0,1x
B,S4,Log-regression band,trim_z=1.5,2020-06-01 00:00:00+00:00,1.2150249859157605,1.1664611447622377,0.7458036528555373,0.7666668721017242,0.04465304510657748,0.04286828889603544,1.0,1x
B,S4,Log-regression band,trim_z=1.5,2020-07-06 00:00:00+00:00,1.293482144496362,1.2390384953974574,0.7424769711268031,0.7667224527279624,0.042402563546416513,0.04061780733587449,1.0,1x
B,S4,Log-regression band,trim_z=1.5,2020-08-03 00:00:00+00:00,1.1831003395129722,1.1310104269045298,0.7389039324705078,0.7667807238668434,0.04053655636769028,0.038751800157148235,1.0,1x
B,S4,Log-regression band,trim_z=1.5,2020-09-07 00:00:00+00:00,1.003651811246962,0.9576765805012093,0.7339958909851472,0.7668584690443073,0.038961714259808815,0.03717695804926676,1.0,1x
B,S4,Log-regression band,trim_z=1.5,2020-10-05 00:00:00+00:00,1.041939918911948,0.9923619435844709,0.727928496798939,0.766951104898001,0.03750876733078586,0.0357240111202438,1.0,1x
B,S4,Log-regression band,trim_z=1.5,2020-11-02 00:00:00+00:00,1.281207748329905,1.2179891311511242,0.7199295763078697,0.7670677830638355,0.036170412892136336,0.03438565668159428,1.0,1x
B,S4,Log-regression band,trim_z=1.5,2020-12-07 00:00:00+00:00,1.5341457961563638,1.4560400633888368,0.7091542759036238,0.7672160943329145,0.03505602137703061,0.03327126516648855,1.0,1x
B,S4,Log-regression band,trim_z=1.5,2021-01-04 00:00:00+00:00,1.4773024810864808,1.4008341907518784,0.6998265756028489,0.7673371620725237,0.03447997550921026,0.03269521929866821,1.0,1x
B,S4,Log-regression band,trim_z=1.5,2021-02-01 00:00:00+00:00,1.4601077923602643,1.386513622423898,0.697362713728582,0.7674319682465924,0.03429092983467037,0.03256255571685998,1.0,1x
B,S4,Log-regression band,trim_z=1.5,2021-03-01 00:00:00+00:00,2.0793453962631125,1.9861887857895564,0.7004313261446248,0.7675242773872565,0.034014592867039145,0.03249070742509864,0.9297445255474452,1x
B,S4,Log-regression band,trim_z=1.5,2021-04-05 00:00:00+00:00,2.2877980322870526,2.2164073146200476,0.7191503997508092,0.7676349748229772,0.03340446570530386,0.03236207964397811,0.9616788321167883,1x
B,S4,Log-regression band,trim_z=1.5,2021-05-03 00:00:00+00:00,1.9469813604584152,1.907136155922548,0.7352653408574111,0.7677362100111943,0.03296581868115509,0.03229116929070912,0.9872262773722628,1x
B,S4,Log-regression band,trim_z=1.5,2021-06-07 00:00:00+00:00,2.3039637357048997,2.2695485042231716,0.7414588478152102,0.7679369505647666,0.032542292732486836,0.03205619543851531,1.0,1x
B,S4,Log-regression band,trim_z=1.5,2021-07-05 00:00:00+00:00,1.8386276964215156,1.8108958409394666,0.7363608465538645,0.7682104774944687,0.03222835011635433,0.03174225282238279,1.0,1x
B,S4,Log-regression band,trim_z=1.5,2021-08-02 00:00:00+00:00,2.083979434062743,2.0522110217905816,0.727668652920941,0.7686647262645794,0.031887547760072646,0.03140145046610112,1.0,1x
B,S4,Log-regression band,trim_z=1.5,2021-09-06 00:00:00+00:00,1.7822717592893822,1.7549628133140618,0.7120187133171231,0.7694727012973894,0.03172431041810933,0.031238213124137805,1.0,1x
B,S4,Log-regression band,trim_z=1.5,2021-10-04 00:00:00+00:00,1.9198895939479097,1.890357866015472,0.6846602363137606,0.7709716450232176,0.03160171116560743,0.031115613871635885,1.0,1x
B,S4,Log-regression band,trim_z=1.5,2021-11-01 00:00:00+00:00,2.2024945391445208,2.1823882493431275,0.6733427715019253,0.7762085122464988,0.03133349777797677,0.0310474583006394,0.9808394160583942,1x
B,S4,Log-regression band,trim_z=1.5,2021-12-06 00:00:00+00:00,2.995559194198079,2.995559194198079,0.7122639592029544,0.7122639592029544,0.030899373124895664,0.030899373124895664,1.0,1x
B,S4,Log-regression band,trim_z=1.5,2022-01-03 00:00:00+00:00,2.9716633294097936,2.9716633294097936,0.6733763874907408,0.6733763874907408,0.030640508985066563,0.030640508985066563,1.0,1x
B,S4,Log-regression band,trim_z=1.5,2022-02-07 00:00:00+00:00,2.9144773472846324,2.9144773472846324,0.6756714674985848,0.6756714674985848,0.030184837319961577,0.030184837319961577,1.0,1x
B,S4,Log-regression band,trim_z=1.5,2022-03-07 00:00:00+00:00,2.6813007781668716,2.6813007781668716,0.6796335819157904,0.6796335819157904,0.029814794042100884,0.029814794042100884,1.0,1x
B,S4,Log-regression band,trim_z=1.5,2022-04-04 00:00:00+00:00,2.454605644738735,2.454605644738735,0.696627209054805,0.696627209054805,0.029497830746806005,0.029497830746806005,1.0,1x
B,S4,Log-regression band,trim_z=1.5,2022-05-02 00:00:00+00:00,2.816343082749682,2.816343082749682,0.678620313459342,0.678620313459342,0.029187954292315972,0.029187954292315972,1.0,1x
B,S4,Log-regression band,trim_z=1.5,2022-06-06 00:00:00+00:00,2.894403163431816,2.894403163431816,0.5987120401188979,0.5987120401188979,0.028513848898752463,0.028513848898752463,1.0,1x
B,S4,Log-regression band,trim_z=1.5,2022-07-04 00:00:00+00:00,3.034687134233389,3.034687134233389,0.3516111023095845,0.3516111023095845,0.02769259685727698,0.02769259685727698,1.0,1x
B,S4,Log-regression band,trim_z=1.5,2022-08-01 00:00:00+00:00,3.0897598859385367,3.0897598859385367,0.35032562688450763,0.35032562688450763,0.026690143315081304,0.026690143315081304,1.0,1x
B,S4,Log-regression band,trim_z=1.5,2022-09-05 00:00:00+00:00,2.8278673939870624,2.8278673939870624,0.28881237525651204,0.28881237525651204,0.02553820261673247,0.02553820261673247,1.0,1x
B,S4,Log-regression band,trim_z=2.0,2018-01-01 00:00:00+00:00,4.151722944253967,3.9094374654085198,0.6331530785095326,0.8397057339879949,0.14354086759697754,0.13516413622385987,0.968065693430657,1x
B,S4,Log-regression band,trim_z=2.0,2018-02-05 00:00:00+00:00,5.046518976770744,4.937537075018321,0.6331248136055113,0.7276408589296155,0.13645385235208468,0.13367578646846576,1.0,1x
B,S4,Log-regression band,trim_z=2.0,2018-03-05 00:00:00+00:00,6.419658172080636,6.355385742762701,0.6491627631652879,0.7364470161139185,0.1321819276615698,0.13137995449139614,0.9872262773722628,1x
B,S4,Log-regression band,trim_z=2.0,2018-04-02 00:00:00+00:00,7.572088554753561,7.580256698332603,0.6802639444419026,0.6802639444419026,0.12808373269581805,0.129090597725981,1.0,1x
B,S4,Log-regression band,trim_z=2.0,2018-05-07 00:00:00+00:00,7.080280791108005,7.086435291871654,0.6672162146034437,0.6672162146034437,0.12408266747864838,0.12566009687382795,1.0,1x
B,S4,Log-regression band,trim_z=2.0,2018-06-04 00:00:00+00:00,4.860718184058612,4.837740989182845,0.633047301837514,0.633047301837514,0.12157799936087307,0.1232646285003906,1.0,1x
B,S4,Log-regression band,trim_z=2.0,2018-07-02 00:00:00+00:00,4.0592408428243445,4.026578854766553,0.6330220875623349,0.6330220875623349,0.11849292944665511,0.12017955858617266,1.0,1x
B,S4,Log-regression band,trim_z=2.0,2018-08-06 00:00:00+00:00,4.780811236778437,4.760559078004514,0.6329868420524685,0.6329868420524685,0.11481538953494586,0.11650201867446339,1.0,1x
B,S4,Log-regression band,trim_z=2.0,2018-09-03 00:00:00+00:00,5.580711185234079,5.574600028759115,0.6329523382188247,0.6329523382188247,0.11151094187769532,0.11319757101721287,1.0,1x
B,S4,Log-regression band,trim_z=2.0,2018-10-01 00:00:00+00:00,4.832652479839028,4.817395509389865,0.6329125341559452,0.6329125341559452,0.10823908546477247,0.10992571460429,1.0,1x
B,S4,Log-regression band,trim_z=2.0,2018-11-05 00:00:00+00:00,6.469906684135537,6.484309519849692,0.6328513968000946,0.6328513968000946,0.10361797203646464,0.1056162303719747,1.0,1x
B,S4,Log-regression band,trim_z=2.0,2018-12-03 00:00:00+00:00,5.7234317613251715,5.726434529031203,0.632778694710924,0.632778694710924,0.09919226146735159,0.10138810299355853,1.0,1x
B,S4,Log-regression band,trim_z=2.0,2019-01-07 00:00:00+00:00,4.05284004628825,4.026422863350916,0.6325867199882067,0.6325867199882067,0.09126300186800558,0.09345884339421252,1.0,1x
B,S4,Log-regression band,trim_z=2.0,2019-02-04 00:00:00+00:00,3.2885415346432785,3.249452809010662,0.63233085308593,0.63233085308593,0.08489374825591882,0.08708958978212578,1.0,1x
B,S4,Log-regression band,trim_z=2.0,2019-03-04 00:00:00+00:00,3.4548896241333287,3.427092772006663,0.6318845193902299,0.6318845193902299,0.07852900824075643,0.08072484976696337,1.0,1x
B,S4,Log-regression band,trim_z=2.0,2019-04-01 00:00:00+00:00,3.4281503382975504,3.407064724461093,0.6310500284042195,0.6310500284042195,0.07266768892557814,0.07486353045178509,1.0,1x
B,S4,Log-regression band,trim_z=2.0,2019-05-06 00:00:00+00:00,2.5706224850459627,2.529867906197906,0.6288368832714343,0.6288368832714343,0.06701516666814511,0.06921100819435208,1.0,1x
B,S4,Log-regression band,trim_z=2.0,2019-06-03 00:00:00+00:00,2.0750791058961267,2.024895226743345,0.6249940723525568,0.6249940723525568,0.0673127699561562,0.06649330096206318,1.0,1x
B,S4,Log-regression band,trim_z=2.0,2019-07-01 00:00:00+00:00,1.3258619884160234,1.2902700052665899,0.7090842731351077,0.7193053406886544,0.06648520843056127,0.06470045222001923,1.0,1x
B,S4,Log-regression band,trim_z=2.0,2019-08-05 00:00:00+00:00,1.4692328249381943,1.428856320882226,0.7085583972128382,0.7193178179613204,0.06494426573944698,0.06315950952890495,1.0,1x
B,S4,Log-regression band,trim_z=2.0,2019-09-02 00:00:00+00:00,1.28285709972893,1.2469273514666512,0.7081061363764902,0.7193285080445331,0.0637239971531588,0.06193924094261675,1.0,1x
B,S4,Log-regression band,trim_z=2.0,2019-10-07 00:00:00+00:00,1.2380373795264976,1.2024124497774173,0.715304528527575,0.7268008988055241,0.0620238388554341,0.060239082644892056,1.0,1x
B,S4,Log-regression band,trim_z=2.0,2019-11-04 00:00:00+00:00,1.2184387095826152,1.1823726773360996,0.7146062807964794,0.7268128906912148,0.060295405916254964,0.058510649705712924,1.0,1x
B,S4,Log-regression band,trim_z=2.0,2019-12-02 00:00:00+00:00,0.9966072205818504,0.9663067540356801,0.755366864481377,0.7664994600336434,0.05870209700217704,0.056917340791635,1.0,1x
B,S4,Log-regression band,trim_z=2.0,2020-01-06 00:00:00+00:00,0.947252398644762,0.9172116498223498,0.7542305402266087,0.7665199771461912,0.05627737881722817,0.05449262260668613,1.0,1x
B,S4,Log-regression band,trim_z=2.0,2020-02-03 00:00:00+00:00,1.2775816237731636,1.2356595922291138,0.753251049267766,0.7665375224556092,0.054390773860938955,0.05260601765039691,1.0,1x
B,S4,Log-regression band,trim_z=2.0,2020-03-02 00:00:00+00:00,1.2500266639847428,1.2078547130285309,0.7523049713927642,0.7665543480077357,0.05290229172006832,0.05111753550952627,1.0,1x
B,S4,Log-regression band,trim_z=2.0,2020-04-06 00:00:00+00:00,1.387565805218025,1.3372892049194935,0.7500785665908679,0.7665934827899941,0.04925684460949873,0.047472088398956676,1.0,1x
B,S4,Log-regression band,trim_z=2.0,2020-05-04 00:00:00+00:00,1.3514376750131123,1.2996330556849252,0.7479414851669746,0.7666304537457287,0.046559299439302766,0.04477454322876072,1.0,1x
B,S4,Log-regression band,trim_z=2.0,2020-06-01 00:00:00+00:00,1.2150249859157605,1.1664611447622377,0.7458036528555373,0.7666668721017242,0.04465304510657748,0.04286828889603544,1.0,1x
B,S4,Log-regression band,trim_z=2.0,2020-07-06 00:00:00+00:00,1.293482144496362,1.2390384953974574,0.7424769711268031,0.7667224527279624,0.042402563546416513,0.04061780733587449,1.0,1x
B,S4,Log-regression band,trim_z=2.0,2020-08-03 00:00:00+00:00,1.1831003395129722,1.1310104269045298,0.7389039324705078,0.7667807238668434,0.04053655636769028,0.038751800157148235,1.0,1x
B,S4,Log-regression band,trim_z=2.0,2020-09-07 00:00:00+00:00,1.003651811246962,0.9576765805012093,0.7339958909851472,0.7668584690443073,0.038961714259808815,0.03717695804926676,1.0,1x
B,S4,Log-regression band,trim_z=2.0,2020-10-05 00:00:00+00:00,1.041939918911948,0.9923619435844709,0.727928496798939,0.766951104898001,0.03750876733078586,0.0357240111202438,1.0,1x
B,S4,Log-regression band,trim_z=2.0,2020-11-02 00:00:00+00:00,1.281207748329905,1.2179891311511242,0.7199295763078697,0.7670677830638355,0.036170412892136336,0.03438565668159428,1.0,1x
B,S4,Log-regression band,trim_z=2.0,2020-12-07 00:00:00+00:00,1.5341457961563638,1.4560400633888368,0.7091542759036238,0.7672160943329145,0.03505602137703061,0.03327126516648855,1.0,1x
B,S4,Log-regression band,trim_z=2.0,2021-01-04 00:00:00+00:00,1.4773024810864808,1.4008341907518784,0.6998265756028489,0.7673371620725237,0.03447997550921026,0.03269521929866821,1.0,1x
B,S4,Log-regression band,trim_z=2.0,2021-02-01 00:00:00+00:00,1.4601077923602643,1.386513622423898,0.697362713728582,0.7674319682465924,0.03429092983467037,0.03256255571685998,1.0,1x
B,S4,Log-regression band,trim_z=2.0,2021-03-01 00:00:00+00:00,2.0793453962631125,1.9861887857895564,0.7004313261446248,0.7675242773872565,0.034014592867039145,0.03249070742509864,0.9297445255474452,1x
B,S4,Log-regression band,trim_z=2.0,2021-04-05 00:00:00+00:00,2.2877980322870526,2.2164073146200476,0.7191503997508092,0.7676349748229772,0.03340446570530386,0.03236207964397811,0.9616788321167883,1x
B,S4,Log-regression band,trim_z=2.0,2021-05-03 00:00:00+00:00,1.9469813604584152,1.907136155922548,0.7352653408574111,0.7677362100111943,0.03296581868115509,0.03229116929070912,0.9872262773722628,1x
B,S4,Log-regression band,trim_z=2.0,2021-06-07 00:00:00+00:00,2.3039637357048997,2.2695485042231716,0.7414588478152102,0.7679369505647666,0.032542292732486836,0.03205619543851531,1.0,1x
B,S4,Log-regression band,trim_z=2.0,2021-07-05 00:00:00+00:00,1.8386276964215156,1.8108958409394666,0.7363608465538645,0.7682104774944687,0.03222835011635433,0.03174225282238279,1.0,1x
B,S4,Log-regression band,trim_z=2.0,2021-08-02 00:00:00+00:00,2.083979434062743,2.0522110217905816,0.727668652920941,0.7686647262645794,0.031887547760072646,0.03140145046610112,1.0,1x
B,S4,Log-regression band,trim_z=2.0,2021-09-06 00:00:00+00:00,1.7822717592893822,1.7549628133140618,0.7120187133171231,0.7694727012973894,0.03172431041810933,0.031238213124137805,1.0,1x
B,S4,Log-regression band,trim_z=2.0,2021-10-04 00:00:00+00:00,1.9198895939479097,1.890357866015472,0.6846602363137606,0.7709716450232176,0.03160171116560743,0.031115613871635885,1.0,1x
B,S4,Log-regression band,trim_z=2.0,2021-11-01 00:00:00+00:00,2.2024945391445208,2.1823882493431275,0.6733427715019253,0.7762085122464988,0.03133349777797677,0.0310474583006394,0.9808394160583942,1x
B,S4,Log-regression band,trim_z=2.0,2021-12-06 00:00:00+00:00,2.995559194198079,2.995559194198079,0.7122639592029544,0.7122639592029544,0.030899373124895664,0.030899373124895664,1.0,1x
B,S4,Log-regression band,trim_z=2.0,2022-01-03 00:00:00+00:00,2.9716633294097936,2.9716633294097936,0.6733763874907408,0.6733763874907408,0.030640508985066563,0.030640508985066563,1.0,1x
B,S4,Log-regression band,trim_z=2.0,2022-02-07 00:00:00+00:00,2.9144773472846324,2.9144773472846324,0.6756714674985848,0.6756714674985848,0.030184837319961577,0.030184837319961577,1.0,1x
B,S4,Log-regression band,trim_z=2.0,2022-03-07 00:00:00+00:00,2.6813007781668716,2.6813007781668716,0.6796335819157904,0.6796335819157904,0.029814794042100884,0.029814794042100884,1.0,1x
B,S4,Log-regression band,trim_z=2.0,2022-04-04 00:00:00+00:00,2.454605644738735,2.454605644738735,0.696627209054805,0.696627209054805,0.029497830746806005,0.029497830746806005,1.0,1x
B,S4,Log-regression band,trim_z=2.0,2022-05-02 00:00:00+00:00,2.816343082749682,2.816343082749682,0.678620313459342,0.678620313459342,0.029187954292315972,0.029187954292315972,1.0,1x
B,S4,Log-regression band,trim_z=2.0,2022-06-06 00:00:00+00:00,2.894403163431816,2.894403163431816,0.5987120401188979,0.5987120401188979,0.028513848898752463,0.028513848898752463,1.0,1x
B,S4,Log-regression band,trim_z=2.0,2022-07-04 00:00:00+00:00,3.034687134233389,3.034687134233389,0.3516111023095845,0.3516111023095845,0.02769259685727698,0.02769259685727698,1.0,1x
B,S4,Log-regression band,trim_z=2.0,2022-08-01 00:00:00+00:00,3.0897598859385367,3.0897598859385367,0.35032562688450763,0.35032562688450763,0.026690143315081304,0.026690143315081304,1.0,1x
B,S4,Log-regression band,trim_z=2.0,2022-09-05 00:00:00+00:00,2.8278673939870624,2.8278673939870624,0.28881237525651204,0.28881237525651204,0.02553820261673247,0.02553820261673247,1.0,1x
B,S4,Log-regression band,trim_z=2.5,2018-01-01 00:00:00+00:00,4.151722944253967,3.9094374654085198,0.6331530785095326,0.8397057339879949,0.14354086759697754,0.13516413622385987,0.968065693430657,1x
B,S4,Log-regression band,trim_z=2.5,2018-02-05 00:00:00+00:00,5.046518976770744,4.937537075018321,0.6331248136055113,0.7276408589296155,0.13645385235208468,0.13367578646846576,1.0,1x
B,S4,Log-regression band,trim_z=2.5,2018-03-05 00:00:00+00:00,6.419658172080636,6.355385742762701,0.6491627631652879,0.7364470161139185,0.1321819276615698,0.13137995449139614,0.9872262773722628,1x
B,S4,Log-regression band,trim_z=2.5,2018-04-02 00:00:00+00:00,7.572088554753561,7.580256698332603,0.6802639444419026,0.6802639444419026,0.12808373269581805,0.129090597725981,1.0,1x
B,S4,Log-regression band,trim_z=2.5,2018-05-07 00:00:00+00:00,7.080280791108005,7.086435291871654,0.6672162146034437,0.6672162146034437,0.12408266747864838,0.12566009687382795,1.0,1x
B,S4,Log-regression band,trim_z=2.5,2018-06-04 00:00:00+00:00,4.860718184058612,4.837740989182845,0.633047301837514,0.633047301837514,0.12157799936087307,0.1232646285003906,1.0,1x
B,S4,Log-regression band,trim_z=2.5,2018-07-02 00:00:00+00:00,4.0592408428243445,4.026578854766553,0.6330220875623349,0.6330220875623349,0.11849292944665511,0.12017955858617266,1.0,1x
B,S4,Log-regression band,trim_z=2.5,2018-08-06 00:00:00+00:00,4.780811236778437,4.760559078004514,0.6329868420524685,0.6329868420524685,0.11481538953494586,0.11650201867446339,1.0,1x
B,S4,Log-regression band,trim_z=2.5,2018-09-03 00:00:00+00:00,5.580711185234079,5.574600028759115,0.6329523382188247,0.6329523382188247,0.11151094187769532,0.11319757101721287,1.0,1x
B,S4,Log-regression band,trim_z=2.5,2018-10-01 00:00:00+00:00,4.832652479839028,4.817395509389865,0.6329125341559452,0.6329125341559452,0.10823908546477247,0.10992571460429,1.0,1x
B,S4,Log-regression band,trim_z=2.5,2018-11-05 00:00:00+00:00,6.469906684135537,6.484309519849692,0.6328513968000946,0.6328513968000946,0.10361797203646464,0.1056162303719747,1.0,1x
B,S4,Log-regression band,trim_z=2.5,2018-12-03 00:00:00+00:00,5.7234317613251715,5.726434529031203,0.632778694710924,0.632778694710924,0.09919226146735159,0.10138810299355853,1.0,1x
B,S4,Log-regression band,trim_z=2.5,2019-01-07 00:00:00+00:00,4.05284004628825,4.026422863350916,0.6325867199882067,0.6325867199882067,0.09126300186800558,0.09345884339421252,1.0,1x
B,S4,Log-regression band,trim_z=2.5,2019-02-04 00:00:00+00:00,3.2885415346432785,3.249452809010662,0.63233085308593,0.63233085308593,0.08489374825591882,0.08708958978212578,1.0,1x
B,S4,Log-regression band,trim_z=2.5,2019-03-04 00:00:00+00:00,3.4548896241333287,3.427092772006663,0.6318845193902299,0.6318845193902299,0.07852900824075643,0.08072484976696337,1.0,1x
B,S4,Log-regression band,trim_z=2.5,2019-04-01 00:00:00+00:00,3.4281503382975504,3.407064724461093,0.6310500284042195,0.6310500284042195,0.07266768892557814,0.07486353045178509,1.0,1x
B,S4,Log-regression band,trim_z=2.5,2019-05-06 00:00:00+00:00,2.5706224850459627,2.529867906197906,0.6288368832714343,0.6288368832714343,0.06701516666814511,0.06921100819435208,1.0,1x
B,S4,Log-regression band,trim_z=2.5,2019-06-03 00:00:00+00:00,2.0750791058961267,2.024895226743345,0.6249940723525568,0.6249940723525568,0.0673127699561562,0.06649330096206318,1.0,1x
B,S4,Log-regression band,trim_z=2.5,2019-07-01 00:00:00+00:00,1.3258619884160234,1.2902700052665899,0.7090842731351077,0.7193053406886544,0.06648520843056127,0.06470045222001923,1.0,1x
B,S4,Log-regression band,trim_z=2.5,2019-08-05 00:00:00+00:00,1.4692328249381943,1.428856320882226,0.7085583972128382,0.7193178179613204,0.06494426573944698,0.06315950952890495,1.0,1x
B,S4,Log-regression band,trim_z=2.5,2019-09-02 00:00:00+00:00,1.28285709972893,1.2469273514666512,0.7081061363764902,0.7193285080445331,0.0637239971531588,0.06193924094261675,1.0,1x
B,S4,Log-regression band,trim_z=2.5,2019-10-07 00:00:00+00:00,1.2380373795264976,1.2024124497774173,0.715304528527575,0.7268008988055241,0.0620238388554341,0.060239082644892056,1.0,1x
B,S4,Log-regression band,trim_z=2.5,2019-11-04 00:00:00+00:00,1.2184387095826152,1.1823726773360996,0.7146062807964794,0.7268128906912148,0.060295405916254964,0.058510649705712924,1.0,1x
B,S4,Log-regression band,trim_z=2.5,2019-12-02 00:00:00+00:00,0.9966072205818504,0.9663067540356801,0.755366864481377,0.7664994600336434,0.05870209700217704,0.056917340791635,1.0,1x
B,S4,Log-regression band,trim_z=2.5,2020-01-06 00:00:00+00:00,0.947252398644762,0.9172116498223498,0.7542305402266087,0.7665199771461912,0.05627737881722817,0.05449262260668613,1.0,1x
B,S4,Log-regression band,trim_z=2.5,2020-02-03 00:00:00+00:00,1.2775816237731636,1.2356595922291138,0.753251049267766,0.7665375224556092,0.054390773860938955,0.05260601765039691,1.0,1x
B,S4,Log-regression band,trim_z=2.5,2020-03-02 00:00:00+00:00,1.2500266639847428,1.2078547130285309,0.7523049713927642,0.7665543480077357,0.05290229172006832,0.05111753550952627,1.0,1x
B,S4,Log-regression band,trim_z=2.5,2020-04-06 00:00:00+00:00,1.387565805218025,1.3372892049194935,0.7500785665908679,0.7665934827899941,0.04925684460949873,0.047472088398956676,1.0,1x
B,S4,Log-regression band,trim_z=2.5,2020-05-04 00:00:00+00:00,1.3514376750131123,1.2996330556849252,0.7479414851669746,0.7666304537457287,0.046559299439302766,0.04477454322876072,1.0,1x
B,S4,Log-regression band,trim_z=2.5,2020-06-01 00:00:00+00:00,1.2150249859157605,1.1664611447622377,0.7458036528555373,0.7666668721017242,0.04465304510657748,0.04286828889603544,1.0,1x
B,S4,Log-regression band,trim_z=2.5,2020-07-06 00:00:00+00:00,1.293482144496362,1.2390384953974574,0.7424769711268031,0.7667224527279624,0.042402563546416513,0.04061780733587449,1.0,1x
B,S4,Log-regression band,trim_z=2.5,2020-08-03 00:00:00+00:00,1.1831003395129722,1.1310104269045298,0.7389039324705078,0.7667807238668434,0.04053655636769028,0.038751800157148235,1.0,1x
B,S4,Log-regression band,trim_z=2.5,2020-09-07 00:00:00+00:00,1.003651811246962,0.9576765805012093,0.7339958909851472,0.7668584690443073,0.038961714259808815,0.03717695804926676,1.0,1x
B,S4,Log-regression band,trim_z=2.5,2020-10-05 00:00:00+00:00,1.041939918911948,0.9923619435844709,0.727928496798939,0.766951104898001,0.03750876733078586,0.0357240111202438,1.0,1x
B,S4,Log-regression band,trim_z=2.5,2020-11-02 00:00:00+00:00,1.281207748329905,1.2179891311511242,0.7199295763078697,0.7670677830638355,0.036170412892136336,0.03438565668159428,1.0,1x
B,S4,Log-regression band,trim_z=2.5,2020-12-07 00:00:00+00:00,1.5341457961563638,1.4560400633888368,0.7091542759036238,0.7672160943329145,0.03505602137703061,0.03327126516648855,1.0,1x
B,S4,Log-regression band,trim_z=2.5,2021-01-04 00:00:00+00:00,1.4773024810864808,1.4008341907518784,0.6998265756028489,0.7673371620725237,0.03447997550921026,0.03269521929866821,1.0,1x
B,S4,Log-regression band,trim_z=2.5,2021-02-01 00:00:00+00:00,1.4601077923602643,1.386513622423898,0.697362713728582,0.7674319682465924,0.03429092983467037,0.03256255571685998,1.0,1x
B,S4,Log-regression band,trim_z=2.5,2021-03-01 00:00:00+00:00,2.0793453962631125,1.9861887857895564,0.7004313261446248,0.7675242773872565,0.034014592867039145,0.03249070742509864,0.9297445255474452,1x
B,S4,Log-regression band,trim_z=2.5,2021-04-05 00:00:00+00:00,2.2877980322870526,2.2164073146200476,0.7191503997508092,0.7676349748229772,0.03340446570530386,0.03236207964397811,0.9616788321167883,1x
B,S4,Log-regression band,trim_z=2.5,2021-05-03 00:00:00+00:00,1.9469813604584152,1.907136155922548,0.7352653408574111,0.7677362100111943,0.03296581868115509,0.03229116929070912,0.9872262773722628,1x
B,S4,Log-regression band,trim_z=2.5,2021-06-07 00:00:00+00:00,2.3039637357048997,2.2695485042231716,0.7414588478152102,0.7679369505647666,0.032542292732486836,0.03205619543851531,1.0,1x
B,S4,Log-regression band,trim_z=2.5,2021-07-05 00:00:00+00:00,1.8386276964215156,1.8108958409394666,0.7363608465538645,0.7682104774944687,0.03222835011635433,0.03174225282238279,1.0,1x
B,S4,Log-regression band,trim_z=2.5,2021-08-02 00:00:00+00:00,2.083979434062743,2.0522110217905816,0.727668652920941,0.7686647262645794,0.031887547760072646,0.03140145046610112,1.0,1x
B,S4,Log-regression band,trim_z=2.5,2021-09-06 00:00:00+00:00,1.7822717592893822,1.7549628133140618,0.7120187133171231,0.7694727012973894,0.03172431041810933,0.031238213124137805,1.0,1x
B,S4,Log-regression band,trim_z=2.5,2021-10-04 00:00:00+00:00,1.9198895939479097,1.890357866015472,0.6846602363137606,0.7709716450232176,0.03160171116560743,0.031115613871635885,1.0,1x
B,S4,Log-regression band,trim_z=2.5,2021-11-01 00:00:00+00:00,2.2024945391445208,2.1823882493431275,0.6733427715019253,0.7762085122464988,0.03133349777797677,0.0310474583006394,0.9808394160583942,1x
B,S4,Log-regression band,trim_z=2.5,2021-12-06 00:00:00+00:00,2.995559194198079,2.995559194198079,0.7122639592029544,0.7122639592029544,0.030899373124895664,0.030899373124895664,1.0,1x
B,S4,Log-regression band,trim_z=2.5,2022-01-03 00:00:00+00:00,2.9716633294097936,2.9716633294097936,0.6733763874907408,0.6733763874907408,0.030640508985066563,0.030640508985066563,1.0,1x
B,S4,Log-regression band,trim_z=2.5,2022-02-07 00:00:00+00:00,2.9144773472846324,2.9144773472846324,0.6756714674985848,0.6756714674985848,0.030184837319961577,0.030184837319961577,1.0,1x
B,S4,Log-regression band,trim_z=2.5,2022-03-07 00:00:00+00:00,2.6813007781668716,2.6813007781668716,0.6796335819157904,0.6796335819157904,0.029814794042100884,0.029814794042100884,1.0,1x
B,S4,Log-regression band,trim_z=2.5,2022-04-04 00:00:00+00:00,2.454605644738735,2.454605644738735,0.696627209054805,0.696627209054805,0.029497830746806005,0.029497830746806005,1.0,1x
B,S4,Log-regression band,trim_z=2.5,2022-05-02 00:00:00+00:00,2.816343082749682,2.816343082749682,0.678620313459342,0.678620313459342,0.029187954292315972,0.029187954292315972,1.0,1x
B,S4,Log-regression band,trim_z=2.5,2022-06-06 00:00:00+00:00,2.894403163431816,2.894403163431816,0.5987120401188979,0.5987120401188979,0.028513848898752463,0.028513848898752463,1.0,1x
B,S4,Log-regression band,trim_z=2.5,2022-07-04 00:00:00+00:00,3.034687134233389,3.034687134233389,0.3516111023095845,0.3516111023095845,0.02769259685727698,0.02769259685727698,1.0,1x
B,S4,Log-regression band,trim_z=2.5,2022-08-01 00:00:00+00:00,3.0897598859385367,3.0897598859385367,0.35032562688450763,0.35032562688450763,0.026690143315081304,0.026690143315081304,1.0,1x
B,S4,Log-regression band,trim_z=2.5,2022-09-05 00:00:00+00:00,2.8278673939870624,2.8278673939870624,0.28881237525651204,0.28881237525651204,0.02553820261673247,0.02553820261673247,1.0,1x
B,S5,MVRV-Z DCA,k=5,2018-01-01 00:00:00+00:00,3.9153819780922148,3.9094374654085198,0.8301013559946886,0.8397057339879949,0.1353696606578156,0.13516413622385987,1.0,1x
B,S5,MVRV-Z DCA,k=5,2018-02-05 00:00:00+00:00,4.858164286213522,4.937537075018321,0.7276408589296155,0.7276408589296155,0.11376336160641333,0.13367578646846576,1.0,1x
B,S5,MVRV-Z DCA,k=5,2018-03-05 00:00:00+00:00,5.893890831718933,6.355385742762701,0.7364470161139185,0.7364470161139185,0.095191781806036,0.13137995449139614,1.0,1x
B,S5,MVRV-Z DCA,k=5,2018-04-02 00:00:00+00:00,6.652383039945845,7.580256698332603,0.6802639444419026,0.6802639444419026,0.07968362314156303,0.129090597725981,1.0,1x
B,S5,MVRV-Z DCA,k=5,2018-05-07 00:00:00+00:00,6.318922771376985,7.086435291871654,0.6672162146034437,0.6672162146034437,0.06621306298532502,0.12566009687382795,1.0,1x
B,S5,MVRV-Z DCA,k=5,2018-06-04 00:00:00+00:00,5.0835840000940085,4.837740989182845,0.633047301837514,0.633047301837514,0.06525323785198374,0.1232646285003906,1.0,1x
B,S5,MVRV-Z DCA,k=5,2018-07-02 00:00:00+00:00,4.58759664684806,4.026578854766553,0.6330220875623349,0.6330220875623349,0.06397863761771447,0.12017955858617266,1.0,1x
B,S5,MVRV-Z DCA,k=5,2018-08-06 00:00:00+00:00,4.902483813573016,4.760559078004514,0.6329868420524685,0.6329868420524685,0.06249168965409163,0.11650201867446339,1.0,1x
B,S5,MVRV-Z DCA,k=5,2018-09-03 00:00:00+00:00,5.274419357256792,5.574600028759115,0.6329523382188247,0.6329523382188247,0.06102495381851703,0.11319757101721287,1.0,1x
B,S5,MVRV-Z DCA,k=5,2018-10-01 00:00:00+00:00,4.8008788958260835,4.817395509389865,0.6329125341559452,0.6329125341559452,0.05957659387537895,0.10992571460429,1.0,1x
B,S5,MVRV-Z DCA,k=5,2018-11-05 00:00:00+00:00,5.624975139782526,6.484309519849692,0.6328513968000946,0.6328513968000946,0.0575946604540416,0.1056162303719747,1.0,1x
B,S5,MVRV-Z DCA,k=5,2018-12-03 00:00:00+00:00,5.132132732918006,5.726434529031203,0.632778694710924,0.632778694710924,0.055586933367421244,0.10138810299355853,1.0,1x
B,S5,MVRV-Z DCA,k=5,2019-01-07 00:00:00+00:00,4.0444243265296675,4.026422863350916,0.6325867199882067,0.6325867199882067,0.051759369638614126,0.09345884339421252,1.0,1x
B,S5,MVRV-Z DCA,k=5,2019-02-04 00:00:00+00:00,3.487650507653475,3.249452809010662,0.63233085308593,0.63233085308593,0.04874189736695696,0.08708958978212578,1.0,1x
B,S5,MVRV-Z DCA,k=5,2019-03-04 00:00:00+00:00,3.4648943051895595,3.427092772006663,0.6318845193902299,0.6318845193902299,0.045723313133597863,0.08072484976696337,1.0,1x
B,S5,MVRV-Z DCA,k=5,2019-04-01 00:00:00+00:00,3.34440186053548,3.407064724461093,0.6310500284042195,0.6310500284042195,0.04296185572063065,0.07486353045178509,1.0,1x
B,S5,MVRV-Z DCA,k=5,2019-05-06 00:00:00+00:00,2.7318955014987303,2.529867906197906,0.6288368832714343,0.6288368832714343,0.04038151887906284,0.06921100819435208,1.0,1x
B,S5,MVRV-Z DCA,k=5,2019-06-03 00:00:00+00:00,2.3809098134581195,2.024895226743345,0.6249940723525568,0.6249940723525568,0.039352715251667315,0.06649330096206318,1.0,1x
B,S5,MVRV-Z DCA,k=5,2019-07-01 00:00:00+00:00,1.8989593199263126,1.2902700052665899,0.5997422910596137,0.7193053406886544,0.039536521677977894,0.06470045222001923,1.0,1x
B,S5,MVRV-Z DCA,k=5,2019-08-05 00:00:00+00:00,1.9420812965332082,1.428856320882226,0.5878657023221772,0.7193178179613204,0.040386440111145276,0.06315950952890495,1.0,1x
B,S5,MVRV-Z DCA,k=5,2019-09-02 00:00:00+00:00,1.7902003828892936,1.2469273514666512,0.5565267011065937,0.7193285080445331,0.04092324374111073,0.06193924094261675,1.0,1x
B,S5,MVRV-Z DCA,k=5,2019-10-07 00:00:00+00:00,1.7130050742713852,1.2024124497774173,0.5364470248515172,0.7268008988055241,0.04212208920831864,0.060239082644892056,1.0,1x
B,S5,MVRV-Z DCA,k=5,2019-11-04 00:00:00+00:00,1.6556083914991677,1.1823726773360996,0.5365698654271356,0.7268128906912148,0.043127352444188825,0.058510649705712924,1.0,1x
B,S5,MVRV-Z DCA,k=5,2019-12-02 00:00:00+00:00,1.4512241304853435,0.9663067540356801,0.5521940553024351,0.7664994600336434,0.04416617132462419,0.056917340791635,1.0,1x
B,S5,MVRV-Z DCA,k=5,2020-01-06 00:00:00+00:00,1.3491130704219563,0.9172116498223498,0.5586567346051209,0.7665199771461912,0.04568579601595564,0.05449262260668613,1.0,1x
B,S5,MVRV-Z DCA,k=5,2020-02-03 00:00:00+00:00,1.5816669899289657,1.2356595922291138,0.564117117751364,0.7665375224556092,0.04565734482385872,0.05260601765039691,1.0,1x
B,S5,MVRV-Z DCA,k=5,2020-03-02 00:00:00+00:00,1.5284025158077654,1.2078547130285309,0.5692963201886554,0.7665543480077357,0.045406773221007654,0.05111753550952627,1.0,1x
B,S5,MVRV-Z DCA,k=5,2020-04-06 00:00:00+00:00,1.5962207860722932,1.3372892049194935,0.581127137316263,0.7665934827899941,0.044102830658517084,0.047472088398956676,1.0,1x
B,S5,MVRV-Z DCA,k=5,2020-05-04 00:00:00+00:00,1.5310668319106961,1.2996330556849252,0.5920287593883633,0.7666304537457287,0.043116511927904055,0.04477454322876072,1.0,1x
B,S5,MVRV-Z DCA,k=5,2020-06-01 00:00:00+00:00,1.3789878343518926,1.1664611447622377,0.6025087099916584,0.7666668721017242,0.04256327343059435,0.04286828889603544,1.0,1x
B,S5,MVRV-Z DCA,k=5,2020-07-06 00:00:00+00:00,1.429660010393727,1.2390384953974574,0.6180142797683598,0.7667224527279624,0.04193237773521558,0.04061780733587449,1.0,1x
B,S5,MVRV-Z DCA,k=5,2020-08-03 00:00:00+00:00,1.3014338825193255,1.1310104269045298,0.6336470722724894,0.7667807238668434,0.04136452986781492,0.038751800157148235,1.0,1x
B,S5,MVRV-Z DCA,k=5,2020-09-07 00:00:00+00:00,1.0960170111351595,0.9576765805012093,0.6535338917326023,0.7668584690443073,0.041100293855428294,0.03717695804926676,1.0,1x
B,S5,MVRV-Z DCA,k=5,2020-10-05 00:00:00+00:00,1.1124499765464766,0.9923619435844709,0.67582486037705,0.766951104898001,0.04004705701360713,0.0357240111202438,1.0,1x
B,S5,MVRV-Z DCA,k=5,2020-11-02 00:00:00+00:00,1.312048151472658,1.2179891311511242,0.701299703573536,0.7670677830638355,0.037041083645484044,0.03438565668159428,1.0,1x
B,S5,MVRV-Z DCA,k=5,2020-12-07 00:00:00+00:00,1.521546374564912,1.4560400633888368,0.7246766817336134,0.7672160943329145,0.034768118106197586,0.03327126516648855,1.0,1x
B,S5,MVRV-Z DCA,k=5,2021-01-04 00:00:00+00:00,1.4379856385118586,1.4008341907518784,0.7410889912182024,0.7673371620725237,0.033562327440227496,0.03269521929866821,1.0,1x
B,S5,MVRV-Z DCA,k=5,2021-02-01 00:00:00+00:00,1.4067118045804958,1.386513622423898,0.7525966220792331,0.7674319682465924,0.033036914151726056,0.03256255571685998,1.0,1x
B,S5,MVRV-Z DCA,k=5,2021-03-01 00:00:00+00:00,1.997724718617448,1.9861887857895564,0.7613965017741636,0.7675242773872565,0.03267941588074407,0.03249070742509864,1.0,1x
B,S5,MVRV-Z DCA,k=5,2021-04-05 00:00:00+00:00,2.218548636793828,2.2164073146200476,0.7665667972201965,0.7676349748229772,0.03239334539476056,0.03236207964397811,1.0,1x
B,S5,MVRV-Z DCA,k=5,2021-05-03 00:00:00+00:00,1.907136155922548,1.907136155922548,0.7677362100111943,0.7677362100111943,0.03229116929070912,0.03229116929070912,1.0,1x
B,S5,MVRV-Z DCA,k=5,2021-06-07 00:00:00+00:00,2.2695485042231716,2.2695485042231716,0.7679369505647666,0.7679369505647666,0.03205619543851531,0.03205619543851531,1.0,1x
B,S5,MVRV-Z DCA,k=5,2021-07-05 00:00:00+00:00,1.8108958409394666,1.8108958409394666,0.7682104774944687,0.7682104774944687,0.03174225282238279,0.03174225282238279,1.0,1x
B,S5,MVRV-Z DCA,k=5,2021-08-02 00:00:00+00:00,2.0522110217905816,2.0522110217905816,0.7686647262645794,0.7686647262645794,0.03140145046610112,0.03140145046610112,1.0,1x
B,S5,MVRV-Z DCA,k=5,2021-09-06 00:00:00+00:00,1.7549628133140618,1.7549628133140618,0.7694727012973894,0.7694727012973894,0.031238213124137805,0.031238213124137805,1.0,1x
B,S5,MVRV-Z DCA,k=5,2021-10-04 00:00:00+00:00,1.890357866015472,1.890357866015472,0.7709716450232176,0.7709716450232176,0.031115613871635885,0.031115613871635885,1.0,1x
B,S5,MVRV-Z DCA,k=5,2021-11-01 00:00:00+00:00,2.1823882493431275,2.1823882493431275,0.7762085122464988,0.7762085122464988,0.0310474583006394,0.0310474583006394,1.0,1x
B,S5,MVRV-Z DCA,k=5,2021-12-06 00:00:00+00:00,2.995559194198079,2.995559194198079,0.7122639592029544,0.7122639592029544,0.030899373124895664,0.030899373124895664,1.0,1x
B,S5,MVRV-Z DCA,k=5,2022-01-03 00:00:00+00:00,2.9716633294097936,2.9716633294097936,0.6733763874907408,0.6733763874907408,0.030640508985066563,0.030640508985066563,1.0,1x
B,S5,MVRV-Z DCA,k=5,2022-02-07 00:00:00+00:00,2.9144773472846324,2.9144773472846324,0.6756714674985848,0.6756714674985848,0.030184837319961577,0.030184837319961577,1.0,1x
B,S5,MVRV-Z DCA,k=5,2022-03-07 00:00:00+00:00,2.6813007781668716,2.6813007781668716,0.6796335819157904,0.6796335819157904,0.029814794042100884,0.029814794042100884,1.0,1x
B,S5,MVRV-Z DCA,k=5,2022-04-04 00:00:00+00:00,2.454605644738735,2.454605644738735,0.696627209054805,0.696627209054805,0.029497830746806005,0.029497830746806005,1.0,1x
B,S5,MVRV-Z DCA,k=5,2022-05-02 00:00:00+00:00,2.816343082749682,2.816343082749682,0.678620313459342,0.678620313459342,0.029187954292315972,0.029187954292315972,1.0,1x
B,S5,MVRV-Z DCA,k=5,2022-06-06 00:00:00+00:00,2.894403163431816,2.894403163431816,0.5987120401188979,0.5987120401188979,0.028513848898752463,0.028513848898752463,1.0,1x
B,S5,MVRV-Z DCA,k=5,2022-07-04 00:00:00+00:00,3.034687134233389,3.034687134233389,0.3516111023095845,0.3516111023095845,0.02769259685727698,0.02769259685727698,1.0,1x
B,S5,MVRV-Z DCA,k=5,2022-08-01 00:00:00+00:00,3.0897598859385367,3.0897598859385367,0.35032562688450763,0.35032562688450763,0.026690143315081304,0.026690143315081304,1.0,1x
B,S5,MVRV-Z DCA,k=5,2022-09-05 00:00:00+00:00,2.8278673939870624,2.8278673939870624,0.28881237525651204,0.28881237525651204,0.02553820261673247,0.02553820261673247,1.0,1x
B,S5,MVRV-Z DCA,k=6,2018-01-01 00:00:00+00:00,3.9094374654085198,3.9094374654085198,0.8397057339879949,0.8397057339879949,0.13516413622385987,0.13516413622385987,1.0,1x
B,S5,MVRV-Z DCA,k=6,2018-02-05 00:00:00+00:00,4.96059232826935,4.937537075018321,0.7276408589296155,0.7276408589296155,0.11373445308773214,0.13367578646846576,1.0,1x
B,S5,MVRV-Z DCA,k=6,2018-03-05 00:00:00+00:00,6.156979859114941,6.355385742762701,0.7364470161139185,0.7364470161139185,0.09514261965421832,0.13137995449139614,1.0,1x
B,S5,MVRV-Z DCA,k=6,2018-04-02 00:00:00+00:00,7.021342469352749,7.580256698332603,0.6802639444419026,0.6802639444419026,0.07962311476261232,0.129090597725981,1.0,1x
B,S5,MVRV-Z DCA,k=6,2018-05-07 00:00:00+00:00,6.656545005204243,7.086435291871654,0.6672162146034437,0.6672162146034437,0.0777365249511346,0.12566009687382795,1.0,1x
B,S5,MVRV-Z DCA,k=6,2018-06-04 00:00:00+00:00,5.220171301176471,4.837740989182845,0.633047301837514,0.633047301837514,0.07650002326977653,0.1232646285003906,1.0,1x
B,S5,MVRV-Z DCA,k=6,2018-07-02 00:00:00+00:00,4.657264853145669,4.026578854766553,0.6330220875623349,0.6330220875623349,0.07487651009714819,0.12017955858617266,1.0,1x
B,S5,MVRV-Z DCA,k=6,2018-08-06 00:00:00+00:00,5.046399825243151,4.760559078004514,0.6329868420524685,0.6329868420524685,0.07296739219507369,0.11650201867446339,1.0,1x
B,S5,MVRV-Z DCA,k=6,2018-09-03 00:00:00+00:00,5.49821620581594,5.574600028759115,0.6329523382188247,0.6329523382188247,0.07114649332729832,0.11319757101721287,1.0,1x
B,S5,MVRV-Z DCA,k=6,2018-10-01 00:00:00+00:00,4.963809051393427,4.817395509389865,0.6329125341559452,0.6329125341559452,0.06934670992846444,0.10992571460429,1.0,1x
B,S5,MVRV-Z DCA,k=6,2018-11-05 00:00:00+00:00,5.944057574866688,6.484309519849692,0.6328513968000946,0.6328513968000946,0.0669162119155006,0.1056162303719747,1.0,1x
B,S5,MVRV-Z DCA,k=6,2018-12-03 00:00:00+00:00,5.392702689216855,5.726434529031203,0.632778694710924,0.632778694710924,0.06448057023924414,0.10138810299355853,1.0,1x
B,S5,MVRV-Z DCA,k=6,2019-01-07 00:00:00+00:00,4.172967239113133,4.026422863350916,0.6325867199882067,0.6325867199882067,0.05986252944567581,0.09345884339421252,1.0,1x
B,S5,MVRV-Z DCA,k=6,2019-02-04 00:00:00+00:00,3.562643287436424,3.249452809010662,0.63233085308593,0.63233085308593,0.056199103315095394,0.08708958978212578,1.0,1x
B,S5,MVRV-Z DCA,k=6,2019-03-04 00:00:00+00:00,3.568140941147673,3.427092772006663,0.6318845193902299,0.6318845193902299,0.05253564937805294,0.08072484976696337,1.0,1x
B,S5,MVRV-Z DCA,k=6,2019-04-01 00:00:00+00:00,3.4572924067249455,3.407064724461093,0.6310500284042195,0.6310500284042195,0.04917678791199025,0.07486353045178509,1.0,1x
B,S5,MVRV-Z DCA,k=6,2019-05-06 00:00:00+00:00,2.7833428780444094,2.529867906197906,0.6288368832714343,0.6288368832714343,0.04600438081787681,0.06921100819435208,1.0,1x
B,S5,MVRV-Z DCA,k=6,2019-06-03 00:00:00+00:00,2.396867288294717,2.024895226743345,0.6249940723525568,0.6249940723525568,0.04465009241384295,0.06649330096206318,1.0,1x
B,S5,MVRV-Z DCA,k=6,2019-07-01 00:00:00+00:00,1.8610438377815144,1.2902700052665899,0.5997422910596137,0.7193053406886544,0.04457079242422894,0.06470045222001923,1.0,1x
B,S5,MVRV-Z DCA,k=6,2019-08-05 00:00:00+00:00,1.9188298948749964,1.428856320882226,0.5878657023221772,0.7193178179613204,0.04514108135854241,0.06315950952890495,1.0,1x
B,S5,MVRV-Z DCA,k=6,2019-09-02 00:00:00+00:00,1.7565632544223981,1.2469273514666512,0.5565267011065937,0.7193285080445331,0.04545890297593071,0.06193924094261675,1.0,1x
B,S5,MVRV-Z DCA,k=6,2019-10-07 00:00:00+00:00,1.68067838280133,1.2024124497774173,0.5458144322138856,0.7268008988055241,0.04635293626340928,0.060239082644892056,1.0,1x
B,S5,MVRV-Z DCA,k=6,2019-11-04 00:00:00+00:00,1.6261610477769837,1.1823726773360996,0.5482189918086149,0.7268128906912148,0.047080088880515805,0.058510649705712924,1.0,1x
B,S5,MVRV-Z DCA,k=6,2019-12-02 00:00:00+00:00,1.411781131803698,0.9663067540356801,0.5895929413913656,0.7664994600336434,0.04783658839260346,0.056917340791635,1.0,1x
B,S5,MVRV-Z DCA,k=6,2020-01-06 00:00:00+00:00,1.3130934302277615,0.9172116498223498,0.594979043023552,0.7665199771461912,0.048959249332475155,0.05449262260668613,1.0,1x
B,S5,MVRV-Z DCA,k=6,2020-02-03 00:00:00+00:00,1.5683881304373724,1.2356595922291138,0.5995359490518415,0.7665375224556092,0.0486442559280173,0.05260601765039691,1.0,1x
B,S5,MVRV-Z DCA,k=6,2020-03-02 00:00:00+00:00,1.516298715287093,1.2078547130285309,0.6038634972250876,0.7665543480077357,0.048155114738483995,0.05111753550952627,1.0,1x
B,S5,MVRV-Z DCA,k=6,2020-04-06 00:00:00+00:00,1.5959796416322178,1.3372892049194935,0.6137687680491837,0.7665934827899941,0.0463999184261518,0.047472088398956676,1.0,1x
B,S5,MVRV-Z DCA,k=6,2020-05-04 00:00:00+00:00,1.532058582489903,1.2996330556849252,0.622921410463515,0.7666304537457287,0.04508381287179615,0.04477454322876072,1.0,1x
B,S5,MVRV-Z DCA,k=6,2020-06-01 00:00:00+00:00,1.3763006578659782,1.1664611447622377,0.6317439029185331,0.7666668721017242,0.04426982174437635,0.04286828889603544,1.0,1x
B,S5,MVRV-Z DCA,k=6,2020-07-06 00:00:00+00:00,1.4314390019991607,1.2390384953974574,0.6448421758335281,0.7667224527279624,0.04332680015743224,0.04061780733587449,1.0,1x
B,S5,MVRV-Z DCA,k=6,2020-08-03 00:00:00+00:00,1.3007772808026454,1.1310104269045298,0.6581053121929926,0.7667807238668434,0.042508771585660084,0.038751800157148235,1.0,1x
B,S5,MVRV-Z DCA,k=6,2020-09-07 00:00:00+00:00,1.0917031714401577,0.9576765805012093,0.6750668643824012,0.7668584690443073,0.041991956130008,0.03717695804926676,1.0,1x
B,S5,MVRV-Z DCA,k=6,2020-10-05 00:00:00+00:00,1.0960496275191018,0.9923619435844709,0.694207756648199,0.766951104898001,0.039456661286707766,0.0357240111202438,1.0,1x
B,S5,MVRV-Z DCA,k=6,2020-11-02 00:00:00+00:00,1.3002290528273446,1.2179891311511242,0.7136856628722319,0.7670677830638355,0.03670741279579465,0.03438565668159428,1.0,1x
B,S5,MVRV-Z DCA,k=6,2020-12-07 00:00:00+00:00,1.5096370143473001,1.4560400633888368,0.7341542633104519,0.7672160943329145,0.03449598309307083,0.03327126516648855,1.0,1x
B,S5,MVRV-Z DCA,k=6,2021-01-04 00:00:00+00:00,1.4284611634207935,1.4008341907518784,0.7487854240377882,0.7673371620725237,0.0333400278962394,0.03269521929866821,1.0,1x
B,S5,MVRV-Z DCA,k=6,2021-02-01 00:00:00+00:00,1.3990530071966576,1.386513622423898,0.7584381364590672,0.7674319682465924,0.032857045730311354,0.03256255571685998,1.0,1x
B,S5,MVRV-Z DCA,k=6,2021-03-01 00:00:00+00:00,1.9907156901345309,1.9861887857895564,0.7651775405901071,0.7675242773872565,0.03256475996515238,0.03249070742509864,1.0,1x
B,S5,MVRV-Z DCA,k=6,2021-04-05 00:00:00+00:00,2.2164073146200476,2.2164073146200476,0.7676349748229772,0.7676349748229772,0.03236207964397811,0.03236207964397811,1.0,1x
B,S5,MVRV-Z DCA,k=6,2021-05-03 00:00:00+00:00,1.907136155922548,1.907136155922548,0.7677362100111943,0.7677362100111943,0.03229116929070912,0.03229116929070912,1.0,1x
B,S5,MVRV-Z DCA,k=6,2021-06-07 00:00:00+00:00,2.2695485042231716,2.2695485042231716,0.7679369505647666,0.7679369505647666,0.03205619543851531,0.03205619543851531,1.0,1x
B,S5,MVRV-Z DCA,k=6,2021-07-05 00:00:00+00:00,1.8108958409394666,1.8108958409394666,0.7682104774944687,0.7682104774944687,0.03174225282238279,0.03174225282238279,1.0,1x
B,S5,MVRV-Z DCA,k=6,2021-08-02 00:00:00+00:00,2.0522110217905816,2.0522110217905816,0.7686647262645794,0.7686647262645794,0.03140145046610112,0.03140145046610112,1.0,1x
B,S5,MVRV-Z DCA,k=6,2021-09-06 00:00:00+00:00,1.7549628133140618,1.7549628133140618,0.7694727012973894,0.7694727012973894,0.031238213124137805,0.031238213124137805,1.0,1x
B,S5,MVRV-Z DCA,k=6,2021-10-04 00:00:00+00:00,1.890357866015472,1.890357866015472,0.7709716450232176,0.7709716450232176,0.031115613871635885,0.031115613871635885,1.0,1x
B,S5,MVRV-Z DCA,k=6,2021-11-01 00:00:00+00:00,2.1823882493431275,2.1823882493431275,0.7762085122464988,0.7762085122464988,0.0310474583006394,0.0310474583006394,1.0,1x
B,S5,MVRV-Z DCA,k=6,2021-12-06 00:00:00+00:00,2.995559194198079,2.995559194198079,0.7122639592029544,0.7122639592029544,0.030899373124895664,0.030899373124895664,1.0,1x
B,S5,MVRV-Z DCA,k=6,2022-01-03 00:00:00+00:00,2.9716633294097936,2.9716633294097936,0.6733763874907408,0.6733763874907408,0.030640508985066563,0.030640508985066563,1.0,1x
B,S5,MVRV-Z DCA,k=6,2022-02-07 00:00:00+00:00,2.9144773472846324,2.9144773472846324,0.6756714674985848,0.6756714674985848,0.030184837319961577,0.030184837319961577,1.0,1x
B,S5,MVRV-Z DCA,k=6,2022-03-07 00:00:00+00:00,2.6813007781668716,2.6813007781668716,0.6796335819157904,0.6796335819157904,0.029814794042100884,0.029814794042100884,1.0,1x
B,S5,MVRV-Z DCA,k=6,2022-04-04 00:00:00+00:00,2.454605644738735,2.454605644738735,0.696627209054805,0.696627209054805,0.029497830746806005,0.029497830746806005,1.0,1x
B,S5,MVRV-Z DCA,k=6,2022-05-02 00:00:00+00:00,2.816343082749682,2.816343082749682,0.678620313459342,0.678620313459342,0.029187954292315972,0.029187954292315972,1.0,1x
B,S5,MVRV-Z DCA,k=6,2022-06-06 00:00:00+00:00,2.894403163431816,2.894403163431816,0.5987120401188979,0.5987120401188979,0.028513848898752463,0.028513848898752463,1.0,1x
B,S5,MVRV-Z DCA,k=6,2022-07-04 00:00:00+00:00,3.034687134233389,3.034687134233389,0.3516111023095845,0.3516111023095845,0.02769259685727698,0.02769259685727698,1.0,1x
B,S5,MVRV-Z DCA,k=6,2022-08-01 00:00:00+00:00,3.0897598859385367,3.0897598859385367,0.35032562688450763,0.35032562688450763,0.026690143315081304,0.026690143315081304,1.0,1x
B,S5,MVRV-Z DCA,k=6,2022-09-05 00:00:00+00:00,2.8278673939870624,2.8278673939870624,0.28881237525651204,0.28881237525651204,0.02553820261673247,0.02553820261673247,1.0,1x
B,S5,MVRV-Z DCA,k=7,2018-01-01 00:00:00+00:00,3.9094374654085198,3.9094374654085198,0.8397057339879949,0.8397057339879949,0.13516413622385987,0.13516413622385987,1.0,1x
B,S5,MVRV-Z DCA,k=7,2018-02-05 00:00:00+00:00,4.937537075018321,4.937537075018321,0.7276408589296155,0.7276408589296155,0.13367578646846576,0.13367578646846576,1.0,1x
B,S5,MVRV-Z DCA,k=7,2018-03-05 00:00:00+00:00,6.355385742762701,6.355385742762701,0.7364470161139185,0.7364470161139185,0.13137995449139614,0.13137995449139614,1.0,1x
B,S5,MVRV-Z DCA,k=7,2018-04-02 00:00:00+00:00,7.580256698332603,7.580256698332603,0.6802639444419026,0.6802639444419026,0.129090597725981,0.129090597725981,1.0,1x
B,S5,MVRV-Z DCA,k=7,2018-05-07 00:00:00+00:00,7.086435291871654,7.086435291871654,0.6672162146034437,0.6672162146034437,0.12566009687382795,0.12566009687382795,1.0,1x
B,S5,MVRV-Z DCA,k=7,2018-06-04 00:00:00+00:00,4.837740989182845,4.837740989182845,0.633047301837514,0.633047301837514,0.1232646285003906,0.1232646285003906,1.0,1x
B,S5,MVRV-Z DCA,k=7,2018-07-02 00:00:00+00:00,4.026578854766553,4.026578854766553,0.6330220875623349,0.6330220875623349,0.12017955858617266,0.12017955858617266,1.0,1x
B,S5,MVRV-Z DCA,k=7,2018-08-06 00:00:00+00:00,4.760559078004514,4.760559078004514,0.6329868420524685,0.6329868420524685,0.11650201867446339,0.11650201867446339,1.0,1x
B,S5,MVRV-Z DCA,k=7,2018-09-03 00:00:00+00:00,5.574600028759115,5.574600028759115,0.6329523382188247,0.6329523382188247,0.11319757101721287,0.11319757101721287,1.0,1x
B,S5,MVRV-Z DCA,k=7,2018-10-01 00:00:00+00:00,4.817395509389865,4.817395509389865,0.6329125341559452,0.6329125341559452,0.10992571460429,0.10992571460429,1.0,1x
B,S5,MVRV-Z DCA,k=7,2018-11-05 00:00:00+00:00,6.484309519849692,6.484309519849692,0.6328513968000946,0.6328513968000946,0.1056162303719747,0.1056162303719747,1.0,1x
B,S5,MVRV-Z DCA,k=7,2018-12-03 00:00:00+00:00,5.726434529031203,5.726434529031203,0.632778694710924,0.632778694710924,0.10138810299355853,0.10138810299355853,1.0,1x
B,S5,MVRV-Z DCA,k=7,2019-01-07 00:00:00+00:00,4.026422863350916,4.026422863350916,0.6325867199882067,0.6325867199882067,0.09345884339421252,0.09345884339421252,1.0,1x
B,S5,MVRV-Z DCA,k=7,2019-02-04 00:00:00+00:00,3.249452809010662,3.249452809010662,0.63233085308593,0.63233085308593,0.08708958978212578,0.08708958978212578,1.0,1x
B,S5,MVRV-Z DCA,k=7,2019-03-04 00:00:00+00:00,3.427092772006663,3.427092772006663,0.6318845193902299,0.6318845193902299,0.08072484976696337,0.08072484976696337,1.0,1x
B,S5,MVRV-Z DCA,k=7,2019-04-01 00:00:00+00:00,3.407064724461093,3.407064724461093,0.6310500284042195,0.6310500284042195,0.07486353045178509,0.07486353045178509,1.0,1x
B,S5,MVRV-Z DCA,k=7,2019-05-06 00:00:00+00:00,2.529867906197906,2.529867906197906,0.6288368832714343,0.6288368832714343,0.06921100819435208,0.06921100819435208,1.0,1x
B,S5,MVRV-Z DCA,k=7,2019-06-03 00:00:00+00:00,2.024895226743345,2.024895226743345,0.6249940723525568,0.6249940723525568,0.06649330096206318,0.06649330096206318,1.0,1x
B,S5,MVRV-Z DCA,k=7,2019-07-01 00:00:00+00:00,1.2902700052665899,1.2902700052665899,0.7193053406886544,0.7193053406886544,0.06470045222001923,0.06470045222001923,1.0,1x
B,S5,MVRV-Z DCA,k=7,2019-08-05 00:00:00+00:00,1.428856320882226,1.428856320882226,0.7193178179613204,0.7193178179613204,0.06315950952890495,0.06315950952890495,1.0,1x
B,S5,MVRV-Z DCA,k=7,2019-09-02 00:00:00+00:00,1.2469273514666512,1.2469273514666512,0.7193285080445331,0.7193285080445331,0.06193924094261675,0.06193924094261675,1.0,1x
B,S5,MVRV-Z DCA,k=7,2019-10-07 00:00:00+00:00,1.2024124497774173,1.2024124497774173,0.7268008988055241,0.7268008988055241,0.060239082644892056,0.060239082644892056,1.0,1x
B,S5,MVRV-Z DCA,k=7,2019-11-04 00:00:00+00:00,1.1823726773360996,1.1823726773360996,0.7268128906912148,0.7268128906912148,0.058510649705712924,0.058510649705712924,1.0,1x
B,S5,MVRV-Z DCA,k=7,2019-12-02 00:00:00+00:00,0.9663067540356801,0.9663067540356801,0.7664994600336434,0.7664994600336434,0.056917340791635,0.056917340791635,1.0,1x
B,S5,MVRV-Z DCA,k=7,2020-01-06 00:00:00+00:00,0.9172116498223498,0.9172116498223498,0.7665199771461912,0.7665199771461912,0.05449262260668613,0.05449262260668613,1.0,1x
B,S5,MVRV-Z DCA,k=7,2020-02-03 00:00:00+00:00,1.2356595922291138,1.2356595922291138,0.7665375224556092,0.7665375224556092,0.05260601765039691,0.05260601765039691,1.0,1x
B,S5,MVRV-Z DCA,k=7,2020-03-02 00:00:00+00:00,1.2078547130285309,1.2078547130285309,0.7665543480077357,0.7665543480077357,0.05111753550952627,0.05111753550952627,1.0,1x
B,S5,MVRV-Z DCA,k=7,2020-04-06 00:00:00+00:00,1.3372892049194935,1.3372892049194935,0.7665934827899941,0.7665934827899941,0.047472088398956676,0.047472088398956676,1.0,1x
B,S5,MVRV-Z DCA,k=7,2020-05-04 00:00:00+00:00,1.2996330556849252,1.2996330556849252,0.7666304537457287,0.7666304537457287,0.04477454322876072,0.04477454322876072,1.0,1x
B,S5,MVRV-Z DCA,k=7,2020-06-01 00:00:00+00:00,1.1664611447622377,1.1664611447622377,0.7666668721017242,0.7666668721017242,0.04286828889603544,0.04286828889603544,1.0,1x
B,S5,MVRV-Z DCA,k=7,2020-07-06 00:00:00+00:00,1.2390384953974574,1.2390384953974574,0.7667224527279624,0.7667224527279624,0.04061780733587449,0.04061780733587449,1.0,1x
B,S5,MVRV-Z DCA,k=7,2020-08-03 00:00:00+00:00,1.1310104269045298,1.1310104269045298,0.7667807238668434,0.7667807238668434,0.038751800157148235,0.038751800157148235,1.0,1x
B,S5,MVRV-Z DCA,k=7,2020-09-07 00:00:00+00:00,0.9576765805012093,0.9576765805012093,0.7668584690443073,0.7668584690443073,0.03717695804926676,0.03717695804926676,1.0,1x
B,S5,MVRV-Z DCA,k=7,2020-10-05 00:00:00+00:00,0.9923619435844709,0.9923619435844709,0.766951104898001,0.766951104898001,0.0357240111202438,0.0357240111202438,1.0,1x
B,S5,MVRV-Z DCA,k=7,2020-11-02 00:00:00+00:00,1.2179891311511242,1.2179891311511242,0.7670677830638355,0.7670677830638355,0.03438565668159428,0.03438565668159428,1.0,1x
B,S5,MVRV-Z DCA,k=7,2020-12-07 00:00:00+00:00,1.4560400633888368,1.4560400633888368,0.7672160943329145,0.7672160943329145,0.03327126516648855,0.03327126516648855,1.0,1x
B,S5,MVRV-Z DCA,k=7,2021-01-04 00:00:00+00:00,1.4008341907518784,1.4008341907518784,0.7673371620725237,0.7673371620725237,0.03269521929866821,0.03269521929866821,1.0,1x
B,S5,MVRV-Z DCA,k=7,2021-02-01 00:00:00+00:00,1.386513622423898,1.386513622423898,0.7674319682465924,0.7674319682465924,0.03256255571685998,0.03256255571685998,1.0,1x
B,S5,MVRV-Z DCA,k=7,2021-03-01 00:00:00+00:00,1.9861887857895564,1.9861887857895564,0.7675242773872565,0.7675242773872565,0.03249070742509864,0.03249070742509864,1.0,1x
B,S5,MVRV-Z DCA,k=7,2021-04-05 00:00:00+00:00,2.2164073146200476,2.2164073146200476,0.7676349748229772,0.7676349748229772,0.03236207964397811,0.03236207964397811,1.0,1x
B,S5,MVRV-Z DCA,k=7,2021-05-03 00:00:00+00:00,1.907136155922548,1.907136155922548,0.7677362100111943,0.7677362100111943,0.03229116929070912,0.03229116929070912,1.0,1x
B,S5,MVRV-Z DCA,k=7,2021-06-07 00:00:00+00:00,2.2695485042231716,2.2695485042231716,0.7679369505647666,0.7679369505647666,0.03205619543851531,0.03205619543851531,1.0,1x
B,S5,MVRV-Z DCA,k=7,2021-07-05 00:00:00+00:00,1.8108958409394666,1.8108958409394666,0.7682104774944687,0.7682104774944687,0.03174225282238279,0.03174225282238279,1.0,1x
B,S5,MVRV-Z DCA,k=7,2021-08-02 00:00:00+00:00,2.0522110217905816,2.0522110217905816,0.7686647262645794,0.7686647262645794,0.03140145046610112,0.03140145046610112,1.0,1x
B,S5,MVRV-Z DCA,k=7,2021-09-06 00:00:00+00:00,1.7549628133140618,1.7549628133140618,0.7694727012973894,0.7694727012973894,0.031238213124137805,0.031238213124137805,1.0,1x
B,S5,MVRV-Z DCA,k=7,2021-10-04 00:00:00+00:00,1.890357866015472,1.890357866015472,0.7709716450232176,0.7709716450232176,0.031115613871635885,0.031115613871635885,1.0,1x
B,S5,MVRV-Z DCA,k=7,2021-11-01 00:00:00+00:00,2.1823882493431275,2.1823882493431275,0.7762085122464988,0.7762085122464988,0.0310474583006394,0.0310474583006394,1.0,1x
B,S5,MVRV-Z DCA,k=7,2021-12-06 00:00:00+00:00,2.995559194198079,2.995559194198079,0.7122639592029544,0.7122639592029544,0.030899373124895664,0.030899373124895664,1.0,1x
B,S5,MVRV-Z DCA,k=7,2022-01-03 00:00:00+00:00,2.9716633294097936,2.9716633294097936,0.6733763874907408,0.6733763874907408,0.030640508985066563,0.030640508985066563,1.0,1x
B,S5,MVRV-Z DCA,k=7,2022-02-07 00:00:00+00:00,2.9144773472846324,2.9144773472846324,0.6756714674985848,0.6756714674985848,0.030184837319961577,0.030184837319961577,1.0,1x
B,S5,MVRV-Z DCA,k=7,2022-03-07 00:00:00+00:00,2.6813007781668716,2.6813007781668716,0.6796335819157904,0.6796335819157904,0.029814794042100884,0.029814794042100884,1.0,1x
B,S5,MVRV-Z DCA,k=7,2022-04-04 00:00:00+00:00,2.454605644738735,2.454605644738735,0.696627209054805,0.696627209054805,0.029497830746806005,0.029497830746806005,1.0,1x
B,S5,MVRV-Z DCA,k=7,2022-05-02 00:00:00+00:00,2.816343082749682,2.816343082749682,0.678620313459342,0.678620313459342,0.029187954292315972,0.029187954292315972,1.0,1x
B,S5,MVRV-Z DCA,k=7,2022-06-06 00:00:00+00:00,2.894403163431816,2.894403163431816,0.5987120401188979,0.5987120401188979,0.028513848898752463,0.028513848898752463,1.0,1x
B,S5,MVRV-Z DCA,k=7,2022-07-04 00:00:00+00:00,3.034687134233389,3.034687134233389,0.3516111023095845,0.3516111023095845,0.02769259685727698,0.02769259685727698,1.0,1x
B,S5,MVRV-Z DCA,k=7,2022-08-01 00:00:00+00:00,3.0897598859385367,3.0897598859385367,0.35032562688450763,0.35032562688450763,0.026690143315081304,0.026690143315081304,1.0,1x
B,S5,MVRV-Z DCA,k=7,2022-09-05 00:00:00+00:00,2.8278673939870624,2.8278673939870624,0.28881237525651204,0.28881237525651204,0.02553820261673247,0.02553820261673247,1.0,1x
B,A2-dca,"Market gate, weekly DCA",map=70/40,2018-01-01 00:00:00+00:00,3.9753474236972335,3.9094374654085198,0.6251426584374575,0.8397057339879949,0.1357545747969476,0.13516413622385987,0.9297445255474452,1x
B,A2-dca,"Market gate, weekly DCA",map=70/40,2018-02-05 00:00:00+00:00,4.935234537466947,4.937537075018321,0.6247718955268328,0.7276408589296155,0.1314291836958791,0.13367578646846576,0.9616788321167883,1x
B,A2-dca,"Market gate, weekly DCA",map=70/40,2018-03-05 00:00:00+00:00,6.296534846220455,6.355385742762701,0.6244500435771589,0.7364470161139185,0.1279688708150244,0.13137995449139614,0.9872262773722628,1x
B,A2-dca,"Market gate, weekly DCA",map=70/40,2018-04-02 00:00:00+00:00,7.444665108403146,7.580256698332603,0.6241060855131297,0.6802639444419026,0.12453977233796676,0.129090597725981,1.0,1x
B,A2-dca,"Market gate, weekly DCA",map=70/40,2018-05-07 00:00:00+00:00,6.943381452148984,7.086435291871654,0.6236260756842573,0.6672162146034437,0.12107719566652607,0.12566009687382795,0.9936131386861314,1x
B,A2-dca,"Market gate, weekly DCA",map=70/40,2018-06-04 00:00:00+00:00,4.758901662848259,4.837740989182845,0.6232153870552934,0.633047301837514,0.1176664672808397,0.1232646285003906,1.0,1x
B,A2-dca,"Market gate, weekly DCA",map=70/40,2018-07-02 00:00:00+00:00,3.9802881083148636,4.026578854766553,0.6227096271874007,0.6330220875623349,0.11383301471764375,0.12017955858617266,1.0,1x
B,A2-dca,"Market gate, weekly DCA",map=70/40,2018-08-06 00:00:00+00:00,4.6575505728220685,4.760559078004514,0.6220145831106783,0.6329868420524685,0.1091308550842841,0.11650201867446339,1.0,1x
B,A2-dca,"Market gate, weekly DCA",map=70/40,2018-09-03 00:00:00+00:00,5.402050209445659,5.574600028759115,0.6213499493648296,0.6329523382188247,0.1051518871194916,0.11319757101721287,1.0,1x
B,A2-dca,"Market gate, weekly DCA",map=70/40,2018-10-01 00:00:00+00:00,4.6778753980706105,4.817395509389865,0.6205776193116828,0.6329125341559452,0.10105682973454438,0.10992571460429,1.0,1x
B,A2-dca,"Market gate, weekly DCA",map=70/40,2018-11-05 00:00:00+00:00,6.146047133331579,6.484309519849692,0.6193587513107541,0.6328513968000946,0.0955297378992478,0.1056162303719747,1.0,1x
B,A2-dca,"Market gate, weekly DCA",map=70/40,2018-12-03 00:00:00+00:00,5.391513110953566,5.726434529031203,0.6179258415776323,0.632778694710924,0.09158598196761276,0.10138810299355853,1.0,1x
B,A2-dca,"Market gate, weekly DCA",map=70/40,2019-01-07 00:00:00+00:00,3.830677813318812,4.026422863350916,0.6148987070810681,0.6325867199882067,0.08309965203436988,0.09345884339421252,1.0,1x
B,A2-dca,"Market gate, weekly DCA",map=70/40,2019-02-04 00:00:00+00:00,3.1146004700882375,3.249452809010662,0.6113974457392651,0.63233085308593,0.07975242908108111,0.08708958978212578,1.0,1x
B,A2-dca,"Market gate, weekly DCA",map=70/40,2019-03-04 00:00:00+00:00,3.2736721230236645,3.427092772006663,0.6063471753846349,0.6318845193902299,0.07323892865502218,0.08072484976696337,1.0,1x
B,A2-dca,"Market gate, weekly DCA",map=70/40,2019-04-01 00:00:00+00:00,3.2556225004622266,3.407064724461093,0.5988836538056147,0.6310500284042195,0.06736399132633543,0.07486353045178509,1.0,1x
B,A2-dca,"Market gate, weekly DCA",map=70/40,2019-05-06 00:00:00+00:00,2.4522799560391646,2.529867906197906,0.5839124833521059,0.6288368832714343,0.06452519164031215,0.06921100819435208,1.0,1x
B,A2-dca,"Market gate, weekly DCA",map=70/40,2019-06-03 00:00:00+00:00,1.979200011357869,2.024895226743345,0.5650018036082,0.6249940723525568,0.06312012300578614,0.06649330096206318,1.0,1x
B,A2-dca,"Market gate, weekly DCA",map=70/40,2019-07-01 00:00:00+00:00,1.278847898691327,1.2902700052665899,0.6995065739907838,0.7193053406886544,0.062227843212378016,0.06470045222001923,1.0,1x
B,A2-dca,"Market gate, weekly DCA",map=70/40,2019-08-05 00:00:00+00:00,1.4090775621624334,1.428856320882226,0.6983522717729329,0.7193178179613204,0.06112448842211233,0.06315950952890495,1.0,1x
B,A2-dca,"Market gate, weekly DCA",map=70/40,2019-09-02 00:00:00+00:00,1.2287656978465837,1.2469273514666512,0.6973230235927099,0.7193285080445331,0.05995289439262781,0.06193924094261675,1.0,1x
B,A2-dca,"Market gate, weekly DCA",map=70/40,2019-10-07 00:00:00+00:00,1.1809354508712764,1.2024124497774173,0.7044494490657138,0.7268008988055241,0.058204570285222176,0.060239082644892056,1.0,1x
B,A2-dca,"Market gate, weekly DCA",map=70/40,2019-11-04 00:00:00+00:00,1.159892583796246,1.1823726773360996,0.7029227790319816,0.7268128906912148,0.05668733148160337,0.058510649705712924,1.0,1x
B,A2-dca,"Market gate, weekly DCA",map=70/40,2019-12-02 00:00:00+00:00,0.9482025582417895,0.9663067540356801,0.7439431976103392,0.7664994600336434,0.05493106702335585,0.056917340791635,1.0,1x
B,A2-dca,"Market gate, weekly DCA",map=70/40,2020-01-06 00:00:00+00:00,0.9014950561204654,0.9172116498223498,0.7414224931124886,0.7665199771461912,0.05326144605222908,0.05449262260668613,1.0,1x
B,A2-dca,"Market gate, weekly DCA",map=70/40,2020-02-03 00:00:00+00:00,1.212926611789415,1.2356595922291138,0.7391625754812472,0.7665375224556092,0.05157076312009736,0.05260601765039691,1.0,1x
B,A2-dca,"Market gate, weekly DCA",map=70/40,2020-03-02 00:00:00+00:00,1.178031798934193,1.2078547130285309,0.7366492979236212,0.7665543480077357,0.04947681278810982,0.05111753550952627,1.0,1x
B,A2-dca,"Market gate, weekly DCA",map=70/40,2020-04-06 00:00:00+00:00,1.3062572111910273,1.3372892049194935,0.7314069902079585,0.7665934827899941,0.04589416996079958,0.047472088398956676,1.0,1x
B,A2-dca,"Market gate, weekly DCA",map=70/40,2020-05-04 00:00:00+00:00,1.2756768877690836,1.2996330556849252,0.7264107228454465,0.7666304537457287,0.043428198105841996,0.04477454322876072,1.0,1x
B,A2-dca,"Market gate, weekly DCA",map=70/40,2020-06-01 00:00:00+00:00,1.1472355750347216,1.1664611447622377,0.7219169779949364,0.7666668721017242,0.04157324155566281,0.04286828889603544,1.0,1x
B,A2-dca,"Market gate, weekly DCA",map=70/40,2020-07-06 00:00:00+00:00,1.2187865271244558,1.2390384953974574,0.7159004052889576,0.7667224527279624,0.03941124952213017,0.04061780733587449,1.0,1x
B,A2-dca,"Market gate, weekly DCA",map=70/40,2020-08-03 00:00:00+00:00,1.1180604815293598,1.1310104269045298,0.7091163875891009,0.7667807238668434,0.037733848505299865,0.038751800157148235,1.0,1x
B,A2-dca,"Market gate, weekly DCA",map=70/40,2020-09-07 00:00:00+00:00,0.9500742034240597,0.9576765805012093,0.6979302660899278,0.7668584690443073,0.036226349825647416,0.03717695804926676,1.0,1x
B,A2-dca,"Market gate, weekly DCA",map=70/40,2020-10-05 00:00:00+00:00,0.989790439707718,0.9923619435844709,0.6822180650153684,0.766951104898001,0.03502186930131229,0.0357240111202438,1.0,1x
B,A2-dca,"Market gate, weekly DCA",map=70/40,2020-11-02 00:00:00+00:00,1.222803872293997,1.2179891311511242,0.6564487405868539,0.7670677830638355,0.034042836651659615,0.03438565668159428,1.0,1x
B,A2-dca,"Market gate, weekly DCA",map=70/40,2020-12-07 00:00:00+00:00,1.481678434401606,1.4560400633888368,0.633599970816034,0.7672160943329145,0.033469272006850584,0.03327126516648855,0.8785388127853881,1x
B,A2-dca,"Market gate, weekly DCA",map=70/40,2021-01-04 00:00:00+00:00,1.4514646261312696,1.4008341907518784,0.6337432899665696,0.7673371620725237,0.03348064169907085,0.03269521929866821,0.9041095890410958,1x
B,A2-dca,"Market gate, weekly DCA",map=70/40,2021-02-01 00:00:00+00:00,1.4432509417785948,1.386513622423898,0.6341932220180482,0.7674319682465924,0.03349622113508492,0.03256255571685998,0.9296803652968036,1x
B,A2-dca,"Market gate, weekly DCA",map=70/40,2021-03-01 00:00:00+00:00,2.0609804948112735,1.9861887857895564,0.6351911934100531,0.7675242773872565,0.03343635380179945,0.03249070742509864,0.9552919708029197,1x
B,A2-dca,"Market gate, weekly DCA",map=70/40,2021-04-05 00:00:00+00:00,2.2891423397362693,2.2164073146200476,0.6382333478323453,0.7676349748229772,0.03289710711110578,0.03236207964397811,0.9872262773722628,1x
B,A2-dca,"Market gate, weekly DCA",map=70/40,2021-05-03 00:00:00+00:00,1.9695872572206703,1.907136155922548,0.5954786572531168,0.7677362100111943,0.03267141098723784,0.03229116929070912,0.8211678832116789,1x
B,A2-dca,"Market gate, weekly DCA",map=70/40,2021-06-07 00:00:00+00:00,2.333031547738773,2.2695485042231716,0.5942540610727431,0.7679369505647666,0.032466839735741784,0.03205619543851531,0.8531021897810219,1x
B,A2-dca,"Market gate, weekly DCA",map=70/40,2021-07-05 00:00:00+00:00,1.8720108016102344,1.8108958409394666,0.5931746154398034,0.7682104774944687,0.03235634619955076,0.03174225282238279,0.8786496350364964,1x
B,A2-dca,"Market gate, weekly DCA",map=70/40,2021-08-02 00:00:00+00:00,2.1271681360315995,2.0522110217905816,0.5920341403577026,0.7686647262645794,0.03199301950730658,0.03140145046610112,0.9041970802919708,1x
B,A2-dca,"Market gate, weekly DCA",map=70/40,2021-09-06 00:00:00+00:00,1.8216040648104819,1.7549628133140618,0.5907194790743864,0.7694727012973894,0.031211485080043247,0.031238213124137805,0.9361313868613139,1x
B,A2-dca,"Market gate, weekly DCA",map=70/40,2021-10-04 00:00:00+00:00,1.9533008761453454,1.890357866015472,0.5904939551169641,0.7709716450232176,0.030841807997571302,0.031115613871635885,0.9616788321167883,1x
B,A2-dca,"Market gate, weekly DCA",map=70/40,2021-11-01 00:00:00+00:00,2.233163556538089,2.1823882493431275,0.5964091164139216,0.7762085122464988,0.031063343270280937,0.0310474583006394,0.9872262773722628,1x
B,A2-dca,"Market gate, weekly DCA",map=70/40,2021-12-06 00:00:00+00:00,3.026948054945257,2.995559194198079,0.5615184616909017,0.7122639592029544,0.030607341178372563,0.030899373124895664,0.968065693430657,1x
B,A2-dca,"Market gate, weekly DCA",map=70/40,2022-01-03 00:00:00+00:00,2.984546484416136,2.9716633294097936,0.5572760423414623,0.6733763874907408,0.030287402873868982,0.030640508985066563,0.9936131386861314,1x
B,A2-dca,"Market gate, weekly DCA",map=70/40,2022-02-07 00:00:00+00:00,2.9188257730536384,2.9144773472846324,0.5266444230832601,0.6756714674985848,0.029915437358945182,0.030184837319961577,0.948905109489051,1x
B,A2-dca,"Market gate, weekly DCA",map=70/40,2022-03-07 00:00:00+00:00,2.6749905390032107,2.6813007781668716,0.5347265163543766,0.6796335819157904,0.029393600384426653,0.029814794042100884,0.9744525547445255,1x
B,A2-dca,"Market gate, weekly DCA",map=70/40,2022-04-04 00:00:00+00:00,2.4386111158191386,2.454605644738735,0.5819843607760113,0.696627209054805,0.028620075354607755,0.029497830746806005,1.0,1x
B,A2-dca,"Market gate, weekly DCA",map=70/40,2022-05-02 00:00:00+00:00,2.7752048577546415,2.816343082749682,0.5441980188044429,0.678620313459342,0.027906347318816256,0.029187954292315972,1.0,1x
B,A2-dca,"Market gate, weekly DCA",map=70/40,2022-06-06 00:00:00+00:00,2.831785503758431,2.894403163431816,0.4528759326094979,0.5987120401188979,0.027127166521990636,0.028513848898752463,1.0,1x
B,A2-dca,"Market gate, weekly DCA",map=70/40,2022-07-04 00:00:00+00:00,2.955586789512968,3.034687134233389,0.2966607402440077,0.3516111023095845,0.026524459457742917,0.02769259685727698,1.0,1x
B,A2-dca,"Market gate, weekly DCA",map=70/40,2022-08-01 00:00:00+00:00,3.0042668603898046,3.0897598859385367,0.2777482214510113,0.35032562688450763,0.025660955307687628,0.026690143315081304,1.0,1x
B,A2-dca,"Market gate, weekly DCA",map=70/40,2022-09-05 00:00:00+00:00,2.7395870469254833,2.8278673939870624,0.2766814432142828,0.28881237525651204,0.02452078296874029,0.02553820261673247,1.0,1x
B,A2-dca,"Market gate, weekly DCA",map=60/30,2018-01-01 00:00:00+00:00,3.913337150213353,3.9094374654085198,0.7687598830587117,0.8397057339879949,0.13471172287573888,0.13516413622385987,1.0,1x
B,A2-dca,"Market gate, weekly DCA",map=60/30,2018-02-05 00:00:00+00:00,4.923242130307386,4.937537075018321,0.6817452627226916,0.7276408589296155,0.13282892930239978,0.13367578646846576,1.0,1x
B,A2-dca,"Market gate, weekly DCA",map=60/30,2018-03-05 00:00:00+00:00,6.329247177377244,6.355385742762701,0.6690311801007074,0.7364470161139185,0.13048849173782798,0.13137995449139614,1.0,1x
B,A2-dca,"Market gate, weekly DCA",map=60/30,2018-04-02 00:00:00+00:00,7.532837175017438,7.580256698332603,0.6383642320114433,0.6802639444419026,0.12799379635196645,0.129090597725981,1.0,1x
B,A2-dca,"Market gate, weekly DCA",map=60/30,2018-05-07 00:00:00+00:00,7.039623928888338,7.086435291871654,0.6244298790197833,0.6672162146034437,0.12452882648891382,0.12566009687382795,1.0,1x
B,A2-dca,"Market gate, weekly DCA",map=60/30,2018-06-04 00:00:00+00:00,4.798522567774161,4.837740989182845,0.6240765375359798,0.633047301837514,0.12150799025658439,0.1232646285003906,1.0,1x
B,A2-dca,"Market gate, weekly DCA",map=60/30,2018-07-02 00:00:00+00:00,3.998005374878119,4.026578854766553,0.6236259916765411,0.6330220875623349,0.11801184173728434,0.12017955858617266,1.0,1x
B,A2-dca,"Market gate, weekly DCA",map=60/30,2018-08-06 00:00:00+00:00,4.714741709321934,4.760559078004514,0.6230118691392753,0.6329868420524685,0.11453791447208489,0.11650201867446339,1.0,1x
B,A2-dca,"Market gate, weekly DCA",map=60/30,2018-09-03 00:00:00+00:00,5.509662433850798,5.574600028759115,0.6224322693734394,0.6329523382188247,0.11134902506424312,0.11319757101721287,1.0,1x
B,A2-dca,"Market gate, weekly DCA",map=60/30,2018-10-01 00:00:00+00:00,4.75588528120506,4.817395509389865,0.6217731561839203,0.6329125341559452,0.10802603251182172,0.10992571460429,1.0,1x
B,A2-dca,"Market gate, weekly DCA",map=60/30,2018-11-05 00:00:00+00:00,6.3849576911386565,6.484309519849692,0.6208304990715267,0.6328513968000946,0.10362674025321857,0.1056162303719747,1.0,1x
B,A2-dca,"Market gate, weekly DCA",map=60/30,2018-12-03 00:00:00+00:00,5.633010042952841,5.726434529031203,0.6197659039297891,0.632778694710924,0.09937959292669056,0.10138810299355853,1.0,1x
B,A2-dca,"Market gate, weekly DCA",map=60/30,2019-01-07 00:00:00+00:00,3.958882908657635,4.026422863350916,0.6172400971226405,0.6325867199882067,0.09146567549371498,0.09345884339421252,1.0,1x
B,A2-dca,"Market gate, weekly DCA",map=60/30,2019-02-04 00:00:00+00:00,3.192587756803055,3.249452809010662,0.6142796827593369,0.63233085308593,0.08509148825236201,0.08708958978212578,1.0,1x
B,A2-dca,"Market gate, weekly DCA",map=60/30,2019-03-04 00:00:00+00:00,3.3599694293298548,3.427092772006663,0.6098301955703463,0.6318845193902299,0.07873504831694508,0.08072484976696337,1.0,1x
B,A2-dca,"Market gate, weekly DCA",map=60/30,2019-04-01 00:00:00+00:00,3.3338824274872594,3.407064724461093,0.6028231680147935,0.6310500284042195,0.07287807447826908,0.07486353045178509,1.0,1x
B,A2-dca,"Market gate, weekly DCA",map=60/30,2019-05-06 00:00:00+00:00,2.474456920815261,2.529867906197906,0.5871935743673327,0.6288368832714343,0.0672281044085141,0.06921100819435208,1.0,1x
B,A2-dca,"Market gate, weekly DCA",map=60/30,2019-06-03 00:00:00+00:00,1.983594348466704,2.024895226743345,0.5737506874131936,0.6249940723525568,0.06457785545363519,0.06649330096206318,1.0,1x
B,A2-dca,"Market gate, weekly DCA",map=60/30,2019-07-01 00:00:00+00:00,1.2716678354774815,1.2902700052665899,0.7162138176806454,0.7193053406886544,0.0629147703912091,0.06470045222001923,1.0,1x
B,A2-dca,"Market gate, weekly DCA",map=60/30,2019-08-05 00:00:00+00:00,1.4037547375358688,1.428856320882226,0.7160602088001098,0.7193178179613204,0.06129870312183155,0.06315950952890495,1.0,1x
B,A2-dca,"Market gate, weekly DCA",map=60/30,2019-09-02 00:00:00+00:00,1.223558060159154,1.2469273514666512,0.7159226443685491,0.7193285080445331,0.060145388300819516,0.06193924094261675,1.0,1x
B,A2-dca,"Market gate, weekly DCA",map=60/30,2019-10-07 00:00:00+00:00,1.175674411507579,1.2024124497774173,0.7232480960730623,0.7268008988055241,0.05824285707075421,0.060239082644892056,1.0,1x
B,A2-dca,"Market gate, weekly DCA",map=60/30,2019-11-04 00:00:00+00:00,1.1547296902514592,1.1823726773360996,0.7230397180637711,0.7268128906912148,0.056937475158489625,0.058510649705712924,1.0,1x
B,A2-dca,"Market gate, weekly DCA",map=60/30,2019-12-02 00:00:00+00:00,0.9417928364084376,0.9663067540356801,0.7630455549587427,0.7664994600336434,0.054974852458343125,0.056917340791635,1.0,1x
B,A2-dca,"Market gate, weekly DCA",map=60/30,2020-01-06 00:00:00+00:00,0.8951107381153023,0.9172116498223498,0.7627206784911287,0.7665199771461912,0.05299644067487682,0.05449262260668613,1.0,1x
B,A2-dca,"Market gate, weekly DCA",map=60/30,2020-02-03 00:00:00+00:00,1.2045467332862023,1.2356595922291138,0.7624357274550967,0.7665375224556092,0.05123991887109023,0.05260601765039691,1.0,1x
B,A2-dca,"Market gate, weekly DCA",map=60/30,2020-03-02 00:00:00+00:00,1.169804362237283,1.2078547130285309,0.7621256036704056,0.7665543480077357,0.04949414868068456,0.05111753550952627,1.0,1x
B,A2-dca,"Market gate, weekly DCA",map=60/30,2020-04-06 00:00:00+00:00,1.2987321553825522,1.3372892049194935,0.7615008335501479,0.7665934827899941,0.04600997252175735,0.047472088398956676,1.0,1x
B,A2-dca,"Market gate, weekly DCA",map=60/30,2020-05-04 00:00:00+00:00,1.2682424137036554,1.2996330556849252,0.7609315408971743,0.7666304537457287,0.043664405551427414,0.04477454322876072,1.0,1x
B,A2-dca,"Market gate, weekly DCA",map=60/30,2020-06-01 00:00:00+00:00,1.139300863637741,1.1664611447622377,0.7603391839828235,0.7666668721017242,0.04186044977921387,0.04286828889603544,1.0,1x
B,A2-dca,"Market gate, weekly DCA",map=60/30,2020-07-06 00:00:00+00:00,1.211728684647008,1.2390384953974574,0.7594298835040899,0.7667224527279624,0.039720496038661256,0.04061780733587449,1.0,1x
B,A2-dca,"Market gate, weekly DCA",map=60/30,2020-08-03 00:00:00+00:00,1.1103554561434497,1.1310104269045298,0.7585107926532738,0.7667807238668434,0.038043421515657525,0.038751800157148235,1.0,1x
B,A2-dca,"Market gate, weekly DCA",map=60/30,2020-09-07 00:00:00+00:00,0.9407613900663337,0.9576765805012093,0.7572076539729505,0.7668584690443073,0.03652012900965687,0.03717695804926676,1.0,1x
B,A2-dca,"Market gate, weekly DCA",map=60/30,2020-10-05 00:00:00+00:00,0.9801185442982994,0.9923619435844709,0.7557573987082109,0.766951104898001,0.035283207863907505,0.0357240111202438,1.0,1x
B,A2-dca,"Market gate, weekly DCA",map=60/30,2020-11-02 00:00:00+00:00,1.2127410715360285,1.2179891311511242,0.754040861368861,0.7670677830638355,0.03416555368843095,0.03438565668159428,1.0,1x
B,A2-dca,"Market gate, weekly DCA",map=60/30,2020-12-07 00:00:00+00:00,1.4589172412921796,1.4560400633888368,0.7519063241728079,0.7672160943329145,0.03309526456459679,0.03327126516648855,1.0,1x
B,A2-dca,"Market gate, weekly DCA",map=60/30,2021-01-04 00:00:00+00:00,1.4114718790950262,1.4008341907518784,0.7502472398551094,0.7673371620725237,0.03262511501732419,0.03269521929866821,1.0,1x
B,A2-dca,"Market gate, weekly DCA",map=60/30,2021-02-01 00:00:00+00:00,1.399539269957649,1.386513622423898,0.7488607283937281,0.7674319682465924,0.03251055952552794,0.03256255571685998,1.0,1x
B,A2-dca,"Market gate, weekly DCA",map=60/30,2021-03-01 00:00:00+00:00,2.000344686271346,1.9861887857895564,0.7475097203401162,0.7675242773872565,0.032459330871783446,0.03249070742509864,1.0,1x
B,A2-dca,"Market gate, weekly DCA",map=60/30,2021-04-05 00:00:00+00:00,2.229598264435799,2.2164073146200476,0.7457726430185214,0.7676349748229772,0.032312583193404514,0.03236207964397811,1.0,1x
B,A2-dca,"Market gate, weekly DCA",map=60/30,2021-05-03 00:00:00+00:00,1.9185169126817339,1.907136155922548,0.744099608924446,0.7677362100111943,0.03219985053197173,0.03229116929070912,1.0,1x
B,A2-dca,"Market gate, weekly DCA",map=60/30,2021-06-07 00:00:00+00:00,2.2798169212687767,2.2695485042231716,0.7412635664016611,0.7679369505647666,0.03196264784699404,0.03205619543851531,0.9808394160583942,1x
B,A2-dca,"Market gate, weekly DCA",map=60/30,2021-07-05 00:00:00+00:00,1.8253700308369676,1.8108958409394666,0.7378660184934978,0.7682104774944687,0.03169909651535388,0.03174225282238279,0.9936131386861314,1x
B,A2-dca,"Market gate, weekly DCA",map=60/30,2021-08-02 00:00:00+00:00,2.0715648551061125,2.0522110217905816,0.7326571598649645,0.7686647262645794,0.031438084955674676,0.03140145046610112,1.0,1x
B,A2-dca,"Market gate, weekly DCA",map=60/30,2021-09-06 00:00:00+00:00,1.7754191211530421,1.7549628133140618,0.7246569465249726,0.7694727012973894,0.03130020122229127,0.031238213124137805,1.0,1x
B,A2-dca,"Market gate, weekly DCA",map=60/30,2021-10-04 00:00:00+00:00,1.9124556819176886,1.890357866015472,0.7152466337926646,0.7709716450232176,0.031199866702528917,0.031115613871635885,0.9936131386861314,1x
B,A2-dca,"Market gate, weekly DCA",map=60/30,2021-11-01 00:00:00+00:00,2.2054042285112123,2.1823882493431275,0.7097206387939485,0.7762085122464988,0.03113329915468013,0.0310474583006394,1.0,1x
B,A2-dca,"Market gate, weekly DCA",map=60/30,2021-12-06 00:00:00+00:00,3.0149149275776326,2.995559194198079,0.646260074296807,0.7122639592029544,0.03092384007827163,0.030899373124895664,1.0,1x
B,A2-dca,"Market gate, weekly DCA",map=60/30,2022-01-03 00:00:00+00:00,2.987336792096958,2.9716633294097936,0.6233074271409429,0.6733763874907408,0.030626991805958088,0.030640508985066563,1.0,1x
B,A2-dca,"Market gate, weekly DCA",map=60/30,2022-02-07 00:00:00+00:00,2.9280322291287946,2.9144773472846324,0.6121574749293717,0.6756714674985848,0.030149313916666393,0.030184837319961577,1.0,1x
B,A2-dca,"Market gate, weekly DCA",map=60/30,2022-03-07 00:00:00+00:00,2.6929252150112983,2.6813007781668716,0.5994076409323406,0.6796335819157904,0.029755187425801806,0.029814794042100884,1.0,1x
B,A2-dca,"Market gate, weekly DCA",map=60/30,2022-04-04 00:00:00+00:00,2.4628861337697923,2.454605644738735,0.5879463257402242,0.696627209054805,0.02939322505818904,0.029497830746806005,1.0,1x
B,A2-dca,"Market gate, weekly DCA",map=60/30,2022-05-02 00:00:00+00:00,2.8131931664838956,2.816343082749682,0.5511899369471309,0.678620313459342,0.028979279528571492,0.029187954292315972,1.0,1x
B,A2-dca,"Market gate, weekly DCA",map=60/30,2022-06-06 00:00:00+00:00,2.8765606580868677,2.894403163431816,0.4623462953821217,0.5987120401188979,0.028170748945729813,0.028513848898752463,1.0,1x
B,A2-dca,"Market gate, weekly DCA",map=60/30,2022-07-04 00:00:00+00:00,3.0076997824488623,3.034687134233389,0.3104825275500268,0.3516111023095845,0.027291332381101267,0.02769259685727698,1.0,1x
B,A2-dca,"Market gate, weekly DCA",map=60/30,2022-08-01 00:00:00+00:00,3.0613498225151927,3.0897598859385367,0.2935100103764766,0.35032562688450763,0.026298007896434095,0.026690143315081304,1.0,1x
B,A2-dca,"Market gate, weekly DCA",map=60/30,2022-09-05 00:00:00+00:00,2.794418893986258,2.8278673939870624,0.2792653316024418,0.28881237525651204,0.025082741230167408,0.02553820261673247,1.0,1x
A,S1,BTC regime filter,sma=20w,2018-01-01 00:00:00+00:00,2.272160252468806,2.102493220696822,0.6979544358828123,0.81184771458817,0.07855722993513628,0.0726911947323632,0.48905109489051096,2x
A,S1,BTC regime filter,sma=20w,2018-02-05 00:00:00+00:00,4.894554556974131,4.501974699689464,0.4605425232689363,0.7210838037342595,0.1325121046942017,0.12188364350456875,0.48905109489051096,2x
A,S1,BTC regime filter,sma=20w,2018-03-05 00:00:00+00:00,6.976603580751648,4.188389546201929,0.46054252326893563,0.7195983935742976,0.14422190847934604,0.08658332479643398,0.5082116788321168,2x
A,S1,BTC regime filter,sma=20w,2018-04-02 00:00:00+00:00,10.290457692904104,8.59307249572363,0.4605425232689363,0.6743998377939981,0.17524490097322337,0.1463386939151619,0.5273722627737226,2x
A,S1,BTC regime filter,sma=20w,2018-05-07 00:00:00+00:00,9.882704867115647,5.819767775203804,0.4605425232689363,0.6570507207688202,0.17524490097322337,0.10319893603687158,0.5593065693430657,2x
A,S1,BTC regime filter,sma=20w,2018-06-04 00:00:00+00:00,8.111673302303576,5.072336655757304,0.4605425232689363,0.6334142876781383,0.0,0.1292420770146375,0.5684306569343066,2x
A,S1,BTC regime filter,sma=20w,2018-07-02 00:00:00+00:00,8.111673302303576,5.251588625569691,0.4605425232689363,0.6334142876781382,0.0,0.15674189570384595,0.5684306569343066,2x
A,S1,BTC regime filter,sma=20w,2018-08-06 00:00:00+00:00,9.539277734476785,5.799979505899937,0.4605425232689364,0.6334142876781371,0.0,0.1419390684236812,0.5620437956204379,2x
A,S1,BTC regime filter,sma=20w,2018-09-03 00:00:00+00:00,9.970901360160887,6.724081630964662,0.4605425232689364,0.6334142876781372,0.20246866304301953,0.1365388914038534,0.5784671532846716,2x
A,S1,BTC regime filter,sma=20w,2018-10-01 00:00:00+00:00,8.873006936063591,6.593597262640294,0.4605425232689364,0.6334142876781369,0.20246866304301953,0.15045596515707785,0.6040145985401459,2x
A,S1,BTC regime filter,sma=20w,2018-11-05 00:00:00+00:00,12.430565592212814,9.437661033795763,0.4605425232689364,0.6334142876781371,0.20246866304301953,0.15372032733272234,0.6359489051094891,2x
A,S1,BTC regime filter,sma=20w,2018-12-03 00:00:00+00:00,11.435498928015175,13.534579201529183,0.4605425232689364,0.6334142876781377,0.20246866304301953,0.23963345832424493,0.6614963503649635,2x
A,S1,BTC regime filter,sma=20w,2019-01-07 00:00:00+00:00,9.971223251449969,10.771679347898798,0.4605425232689364,0.6334142876781377,0.0,0.25002557541363957,0.6642335766423357,2x
A,S1,BTC regime filter,sma=20w,2019-02-04 00:00:00+00:00,9.971223251449969,10.75730262853124,0.4605425232689364,0.633414287678137,0.0,0.28830979495474035,0.6642335766423357,2x
A,S1,BTC regime filter,sma=20w,2019-03-04 00:00:00+00:00,9.971223251449969,11.117251647485217,0.4605425232689364,0.6334142876781378,0.0,0.26186582294919714,0.6642335766423357,2x
A,S1,BTC regime filter,sma=20w,2019-04-01 00:00:00+00:00,9.40006619235331,11.060277998248083,0.4605425232689355,0.633414287678137,0.20654792278750964,0.24302780419236777,0.6614963503649635,2x
A,S1,BTC regime filter,sma=20w,2019-05-06 00:00:00+00:00,6.169255495158527,6.312563684767546,0.46054252326893674,0.6334142876781378,0.0,0.17269632767918847,0.6386861313868614,2x
A,S1,BTC regime filter,sma=20w,2019-06-03 00:00:00+00:00,4.081620724219495,3.4794264098662415,0.46054252326893597,0.633414287678138,0.0,0.1142570461873639,0.6131386861313869,2x
A,S1,BTC regime filter,sma=20w,2019-07-01 00:00:00+00:00,3.2813611851318214,1.8317983680778513,0.4368717670217911,0.7190587661047632,0.0,0.09185533439262004,0.5875912408759124,2x
A,S1,BTC regime filter,sma=20w,2019-08-05 00:00:00+00:00,3.2585777699283613,2.0636129659967843,0.41135969199232936,0.7190587661047625,0.0,0.09121755692648732,0.5556569343065694,2x
A,S1,BTC regime filter,sma=20w,2019-09-02 00:00:00+00:00,3.6628675663555623,2.0641765272775703,0.37051972749757145,0.7190587661047632,0.0,0.10253486469821713,0.5301094890510949,2x
A,S1,BTC regime filter,sma=20w,2019-10-07 00:00:00+00:00,4.454853185521129,2.5334395142002823,0.37051972749757156,0.7266029902927508,0.0,0.1269215669714635,0.5045620437956204,2x
A,S1,BTC regime filter,sma=20w,2019-11-04 00:00:00+00:00,4.454853185521129,2.190770980599913,0.37051972749757156,0.7266029902927513,0.0,0.10841203952726781,0.5045620437956204,2x
A,S1,BTC regime filter,sma=20w,2019-12-02 00:00:00+00:00,3.459385227214724,2.290002905696365,0.5043718222952404,0.7662925431645926,0.0,0.13488560982627845,0.5109489051094891,2x
A,S1,BTC regime filter,sma=20w,2020-01-06 00:00:00+00:00,3.459385227214724,2.2808226579437125,0.5043718222952404,0.7662925431645943,0.0,0.13550635598248043,0.5109489051094891,2x
A,S1,BTC regime filter,sma=20w,2020-02-03 00:00:00+00:00,3.6193062817804456,2.5096084644709618,0.50437182229524,0.7662925431645937,0.1540855518290926,0.1068421335518317,0.5145985401459854,2x
A,S1,BTC regime filter,sma=20w,2020-03-02 00:00:00+00:00,3.9828876228430943,2.7617139067895002,0.5043718222952401,0.7662925431645935,0.16855951075493744,0.11687830264245543,0.5141552511415525,2x
A,S1,BTC regime filter,sma=20w,2020-04-06 00:00:00+00:00,5.071511667025705,4.146849113420391,0.5121691237683822,0.7662925431645932,0.18003229913747654,0.14720793898974088,0.5397260273972603,2x
A,S1,BTC regime filter,sma=20w,2020-05-04 00:00:00+00:00,5.225646319932255,3.2537436706852922,0.5121691237683825,0.7662925431645932,0.18003229913747654,0.11209693844054097,0.5652968036529681,2x
A,S1,BTC regime filter,sma=20w,2020-06-01 00:00:00+00:00,4.611441566603303,2.8713096699328617,0.5121691237683822,0.7662925431645928,0.16947380561452918,0.10552270257210443,0.5652968036529681,2x
A,S1,BTC regime filter,sma=20w,2020-07-06 00:00:00+00:00,5.269273812731538,3.353416445727075,0.5121691237683822,0.766292543164593,0.1727358345366366,0.10993074356886914,0.5589041095890411,2x
A,S1,BTC regime filter,sma=20w,2020-08-03 00:00:00+00:00,4.129859074739977,2.628281966730626,0.5121691237683822,0.7662925431645936,0.14150132459832557,0.09005280155562978,0.5589041095890411,2x
A,S1,BTC regime filter,sma=20w,2020-09-07 00:00:00+00:00,3.9885923482741883,2.5042049089886587,0.5121691237683821,0.7662925431645935,0.0,0.0972131121756315,0.54337899543379,2x
A,S1,BTC regime filter,sma=20w,2020-10-05 00:00:00+00:00,3.7942971571862842,2.5964577648937377,0.5121691237683821,0.7662925431645927,0.13659080208903066,0.09346981377708564,0.5205479452054794,2x
A,S1,BTC regime filter,sma=20w,2020-11-02 00:00:00+00:00,3.46977035554482,2.566249230990568,0.5121691237683823,0.7662925431645933,0.09795681189451752,0.07244905784409517,0.5077625570776255,2x
A,S1,BTC regime filter,sma=20w,2020-12-07 00:00:00+00:00,3.0473938985626092,2.2538587420387635,0.5121691237683829,0.7662925431645935,0.06963451969160508,0.05150183277213451,0.5077625570776255,2x
A,S1,BTC regime filter,sma=20w,2021-01-04 00:00:00+00:00,1.750201217587246,1.2944523897768965,0.5121691237683822,0.7662925431645932,0.040849383177246235,0.030212287103532794,0.5077625570776255,2x
A,S1,BTC regime filter,sma=20w,2021-02-01 00:00:00+00:00,1.734482859834356,1.282827060327837,0.5121691237683821,0.7662925431645935,0.04073468435496374,0.030127455620663157,0.5077625570776255,2x
A,S1,BTC regime filter,sma=20w,2021-03-01 00:00:00+00:00,1.8258141817091396,1.3503758922417333,0.5121691237683825,0.7662925431645937,0.02986724867995147,0.022089878033064954,0.5082116788321168,2x
A,S1,BTC regime filter,sma=20w,2021-04-05 00:00:00+00:00,1.5862632770655223,1.1732035546423905,0.5121691237683821,0.7662925431645937,0.023161256584064434,0.017130112603171904,0.5082116788321168,2x
A,S1,BTC regime filter,sma=20w,2021-05-03 00:00:00+00:00,1.4071773170686583,1.0407512134121604,0.5121691237683821,0.7662925431645937,0.023825986847556404,0.017621748461659308,0.5082116788321168,2x
A,S1,BTC regime filter,sma=20w,2021-06-07 00:00:00+00:00,2.0680656959791834,1.9719115560688918,0.5121691237683821,0.7662925431645939,0.02921035527843426,0.027852227926033087,0.5273722627737226,2x
A,S1,BTC regime filter,sma=20w,2021-07-05 00:00:00+00:00,1.8408513814793208,1.611852440638958,0.5121691237683821,0.7662925431645932,0.0,0.028253324419030917,0.5428832116788321,2x
A,S1,BTC regime filter,sma=20w,2021-08-02 00:00:00+00:00,1.7596470528883497,1.6350808774909573,0.5121691237683821,0.7662925431645933,0.02692484797244836,0.025018826347498708,0.5529197080291971,2x
A,S1,BTC regime filter,sma=20w,2021-09-06 00:00:00+00:00,1.2567849727732576,1.082210759594436,0.5121691237683823,0.7662925431645936,0.0,0.019263274467683087,0.5428832116788321,2x
A,S1,BTC regime filter,sma=20w,2021-10-04 00:00:00+00:00,1.28568252831152,1.2566569224686648,0.5121691237683816,0.7662925431645935,0.021162554366900177,0.020684787929109084,0.5273722627737226,2x
A,S1,BTC regime filter,sma=20w,2021-11-01 00:00:00+00:00,1.1696664926863347,1.1432600682100724,0.5121691237683821,0.7662925431645937,0.01664010593360945,0.016264438422091965,0.5273722627737226,2x
A,S1,BTC regime filter,sma=20w,2021-12-06 00:00:00+00:00,2.013977556357905,1.956734231987824,0.3862713420627696,0.6895818371830502,0.020774299536326757,0.02018383120505611,0.5273722627737226,2x
A,S1,BTC regime filter,sma=20w,2022-01-03 00:00:00+00:00,2.0147910779277476,2.044878928087627,0.3862713420627696,0.6673056490171778,0.020774299536326757,0.021084532204355213,0.5529197080291971,2x
A,S1,BTC regime filter,sma=20w,2022-02-07 00:00:00+00:00,2.0058489884353317,2.2714342906391938,0.3862713420627696,0.6673056490171771,0.020774299536326757,0.023524929644694346,0.5848540145985401,2x
A,S1,BTC regime filter,sma=20w,2022-03-07 00:00:00+00:00,1.868272020727989,2.3337026430223706,0.3862713420627696,0.667305649017177,0.020774299536326757,0.025949667498618906,0.6104014598540146,2x
A,S1,BTC regime filter,sma=20w,2022-04-04 00:00:00+00:00,1.6873220884404754,1.787734358860492,0.3862713420627695,0.6612040100033247,0.0,0.021483811727944387,0.6067518248175182,2x
A,S1,BTC regime filter,sma=20w,2022-05-02 00:00:00+00:00,1.9174055658437068,2.50078608141515,0.3862713420627688,0.6023862433862442,0.019871565491601212,0.025917591605331067,0.6040145985401459,2x
A,S1,BTC regime filter,sma=20w,2022-06-06 00:00:00+00:00,2.01713638258599,3.3826059186499036,0.3862713420627688,0.4969802155349645,0.019871565491601212,0.03332331696806523,0.6359489051094891,2x
A,S1,BTC regime filter,sma=20w,2022-07-04 00:00:00+00:00,2.177621132652711,5.656334266406286,0.3862713420627688,0.35432082803835163,0.019871565491601212,0.0516160571422992,0.6614963503649635,2x
A,S1,BTC regime filter,sma=20w,2022-08-01 00:00:00+00:00,2.3004134972949624,4.954318888258948,0.3862713420627688,0.3543208280383514,0.019871565491601212,0.0427966851916324,0.6870437956204379,2x
A,S1,BTC regime filter,sma=20w,2022-09-05 00:00:00+00:00,2.20039573514698,5.519889744081472,0.3862713420627688,0.29534411455035614,0.019871565491601212,0.04984960150752425,0.718978102189781,2x
A,S1,BTC regime filter,sma=200d,2018-01-01 00:00:00+00:00,2.5498667984335546,2.102493220696822,0.5934343656248846,0.81184771458817,0.08815860244490593,0.0726911947323632,0.48905109489051096,2x
A,S1,BTC regime filter,sma=200d,2018-02-05 00:00:00+00:00,5.459915732960818,4.501974699689464,0.496318286163143,0.7210838037342595,0.1478183390961938,0.12188364350456875,0.48905109489051096,2x
A,S1,BTC regime filter,sma=200d,2018-03-05 00:00:00+00:00,5.0796051742925,4.188389546201929,0.49631828616314333,0.7195983935742976,0.10500673344537334,0.08658332479643398,0.48905109489051096,2x
A,S1,BTC regime filter,sma=200d,2018-04-02 00:00:00+00:00,8.722586610864122,8.59307249572363,0.4963182861631432,0.6743998377939981,0.14854429923999413,0.1463386939151619,0.5018248175182481,2x
A,S1,BTC regime filter,sma=200d,2018-05-07 00:00:00+00:00,8.376959677164471,5.819767775203804,0.4963182861631432,0.6570507207688202,0.14854429923999413,0.10319893603687158,0.5337591240875912,2x
A,S1,BTC regime filter,sma=200d,2018-06-04 00:00:00+00:00,5.136285314290004,5.072336655757304,0.4963182861631432,0.6334142876781383,0.0,0.1292420770146375,0.5492700729927007,2x
A,S1,BTC regime filter,sma=200d,2018-07-02 00:00:00+00:00,5.136285314290004,5.251588625569691,0.4963182861631432,0.6334142876781382,0.0,0.15674189570384595,0.5492700729927007,2x
A,S1,BTC regime filter,sma=200d,2018-08-06 00:00:00+00:00,5.136285314290004,5.799979505899937,0.4963182861631432,0.6334142876781371,0.0,0.1419390684236812,0.5492700729927007,2x
A,S1,BTC regime filter,sma=200d,2018-09-03 00:00:00+00:00,5.368686776078812,6.724081630964662,0.4963182861631432,0.6334142876781372,0.10901630600745173,0.1365388914038534,0.5656934306569343,2x
A,S1,BTC regime filter,sma=200d,2018-10-01 00:00:00+00:00,4.691135566794917,6.593597262640294,0.5297701285662488,0.6334142876781369,0.0,0.15045596515707785,0.5875912408759124,2x
A,S1,BTC regime filter,sma=200d,2018-11-05 00:00:00+00:00,5.957473657465139,9.437661033795763,0.5297701285662488,0.6334142876781371,0.09703514434585381,0.15372032733272234,0.6167883211678832,2x
A,S1,BTC regime filter,sma=200d,2018-12-03 00:00:00+00:00,5.4805779446029,13.534579201529183,0.5297701285662488,0.6334142876781377,0.09703514434585381,0.23963345832424493,0.6423357664233577,2x
A,S1,BTC regime filter,sma=200d,2019-01-07 00:00:00+00:00,4.180631547190707,10.771679347898798,0.5660193475694117,0.6334142876781377,0.0,0.25002557541363957,0.6642335766423357,2x
A,S1,BTC regime filter,sma=200d,2019-02-04 00:00:00+00:00,4.180631547190707,10.75730262853124,0.5660193475694117,0.633414287678137,0.0,0.28830979495474035,0.6642335766423357,2x
A,S1,BTC regime filter,sma=200d,2019-03-04 00:00:00+00:00,4.180631547190707,11.117251647485217,0.5660193475694117,0.6334142876781378,0.0,0.26186582294919714,0.6642335766423357,2x
A,S1,BTC regime filter,sma=200d,2019-04-01 00:00:00+00:00,4.180631547190707,11.060277998248083,0.5660193475694117,0.633414287678137,0.0,0.24302780419236777,0.6642335766423357,2x
A,S1,BTC regime filter,sma=200d,2019-05-06 00:00:00+00:00,3.7440360199220697,6.312563684767546,0.5660193475694115,0.6334142876781378,0.0,0.17269632767918847,0.6386861313868614,2x
A,S1,BTC regime filter,sma=200d,2019-06-03 00:00:00+00:00,2.4770792882756925,3.4794264098662415,0.566019347569411,0.633414287678138,0.0,0.1142570461873639,0.6131386861313869,2x
A,S1,BTC regime filter,sma=200d,2019-07-01 00:00:00+00:00,1.991412818151086,1.8317983680778513,0.5660193475694113,0.7190587661047632,0.0,0.09185533439262004,0.5875912408759124,2x
A,S1,BTC regime filter,sma=200d,2019-08-05 00:00:00+00:00,1.977585877891352,2.0636129659967843,0.5660193475694113,0.7190587661047625,0.0,0.09121755692648732,0.5556569343065694,2x
A,S1,BTC regime filter,sma=200d,2019-09-02 00:00:00+00:00,2.222943775857856,2.0641765272775703,0.5660193475694117,0.7190587661047632,0.0,0.10253486469821713,0.5301094890510949,2x
A,S1,BTC regime filter,sma=200d,2019-10-07 00:00:00+00:00,2.7035889181676853,2.5334395142002823,0.5660193475694117,0.7266029902927508,0.0,0.1269215669714635,0.5045620437956204,2x
A,S1,BTC regime filter,sma=200d,2019-11-04 00:00:00+00:00,2.801123153664875,2.190770980599913,0.5660193475694117,0.7266029902927513,0.0,0.10841203952726781,0.4981751824817518,2x
A,S1,BTC regime filter,sma=200d,2019-12-02 00:00:00+00:00,2.8667019512648926,2.290002905696365,0.5660193475694111,0.7662925431645926,0.0,0.13488560982627845,0.49178832116788324,2x
A,S1,BTC regime filter,sma=200d,2020-01-06 00:00:00+00:00,2.8667019512648926,2.2808226579437125,0.5660193475694111,0.7662925431645943,0.0,0.13550635598248043,0.49178832116788324,2x
A,S1,BTC regime filter,sma=200d,2020-02-03 00:00:00+00:00,3.216321816056435,2.5096084644709618,0.5660193475694106,0.7662925431645937,0.13692920225674018,0.1068421335518317,0.5082116788321168,2x
A,S1,BTC regime filter,sma=200d,2020-03-02 00:00:00+00:00,3.560721299243377,2.7617139067895002,0.5660193475694111,0.7662925431645935,0.15069303906363152,0.11687830264245543,0.5077625570776255,2x
A,S1,BTC regime filter,sma=200d,2020-04-06 00:00:00+00:00,4.24502441735289,4.146849113420391,0.5739083799015622,0.7662925431645932,0.15069303906363152,0.14720793898974088,0.5397260273972603,2x
A,S1,BTC regime filter,sma=200d,2020-05-04 00:00:00+00:00,4.374040262747219,3.2537436706852922,0.5739083799015621,0.7662925431645932,0.15069303906363152,0.11209693844054097,0.5652968036529681,2x
A,S1,BTC regime filter,sma=200d,2020-06-01 00:00:00+00:00,3.8599303984067608,2.8713096699328617,0.5739083799015618,0.7662925431645928,0.14185522782348486,0.10552270257210443,0.5652968036529681,2x
A,S1,BTC regime filter,sma=200d,2020-07-06 00:00:00+00:00,4.508031374296789,3.353416445727075,0.5739083799015618,0.766292543164593,0.14778100156325472,0.10993074356886914,0.5652968036529681,2x
A,S1,BTC regime filter,sma=200d,2020-08-03 00:00:00+00:00,3.533225818587887,2.628281966730626,0.5739083799015625,0.7662925431645936,0.12105888467069967,0.09005280155562978,0.5652968036529681,2x
A,S1,BTC regime filter,sma=200d,2020-09-07 00:00:00+00:00,3.412367640082672,2.5042049089886587,0.573908379901563,0.7662925431645935,0.0,0.0972131121756315,0.5497716894977169,2x
A,S1,BTC regime filter,sma=200d,2020-10-05 00:00:00+00:00,3.280970650144794,2.5964577648937377,0.5739083799015621,0.7662925431645927,0.0,0.09346981377708564,0.5242009132420091,2x
A,S1,BTC regime filter,sma=200d,2020-11-02 00:00:00+00:00,2.994442050662037,2.566249230990568,0.5739083799015618,0.7662925431645933,0.08453758221116531,0.07244905784409517,0.5077625570776255,2x
A,S1,BTC regime filter,sma=200d,2020-12-07 00:00:00+00:00,2.6299274879112158,2.2538587420387635,0.573908379901562,0.7662925431645935,0.060095197253898607,0.05150183277213451,0.5077625570776255,2x
A,S1,BTC regime filter,sma=200d,2021-01-04 00:00:00+00:00,1.5104389011474586,1.2944523897768965,0.573908379901563,0.7662925431645932,0.03525337362286207,0.030212287103532794,0.5077625570776255,2x
A,S1,BTC regime filter,sma=200d,2021-02-01 00:00:00+00:00,1.4968738214448831,1.282827060327837,0.5739083799015625,0.7662925431645935,0.03515438753980468,0.030127455620663157,0.5077625570776255,2x
A,S1,BTC regime filter,sma=200d,2021-03-01 00:00:00+00:00,1.5756935480378431,1.3503758922417333,0.5739083799015626,0.7662925431645937,0.025775695858921994,0.022089878033064954,0.5082116788321168,2x
A,S1,BTC regime filter,sma=200d,2021-04-05 00:00:00+00:00,1.3689590300047763,1.1732035546423905,0.5739083799015621,0.7662925431645937,0.019988366247542466,0.017130112603171904,0.5082116788321168,2x
A,S1,BTC regime filter,sma=200d,2021-05-03 00:00:00+00:00,1.2144062860628553,1.0407512134121604,0.5397921963683191,0.7662925431645937,0.02056203425705991,0.017621748461659308,0.5082116788321168,2x
A,S1,BTC regime filter,sma=200d,2021-06-07 00:00:00+00:00,2.3891940324651677,1.9719115560688918,0.3858897248948394,0.7662925431645939,0.03374612646644134,0.027852227926033087,0.5209854014598541,2x
A,S1,BTC regime filter,sma=200d,2021-07-05 00:00:00+00:00,1.9252168523717428,1.611852440638958,0.3858897248948394,0.7662925431645932,0.03374612646644134,0.028253324419030917,0.5465328467153284,2x
A,S1,BTC regime filter,sma=200d,2021-08-02 00:00:00+00:00,2.0141217588378897,1.6350808774909573,0.3858897248948394,0.7662925431645933,0.030818636081420693,0.025018826347498708,0.5656934306569343,2x
A,S1,BTC regime filter,sma=200d,2021-09-06 00:00:00+00:00,1.4385373224068454,1.082210759594436,0.38588972489483975,0.7662925431645936,0.0,0.019263274467683087,0.5556569343065694,2x
A,S1,BTC regime filter,sma=200d,2021-10-04 00:00:00+00:00,1.6023272183722812,1.2566569224686648,0.4075350172382787,0.7662925431645935,0.026374580135968932,0.020684787929109084,0.5401459854014599,2x
A,S1,BTC regime filter,sma=200d,2021-11-01 00:00:00+00:00,1.3186228619644271,1.1432600682100724,0.4108854044774338,0.7662925431645937,0.018759214055259297,0.016264438422091965,0.5273722627737226,2x
A,S1,BTC regime filter,sma=200d,2021-12-06 00:00:00+00:00,2.2568744984920106,1.956734231987824,0.41088540447743327,0.6895818371830502,0.023279796092841015,0.02018383120505611,0.5273722627737226,2x
A,S1,BTC regime filter,sma=200d,2022-01-03 00:00:00+00:00,2.5963686645392907,2.044878928087627,0.4108854044774335,0.6673056490171778,0.026770885048462662,0.021084532204355213,0.5337591240875912,2x
A,S1,BTC regime filter,sma=200d,2022-02-07 00:00:00+00:00,2.584845404779031,2.2714342906391938,0.4108854044774335,0.6673056490171771,0.026770885048462662,0.023524929644694346,0.5656934306569343,2x
A,S1,BTC regime filter,sma=200d,2022-03-07 00:00:00+00:00,2.407556289380989,2.3337026430223706,0.4108854044774335,0.667305649017177,0.026770885048462662,0.025949667498618906,0.5912408759124088,2x
A,S1,BTC regime filter,sma=200d,2022-04-04 00:00:00+00:00,2.0500840806844964,1.787734358860492,0.4108854044774335,0.6612040100033247,0.0,0.021483811727944387,0.6003649635036497,2x
A,S1,BTC regime filter,sma=200d,2022-05-02 00:00:00+00:00,2.1036999093891713,2.50078608141515,0.4108854044774335,0.6023862433862442,0.02180227869825116,0.025917591605331067,0.6040145985401459,2x
A,S1,BTC regime filter,sma=200d,2022-06-06 00:00:00+00:00,2.2131205316515934,3.3826059186499036,0.4108854044774335,0.4969802155349645,0.02180227869825116,0.03332331696806523,0.6359489051094891,2x
A,S1,BTC regime filter,sma=200d,2022-07-04 00:00:00+00:00,2.3891979146465396,5.656334266406286,0.4108854044774335,0.35432082803835163,0.02180227869825116,0.0516160571422992,0.6614963503649635,2x
A,S1,BTC regime filter,sma=200d,2022-08-01 00:00:00+00:00,2.523920735406643,4.954318888258948,0.4108854044774335,0.3543208280383514,0.02180227869825116,0.0427966851916324,0.6870437956204379,2x
A,S1,BTC regime filter,sma=200d,2022-09-05 00:00:00+00:00,2.4141852882398185,5.519889744081472,0.4108854044774335,0.29534411455035614,0.02180227869825116,0.04984960150752425,0.718978102189781,2x
A,S1,BTC regime filter,sma=50w,2018-01-01 00:00:00+00:00,1.3420593439602115,2.102493220696822,0.662999829341965,0.81184771458817,0.0464001006775502,0.0726911947323632,0.6040145985401459,2x
A,S1,BTC regime filter,sma=50w,2018-02-05 00:00:00+00:00,2.873691649758689,4.501974699689464,0.6011501723411763,0.7210838037342595,0.0778005279784011,0.12188364350456875,0.6040145985401459,2x
A,S1,BTC regime filter,sma=50w,2018-03-05 00:00:00+00:00,2.673524590373041,4.188389546201929,0.6011501723411767,0.7195983935742976,0.055267697860012274,0.08658332479643398,0.6040145985401459,2x
A,S1,BTC regime filter,sma=50w,2018-04-02 00:00:00+00:00,5.485113161216872,8.59307249572363,0.6011501723411761,0.6743998377939981,0.09341062773400322,0.1463386939151619,0.6040145985401459,2x
A,S1,BTC regime filter,sma=50w,2018-05-07 00:00:00+00:00,3.7148627379650696,5.819767775203804,0.6011501723411765,0.6570507207688202,0.06587374219886111,0.10319893603687158,0.6040145985401459,2x
A,S1,BTC regime filter,sma=50w,2018-06-04 00:00:00+00:00,3.42380429263092,5.072336655757304,0.6011501723411758,0.6334142876781383,0.08723781722354669,0.1292420770146375,0.6104014598540146,2x
A,S1,BTC regime filter,sma=50w,2018-07-02 00:00:00+00:00,3.353070117900047,5.251588625569691,0.6011501723411768,0.6334142876781382,0.10007763444162732,0.15674189570384595,0.6295620437956204,2x
A,S1,BTC regime filter,sma=50w,2018-08-06 00:00:00+00:00,3.6510667401081918,5.799979505899937,0.6011501723411768,0.6334142876781371,0.08935014534387287,0.1419390684236812,0.6551094890510949,2x
A,S1,BTC regime filter,sma=50w,2018-09-03 00:00:00+00:00,4.4001944416973835,6.724081630964662,0.6011501723411768,0.6334142876781372,0.08935014534387287,0.1365388914038534,0.6806569343065694,2x
A,S1,BTC regime filter,sma=50w,2018-10-01 00:00:00+00:00,3.915689704564419,6.593597262640294,0.6011501723411768,0.6334142876781369,0.08935014534387287,0.15045596515707785,0.7062043795620438,2x
A,S1,BTC regime filter,sma=50w,2018-11-05 00:00:00+00:00,5.485653066888529,9.437661033795763,0.6011501723411768,0.6334142876781371,0.08935014534387287,0.15372032733272234,0.7381386861313869,2x
A,S1,BTC regime filter,sma=50w,2018-12-03 00:00:00+00:00,5.046526588071357,13.534579201529183,0.6011501723411768,0.6334142876781377,0.08935014534387287,0.23963345832424493,0.7636861313868614,2x
A,S1,BTC regime filter,sma=50w,2019-01-07 00:00:00+00:00,3.849533474586217,10.771679347898798,0.6011501723411768,0.6334142876781377,0.0,0.25002557541363957,0.7855839416058394,2x
A,S1,BTC regime filter,sma=50w,2019-02-04 00:00:00+00:00,3.849533474586217,10.75730262853124,0.6011501723411768,0.633414287678137,0.0,0.28830979495474035,0.7855839416058394,2x
A,S1,BTC regime filter,sma=50w,2019-03-04 00:00:00+00:00,3.849533474586217,11.117251647485217,0.6011501723411768,0.6334142876781378,0.0,0.26186582294919714,0.7855839416058394,2x
A,S1,BTC regime filter,sma=50w,2019-04-01 00:00:00+00:00,3.730035779429721,11.060277998248083,0.6011501723411768,0.633414287678137,0.08196018266243939,0.24302780419236777,0.7892335766423357,2x
A,S1,BTC regime filter,sma=50w,2019-05-06 00:00:00+00:00,3.444987916391961,6.312563684767546,0.6011501723411763,0.6334142876781378,0.0,0.17269632767918847,0.7983576642335767,2x
A,S1,BTC regime filter,sma=50w,2019-06-03 00:00:00+00:00,2.279227061558073,3.4794264098662415,0.6011501723411756,0.633414287678138,0.0,0.1142570461873639,0.7728102189781022,2x
A,S1,BTC regime filter,sma=50w,2019-07-01 00:00:00+00:00,1.8323523220861928,1.8317983680778513,0.583649113486755,0.7190587661047632,0.0,0.09185533439262004,0.7472627737226277,2x
A,S1,BTC regime filter,sma=50w,2019-08-05 00:00:00+00:00,1.8196297836645543,2.0636129659967843,0.5647866689612295,0.7190587661047625,0.0,0.09121755692648732,0.7153284671532847,2x
A,S1,BTC regime filter,sma=50w,2019-09-02 00:00:00+00:00,2.045390163422742,2.0641765272775703,0.508024293904719,0.7190587661047632,0.0,0.10253486469821713,0.6897810218978102,2x
A,S1,BTC regime filter,sma=50w,2019-10-07 00:00:00+00:00,2.5318619707911525,2.5334395142002823,0.5063488792764448,0.7266029902927508,0.0,0.1269215669714635,0.6578467153284672,2x
A,S1,BTC regime filter,sma=50w,2019-11-04 00:00:00+00:00,2.1626294616793578,2.190770980599913,0.506348879276445,0.7266029902927513,0.0,0.10841203952726781,0.6322992700729927,2x
A,S1,BTC regime filter,sma=50w,2019-12-02 00:00:00+00:00,2.899646154104855,2.290002905696365,0.5063488792764446,0.7662925431645926,0.0,0.13488560982627845,0.6131386861313869,2x
A,S1,BTC regime filter,sma=50w,2020-01-06 00:00:00+00:00,3.0930272151240077,2.2808226579437125,0.5063488792764448,0.7662925431645943,0.0,0.13550635598248043,0.593978102189781,2x
A,S1,BTC regime filter,sma=50w,2020-02-03 00:00:00+00:00,2.7129712047972045,2.5096084644709618,0.5063488792764446,0.7662925431645937,0.0,0.1068421335518317,0.5748175182481752,2x
A,S1,BTC regime filter,sma=50w,2020-03-02 00:00:00+00:00,2.967812968473975,2.7617139067895002,0.5063488792764455,0.7662925431645935,0.0,0.11687830264245543,0.5497716894977169,2x
A,S1,BTC regime filter,sma=50w,2020-04-06 00:00:00+00:00,3.1825986122451972,4.146849113420391,0.5063488792764456,0.7662925431645932,0.11297825638844988,0.14720793898974088,0.5589041095890411,2x
A,S1,BTC regime filter,sma=50w,2020-05-04 00:00:00+00:00,3.2793249464521685,3.2537436706852922,0.5063488792764455,0.7662925431645932,0.11297825638844988,0.11209693844054097,0.5844748858447488,2x
A,S1,BTC regime filter,sma=50w,2020-06-01 00:00:00+00:00,3.5228315661748115,2.8713096699328617,0.5063488792764451,0.7662925431645928,0.12946660245733008,0.10552270257210443,0.5972602739726027,2x
A,S1,BTC regime filter,sma=50w,2020-07-06 00:00:00+00:00,4.114332018327132,3.353416445727075,0.5150535661612929,0.766292543164593,0.13487486131948148,0.10993074356886914,0.5972602739726027,2x
A,S1,BTC regime filter,sma=50w,2020-08-03 00:00:00+00:00,3.2246590377077524,2.628281966730626,0.5150535661612917,0.7662925431645936,0.11048646381289366,0.09005280155562978,0.5972602739726027,2x
A,S1,BTC regime filter,sma=50w,2020-09-07 00:00:00+00:00,3.07242795645983,2.5042049089886587,0.5150535661612916,0.7662925431645935,0.11927150310694819,0.0972131121756315,0.5972602739726027,2x
A,S1,BTC regime filter,sma=50w,2020-10-05 00:00:00+00:00,3.185613683605655,2.5964577648937377,0.5150535661612909,0.7662925431645927,0.114678821969801,0.09346981377708564,0.5972602739726027,2x
A,S1,BTC regime filter,sma=50w,2020-11-02 00:00:00+00:00,3.1485506047199707,2.566249230990568,0.5150535661612908,0.7662925431645933,0.08888829741543385,0.07244905784409517,0.5972602739726027,2x
A,S1,BTC regime filter,sma=50w,2020-12-07 00:00:00+00:00,2.765276349429376,2.2538587420387635,0.5150535661612917,0.7662925431645935,0.06318798843099856,0.05150183277213451,0.5972602739726027,2x
A,S1,BTC regime filter,sma=50w,2021-01-04 00:00:00+00:00,1.5881734343628282,1.2944523897768965,0.5150535661612917,0.7662925431645932,0.03706768371561614,0.030212287103532794,0.5972602739726027,2x
A,S1,BTC regime filter,sma=50w,2021-02-01 00:00:00+00:00,1.5739102296729335,1.282827060327837,0.5150535661612916,0.7662925431645935,0.036963603327217785,0.030127455620663157,0.5972602739726027,2x
A,S1,BTC regime filter,sma=50w,2021-03-01 00:00:00+00:00,1.6567864028061758,1.3503758922417333,0.5150535661612913,0.7662925431645937,0.027102238550832585,0.022089878033064954,0.5976277372262774,2x
A,S1,BTC regime filter,sma=50w,2021-04-05 00:00:00+00:00,1.43941232083802,1.1732035546423905,0.5150535661612912,0.7662925431645937,0.02101706480582919,0.017130112603171904,0.5976277372262774,2x
A,S1,BTC regime filter,sma=50w,2021-05-03 00:00:00+00:00,1.276905540888185,1.0407512134121604,0.48861030093986246,0.7662925431645937,0.021620256561660722,0.017621748461659308,0.5976277372262774,2x
A,S1,BTC regime filter,sma=50w,2021-06-07 00:00:00+00:00,2.4193532129840993,1.9719115560688918,0.4886103009398627,0.7662925431645939,0.034172109248118546,0.027852227926033087,0.5976277372262774,2x
A,S1,BTC regime filter,sma=50w,2021-07-05 00:00:00+00:00,1.9775939590770812,1.611852440638958,0.48861030093986235,0.7662925431645932,0.03466421757116399,0.028253324419030917,0.5976277372262774,2x
A,S1,BTC regime filter,sma=50w,2021-08-02 00:00:00+00:00,2.2469471264019933,1.6350808774909573,0.48861030093986324,0.7662925431645933,0.03438116165466169,0.025018826347498708,0.6040145985401459,2x
A,S1,BTC regime filter,sma=50w,2021-09-06 00:00:00+00:00,1.4871865911388131,1.082210759594436,0.4886103009398627,0.7662925431645936,0.026471815435009132,0.019263274467683087,0.6040145985401459,2x
A,S1,BTC regime filter,sma=50w,2021-10-04 00:00:00+00:00,1.7269125336154847,1.2566569224686648,0.4886103009398619,0.7662925431645935,0.028425275738571742,0.020684787929109084,0.6040145985401459,2x
A,S1,BTC regime filter,sma=50w,2021-11-01 00:00:00+00:00,1.5710812598681232,1.1432600682100724,0.4886103009398629,0.7662925431645937,0.022350780122351362,0.016264438422091965,0.6040145985401459,2x
A,S1,BTC regime filter,sma=50w,2021-12-06 00:00:00+00:00,2.68896690079587,1.956734231987824,0.3174000669615402,0.6895818371830502,0.027736855191883014,0.02018383120505611,0.6040145985401459,2x
A,S1,BTC regime filter,sma=50w,2022-01-03 00:00:00+00:00,3.0934592977476734,2.044878928087627,0.261513750538679,0.6673056490171778,0.031896334443242844,0.021084532204355213,0.6104014598540146,2x
A,S1,BTC regime filter,sma=50w,2022-02-07 00:00:00+00:00,3.0797298395499246,2.2714342906391938,0.261513750538679,0.6673056490171771,0.031896334443242844,0.023524929644694346,0.6423357664233577,2x
A,S1,BTC regime filter,sma=50w,2022-03-07 00:00:00+00:00,2.8684976405529263,2.3337026430223706,0.261513750538679,0.667305649017177,0.031896334443242844,0.025949667498618906,0.6678832116788321,2x
A,S1,BTC regime filter,sma=50w,2022-04-04 00:00:00+00:00,2.6782366345361814,1.787734358860492,0.2615137505386782,0.6612040100033247,0.032185280399227835,0.021483811727944387,0.6870437956204379,2x
A,S1,BTC regime filter,sma=50w,2022-05-02 00:00:00+00:00,3.4390863095208495,2.50078608141515,0.28095276766937605,0.6023862433862442,0.035641926803754394,0.025917591605331067,0.7062043795620438,2x
A,S1,BTC regime filter,sma=50w,2022-06-06 00:00:00+00:00,3.617964942505728,3.3826059186499036,0.28095276766937605,0.4969802155349645,0.035641926803754394,0.03332331696806523,0.7381386861313869,2x
A,S1,BTC regime filter,sma=50w,2022-07-04 00:00:00+00:00,3.9058127075655293,5.656334266406286,0.28095276766937605,0.35432082803835163,0.035641926803754394,0.0516160571422992,0.7636861313868614,2x
A,S1,BTC regime filter,sma=50w,2022-08-01 00:00:00+00:00,4.126054865863969,4.954318888258948,0.28095276766937605,0.3543208280383514,0.035641926803754394,0.0427966851916324,0.7892335766423357,2x
A,S1,BTC regime filter,sma=50w,2022-09-05 00:00:00+00:00,3.9466615634560434,5.519889744081472,0.28095276766937605,0.29534411455035614,0.035641926803754394,0.04984960150752425,0.8211678832116789,2x
A,S2,DCA vs 200-week SMA,table=mild,2018-01-01 00:00:00+00:00,4.46867827194601,2.102493220696822,0.5373618563168718,0.81184771458817,0.1544992199093271,0.0726911947323632,0.843978102189781,2x
A,S2,DCA vs 200-week SMA,table=mild,2018-02-05 00:00:00+00:00,5.6576782522475035,4.501974699689464,0.533891154869816,0.7210838037342595,0.13970551101341405,0.12188364350456875,0.8695255474452555,2x
A,S2,DCA vs 200-week SMA,table=mild,2018-03-05 00:00:00+00:00,7.119532021016568,4.188389546201929,0.5309248071848136,0.7195983935742976,0.12592460536405206,0.08658332479643398,0.8914233576642335,2x
A,S2,DCA vs 200-week SMA,table=mild,2018-04-02 00:00:00+00:00,8.320766042823157,8.59307249572363,0.5275987506092431,0.6743998377939981,0.11347093361444904,0.1463386939151619,0.9105839416058394,2x
A,S2,DCA vs 200-week SMA,table=mild,2018-05-07 00:00:00+00:00,8.055260704347283,5.819767775203804,0.5229557147864878,0.6570507207688202,0.09187939017213126,0.10319893603687158,0.9361313868613139,2x
A,S2,DCA vs 200-week SMA,table=mild,2018-06-04 00:00:00+00:00,6.46721186837429,5.072336655757304,0.5190897936168064,0.6334142876781383,0.09219746289311137,0.1292420770146375,0.9607664233576643,2x
A,S2,DCA vs 200-week SMA,table=mild,2018-07-02 00:00:00+00:00,5.872901275741578,5.251588625569691,0.5085278955048368,0.6334142876781382,0.09203308903009194,0.15674189570384595,0.9543795620437956,2x
A,S2,DCA vs 200-week SMA,table=mild,2018-08-06 00:00:00+00:00,6.48423110358354,5.799979505899937,0.49452141200926036,0.6334142876781371,0.09207222656231291,0.1419390684236812,0.958029197080292,2x
A,S2,DCA vs 200-week SMA,table=mild,2018-09-03 00:00:00+00:00,7.1748766385400815,6.724081630964662,0.4810300206594278,0.6334142876781372,0.09126840106394499,0.1365388914038534,0.9607664233576643,2x
A,S2,DCA vs 200-week SMA,table=mild,2018-10-01 00:00:00+00:00,6.589283410160499,6.593597262640294,0.4671151064600334,0.6334142876781369,0.09050112914617038,0.15045596515707785,0.9434306569343066,2x
A,S2,DCA vs 200-week SMA,table=mild,2018-11-05 00:00:00+00:00,7.994147694345371,9.437661033795763,0.4488635213114437,0.6334142876781371,0.0887150044205007,0.15372032733272234,0.9616788321167883,2x
A,S2,DCA vs 200-week SMA,table=mild,2018-12-03 00:00:00+00:00,7.28611570818357,13.534579201529183,0.4291181118621308,0.6334142876781377,0.08558384093990147,0.23963345832424493,0.968978102189781,2x
A,S2,DCA vs 200-week SMA,table=mild,2019-01-07 00:00:00+00:00,5.610769333063178,10.771679347898798,0.389946445312884,0.6334142876781377,0.0786828979148774,0.25002557541363957,0.968065693430657,2x
A,S2,DCA vs 200-week SMA,table=mild,2019-02-04 00:00:00+00:00,4.761691851551402,10.75730262853124,0.3582130348125203,0.633414287678137,0.07329774004005948,0.28830979495474035,0.9735401459854015,2x
A,S2,DCA vs 200-week SMA,table=mild,2019-03-04 00:00:00+00:00,4.716189423801755,11.117251647485217,0.3558341656156292,0.6334142876781378,0.06791147132472936,0.26186582294919714,0.9744525547445255,2x
A,S2,DCA vs 200-week SMA,table=mild,2019-04-01 00:00:00+00:00,4.519729571173036,11.060277998248083,0.3530211924401251,0.633414287678137,0.06297025161025901,0.24302780419236777,0.9744525547445255,2x
A,S2,DCA vs 200-week SMA,table=mild,2019-05-06 00:00:00+00:00,3.6074642912513255,6.312563684767546,0.3489747364700305,0.6334142876781378,0.058365642053600765,0.17269632767918847,0.968065693430657,2x
A,S2,DCA vs 200-week SMA,table=mild,2019-06-03 00:00:00+00:00,3.1091154310397733,3.4794264098662415,0.4054341428893943,0.633414287678138,0.056788133493685014,0.1142570461873639,0.9662408759124088,2x
A,S2,DCA vs 200-week SMA,table=mild,2019-07-01 00:00:00+00:00,2.4349610810828977,1.8317983680778513,0.5132364242648799,0.7190587661047632,0.05740590777955387,0.09185533439262004,0.9571167883211679,2x
A,S2,DCA vs 200-week SMA,table=mild,2019-08-05 00:00:00+00:00,2.5205761447434036,2.0636129659967843,0.5103765147658409,0.7190587661047625,0.05947376218354895,0.09121755692648732,0.9498175182481752,2x
A,S2,DCA vs 200-week SMA,table=mild,2019-09-02 00:00:00+00:00,2.314976727236583,2.0641765272775703,0.5079261020037882,0.7190587661047632,0.06056648933861282,0.10253486469821713,0.9616788321167883,2x
A,S2,DCA vs 200-week SMA,table=mild,2019-10-07 00:00:00+00:00,2.2201444414562217,2.5334395142002823,0.5168927155831271,0.7266029902927508,0.06303155362800583,0.1269215669714635,0.968065693430657,2x
A,S2,DCA vs 200-week SMA,table=mild,2019-11-04 00:00:00+00:00,2.141279523739999,2.190770980599913,0.5138420089702714,0.7266029902927513,0.06438371556622352,0.10841203952726781,0.968065693430657,2x
A,S2,DCA vs 200-week SMA,table=mild,2019-12-02 00:00:00+00:00,1.8368968411701407,2.290002905696365,0.5551313273639429,0.7662925431645926,0.06609178132490581,0.13488560982627845,0.968065693430657,2x
A,S2,DCA vs 200-week SMA,table=mild,2020-01-06 00:00:00+00:00,1.6880376939618111,2.2808226579437125,0.5513952141786534,0.7662925431645943,0.06793755367884918,0.13550635598248043,0.9744525547445255,2x
A,S2,DCA vs 200-week SMA,table=mild,2020-02-03 00:00:00+00:00,2.035250435341563,2.5096084644709618,0.5476316557336991,0.7662925431645937,0.06885881258279546,0.1068421335518317,0.9616788321167883,2x
A,S2,DCA vs 200-week SMA,table=mild,2020-03-02 00:00:00+00:00,1.956955671049919,2.7617139067895002,0.5429742347407421,0.7662925431645935,0.06987385305703908,0.11687830264245543,0.9771689497716894,2x
A,S2,DCA vs 200-week SMA,table=mild,2020-04-06 00:00:00+00:00,2.016990462669214,4.146849113420391,0.5358647478738876,0.7662925431645932,0.0672098043246452,0.14720793898974088,0.9744292237442922,2x
A,S2,DCA vs 200-week SMA,table=mild,2020-05-04 00:00:00+00:00,1.9191036719008698,3.2537436706852922,0.5293826719908876,0.7662925431645932,0.06535350838178629,0.11209693844054097,0.9744292237442922,2x
A,S2,DCA vs 200-week SMA,table=mild,2020-06-01 00:00:00+00:00,1.6909504082271742,2.8713096699328617,0.5212083677564869,0.7662925431645928,0.06214364784823328,0.10552270257210443,0.9680365296803652,2x
A,S2,DCA vs 200-week SMA,table=mild,2020-07-06 00:00:00+00:00,1.7523054781446408,3.353416445727075,0.5085817894806373,0.766292543164593,0.05744357949269774,0.10993074356886914,0.9744292237442922,2x
A,S2,DCA vs 200-week SMA,table=mild,2020-08-03 00:00:00+00:00,1.555508332846677,2.628281966730626,0.4958869400164525,0.7662925431645936,0.05329636811769327,0.09005280155562978,0.9680365296803652,2x
A,S2,DCA vs 200-week SMA,table=mild,2020-09-07 00:00:00+00:00,1.2780192495381764,2.5042049089886587,0.4769296651029852,0.7662925431645935,0.04961264480475219,0.0972131121756315,0.9698630136986301,2x
A,S2,DCA vs 200-week SMA,table=mild,2020-10-05 00:00:00+00:00,1.2818965515081975,2.5964577648937377,0.4571703540207446,0.7662925431645927,0.04614695974300324,0.09346981377708564,0.9744292237442922,2x
A,S2,DCA vs 200-week SMA,table=mild,2020-11-02 00:00:00+00:00,1.5289818783702973,2.566249230990568,0.43311459998630364,0.7662925431645933,0.0431654475375584,0.07244905784409517,0.9671232876712329,2x
A,S2,DCA vs 200-week SMA,table=mild,2020-12-07 00:00:00+00:00,1.814843650492861,2.2538587420387635,0.4077274374064055,0.7662925431645935,0.04147011188052793,0.05150183277213451,0.9397260273972603,2x
A,S2,DCA vs 200-week SMA,table=mild,2021-01-04 00:00:00+00:00,1.7558718002435918,1.2944523897768965,0.3948377135552428,0.7662925431645932,0.040981733561556134,0.030212287103532794,0.8575342465753425,2x
A,S2,DCA vs 200-week SMA,table=mild,2021-02-01 00:00:00+00:00,1.7458651924868398,1.282827060327837,0.3891120066700434,0.7662925431645935,0.041002000762960074,0.030127455620663157,0.8785388127853881,2x
A,S2,DCA vs 200-week SMA,table=mild,2021-03-01 00:00:00+00:00,2.512415347759041,1.3503758922417333,0.38323988316901636,0.7662925431645937,0.04109888877552824,0.022089878033064954,0.8950729927007299,2x
A,S2,DCA vs 200-week SMA,table=mild,2021-04-05 00:00:00+00:00,2.831223100085658,1.1732035546423905,0.37535799312548956,0.7662925431645937,0.04133909270668039,0.017130112603171904,0.9233576642335767,2x
A,S2,DCA vs 200-week SMA,table=mild,2021-05-03 00:00:00+00:00,2.4540975388196786,1.0407512134121604,0.3687863978478956,0.7662925431645937,0.041552187470120586,0.017621748461659308,0.9425182481751825,2x
A,S2,DCA vs 200-week SMA,table=mild,2021-06-07 00:00:00+00:00,2.9725888632089443,1.9719115560688918,0.3479373672960807,0.7662925431645939,0.04198627585181136,0.027852227926033087,0.9562043795620438,2x
A,S2,DCA vs 200-week SMA,table=mild,2021-07-05 00:00:00+00:00,2.4182877788976893,1.611852440638958,0.3169704715517039,0.7662925431645932,0.042388910692525546,0.028253324419030917,0.9635036496350365,2x
A,S2,DCA vs 200-week SMA,table=mild,2021-08-02 00:00:00+00:00,2.7976492209761696,1.6350808774909573,0.28294812479347164,0.7662925431645933,0.042807607259295895,0.025018826347498708,0.9352189781021898,2x
A,S2,DCA vs 200-week SMA,table=mild,2021-09-06 00:00:00+00:00,2.42620395699857,1.082210759594436,0.26805807357455147,0.7662925431645936,0.04318625768954379,0.019263274467683087,0.9096715328467153,2x
A,S2,DCA vs 200-week SMA,table=mild,2021-10-04 00:00:00+00:00,2.6412334320494266,1.2566569224686648,0.261513750538679,0.7662925431645935,0.04347515414620066,0.020684787929109084,0.9124087591240876,2x
A,S2,DCA vs 200-week SMA,table=mild,2021-11-01 00:00:00+00:00,3.067835517485218,1.1432600682100724,0.2615137505386783,0.7662925431645937,0.04364415696016116,0.016264438422091965,0.927007299270073,2x
A,S2,DCA vs 200-week SMA,table=mild,2021-12-06 00:00:00+00:00,4.253141435021311,1.956734231987824,0.2615137505386783,0.6895818371830502,0.04387140952120596,0.02018383120505611,0.9534671532846716,2x
A,S2,DCA vs 200-week SMA,table=mild,2022-01-03 00:00:00+00:00,4.294323504173939,2.044878928087627,0.2615137505386792,0.6673056490171778,0.044278319354755916,0.021084532204355213,0.9653284671532847,2x
A,S2,DCA vs 200-week SMA,table=mild,2022-02-07 00:00:00+00:00,4.320976754217119,2.2714342906391938,0.26151375053867765,0.6673056490171771,0.044751756437872756,0.023524929644694346,0.968065693430657,2x
A,S2,DCA vs 200-week SMA,table=mild,2022-03-07 00:00:00+00:00,4.0635531113738885,2.3337026430223706,0.26151375053867854,0.667305649017177,0.045184784967533635,0.025949667498618906,0.9616788321167883,2x
A,S2,DCA vs 200-week SMA,table=mild,2022-04-04 00:00:00+00:00,3.787521492481135,1.787734358860492,0.261513750538679,0.6612040100033247,0.04551593376091592,0.021483811727944387,0.9607664233576643,2x
A,S2,DCA vs 200-week SMA,table=mild,2022-05-02 00:00:00+00:00,4.424115178562635,2.50078608141515,0.2809527676693754,0.6023862433862442,0.04585054725994288,0.025917591605331067,0.9607664233576643,2x
A,S2,DCA vs 200-week SMA,table=mild,2022-06-06 00:00:00+00:00,4.682392094781265,3.3826059186499036,0.28095276766937594,0.4969802155349645,0.046127997081444314,0.03332331696806523,0.9781021897810219,2x
A,S2,DCA vs 200-week SMA,table=mild,2022-07-04 00:00:00+00:00,5.0203446208979,5.656334266406286,0.2809527676693755,0.35432082803835163,0.04581242596734601,0.0516160571422992,0.9872262773722628,2x
A,S2,DCA vs 200-week SMA,table=mild,2022-08-01 00:00:00+00:00,5.204390406932849,4.954318888258948,0.28095276766937594,0.3543208280383514,0.044956867509618255,0.0427966851916324,0.9744525547445255,2x
A,S2,DCA vs 200-week SMA,table=mild,2022-09-05 00:00:00+00:00,4.844245786188599,5.519889744081472,0.2809527676693756,0.29534411455035614,0.04374792491189311,0.04984960150752425,0.9872262773722628,2x
A,S2,DCA vs 200-week SMA,table=base,2018-01-01 00:00:00+00:00,4.367715801857234,2.102493220696822,0.47642507483782737,0.81184771458817,0.1510085629589797,0.0726911947323632,0.7828467153284672,2x
A,S2,DCA vs 200-week SMA,table=base,2018-02-05 00:00:00+00:00,5.516811774821036,4.501974699689464,0.47642507483782737,0.7210838037342595,0.13590770666308172,0.12188364350456875,0.8147810218978102,2x
A,S2,DCA vs 200-week SMA,table=base,2018-03-05 00:00:00+00:00,6.939488083040157,4.188389546201929,0.47642507483782737,0.7195983935742976,0.12231693599677355,0.08658332479643398,0.8403284671532847,2x
A,S2,DCA vs 200-week SMA,table=base,2018-04-02 00:00:00+00:00,8.108219001277934,8.59307249572363,0.47642507483782737,0.6743998377939981,0.11008524239709622,0.1463386939151619,0.8658759124087592,2x
A,S2,DCA vs 200-week SMA,table=base,2018-05-07 00:00:00+00:00,7.87021094282631,5.819767775203804,0.47642507483782737,0.6570507207688202,0.08916904634164792,0.10319893603687158,0.8978102189781022,2x
A,S2,DCA vs 200-week SMA,table=base,2018-06-04 00:00:00+00:00,6.342326207932591,5.072336655757304,0.47642507483782737,0.6334142876781383,0.08944174326149296,0.1292420770146375,0.9233576642335767,2x
A,S2,DCA vs 200-week SMA,table=base,2018-07-02 00:00:00+00:00,5.782890333071518,5.251588625569691,0.4694657023136678,0.6334142876781382,0.08929264245483164,0.15674189570384595,0.9288321167883211,2x
A,S2,DCA vs 200-week SMA,table=base,2018-08-06 00:00:00+00:00,6.37280236684193,5.799979505899937,0.4601392265529797,0.6334142876781371,0.08899978883379984,0.1419390684236812,0.9361313868613139,2x
A,S2,DCA vs 200-week SMA,table=base,2018-09-03 00:00:00+00:00,7.021469974163438,6.724081630964662,0.45055949288575836,0.6334142876781372,0.08773823704925385,0.1365388914038534,0.9224452554744526,2x
A,S2,DCA vs 200-week SMA,table=base,2018-10-01 00:00:00+00:00,6.436243864209327,6.593597262640294,0.44079000828753623,0.6334142876781369,0.08625566059394008,0.15045596515707785,0.9306569343065694,2x
A,S2,DCA vs 200-week SMA,table=base,2018-11-05 00:00:00+00:00,7.773764230591903,9.437661033795763,0.4281253522978554,0.6334142876781371,0.08408857937387876,0.15372032733272234,0.958941605839416,2x
A,S2,DCA vs 200-week SMA,table=base,2018-12-03 00:00:00+00:00,7.101374198197665,13.534579201529183,0.4102870195550581,0.6334142876781377,0.08082911205031343,0.23963345832424493,0.968978102189781,2x
A,S2,DCA vs 200-week SMA,table=base,2019-01-07 00:00:00+00:00,5.491168920760457,10.771679347898798,0.36928713637528343,0.6334142876781377,0.07368254307369547,0.25002557541363957,0.968065693430657,2x
A,S2,DCA vs 200-week SMA,table=base,2019-02-04 00:00:00+00:00,4.671542534052541,10.75730262853124,0.3512403998591387,0.633414287678137,0.06818449419294564,0.28830979495474035,0.9735401459854015,2x
A,S2,DCA vs 200-week SMA,table=base,2019-03-04 00:00:00+00:00,4.599733239883149,11.117251647485217,0.348119698812256,0.6334142876781378,0.06268468483561007,0.26186582294919714,0.9744525547445255,2x
A,S2,DCA vs 200-week SMA,table=base,2019-04-01 00:00:00+00:00,4.387133613432007,11.060277998248083,0.3444639463456106,0.633414287678137,0.05763420139092018,0.24302780419236777,0.9744525547445255,2x
A,S2,DCA vs 200-week SMA,table=base,2019-05-06 00:00:00+00:00,3.523181422342398,6.312563684767546,0.3393756221761922,0.6334142876781378,0.05297794805606977,0.17269632767918847,0.9616788321167883,2x
A,S2,DCA vs 200-week SMA,table=base,2019-06-03 00:00:00+00:00,3.073956455304877,3.4794264098662415,0.3853240946093126,0.633414287678138,0.051738445796495156,0.1142570461873639,0.9425182481751825,2x
A,S2,DCA vs 200-week SMA,table=base,2019-07-01 00:00:00+00:00,2.47533783142717,1.8317983680778513,0.48781656609323865,0.7190587661047632,0.05391340893069039,0.09185533439262004,0.9324817518248175,2x
A,S2,DCA vs 200-week SMA,table=base,2019-08-05 00:00:00+00:00,2.5795736529540663,2.0636129659967843,0.4852640802605229,0.7190587661047625,0.05849810105717336,0.09121755692648732,0.9425182481751825,2x
A,S2,DCA vs 200-week SMA,table=base,2019-09-02 00:00:00+00:00,2.39390329271751,2.0641765272775703,0.4831355765203691,0.7190587661047632,0.061055560642677,0.10253486469821713,0.9534671532846716,2x
A,S2,DCA vs 200-week SMA,table=base,2019-10-07 00:00:00+00:00,2.3187406920149596,2.5334395142002823,0.4944186026184241,0.7266029902927508,0.06650592081065153,0.1269215669714635,0.968065693430657,2x
A,S2,DCA vs 200-week SMA,table=base,2019-11-04 00:00:00+00:00,2.246916250491804,2.190770980599913,0.4904902086084163,0.7266029902927513,0.06995202029939811,0.10841203952726781,0.968065693430657,2x
A,S2,DCA vs 200-week SMA,table=base,2019-12-02 00:00:00+00:00,1.9237390114567898,2.290002905696365,0.535703871274892,0.7662925431645926,0.07387804514253613,0.13488560982627845,0.968065693430657,2x
A,S2,DCA vs 200-week SMA,table=base,2020-01-06 00:00:00+00:00,1.7734837194699034,2.2808226579437125,0.5301835629595893,0.7662925431645943,0.07856449367937718,0.13550635598248043,0.9744525547445255,2x
A,S2,DCA vs 200-week SMA,table=base,2020-02-03 00:00:00+00:00,2.1963154987918094,2.5096084644709618,0.5249396500062564,0.7662925431645937,0.08133070941813922,0.1068421335518317,0.9616788321167883,2x
A,S2,DCA vs 200-week SMA,table=base,2020-03-02 00:00:00+00:00,2.1205317306639855,2.7617139067895002,0.5189317501897974,0.7662925431645935,0.08400583473363937,0.11687830264245543,0.9808219178082191,2x
A,S2,DCA vs 200-week SMA,table=base,2020-04-06 00:00:00+00:00,2.180079997094176,4.146849113420391,0.5051859416169745,0.7662925431645932,0.07739010376972448,0.14720793898974088,0.9744292237442922,2x
A,S2,DCA vs 200-week SMA,table=base,2020-05-04 00:00:00+00:00,2.076508883802431,3.2537436706852922,0.4947998417742374,0.7662925431645932,0.07153922130252265,0.11209693844054097,0.9744292237442922,2x
A,S2,DCA vs 200-week SMA,table=base,2020-06-01 00:00:00+00:00,1.8273157444128738,2.8713096699328617,0.4828256814762669,0.7662925431645928,0.06715517236687046,0.10552270257210443,0.9680365296803652,2x
A,S2,DCA vs 200-week SMA,table=base,2020-07-06 00:00:00+00:00,1.8940030202577807,3.353416445727075,0.4644282359444172,0.766292543164593,0.062088667992286475,0.10993074356886914,0.9744292237442922,2x
A,S2,DCA vs 200-week SMA,table=base,2020-08-03 00:00:00+00:00,1.6896777834111107,2.628281966730626,0.44571112918218325,0.7662925431645936,0.057893414804254195,0.09005280155562978,0.9680365296803652,2x
A,S2,DCA vs 200-week SMA,table=base,2020-09-07 00:00:00+00:00,1.3858212949371254,2.5042049089886587,0.4189748944810221,0.7662925431645935,0.0537975149383879,0.0972131121756315,0.9698630136986301,2x
A,S2,DCA vs 200-week SMA,table=base,2020-10-05 00:00:00+00:00,1.3854286429346268,2.5964577648937377,0.3900644356461166,0.7662925431645927,0.04987400873891733,0.09346981377708564,0.9744292237442922,2x
A,S2,DCA vs 200-week SMA,table=base,2020-11-02 00:00:00+00:00,1.6471818981927926,2.566249230990568,0.3549741662518169,0.7662925431645933,0.04650241105999369,0.07244905784409517,0.954337899543379,2x
A,S2,DCA vs 200-week SMA,table=base,2020-12-07 00:00:00+00:00,1.9732410787652335,2.2538587420387635,0.32881875966536933,0.7662925431645935,0.04508957467571653,0.05150183277213451,0.7917808219178082,2x
A,S2,DCA vs 200-week SMA,table=base,2021-01-04 00:00:00+00:00,1.919924118346865,1.2944523897768965,0.32049162551573185,0.7662925431645932,0.04481068530491877,0.030212287103532794,0.8146118721461187,2x
A,S2,DCA vs 200-week SMA,table=base,2021-02-01 00:00:00+00:00,1.9080389802834412,1.282827060327837,0.32049162551573185,0.7662925431645935,0.04481068530491877,0.030127455620663157,0.8401826484018264,2x
A,S2,DCA vs 200-week SMA,table=base,2021-03-01 00:00:00+00:00,2.7393211071612833,1.3503758922417333,0.32049162551573185,0.7662925431645937,0.04481068530491877,0.022089878033064954,0.8658759124087592,2x
A,S2,DCA vs 200-week SMA,table=base,2021-04-05 00:00:00+00:00,3.0689848049193627,1.1732035546423905,0.32049162551573185,0.7662925431645937,0.04481068530491877,0.017130112603171904,0.8978102189781022,2x
A,S2,DCA vs 200-week SMA,table=base,2021-05-03 00:00:00+00:00,2.6465464086265382,1.0407512134121604,0.32049162551573185,0.7662925431645937,0.04481068530491877,0.017621748461659308,0.9233576642335767,2x
A,S2,DCA vs 200-week SMA,table=base,2021-06-07 00:00:00+00:00,3.1935708007921852,1.9719115560688918,0.309671406303453,0.7662925431645939,0.0451075310998788,0.027852227926033087,0.9452554744525548,2x
A,S2,DCA vs 200-week SMA,table=base,2021-07-05 00:00:00+00:00,2.608371315625611,1.611852440638958,0.28797412616651785,0.7662925431645932,0.04572078630004816,0.028253324419030917,0.8959854014598541,2x
A,S2,DCA vs 200-week SMA,table=base,2021-08-02 00:00:00+00:00,3.026711155854464,1.6350808774909573,0.2718171113777962,0.7662925431645933,0.04631254750441464,0.025018826347498708,0.8366788321167883,2x
A,S2,DCA vs 200-week SMA,table=base,2021-09-06 00:00:00+00:00,2.611286821921532,1.082210759594436,0.2683150796085991,0.7662925431645936,0.04648071950732524,0.019263274467683087,0.8658759124087592,2x
A,S2,DCA vs 200-week SMA,table=base,2021-10-04 00:00:00+00:00,2.844759441887289,1.2566569224686648,0.26177280806580283,0.7662925431645935,0.04682522708677998,0.020684787929109084,0.8877737226277372,2x
A,S2,DCA vs 200-week SMA,table=base,2021-11-01 00:00:00+00:00,3.2914393306362095,1.1432600682100724,0.26177280806580283,0.7662925431645937,0.04682522708677998,0.016264438422091965,0.9133211678832117,2x
A,S2,DCA vs 200-week SMA,table=base,2021-12-06 00:00:00+00:00,4.53950113982095,1.956734231987824,0.26177280806580294,0.6895818371830502,0.04682522708677998,0.02018383120505611,0.9452554744525548,2x
A,S2,DCA vs 200-week SMA,table=base,2022-01-03 00:00:00+00:00,4.612088578284792,2.044878928087627,0.26151375053867765,0.6673056490171778,0.04755476171350983,0.021084532204355213,0.9525547445255474,2x
A,S2,DCA vs 200-week SMA,table=base,2022-02-07 00:00:00+00:00,4.66347840443424,2.2714342906391938,0.2615137505386783,0.6673056490171771,0.04829899848566366,0.023524929644694346,0.9662408759124088,2x
A,S2,DCA vs 200-week SMA,table=base,2022-03-07 00:00:00+00:00,4.390949818845448,2.3337026430223706,0.2615137505386783,0.667305649017177,0.04882528120831719,0.025949667498618906,0.9616788321167883,2x
A,S2,DCA vs 200-week SMA,table=base,2022-04-04 00:00:00+00:00,4.1042263780053325,1.787734358860492,0.26151375053867787,0.6612040100033247,0.04932188406902487,0.021483811727944387,0.958941605839416,2x
A,S2,DCA vs 200-week SMA,table=base,2022-05-02 00:00:00+00:00,4.823701205359092,2.50078608141515,0.28095276766937516,0.6023862433862442,0.04999176810672838,0.025917591605331067,0.9607664233576643,2x
A,S2,DCA vs 200-week SMA,table=base,2022-06-06 00:00:00+00:00,5.134129877047959,3.3826059186499036,0.28095276766937605,0.4969802155349645,0.05057823505386888,0.03332331696806523,0.9808394160583942,2x
A,S2,DCA vs 200-week SMA,table=base,2022-07-04 00:00:00+00:00,5.534789145915027,5.656334266406286,0.2809527676693748,0.35432082803835163,0.05050691479158901,0.0516160571422992,0.9936131386861314,2x
A,S2,DCA vs 200-week SMA,table=base,2022-08-01 00:00:00+00:00,5.691876940990853,4.954318888258948,0.2809527676693748,0.3543208280383514,0.04916790200372043,0.0427966851916324,0.9808394160583942,2x
A,S2,DCA vs 200-week SMA,table=base,2022-09-05 00:00:00+00:00,5.350909779841316,5.519889744081472,0.28095276766937505,0.29534411455035614,0.04832355945402864,0.04984960150752425,0.9936131386861314,2x
A,S2,DCA vs 200-week SMA,table=aggressive,2018-01-01 00:00:00+00:00,6.143057013390783,2.102493220696822,0.6288140050701652,0.81184771458817,0.21238886728224582,0.0726911947323632,0.7828467153284672,2x
A,S2,DCA vs 200-week SMA,table=aggressive,2018-02-05 00:00:00+00:00,7.683856335599915,4.501974699689464,0.6288140050701652,0.7210838037342595,0.17203498249861912,0.12188364350456875,0.8147810218978102,2x
A,S2,DCA vs 200-week SMA,table=aggressive,2018-03-05 00:00:00+00:00,9.593427574401492,4.188389546201929,0.6288140050701652,0.7195983935742976,0.1548314842487572,0.08658332479643398,0.8403284671532847,2x
A,S2,DCA vs 200-week SMA,table=aggressive,2018-04-02 00:00:00+00:00,11.147215533431426,8.59307249572363,0.6288140050701654,0.6743998377939981,0.13934833582388148,0.1463386939151619,0.8658759124087592,2x
A,S2,DCA vs 200-week SMA,table=aggressive,2018-05-07 00:00:00+00:00,10.713334692811472,5.819767775203804,0.6285085515820897,0.6570507207688202,0.1253491336525991,0.10319893603687158,0.8978102189781022,2x
A,S2,DCA vs 200-week SMA,table=aggressive,2018-06-04 00:00:00+00:00,8.563039881954232,5.072336655757304,0.6283195198488594,0.6334142876781383,0.12546366524702268,0.1292420770146375,0.9233576642335767,2x
A,S2,DCA vs 200-week SMA,table=aggressive,2018-07-02 00:00:00+00:00,7.832070165758843,5.251588625569691,0.6275509849042891,0.6334142876781382,0.12557181971609094,0.15674189570384595,0.9370437956204379,2x
A,S2,DCA vs 200-week SMA,table=aggressive,2018-08-06 00:00:00+00:00,8.743867986481378,5.799979505899937,0.626788129746424,0.6334142876781371,0.12590923051407585,0.1419390684236812,0.9616788321167883,2x
A,S2,DCA vs 200-week SMA,table=aggressive,2018-09-03 00:00:00+00:00,9.740273854844293,6.724081630964662,0.624756946834756,0.6334142876781372,0.12535119407245815,0.1365388914038534,0.9644160583941606,2x
A,S2,DCA vs 200-week SMA,table=aggressive,2018-10-01 00:00:00+00:00,9.048129348809129,6.593597262640294,0.6208544577973488,0.6334142876781369,0.125394301448068,0.15045596515707785,0.9671532846715328,2x
A,S2,DCA vs 200-week SMA,table=aggressive,2018-11-05 00:00:00+00:00,11.212632244794548,9.437661033795763,0.6152247094735793,0.6334142876781371,0.11255024749815999,0.15372032733272234,0.9762773722627737,2x
A,S2,DCA vs 200-week SMA,table=aggressive,2018-12-03 00:00:00+00:00,10.555902318006265,13.534579201529183,0.6081865254368454,0.6334142876781377,0.09948469618030273,0.23963345832424493,0.989963503649635,2x
A,S2,DCA vs 200-week SMA,table=aggressive,2019-01-07 00:00:00+00:00,8.279665559331722,10.771679347898798,0.5881598803729073,0.6334142876781377,0.08968957954069322,0.25002557541363957,0.9936131386861314,2x
A,S2,DCA vs 200-week SMA,table=aggressive,2019-02-04 00:00:00+00:00,7.222408349458068,10.75730262853124,0.54136592131331,0.633414287678137,0.08455465295383362,0.28830979495474035,0.9936131386861314,2x
A,S2,DCA vs 200-week SMA,table=aggressive,2019-03-04 00:00:00+00:00,6.9059023843791945,11.117251647485217,0.4765632598156686,0.6334142876781378,0.07742591595421001,0.26186582294919714,0.9936131386861314,2x
A,S2,DCA vs 200-week SMA,table=aggressive,2019-04-01 00:00:00+00:00,6.373960430635256,11.060277998248083,0.3868367586985537,0.633414287678137,0.0703347868725668,0.24302780419236777,0.9936131386861314,2x
A,S2,DCA vs 200-week SMA,table=aggressive,2019-05-06 00:00:00+00:00,5.080863346195441,6.312563684767546,0.3761841380927803,0.6334142876781378,0.06396702839649179,0.17269632767918847,0.9708029197080292,2x
A,S2,DCA vs 200-week SMA,table=aggressive,2019-06-03 00:00:00+00:00,4.583765380271247,3.4794264098662415,0.3761969141794469,0.633414287678138,0.06578762292798868,0.1142570461873639,0.9498175182481752,2x
A,S2,DCA vs 200-week SMA,table=aggressive,2019-07-01 00:00:00+00:00,3.7943635737666197,1.8317983680778513,0.4402773759264563,0.7190587661047632,0.06931577656955837,0.09185533439262004,0.9425182481751825,2x
A,S2,DCA vs 200-week SMA,table=aggressive,2019-08-05 00:00:00+00:00,3.9415166896243607,2.0636129659967843,0.4394555801269395,0.7190587661047625,0.07516686889136281,0.09121755692648732,0.9598540145985401,2x
A,S2,DCA vs 200-week SMA,table=aggressive,2019-09-02 00:00:00+00:00,3.690182854353123,2.0641765272775703,0.4383806204785694,0.7190587661047632,0.07929726233084701,0.10253486469821713,0.968065693430657,2x
A,S2,DCA vs 200-week SMA,table=aggressive,2019-10-07 00:00:00+00:00,3.557067842378259,2.5334395142002823,0.4498133441706579,0.7266029902927508,0.08418652170697964,0.1269215669714635,0.9726277372262774,2x
A,S2,DCA vs 200-week SMA,table=aggressive,2019-11-04 00:00:00+00:00,3.4644939044579557,2.190770980599913,0.4483826566549408,0.7266029902927513,0.08784613273405831,0.10841203952726781,0.9808394160583942,2x
A,S2,DCA vs 200-week SMA,table=aggressive,2019-12-02 00:00:00+00:00,2.9964126651339473,2.290002905696365,0.4893910098949745,0.7662925431645926,0.09096143767550546,0.13488560982627845,0.9808394160583942,2x
A,S2,DCA vs 200-week SMA,table=aggressive,2020-01-06 00:00:00+00:00,2.624800319689129,2.2808226579437125,0.48725005938034693,0.7662925431645943,0.09262477261291849,0.13550635598248043,0.9872262773722628,2x
A,S2,DCA vs 200-week SMA,table=aggressive,2020-02-03 00:00:00+00:00,3.0547932832749907,2.5096084644709618,0.4854968181992805,0.7662925431645937,0.09467064294953155,0.1068421335518317,0.9644160583941606,2x
A,S2,DCA vs 200-week SMA,table=aggressive,2020-03-02 00:00:00+00:00,2.9699738063919874,2.7617139067895002,0.48360916928845776,0.7662925431645935,0.09778374281460289,0.11687830264245543,0.9872146118721461,2x
A,S2,DCA vs 200-week SMA,table=aggressive,2020-04-06 00:00:00+00:00,2.8033248300580906,4.146849113420391,0.4807234847733569,0.7662925431645932,0.09393051891003709,0.14720793898974088,0.993607305936073,2x
A,S2,DCA vs 200-week SMA,table=aggressive,2020-05-04 00:00:00+00:00,2.368343376233273,3.2537436706852922,0.4742218255354059,0.7662925431645932,0.08159341009052776,0.11209693844054097,0.9808219178082191,2x
A,S2,DCA vs 200-week SMA,table=aggressive,2020-06-01 00:00:00+00:00,2.0197611276012912,2.8713096699328617,0.4679745309883442,0.7662925431645928,0.0742276790853955,0.10552270257210443,0.9680365296803652,2x
A,S2,DCA vs 200-week SMA,table=aggressive,2020-07-06 00:00:00+00:00,2.0896201440875584,3.353416445727075,0.4611495383303743,0.766292543164593,0.06850133287463708,0.10993074356886914,0.9872146118721461,2x
A,S2,DCA vs 200-week SMA,table=aggressive,2020-08-03 00:00:00+00:00,1.6886362798717576,2.628281966730626,0.44615653808282696,0.7662925431645936,0.057857729777785916,0.09005280155562978,0.9680365296803652,2x
A,S2,DCA vs 200-week SMA,table=aggressive,2020-09-07 00:00:00+00:00,1.35982621433267,2.5042049089886587,0.43281556095427587,0.7662925431645935,0.05278838717981479,0.0972131121756315,0.9698630136986301,2x
A,S2,DCA vs 200-week SMA,table=aggressive,2020-10-05 00:00:00+00:00,1.3376659478524673,2.5964577648937377,0.4191809573836721,0.7662925431645927,0.048154600753475336,0.09346981377708564,0.9744292237442922,2x
A,S2,DCA vs 200-week SMA,table=aggressive,2020-11-02 00:00:00+00:00,1.5593048701964316,2.566249230990568,0.40170416420359134,0.7662925431645933,0.044021510994796974,0.07244905784409517,0.965296803652968,2x
A,S2,DCA vs 200-week SMA,table=aggressive,2020-12-07 00:00:00+00:00,1.8148187507379567,2.2538587420387635,0.38033675182573246,0.7662925431645935,0.041469542908307434,0.05150183277213451,0.7789954337899543,2x
A,S2,DCA vs 200-week SMA,table=aggressive,2021-01-04 00:00:00+00:00,1.7648017975436974,1.2944523897768965,0.3753770734908066,0.7662925431645932,0.04119015810029955,0.030212287103532794,0.7917808219178082,2x
A,S2,DCA vs 200-week SMA,table=aggressive,2021-02-01 00:00:00+00:00,1.7538769319107548,1.282827060327837,0.3753770734908066,0.7662925431645935,0.04119015810029955,0.030127455620663157,0.817351598173516,2x
A,S2,DCA vs 200-week SMA,table=aggressive,2021-03-01 00:00:00+00:00,2.51799473102625,1.3503758922417333,0.3753770734908066,0.7662925431645937,0.04119015810029955,0.022089878033064954,0.843065693430657,2x
A,S2,DCA vs 200-week SMA,table=aggressive,2021-04-05 00:00:00+00:00,2.821022898040114,1.1732035546423905,0.3753770734908066,0.7662925431645937,0.04119015810029955,0.017130112603171904,0.875,2x
A,S2,DCA vs 200-week SMA,table=aggressive,2021-05-03 00:00:00+00:00,2.4327158634001327,1.0407512134121604,0.3753770734908066,0.7662925431645937,0.04119015810029955,0.017621748461659308,0.9005474452554745,2x
A,S2,DCA vs 200-week SMA,table=aggressive,2021-06-07 00:00:00+00:00,2.9221048577203947,1.9719115560688918,0.37151161058894333,0.7662925431645939,0.04127321545964586,0.027852227926033087,0.9151459854014599,2x
A,S2,DCA vs 200-week SMA,table=aggressive,2021-07-05 00:00:00+00:00,2.364822557550277,1.611852440638958,0.36492021701886557,0.7662925431645932,0.041451746591285026,0.028253324419030917,0.8959854014598541,2x
A,S2,DCA vs 200-week SMA,table=aggressive,2021-08-02 00:00:00+00:00,2.725142098244207,1.6350808774909573,0.3556664796189628,0.7662925431645933,0.04169815564894412,0.025018826347498708,0.843978102189781,2x
A,S2,DCA vs 200-week SMA,table=aggressive,2021-09-06 00:00:00+00:00,2.3610561260557987,1.082210759594436,0.34977525697476697,0.7662925431645936,0.04202663093726947,0.019263274467683087,0.8658759124087592,2x
A,S2,DCA vs 200-week SMA,table=aggressive,2021-10-04 00:00:00+00:00,2.569790370989079,1.2566569224686648,0.3451052280168224,0.7662925431645935,0.04229918913887264,0.020684787929109084,0.8914233576642335,2x
A,S2,DCA vs 200-week SMA,table=aggressive,2021-11-01 00:00:00+00:00,2.983730924009459,1.1432600682100724,0.3427639110131455,0.7662925431645937,0.04244765406494223,0.016264438422091965,0.9151459854014599,2x
A,S2,DCA vs 200-week SMA,table=aggressive,2021-12-06 00:00:00+00:00,4.135379292526555,1.956734231987824,0.33990045552604853,0.6895818371830502,0.0426566859437249,0.02018383120505611,0.9452554744525548,2x
A,S2,DCA vs 200-week SMA,table=aggressive,2022-01-03 00:00:00+00:00,4.174736415876024,2.044878928087627,0.3337319874325574,0.6673056490171778,0.04304526942705165,0.021084532204355213,0.968065693430657,2x
A,S2,DCA vs 200-week SMA,table=aggressive,2022-02-07 00:00:00+00:00,4.2904959175211985,2.2714342906391938,0.3043433772691707,0.6673056490171771,0.04443607064333402,0.023524929644694346,0.968978102189781,2x
A,S2,DCA vs 200-week SMA,table=aggressive,2022-03-07 00:00:00+00:00,4.112938032923775,2.3337026430223706,0.2763128287981973,0.667305649017177,0.045733921892709854,0.025949667498618906,0.9698905109489051,2x
A,S2,DCA vs 200-week SMA,table=aggressive,2022-04-04 00:00:00+00:00,3.9175135024404617,1.787734358860492,0.26151375053867765,0.6612040100033247,0.04707809194972163,0.021483811727944387,0.9616788321167883,2x
A,S2,DCA vs 200-week SMA,table=aggressive,2022-05-02 00:00:00+00:00,4.6758798905571375,2.50078608141515,0.28095276766937494,0.6023862433862442,0.04845978082638006,0.025917591605331067,0.9808394160583942,2x
A,S2,DCA vs 200-week SMA,table=aggressive,2022-06-06 00:00:00+00:00,5.097433298603494,3.3826059186499036,0.2809527676693756,0.4969802155349645,0.05021672332458164,0.03332331696806523,0.9872262773722628,2x
A,S2,DCA vs 200-week SMA,table=aggressive,2022-07-04 00:00:00+00:00,5.52146819157179,5.656334266406286,0.2809527676693758,0.35432082803835163,0.05038535635671112,0.0516160571422992,0.9936131386861314,2x
A,S2,DCA vs 200-week SMA,table=aggressive,2022-08-01 00:00:00+00:00,5.738595910750114,4.954318888258948,0.2809527676693746,0.3543208280383514,0.04957147252196116,0.0427966851916324,0.9936131386861314,2x
A,S2,DCA vs 200-week SMA,table=aggressive,2022-09-05 00:00:00+00:00,5.329661770673355,5.519889744081472,0.28095276766937505,0.29534411455035614,0.04813167069556444,0.04984960150752425,0.9936131386861314,2x
A,S3,Drawdown-from-ATH DCA,"x=0.3, n_weeks=4",2018-01-01 00:00:00+00:00,3.0074600025327842,2.102493220696822,0.7210838037342597,0.81184771458817,0.10397934154643744,0.0726911947323632,0.9808394160583942,2x
A,S3,Drawdown-from-ATH DCA,"x=0.3, n_weeks=4",2018-02-05 00:00:00+00:00,4.114590061118555,4.501974699689464,0.72108380373426,0.7210838037342595,0.11139583441270963,0.12188364350456875,1.0,2x
A,S3,Drawdown-from-ATH DCA,"x=0.3, n_weeks=4",2018-03-05 00:00:00+00:00,5.207711006746846,4.188389546201929,0.6743998377939984,0.7195983935742976,0.10765496584528715,0.08658332479643398,1.0,2x
A,S3,Drawdown-from-ATH DCA,"x=0.3, n_weeks=4",2018-04-02 00:00:00+00:00,7.653537275638618,8.59307249572363,0.674399837793998,0.6743998377939981,0.13033855460958088,0.1463386939151619,1.0,2x
A,S3,Drawdown-from-ATH DCA,"x=0.3, n_weeks=4",2018-05-07 00:00:00+00:00,6.638099845698255,5.819767775203804,0.6334142876781381,0.6570507207688202,0.11770999597292205,0.10319893603687158,1.0,2x
A,S3,Drawdown-from-ATH DCA,"x=0.3, n_weeks=4",2018-06-04 00:00:00+00:00,5.82588908405056,5.072336655757304,0.6334142876781377,0.6334142876781383,0.1484424352679687,0.1292420770146375,1.0,2x
A,S3,Drawdown-from-ATH DCA,"x=0.3, n_weeks=4",2018-07-02 00:00:00+00:00,5.000682710103064,5.251588625569691,0.633414287678138,0.6334142876781382,0.14925321529920332,0.15674189570384595,1.0,2x
A,S3,Drawdown-from-ATH DCA,"x=0.3, n_weeks=4",2018-08-06 00:00:00+00:00,6.156994023445378,5.799979505899937,0.6334142876781383,0.6334142876781371,0.15067604895655765,0.1419390684236812,1.0,2x
A,S3,Drawdown-from-ATH DCA,"x=0.3, n_weeks=4",2018-09-03 00:00:00+00:00,7.362890574691772,6.724081630964662,0.6334142876781382,0.6334142876781372,0.14951051634571966,0.1365388914038534,1.0,2x
A,S3,Drawdown-from-ATH DCA,"x=0.3, n_weeks=4",2018-10-01 00:00:00+00:00,6.6802203557662665,6.593597262640294,0.6334142876781382,0.6334142876781369,0.1524325737611558,0.15045596515707785,1.0,2x
A,S3,Drawdown-from-ATH DCA,"x=0.3, n_weeks=4",2018-11-05 00:00:00+00:00,11.177152196609752,9.437661033795763,0.6334142876781366,0.6334142876781371,0.18205310491210527,0.15372032733272234,1.0,2x
A,S3,Drawdown-from-ATH DCA,"x=0.3, n_weeks=4",2018-12-03 00:00:00+00:00,15.292836050110118,13.534579201529183,0.6334142876781382,0.6334142876781377,0.2707638808496925,0.23963345832424493,1.0,2x
A,S3,Drawdown-from-ATH DCA,"x=0.3, n_weeks=4",2019-01-07 00:00:00+00:00,11.839721171321996,10.771679347898798,0.6334142876781379,0.6334142876781377,0.27481630328833334,0.25002557541363957,1.0,2x
A,S3,Drawdown-from-ATH DCA,"x=0.3, n_weeks=4",2019-02-04 00:00:00+00:00,10.236628904753314,10.75730262853124,0.6334142876781375,0.633414287678137,0.27435505744065486,0.28830979495474035,1.0,2x
A,S3,Drawdown-from-ATH DCA,"x=0.3, n_weeks=4",2019-03-04 00:00:00+00:00,10.790157318185981,11.117251647485217,0.6334142876781379,0.6334142876781378,0.2541611466101188,0.26186582294919714,1.0,2x
A,S3,Drawdown-from-ATH DCA,"x=0.3, n_weeks=4",2019-04-01 00:00:00+00:00,9.327352177501615,11.060277998248083,0.6334142876781379,0.633414287678137,0.20495017566341223,0.24302780419236777,1.0,2x
A,S3,Drawdown-from-ATH DCA,"x=0.3, n_weeks=4",2019-05-06 00:00:00+00:00,5.061676056227987,6.312563684767546,0.6334142876781373,0.6334142876781378,0.13847509672204436,0.17269632767918847,1.0,2x
A,S3,Drawdown-from-ATH DCA,"x=0.3, n_weeks=4",2019-06-03 00:00:00+00:00,3.4087652835715185,3.4794264098662415,0.6334142876781377,0.633414287678138,0.11193668339773452,0.1142570461873639,1.0,2x
A,S3,Drawdown-from-ATH DCA,"x=0.3, n_weeks=4",2019-07-01 00:00:00+00:00,1.8515047053496503,1.8317983680778513,0.7190587661047634,0.7190587661047632,0.0928435065797447,0.09185533439262004,1.0,2x
A,S3,Drawdown-from-ATH DCA,"x=0.3, n_weeks=4",2019-08-05 00:00:00+00:00,2.1076536782921513,2.0636129659967843,0.7190587661047627,0.7190587661047625,0.09316428155318845,0.09121755692648732,1.0,2x
A,S3,Drawdown-from-ATH DCA,"x=0.3, n_weeks=4",2019-09-02 00:00:00+00:00,1.9867808219705865,2.0641765272775703,0.7190587661047627,0.7190587661047632,0.09869034943171466,0.10253486469821713,1.0,2x
A,S3,Drawdown-from-ATH DCA,"x=0.3, n_weeks=4",2019-10-07 00:00:00+00:00,2.3617486858683936,2.5334395142002823,0.7266029902927509,0.7266029902927508,0.11832011079129076,0.1269215669714635,1.0,2x
A,S3,Drawdown-from-ATH DCA,"x=0.3, n_weeks=4",2019-11-04 00:00:00+00:00,2.4271752490379344,2.190770980599913,0.7266029902927521,0.7266029902927513,0.12011069224874005,0.10841203952726781,1.0,2x
A,S3,Drawdown-from-ATH DCA,"x=0.3, n_weeks=4",2019-12-02 00:00:00+00:00,2.29448960281304,2.290002905696365,0.7662925431645932,0.7662925431645926,0.1351498849829532,0.13488560982627845,1.0,2x
A,S3,Drawdown-from-ATH DCA,"x=0.3, n_weeks=4",2020-01-06 00:00:00+00:00,2.0519248838469903,2.2808226579437125,0.7662925431645942,0.7662925431645943,0.12190727007708543,0.13550635598248043,1.0,2x
A,S3,Drawdown-from-ATH DCA,"x=0.3, n_weeks=4",2020-02-03 00:00:00+00:00,2.3840726909812138,2.5096084644709618,0.766292543164593,0.7662925431645937,0.10149767043473286,0.1068421335518317,1.0,2x
A,S3,Drawdown-from-ATH DCA,"x=0.3, n_weeks=4",2020-03-02 00:00:00+00:00,3.534809554674095,2.7617139067895002,0.7662925431645938,0.7662925431645935,0.14959642991946306,0.11687830264245543,1.0,2x
A,S3,Drawdown-from-ATH DCA,"x=0.3, n_weeks=4",2020-04-06 00:00:00+00:00,3.952403701901454,4.146849113420391,0.7662925431645935,0.7662925431645932,0.1403053709211127,0.14720793898974088,1.0,2x
A,S3,Drawdown-from-ATH DCA,"x=0.3, n_weeks=4",2020-05-04 00:00:00+00:00,3.2200252620942553,3.2537436706852922,0.7662925431645936,0.7662925431645932,0.11093528258971408,0.11209693844054097,1.0,2x
A,S3,Drawdown-from-ATH DCA,"x=0.3, n_weeks=4",2020-06-01 00:00:00+00:00,2.869328958091388,2.8713096699328617,0.7662925431645939,0.7662925431645928,0.10544990998246578,0.10552270257210443,1.0,2x
A,S3,Drawdown-from-ATH DCA,"x=0.3, n_weeks=4",2020-07-06 00:00:00+00:00,3.246856775522465,3.353416445727075,0.7662925431645933,0.766292543164593,0.10643753478623422,0.10993074356886914,1.0,2x
A,S3,Drawdown-from-ATH DCA,"x=0.3, n_weeks=4",2020-08-03 00:00:00+00:00,2.5150989139800712,2.628281966730626,0.7662925431645936,0.7662925431645936,0.08617481162995803,0.09005280155562978,1.0,2x
A,S3,Drawdown-from-ATH DCA,"x=0.3, n_weeks=4",2020-09-07 00:00:00+00:00,2.431333151080455,2.5042049089886587,0.7662925431645933,0.7662925431645935,0.09438423409519253,0.0972131121756315,1.0,2x
A,S3,Drawdown-from-ATH DCA,"x=0.3, n_weeks=4",2020-10-05 00:00:00+00:00,2.3914283357196733,2.5964577648937377,0.7662925431645942,0.7662925431645927,0.08608896482863133,0.09346981377708564,1.0,2x
A,S3,Drawdown-from-ATH DCA,"x=0.3, n_weeks=4",2020-11-02 00:00:00+00:00,0.9751873809829334,2.566249230990568,0.7662925431645935,0.7662925431645933,0.02753099976434981,0.07244905784409517,0.8146118721461187,2x
A,S3,Drawdown-from-ATH DCA,"x=0.3, n_weeks=4",2020-12-07 00:00:00+00:00,1.204830608077314,2.2538587420387635,0.7662925431645935,0.7662925431645935,0.02753099976434981,0.05150183277213451,0.8465753424657534,2x
A,S3,Drawdown-from-ATH DCA,"x=0.3, n_weeks=4",2021-01-04 00:00:00+00:00,1.1795720170335136,1.2944523897768965,0.7662925431645935,0.7662925431645932,0.02753099976434981,0.030212287103532794,0.8721461187214612,2x
A,S3,Drawdown-from-ATH DCA,"x=0.3, n_weeks=4",2021-02-01 00:00:00+00:00,1.172269969966015,1.282827060327837,0.7662925431645935,0.7662925431645935,0.02753099976434981,0.030127455620663157,0.897716894977169,2x
A,S3,Drawdown-from-ATH DCA,"x=0.3, n_weeks=4",2021-03-01 00:00:00+00:00,1.6829969959744733,1.3503758922417333,0.7662925431645935,0.7662925431645937,0.02753099976434981,0.022089878033064954,0.9233576642335767,2x
A,S3,Drawdown-from-ATH DCA,"x=0.3, n_weeks=4",2021-04-05 00:00:00+00:00,1.8855373303508394,1.1732035546423905,0.7662925431645935,0.7662925431645937,0.02753099976434981,0.017130112603171904,0.9552919708029197,2x
A,S3,Drawdown-from-ATH DCA,"x=0.3, n_weeks=4",2021-05-03 00:00:00+00:00,1.6259976399923561,1.0407512134121604,0.7662925431645935,0.7662925431645937,0.02753099976434981,0.017621748461659308,0.9808394160583942,2x
A,S3,Drawdown-from-ATH DCA,"x=0.3, n_weeks=4",2021-06-07 00:00:00+00:00,1.9494317329330846,1.9719115560688918,0.7662925431645937,0.7662925431645939,0.027534712084215308,0.027852227926033087,1.0,2x
A,S3,Drawdown-from-ATH DCA,"x=0.3, n_weeks=4",2021-07-05 00:00:00+00:00,1.6674018018599621,1.611852440638958,0.7662925431645937,0.7662925431645932,0.029227020325850284,0.028253324419030917,1.0,2x
A,S3,Drawdown-from-ATH DCA,"x=0.3, n_weeks=4",2021-08-02 00:00:00+00:00,1.5634402157166294,1.6350808774909573,0.7257619076576236,0.7662925431645933,0.023922632696758813,0.025018826347498708,1.0,2x
A,S3,Drawdown-from-ATH DCA,"x=0.3, n_weeks=4",2021-09-06 00:00:00+00:00,1.3456811248185152,1.082210759594436,0.6684002920722302,0.7662925431645936,0.023953028209656734,0.019263274467683087,0.9808394160583942,2x
A,S3,Drawdown-from-ATH DCA,"x=0.3, n_weeks=4",2021-10-04 00:00:00+00:00,1.472490568705566,1.2566569224686648,0.6673056490171776,0.7662925431645935,0.024237446670371844,0.020684787929109084,0.9297445255474452,2x
A,S3,Drawdown-from-ATH DCA,"x=0.3, n_weeks=4",2021-11-01 00:00:00+00:00,1.703698843728244,1.1432600682100724,0.6673056490171776,0.7662925431645937,0.024237446670371844,0.016264438422091965,0.9552919708029197,2x
A,S3,Drawdown-from-ATH DCA,"x=0.3, n_weeks=4",2021-12-06 00:00:00+00:00,2.349714537050601,1.956734231987824,0.6673056490171776,0.6895818371830502,0.024237446670371844,0.02018383120505611,0.9872262773722628,2x
A,S3,Drawdown-from-ATH DCA,"x=0.3, n_weeks=4",2022-01-03 00:00:00+00:00,2.443758761209542,2.044878928087627,0.667305649017177,0.6673056490171778,0.02519734033769153,0.021084532204355213,0.9936131386861314,2x
A,S3,Drawdown-from-ATH DCA,"x=0.3, n_weeks=4",2022-02-07 00:00:00+00:00,2.405457359198857,2.2714342906391938,0.6673056490171774,0.6673056490171771,0.024912987961690558,0.023524929644694346,1.0,2x
A,S3,Drawdown-from-ATH DCA,"x=0.3, n_weeks=4",2022-03-07 00:00:00+00:00,2.198723183381032,2.3337026430223706,0.6673056490171774,0.667305649017177,0.02444875987128739,0.025949667498618906,1.0,2x
A,S3,Drawdown-from-ATH DCA,"x=0.3, n_weeks=4",2022-04-04 00:00:00+00:00,1.9873908773998246,1.787734358860492,0.6231615337042165,0.6612040100033247,0.023883152006491104,0.021483811727944387,1.0,2x
A,S3,Drawdown-from-ATH DCA,"x=0.3, n_weeks=4",2022-05-02 00:00:00+00:00,2.8933284135341486,2.50078608141515,0.5301527242129663,0.6023862433862442,0.029985813164652642,0.025917591605331067,1.0,2x
A,S3,Drawdown-from-ATH DCA,"x=0.3, n_weeks=4",2022-06-06 00:00:00+00:00,4.23014214505032,3.3826059186499036,0.3543208280383513,0.4969802155349645,0.041672713555632096,0.03332331696806523,1.0,2x
A,S3,Drawdown-from-ATH DCA,"x=0.3, n_weeks=4",2022-07-04 00:00:00+00:00,5.2464455436699575,5.656334266406286,0.35432082803835063,0.35432082803835163,0.04787567711200366,0.0516160571422992,1.0,2x
A,S3,Drawdown-from-ATH DCA,"x=0.3, n_weeks=4",2022-08-01 00:00:00+00:00,5.0118690456828885,4.954318888258948,0.33302934082387436,0.3543208280383514,0.043293818304286524,0.0427966851916324,1.0,2x
A,S3,Drawdown-from-ATH DCA,"x=0.3, n_weeks=4",2022-09-05 00:00:00+00:00,5.533222621258761,5.519889744081472,0.28095276766937594,0.29534411455035614,0.04997000945859779,0.04984960150752425,1.0,2x
A,S3,Drawdown-from-ATH DCA,"x=0.3, n_weeks=12",2018-01-01 00:00:00+00:00,3.2180945823267755,2.102493220696822,0.6743998377939991,0.81184771458817,0.11126178084586116,0.0726911947323632,0.9808394160583942,2x
A,S3,Drawdown-from-ATH DCA,"x=0.3, n_weeks=12",2018-02-05 00:00:00+00:00,4.301758602787688,4.501974699689464,0.6743998377939984,0.7210838037342595,0.11646311828919255,0.12188364350456875,1.0,2x
A,S3,Drawdown-from-ATH DCA,"x=0.3, n_weeks=12",2018-03-05 00:00:00+00:00,5.614764536219718,4.188389546201929,0.6670240119121331,0.7195983935742976,0.11606966738226429,0.08658332479643398,1.0,2x
A,S3,Drawdown-from-ATH DCA,"x=0.3, n_weeks=12",2018-04-02 00:00:00+00:00,7.483936586081579,8.59307249572363,0.6334142876781378,0.6743998377939981,0.1274502811300729,0.1463386939151619,1.0,2x
A,S3,Drawdown-from-ATH DCA,"x=0.3, n_weeks=12",2018-05-07 00:00:00+00:00,7.808751033725056,5.819767775203804,0.6334142876781378,0.6570507207688202,0.13846854884669801,0.10319893603687158,1.0,2x
A,S3,Drawdown-from-ATH DCA,"x=0.3, n_weeks=12",2018-06-04 00:00:00+00:00,5.7761569999537805,5.072336655757304,0.6334142876781376,0.6334142876781383,0.14717527216757803,0.1292420770146375,1.0,2x
A,S3,Drawdown-from-ATH DCA,"x=0.3, n_weeks=12",2018-07-02 00:00:00+00:00,4.943412314990956,5.251588625569691,0.6334142876781377,0.6334142876781382,0.1475438905714679,0.15674189570384595,1.0,2x
A,S3,Drawdown-from-ATH DCA,"x=0.3, n_weeks=12",2018-08-06 00:00:00+00:00,6.16504382173799,5.799979505899937,0.6334142876781386,0.6334142876781371,0.1508730463544777,0.1419390684236812,1.0,2x
A,S3,Drawdown-from-ATH DCA,"x=0.3, n_weeks=12",2018-09-03 00:00:00+00:00,7.574803715350613,6.724081630964662,0.6334142876781379,0.6334142876781372,0.1538136148039869,0.1365388914038534,1.0,2x
A,S3,Drawdown-from-ATH DCA,"x=0.3, n_weeks=12",2018-10-01 00:00:00+00:00,8.475989454536746,6.593597262640294,0.6334142876781368,0.6334142876781369,0.19340932168685146,0.15045596515707785,1.0,2x
A,S3,Drawdown-from-ATH DCA,"x=0.3, n_weeks=12",2018-11-05 00:00:00+00:00,14.795404850830234,9.437661033795763,0.6334142876781375,0.6334142876781371,0.24098709082106562,0.15372032733272234,1.0,2x
A,S3,Drawdown-from-ATH DCA,"x=0.3, n_weeks=12",2018-12-03 00:00:00+00:00,15.417109330774215,13.534579201529183,0.6334142876781377,0.6334142876781377,0.2729641735650709,0.23963345832424493,1.0,2x
A,S3,Drawdown-from-ATH DCA,"x=0.3, n_weeks=12",2019-01-07 00:00:00+00:00,11.536473371420225,10.771679347898798,0.6334142876781377,0.6334142876781377,0.267777502446369,0.25002557541363957,1.0,2x
A,S3,Drawdown-from-ATH DCA,"x=0.3, n_weeks=12",2019-02-04 00:00:00+00:00,9.122270502669204,10.75730262853124,0.6334142876781375,0.633414287678137,0.24448879323806194,0.28830979495474035,1.0,2x
A,S3,Drawdown-from-ATH DCA,"x=0.3, n_weeks=12",2019-03-04 00:00:00+00:00,8.711385352291435,11.117251647485217,0.6334142876781376,0.6334142876781378,0.2051958673456314,0.26186582294919714,1.0,2x
A,S3,Drawdown-from-ATH DCA,"x=0.3, n_weeks=12",2019-04-01 00:00:00+00:00,7.27329632992566,11.060277998248083,0.6334142876781379,0.633414287678137,0.1598163478876594,0.24302780419236777,1.0,2x
A,S3,Drawdown-from-ATH DCA,"x=0.3, n_weeks=12",2019-05-06 00:00:00+00:00,4.182333399023029,6.312563684767546,0.6149365959160076,0.6334142876781378,0.11441842889984119,0.17269632767918847,1.0,2x
A,S3,Drawdown-from-ATH DCA,"x=0.3, n_weeks=12",2019-06-03 00:00:00+00:00,3.040112982508239,3.4794264098662415,0.5944157104820221,0.633414287678138,0.09983091709377515,0.1142570461873639,1.0,2x
A,S3,Drawdown-from-ATH DCA,"x=0.3, n_weeks=12",2019-07-01 00:00:00+00:00,1.9009279051096108,1.8317983680778513,0.7190587661047634,0.7190587661047632,0.09532182767655195,0.09185533439262004,1.0,2x
A,S3,Drawdown-from-ATH DCA,"x=0.3, n_weeks=12",2019-08-05 00:00:00+00:00,2.375452065782865,2.0636129659967843,0.7190587661047627,0.7190587661047625,0.10500173123889361,0.09121755692648732,1.0,2x
A,S3,Drawdown-from-ATH DCA,"x=0.3, n_weeks=12",2019-09-02 00:00:00+00:00,2.2278054664970166,2.0641765272775703,0.719058766104763,0.7190587661047632,0.11066288617402895,0.10253486469821713,1.0,2x
A,S3,Drawdown-from-ATH DCA,"x=0.3, n_weeks=12",2019-10-07 00:00:00+00:00,2.4856402773332453,2.5334395142002823,0.7266029902927513,0.7266029902927508,0.12452689600766137,0.1269215669714635,1.0,2x
A,S3,Drawdown-from-ATH DCA,"x=0.3, n_weeks=12",2019-11-04 00:00:00+00:00,2.57291969242212,2.190770980599913,0.7266029902927517,0.7266029902927513,0.12732297162297168,0.10841203952726781,1.0,2x
A,S3,Drawdown-from-ATH DCA,"x=0.3, n_weeks=12",2019-12-02 00:00:00+00:00,2.0780613619053625,2.290002905696365,0.7662925431645933,0.7662925431645926,0.12240184209364363,0.13488560982627845,1.0,2x
A,S3,Drawdown-from-ATH DCA,"x=0.3, n_weeks=12",2020-01-06 00:00:00+00:00,2.0927677056312546,2.2808226579437125,0.7662925431645937,0.7662925431645943,0.12433379014376048,0.13550635598248043,1.0,2x
A,S3,Drawdown-from-ATH DCA,"x=0.3, n_weeks=12",2020-02-03 00:00:00+00:00,3.1427123569789353,2.5096084644709618,0.7662925431645932,0.7662925431645937,0.13379540996651765,0.1068421335518317,1.0,2x
A,S3,Drawdown-from-ATH DCA,"x=0.3, n_weeks=12",2020-03-02 00:00:00+00:00,3.2657852877151794,2.7617139067895002,0.7662925431645934,0.7662925431645935,0.13821107258230803,0.11687830264245543,1.0,2x
A,S3,Drawdown-from-ATH DCA,"x=0.3, n_weeks=12",2020-04-06 00:00:00+00:00,3.349325580170563,4.146849113420391,0.7662925431645939,0.7662925431645932,0.11889685449776421,0.14720793898974088,1.0,2x
A,S3,Drawdown-from-ATH DCA,"x=0.3, n_weeks=12",2020-05-04 00:00:00+00:00,3.1451536236687905,3.2537436706852922,0.7662925431645934,0.7662925431645932,0.10835582879956532,0.11209693844054097,1.0,2x
A,S3,Drawdown-from-ATH DCA,"x=0.3, n_weeks=12",2020-06-01 00:00:00+00:00,2.7573658169620323,2.8713096699328617,0.7662925431645937,0.7662925431645928,0.10133518374302544,0.10552270257210443,1.0,2x
A,S3,Drawdown-from-ATH DCA,"x=0.3, n_weeks=12",2020-07-06 00:00:00+00:00,2.8994397684845548,3.353416445727075,0.7662925431645935,0.766292543164593,0.09504860933356263,0.10993074356886914,1.0,2x
A,S3,Drawdown-from-ATH DCA,"x=0.3, n_weeks=12",2020-08-03 00:00:00+00:00,2.615082681606075,2.628281966730626,0.7662925431645935,0.7662925431645936,0.0896005545672764,0.09005280155562978,1.0,2x
A,S3,Drawdown-from-ATH DCA,"x=0.3, n_weeks=12",2020-09-07 00:00:00+00:00,1.7869038685923317,2.5042049089886587,0.7662925431645932,0.7662925431645935,0.06936752084504558,0.0972131121756315,1.0,2x
A,S3,Drawdown-from-ATH DCA,"x=0.3, n_weeks=12",2020-10-05 00:00:00+00:00,1.3088122526614288,2.5964577648937377,0.7662925431645937,0.7662925431645927,0.047115897350418996,0.09346981377708564,1.0,2x
A,S3,Drawdown-from-ATH DCA,"x=0.3, n_weeks=12",2020-11-02 00:00:00+00:00,0.9786715691026647,2.566249230990568,0.7662925431645935,0.7662925431645933,0.027629363611312834,0.07244905784409517,0.8146118721461187,2x
A,S3,Drawdown-from-ATH DCA,"x=0.3, n_weeks=12",2020-12-07 00:00:00+00:00,1.2091352746191641,2.2538587420387635,0.7662925431645935,0.7662925431645935,0.027629363611312834,0.05150183277213451,0.8465753424657534,2x
A,S3,Drawdown-from-ATH DCA,"x=0.3, n_weeks=12",2021-01-04 00:00:00+00:00,1.183786438680329,1.2944523897768965,0.7662925431645935,0.7662925431645932,0.027629363611312834,0.030212287103532794,0.8721461187214612,2x
A,S3,Drawdown-from-ATH DCA,"x=0.3, n_weeks=12",2021-02-01 00:00:00+00:00,1.1764583025697006,1.282827060327837,0.7662925431645935,0.7662925431645935,0.027629363611312834,0.030127455620663157,0.897716894977169,2x
A,S3,Drawdown-from-ATH DCA,"x=0.3, n_weeks=12",2021-03-01 00:00:00+00:00,1.689010074335893,1.3503758922417333,0.7662925431645935,0.7662925431645937,0.027629363611312834,0.022089878033064954,0.9233576642335767,2x
A,S3,Drawdown-from-ATH DCA,"x=0.3, n_weeks=12",2021-04-05 00:00:00+00:00,1.8922740528452349,1.1732035546423905,0.7662925431645935,0.7662925431645937,0.027629363611312834,0.017130112603171904,0.9552919708029197,2x
A,S3,Drawdown-from-ATH DCA,"x=0.3, n_weeks=12",2021-05-03 00:00:00+00:00,1.631807068795939,1.0407512134121604,0.7662925431645935,0.7662925431645937,0.027629363611312834,0.017621748461659308,0.9808394160583942,2x
A,S3,Drawdown-from-ATH DCA,"x=0.3, n_weeks=12",2021-06-07 00:00:00+00:00,1.9098710455675427,1.9719115560688918,0.7526293354907556,0.7662925431645939,0.0269759378947622,0.027852227926033087,1.0,2x
A,S3,Drawdown-from-ATH DCA,"x=0.3, n_weeks=12",2021-07-05 00:00:00+00:00,1.4801249888878962,1.611852440638958,0.7176457867849824,0.7662925431645932,0.025944342321550795,0.028253324419030917,1.0,2x
A,S3,Drawdown-from-ATH DCA,"x=0.3, n_weeks=12",2021-08-02 00:00:00+00:00,1.591281767022582,1.6350808774909573,0.6673056490171771,0.7662925431645933,0.024348644001127736,0.025018826347498708,1.0,2x
A,S3,Drawdown-from-ATH DCA,"x=0.3, n_weeks=12",2021-09-06 00:00:00+00:00,1.3730350069821664,1.082210759594436,0.6673056490171769,0.7662925431645936,0.024439925364581103,0.019263274467683087,0.9808394160583942,2x
A,S3,Drawdown-from-ATH DCA,"x=0.3, n_weeks=12",2021-10-04 00:00:00+00:00,1.4921933252269823,1.2566569224686648,0.6673056490171771,0.7662925431645935,0.024561757413405626,0.020684787929109084,0.9297445255474452,2x
A,S3,Drawdown-from-ATH DCA,"x=0.3, n_weeks=12",2021-11-01 00:00:00+00:00,1.726495297720682,1.1432600682100724,0.6673056490171771,0.7662925431645937,0.024561757413405626,0.016264438422091965,0.9552919708029197,2x
A,S3,Drawdown-from-ATH DCA,"x=0.3, n_weeks=12",2021-12-06 00:00:00+00:00,2.381155046349779,1.956734231987824,0.6673056490171771,0.6895818371830502,0.024561757413405626,0.02018383120505611,0.9872262773722628,2x
A,S3,Drawdown-from-ATH DCA,"x=0.3, n_weeks=12",2022-01-03 00:00:00+00:00,2.410365836274621,2.044878928087627,0.6673056490171776,0.6673056490171778,0.024853029390223158,0.021084532204355213,0.9936131386861314,2x
A,S3,Drawdown-from-ATH DCA,"x=0.3, n_weeks=12",2022-02-07 00:00:00+00:00,2.357371231605013,2.2714342906391938,0.6540741467388246,0.6673056490171771,0.02441496661315635,0.023524929644694346,1.0,2x
A,S3,Drawdown-from-ATH DCA,"x=0.3, n_weeks=12",2022-03-07 00:00:00+00:00,2.347753677855388,2.3337026430223706,0.6088406772985092,0.667305649017177,0.026105908347477048,0.025949667498618906,1.0,2x
A,S3,Drawdown-from-ATH DCA,"x=0.3, n_weeks=12",2022-04-04 00:00:00+00:00,2.5560950386899766,1.787734358860492,0.5152681664116661,0.6612040100033247,0.030717463306433837,0.021483811727944387,1.0,2x
A,S3,Drawdown-from-ATH DCA,"x=0.3, n_weeks=12",2022-05-02 00:00:00+00:00,3.7615804001652466,2.50078608141515,0.3862456089376691,0.6023862433862442,0.03898418394384705,0.025917591605331067,1.0,2x
A,S3,Drawdown-from-ATH DCA,"x=0.3, n_weeks=12",2022-06-06 00:00:00+00:00,4.494879093674663,3.3826059186499036,0.3475327348154429,0.4969802155349645,0.0442807363239741,0.03332331696806523,1.0,2x
A,S3,Drawdown-from-ATH DCA,"x=0.3, n_weeks=12",2022-07-04 00:00:00+00:00,5.137102941636322,5.656334266406286,0.3052557617145958,0.35432082803835163,0.04687788707187551,0.0516160571422992,1.0,2x
A,S3,Drawdown-from-ATH DCA,"x=0.3, n_weeks=12",2022-08-01 00:00:00+00:00,5.5894534186911615,4.954318888258948,0.2809527676693754,0.3543208280383514,0.048283141184132086,0.0427966851916324,1.0,2x
A,S3,Drawdown-from-ATH DCA,"x=0.3, n_weeks=12",2022-09-05 00:00:00+00:00,5.762608956601723,5.519889744081472,0.2809527676693746,0.29534411455035614,0.05204157572862674,0.04984960150752425,1.0,2x
A,S3,Drawdown-from-ATH DCA,"x=0.4, n_weeks=4",2018-01-01 00:00:00+00:00,3.221971898094481,2.102493220696822,0.72108380373426,0.81184771458817,0.11139583441270963,0.0726911947323632,0.968065693430657,2x
A,S3,Drawdown-from-ATH DCA,"x=0.4, n_weeks=4",2018-02-05 00:00:00+00:00,4.114590061118555,4.501974699689464,0.72108380373426,0.7210838037342595,0.11139583441270963,0.12188364350456875,1.0,2x
A,S3,Drawdown-from-ATH DCA,"x=0.4, n_weeks=4",2018-03-05 00:00:00+00:00,5.930363907679988,4.188389546201929,0.6743998377939983,0.7195983935742976,0.12259380812496914,0.08658332479643398,0.9936131386861314,2x
A,S3,Drawdown-from-ATH DCA,"x=0.4, n_weeks=4",2018-04-02 00:00:00+00:00,7.653537275638618,8.59307249572363,0.674399837793998,0.6743998377939981,0.13033855460958088,0.1463386939151619,1.0,2x
A,S3,Drawdown-from-ATH DCA,"x=0.4, n_weeks=4",2018-05-07 00:00:00+00:00,6.638099845698255,5.819767775203804,0.6334142876781381,0.6570507207688202,0.11770999597292205,0.10319893603687158,1.0,2x
A,S3,Drawdown-from-ATH DCA,"x=0.4, n_weeks=4",2018-06-04 00:00:00+00:00,5.82588908405056,5.072336655757304,0.6334142876781377,0.6334142876781383,0.1484424352679687,0.1292420770146375,1.0,2x
A,S3,Drawdown-from-ATH DCA,"x=0.4, n_weeks=4",2018-07-02 00:00:00+00:00,5.000682710103064,5.251588625569691,0.633414287678138,0.6334142876781382,0.14925321529920332,0.15674189570384595,1.0,2x
A,S3,Drawdown-from-ATH DCA,"x=0.4, n_weeks=4",2018-08-06 00:00:00+00:00,6.156994023445378,5.799979505899937,0.6334142876781383,0.6334142876781371,0.15067604895655765,0.1419390684236812,1.0,2x
A,S3,Drawdown-from-ATH DCA,"x=0.4, n_weeks=4",2018-09-03 00:00:00+00:00,7.362890574691772,6.724081630964662,0.6334142876781382,0.6334142876781372,0.14951051634571966,0.1365388914038534,1.0,2x
A,S3,Drawdown-from-ATH DCA,"x=0.4, n_weeks=4",2018-10-01 00:00:00+00:00,6.6802203557662665,6.593597262640294,0.6334142876781382,0.6334142876781369,0.1524325737611558,0.15045596515707785,1.0,2x
A,S3,Drawdown-from-ATH DCA,"x=0.4, n_weeks=4",2018-11-05 00:00:00+00:00,11.177152196609752,9.437661033795763,0.6334142876781366,0.6334142876781371,0.18205310491210527,0.15372032733272234,1.0,2x
A,S3,Drawdown-from-ATH DCA,"x=0.4, n_weeks=4",2018-12-03 00:00:00+00:00,15.292836050110118,13.534579201529183,0.6334142876781382,0.6334142876781377,0.2707638808496925,0.23963345832424493,1.0,2x
A,S3,Drawdown-from-ATH DCA,"x=0.4, n_weeks=4",2019-01-07 00:00:00+00:00,11.839721171321996,10.771679347898798,0.6334142876781379,0.6334142876781377,0.27481630328833334,0.25002557541363957,1.0,2x
A,S3,Drawdown-from-ATH DCA,"x=0.4, n_weeks=4",2019-02-04 00:00:00+00:00,10.236628904753314,10.75730262853124,0.6334142876781375,0.633414287678137,0.27435505744065486,0.28830979495474035,1.0,2x
A,S3,Drawdown-from-ATH DCA,"x=0.4, n_weeks=4",2019-03-04 00:00:00+00:00,10.790157318185981,11.117251647485217,0.6334142876781379,0.6334142876781378,0.2541611466101188,0.26186582294919714,1.0,2x
A,S3,Drawdown-from-ATH DCA,"x=0.4, n_weeks=4",2019-04-01 00:00:00+00:00,9.327352177501615,11.060277998248083,0.6334142876781379,0.633414287678137,0.20495017566341223,0.24302780419236777,1.0,2x
A,S3,Drawdown-from-ATH DCA,"x=0.4, n_weeks=4",2019-05-06 00:00:00+00:00,5.061676056227987,6.312563684767546,0.6334142876781373,0.6334142876781378,0.13847509672204436,0.17269632767918847,1.0,2x
A,S3,Drawdown-from-ATH DCA,"x=0.4, n_weeks=4",2019-06-03 00:00:00+00:00,3.4087652835715185,3.4794264098662415,0.6334142876781377,0.633414287678138,0.11193668339773452,0.1142570461873639,1.0,2x
A,S3,Drawdown-from-ATH DCA,"x=0.4, n_weeks=4",2019-07-01 00:00:00+00:00,1.8515047053496503,1.8317983680778513,0.7190587661047634,0.7190587661047632,0.0928435065797447,0.09185533439262004,1.0,2x
A,S3,Drawdown-from-ATH DCA,"x=0.4, n_weeks=4",2019-08-05 00:00:00+00:00,2.1855262050303974,2.0636129659967843,0.7190587661047627,0.7190587661047625,0.09660646851256544,0.09121755692648732,1.0,2x
A,S3,Drawdown-from-ATH DCA,"x=0.4, n_weeks=4",2019-09-02 00:00:00+00:00,1.9867808219705865,2.0641765272775703,0.7190587661047627,0.7190587661047632,0.09869034943171466,0.10253486469821713,1.0,2x
A,S3,Drawdown-from-ATH DCA,"x=0.4, n_weeks=4",2019-10-07 00:00:00+00:00,2.3617486858683936,2.5334395142002823,0.7266029902927509,0.7266029902927508,0.11832011079129076,0.1269215669714635,1.0,2x
A,S3,Drawdown-from-ATH DCA,"x=0.4, n_weeks=4",2019-11-04 00:00:00+00:00,2.4271752490379344,2.190770980599913,0.7266029902927521,0.7266029902927513,0.12011069224874005,0.10841203952726781,1.0,2x
A,S3,Drawdown-from-ATH DCA,"x=0.4, n_weeks=4",2019-12-02 00:00:00+00:00,2.29448960281304,2.290002905696365,0.7662925431645932,0.7662925431645926,0.1351498849829532,0.13488560982627845,1.0,2x
A,S3,Drawdown-from-ATH DCA,"x=0.4, n_weeks=4",2020-01-06 00:00:00+00:00,2.0519248838469903,2.2808226579437125,0.7662925431645942,0.7662925431645943,0.12190727007708543,0.13550635598248043,1.0,2x
A,S3,Drawdown-from-ATH DCA,"x=0.4, n_weeks=4",2020-02-03 00:00:00+00:00,2.3840726909812138,2.5096084644709618,0.766292543164593,0.7662925431645937,0.10149767043473286,0.1068421335518317,1.0,2x
A,S3,Drawdown-from-ATH DCA,"x=0.4, n_weeks=4",2020-03-02 00:00:00+00:00,3.534809554674095,2.7617139067895002,0.7662925431645938,0.7662925431645935,0.14959642991946306,0.11687830264245543,1.0,2x
A,S3,Drawdown-from-ATH DCA,"x=0.4, n_weeks=4",2020-04-06 00:00:00+00:00,3.952403701901454,4.146849113420391,0.7662925431645935,0.7662925431645932,0.1403053709211127,0.14720793898974088,1.0,2x
A,S3,Drawdown-from-ATH DCA,"x=0.4, n_weeks=4",2020-05-04 00:00:00+00:00,3.2200252620942553,3.2537436706852922,0.7662925431645936,0.7662925431645932,0.11093528258971408,0.11209693844054097,1.0,2x
A,S3,Drawdown-from-ATH DCA,"x=0.4, n_weeks=4",2020-06-01 00:00:00+00:00,2.869328958091388,2.8713096699328617,0.7662925431645939,0.7662925431645928,0.10544990998246578,0.10552270257210443,1.0,2x
A,S3,Drawdown-from-ATH DCA,"x=0.4, n_weeks=4",2020-07-06 00:00:00+00:00,3.246856775522465,3.353416445727075,0.7662925431645933,0.766292543164593,0.10643753478623422,0.10993074356886914,1.0,2x
A,S3,Drawdown-from-ATH DCA,"x=0.4, n_weeks=4",2020-08-03 00:00:00+00:00,2.723094891791129,2.628281966730626,0.7662925431645933,0.7662925431645936,0.09330137596030184,0.09005280155562978,1.0,2x
A,S3,Drawdown-from-ATH DCA,"x=0.4, n_weeks=4",2020-09-07 00:00:00+00:00,2.431333151080455,2.5042049089886587,0.7662925431645933,0.7662925431645935,0.09438423409519253,0.0972131121756315,1.0,2x
A,S3,Drawdown-from-ATH DCA,"x=0.4, n_weeks=4",2020-10-05 00:00:00+00:00,1.6508309207512306,2.5964577648937377,0.7662925431645935,0.7662925431645927,0.05942821825425969,0.09346981377708564,1.0,2x
A,S3,Drawdown-from-ATH DCA,"x=0.4, n_weeks=4",2020-11-02 00:00:00+00:00,1.0015053519413535,2.566249230990568,0.7662925431645933,0.7662925431645933,0.02827399548638645,0.07244905784409517,0.8146118721461187,2x
A,S3,Drawdown-from-ATH DCA,"x=0.4, n_weeks=4",2020-12-07 00:00:00+00:00,1.2373460995321295,2.2538587420387635,0.7662925431645933,0.7662925431645935,0.02827399548638645,0.05150183277213451,0.8465753424657534,2x
A,S3,Drawdown-from-ATH DCA,"x=0.4, n_weeks=4",2021-01-04 00:00:00+00:00,1.2114058396331893,1.2944523897768965,0.7662925431645933,0.7662925431645932,0.02827399548638645,0.030212287103532794,0.8721461187214612,2x
A,S3,Drawdown-from-ATH DCA,"x=0.4, n_weeks=4",2021-02-01 00:00:00+00:00,1.203906727810335,1.282827060327837,0.7662925431645933,0.7662925431645935,0.02827399548638645,0.030127455620663157,0.897716894977169,2x
A,S3,Drawdown-from-ATH DCA,"x=0.4, n_weeks=4",2021-03-01 00:00:00+00:00,1.7284170525983806,1.3503758922417333,0.7662925431645933,0.7662925431645937,0.02827399548638645,0.022089878033064954,0.9233576642335767,2x
A,S3,Drawdown-from-ATH DCA,"x=0.4, n_weeks=4",2021-04-05 00:00:00+00:00,1.9364234653325827,1.1732035546423905,0.7662925431645933,0.7662925431645937,0.02827399548638645,0.017130112603171904,0.9552919708029197,2x
A,S3,Drawdown-from-ATH DCA,"x=0.4, n_weeks=4",2021-05-03 00:00:00+00:00,1.6698794205632304,1.0407512134121604,0.7662925431645933,0.7662925431645937,0.02827399548638645,0.017621748461659308,0.9808394160583942,2x
A,S3,Drawdown-from-ATH DCA,"x=0.4, n_weeks=4",2021-06-07 00:00:00+00:00,2.007518178578511,1.9719115560688918,0.7662925431645933,0.7662925431645939,0.02835515300031541,0.027852227926033087,1.0,2x
A,S3,Drawdown-from-ATH DCA,"x=0.4, n_weeks=4",2021-07-05 00:00:00+00:00,1.6674018018599621,1.611852440638958,0.7662925431645937,0.7662925431645932,0.029227020325850284,0.028253324419030917,1.0,2x
A,S3,Drawdown-from-ATH DCA,"x=0.4, n_weeks=4",2021-08-02 00:00:00+00:00,1.735261789023671,1.6350808774909573,0.6673056490171769,0.7662925431645933,0.026551722281562346,0.025018826347498708,0.8403284671532847,2x
A,S3,Drawdown-from-ATH DCA,"x=0.4, n_weeks=4",2021-09-06 00:00:00+00:00,1.4916757577781725,1.082210759594436,0.6673056490171769,0.7662925431645936,0.026551722281562346,0.019263274467683087,0.8722627737226277,2x
A,S3,Drawdown-from-ATH DCA,"x=0.4, n_weeks=4",2021-10-04 00:00:00+00:00,1.6130890837722955,1.2566569224686648,0.6673056490171769,0.7662925431645935,0.026551722281562346,0.020684787929109084,0.8978102189781022,2x
A,S3,Drawdown-from-ATH DCA,"x=0.4, n_weeks=4",2021-11-01 00:00:00+00:00,1.8663739281328031,1.1432600682100724,0.6673056490171769,0.7662925431645937,0.026551722281562346,0.016264438422091965,0.9233576642335767,2x
A,S3,Drawdown-from-ATH DCA,"x=0.4, n_weeks=4",2021-12-06 00:00:00+00:00,2.5740734441710993,1.956734231987824,0.6673056490171769,0.6895818371830502,0.026551722281562346,0.02018383120505611,0.9552919708029197,2x
A,S3,Drawdown-from-ATH DCA,"x=0.4, n_weeks=4",2022-01-03 00:00:00+00:00,2.575113209615645,2.044878928087627,0.6673056490171769,0.6673056490171778,0.026551722281562346,0.021084532204355213,0.9808394160583942,2x
A,S3,Drawdown-from-ATH DCA,"x=0.4, n_weeks=4",2022-02-07 00:00:00+00:00,2.528767417793768,2.2714342906391938,0.6673056490171774,0.6673056490171771,0.026190093121581447,0.023524929644694346,0.9872262773722628,2x
A,S3,Drawdown-from-ATH DCA,"x=0.4, n_weeks=4",2022-03-07 00:00:00+00:00,2.3639821174336895,2.3337026430223706,0.6298450554299009,0.667305649017177,0.0262863609052772,0.025949667498618906,1.0,2x
A,S3,Drawdown-from-ATH DCA,"x=0.4, n_weeks=4",2022-04-04 00:00:00+00:00,2.196996824681596,1.787734358860492,0.587733643386392,0.6612040100033247,0.026402057953641624,0.021483811727944387,0.9872262773722628,2x
A,S3,Drawdown-from-ATH DCA,"x=0.4, n_weeks=4",2022-05-02 00:00:00+00:00,2.8933284135341486,2.50078608141515,0.5301527242129663,0.6023862433862442,0.029985813164652642,0.025917591605331067,1.0,2x
A,S3,Drawdown-from-ATH DCA,"x=0.4, n_weeks=4",2022-06-06 00:00:00+00:00,4.23014214505032,3.3826059186499036,0.3543208280383513,0.4969802155349645,0.041672713555632096,0.03332331696806523,1.0,2x
A,S3,Drawdown-from-ATH DCA,"x=0.4, n_weeks=4",2022-07-04 00:00:00+00:00,5.2464455436699575,5.656334266406286,0.35432082803835063,0.35432082803835163,0.04787567711200366,0.0516160571422992,1.0,2x
A,S3,Drawdown-from-ATH DCA,"x=0.4, n_weeks=4",2022-08-01 00:00:00+00:00,5.0118690456828885,4.954318888258948,0.33302934082387436,0.3543208280383514,0.043293818304286524,0.0427966851916324,1.0,2x
A,S3,Drawdown-from-ATH DCA,"x=0.4, n_weeks=4",2022-09-05 00:00:00+00:00,5.533222621258761,5.519889744081472,0.28095276766937594,0.29534411455035614,0.04997000945859779,0.04984960150752425,1.0,2x
A,S3,Drawdown-from-ATH DCA,"x=0.4, n_weeks=12",2018-01-01 00:00:00+00:00,3.3912609058176124,2.102493220696822,0.6639997260748928,0.81184771458817,0.1172487998849941,0.0726911947323632,0.968065693430657,2x
A,S3,Drawdown-from-ATH DCA,"x=0.4, n_weeks=12",2018-02-05 00:00:00+00:00,4.3307790567600675,4.501974699689464,0.6639997260748932,0.7210838037342595,0.1172487998849941,0.12188364350456875,1.0,2x
A,S3,Drawdown-from-ATH DCA,"x=0.4, n_weeks=12",2018-03-05 00:00:00+00:00,5.813369937290285,4.188389546201929,0.6589508564245875,0.7195983935742976,0.12017528262113636,0.08658332479643398,0.9936131386861314,2x
A,S3,Drawdown-from-ATH DCA,"x=0.4, n_weeks=12",2018-04-02 00:00:00+00:00,7.483936586081579,8.59307249572363,0.6334142876781378,0.6743998377939981,0.1274502811300729,0.1463386939151619,1.0,2x
A,S3,Drawdown-from-ATH DCA,"x=0.4, n_weeks=12",2018-05-07 00:00:00+00:00,7.808751033725056,5.819767775203804,0.6334142876781378,0.6570507207688202,0.13846854884669801,0.10319893603687158,1.0,2x
A,S3,Drawdown-from-ATH DCA,"x=0.4, n_weeks=12",2018-06-04 00:00:00+00:00,5.7761569999537805,5.072336655757304,0.6334142876781376,0.6334142876781383,0.14717527216757803,0.1292420770146375,1.0,2x
A,S3,Drawdown-from-ATH DCA,"x=0.4, n_weeks=12",2018-07-02 00:00:00+00:00,4.943412314990956,5.251588625569691,0.6334142876781377,0.6334142876781382,0.1475438905714679,0.15674189570384595,1.0,2x
A,S3,Drawdown-from-ATH DCA,"x=0.4, n_weeks=12",2018-08-06 00:00:00+00:00,6.16504382173799,5.799979505899937,0.6334142876781386,0.6334142876781371,0.1508730463544777,0.1419390684236812,1.0,2x
A,S3,Drawdown-from-ATH DCA,"x=0.4, n_weeks=12",2018-09-03 00:00:00+00:00,7.574803715350613,6.724081630964662,0.6334142876781379,0.6334142876781372,0.1538136148039869,0.1365388914038534,1.0,2x
A,S3,Drawdown-from-ATH DCA,"x=0.4, n_weeks=12",2018-10-01 00:00:00+00:00,8.475989454536746,6.593597262640294,0.6334142876781368,0.6334142876781369,0.19340932168685146,0.15045596515707785,1.0,2x
A,S3,Drawdown-from-ATH DCA,"x=0.4, n_weeks=12",2018-11-05 00:00:00+00:00,14.795404850830234,9.437661033795763,0.6334142876781375,0.6334142876781371,0.24098709082106562,0.15372032733272234,1.0,2x
A,S3,Drawdown-from-ATH DCA,"x=0.4, n_weeks=12",2018-12-03 00:00:00+00:00,15.417109330774215,13.534579201529183,0.6334142876781377,0.6334142876781377,0.2729641735650709,0.23963345832424493,1.0,2x
A,S3,Drawdown-from-ATH DCA,"x=0.4, n_weeks=12",2019-01-07 00:00:00+00:00,11.536473371420225,10.771679347898798,0.6334142876781377,0.6334142876781377,0.267777502446369,0.25002557541363957,1.0,2x
A,S3,Drawdown-from-ATH DCA,"x=0.4, n_weeks=12",2019-02-04 00:00:00+00:00,9.122270502669204,10.75730262853124,0.6334142876781375,0.633414287678137,0.24448879323806194,0.28830979495474035,1.0,2x
A,S3,Drawdown-from-ATH DCA,"x=0.4, n_weeks=12",2019-03-04 00:00:00+00:00,8.711385352291435,11.117251647485217,0.6334142876781376,0.6334142876781378,0.2051958673456314,0.26186582294919714,1.0,2x
A,S3,Drawdown-from-ATH DCA,"x=0.4, n_weeks=12",2019-04-01 00:00:00+00:00,7.27329632992566,11.060277998248083,0.6334142876781379,0.633414287678137,0.1598163478876594,0.24302780419236777,1.0,2x
A,S3,Drawdown-from-ATH DCA,"x=0.4, n_weeks=12",2019-05-06 00:00:00+00:00,4.182333399023029,6.312563684767546,0.6149365959160076,0.6334142876781378,0.11441842889984119,0.17269632767918847,1.0,2x
A,S3,Drawdown-from-ATH DCA,"x=0.4, n_weeks=12",2019-06-03 00:00:00+00:00,3.123265919469918,3.4794264098662415,0.5833222001246834,0.633414287678138,0.10256148467586428,0.1142570461873639,1.0,2x
A,S3,Drawdown-from-ATH DCA,"x=0.4, n_weeks=12",2019-07-01 00:00:00+00:00,2.018829149951674,1.8317983680778513,0.7190587661047625,0.7190587661047632,0.10123397306274852,0.09185533439262004,1.0,2x
A,S3,Drawdown-from-ATH DCA,"x=0.4, n_weeks=12",2019-08-05 00:00:00+00:00,2.4106919122737045,2.0636129659967843,0.7190587661047632,0.7190587661047625,0.1065594325890623,0.09121755692648732,1.0,2x
A,S3,Drawdown-from-ATH DCA,"x=0.4, n_weeks=12",2019-09-02 00:00:00+00:00,2.2278054664970166,2.0641765272775703,0.719058766104763,0.7190587661047632,0.11066288617402895,0.10253486469821713,1.0,2x
A,S3,Drawdown-from-ATH DCA,"x=0.4, n_weeks=12",2019-10-07 00:00:00+00:00,2.4856402773332453,2.5334395142002823,0.7266029902927513,0.7266029902927508,0.12452689600766137,0.1269215669714635,1.0,2x
A,S3,Drawdown-from-ATH DCA,"x=0.4, n_weeks=12",2019-11-04 00:00:00+00:00,2.57291969242212,2.190770980599913,0.7266029902927517,0.7266029902927513,0.12732297162297168,0.10841203952726781,1.0,2x
A,S3,Drawdown-from-ATH DCA,"x=0.4, n_weeks=12",2019-12-02 00:00:00+00:00,2.0780613619053625,2.290002905696365,0.7662925431645933,0.7662925431645926,0.12240184209364363,0.13488560982627845,1.0,2x
A,S3,Drawdown-from-ATH DCA,"x=0.4, n_weeks=12",2020-01-06 00:00:00+00:00,2.0927677056312546,2.2808226579437125,0.7662925431645937,0.7662925431645943,0.12433379014376048,0.13550635598248043,1.0,2x
A,S3,Drawdown-from-ATH DCA,"x=0.4, n_weeks=12",2020-02-03 00:00:00+00:00,3.1427123569789353,2.5096084644709618,0.7662925431645932,0.7662925431645937,0.13379540996651765,0.1068421335518317,1.0,2x
A,S3,Drawdown-from-ATH DCA,"x=0.4, n_weeks=12",2020-03-02 00:00:00+00:00,3.2657852877151794,2.7617139067895002,0.7662925431645934,0.7662925431645935,0.13821107258230803,0.11687830264245543,1.0,2x
A,S3,Drawdown-from-ATH DCA,"x=0.4, n_weeks=12",2020-04-06 00:00:00+00:00,3.349325580170563,4.146849113420391,0.7662925431645939,0.7662925431645932,0.11889685449776421,0.14720793898974088,1.0,2x
A,S3,Drawdown-from-ATH DCA,"x=0.4, n_weeks=12",2020-05-04 00:00:00+00:00,3.1451536236687905,3.2537436706852922,0.7662925431645934,0.7662925431645932,0.10835582879956532,0.11209693844054097,1.0,2x
A,S3,Drawdown-from-ATH DCA,"x=0.4, n_weeks=12",2020-06-01 00:00:00+00:00,2.652401547689231,2.8713096699328617,0.7650489106425742,0.7662925431645928,0.09747767109534539,0.10552270257210443,1.0,2x
A,S3,Drawdown-from-ATH DCA,"x=0.4, n_weeks=12",2020-07-06 00:00:00+00:00,2.4034526961792335,3.353416445727075,0.7608102390015413,0.766292543164593,0.078789302283123,0.10993074356886914,1.0,2x
A,S3,Drawdown-from-ATH DCA,"x=0.4, n_weeks=12",2020-08-03 00:00:00+00:00,1.861207550237689,2.628281966730626,0.7554081467454283,0.7662925431645936,0.06377053767327871,0.09005280155562978,1.0,2x
A,S3,Drawdown-from-ATH DCA,"x=0.4, n_weeks=12",2020-09-07 00:00:00+00:00,1.5811776979825782,2.5042049089886587,0.7538793536700349,0.7662925431645935,0.06138124095670132,0.0972131121756315,1.0,2x
A,S3,Drawdown-from-ATH DCA,"x=0.4, n_weeks=12",2020-10-05 00:00:00+00:00,1.1056333924206982,2.5964577648937377,0.7314837410115255,0.7662925431645927,0.03980166698360276,0.09346981377708564,1.0,2x
A,S3,Drawdown-from-ATH DCA,"x=0.4, n_weeks=12",2020-11-02 00:00:00+00:00,1.0500864343526737,2.566249230990568,0.7045964344003357,0.7662925431645933,0.029645512175896727,0.07244905784409517,0.8146118721461187,2x
A,S3,Drawdown-from-ATH DCA,"x=0.4, n_weeks=12",2020-12-07 00:00:00+00:00,1.2973673592449941,2.2538587420387635,0.7045964344003357,0.7662925431645935,0.029645512175896727,0.05150183277213451,0.8465753424657534,2x
A,S3,Drawdown-from-ATH DCA,"x=0.4, n_weeks=12",2021-01-04 00:00:00+00:00,1.2701687876440957,1.2944523897768965,0.7045964344003357,0.7662925431645932,0.029645512175896727,0.030212287103532794,0.8721461187214612,2x
A,S3,Drawdown-from-ATH DCA,"x=0.4, n_weeks=12",2021-02-01 00:00:00+00:00,1.2623059084496826,1.282827060327837,0.7045964344003357,0.7662925431645935,0.029645512175896727,0.030127455620663157,0.897716894977169,2x
A,S3,Drawdown-from-ATH DCA,"x=0.4, n_weeks=12",2021-03-01 00:00:00+00:00,1.8122592119144993,1.3503758922417333,0.7045964344003357,0.7662925431645937,0.029645512175896727,0.022089878033064954,0.9233576642335767,2x
A,S3,Drawdown-from-ATH DCA,"x=0.4, n_weeks=12",2021-04-05 00:00:00+00:00,2.0303556123452577,1.1732035546423905,0.7045964344003357,0.7662925431645937,0.029645512175896727,0.017130112603171904,0.9552919708029197,2x
A,S3,Drawdown-from-ATH DCA,"x=0.4, n_weeks=12",2021-05-03 00:00:00+00:00,1.750882032870888,1.0407512134121604,0.7045964344003357,0.7662925431645937,0.029645512175896727,0.017621748461659308,0.9808394160583942,2x
A,S3,Drawdown-from-ATH DCA,"x=0.4, n_weeks=12",2021-06-07 00:00:00+00:00,2.119758337352075,1.9719115560688918,0.6872430029677845,0.7662925431645939,0.02994048702556327,0.027852227926033087,1.0,2x
A,S3,Drawdown-from-ATH DCA,"x=0.4, n_weeks=12",2021-07-05 00:00:00+00:00,1.747005159529416,1.611852440638958,0.6351449284009338,0.7662925431645932,0.030622346245503126,0.028253324419030917,1.0,2x
A,S3,Drawdown-from-ATH DCA,"x=0.4, n_weeks=12",2021-08-02 00:00:00+00:00,2.0468885080052917,1.6350808774909573,0.5560779489436953,0.7662925431645933,0.031320009205329555,0.025018826347498708,0.8403284671532847,2x
A,S3,Drawdown-from-ATH DCA,"x=0.4, n_weeks=12",2021-09-06 00:00:00+00:00,1.7595581171554147,1.082210759594436,0.5560779489436953,0.7662925431645936,0.031320009205329555,0.019263274467683087,0.8722627737226277,2x
A,S3,Drawdown-from-ATH DCA,"x=0.4, n_weeks=12",2021-10-04 00:00:00+00:00,1.9027754364487168,1.2566569224686648,0.5560779489436953,0.7662925431645935,0.031320009205329555,0.020684787929109084,0.8978102189781022,2x
A,S3,Drawdown-from-ATH DCA,"x=0.4, n_weeks=12",2021-11-01 00:00:00+00:00,2.201546400261117,1.1432600682100724,0.5560779489436953,0.7662925431645937,0.031320009205329555,0.016264438422091965,0.9233576642335767,2x
A,S3,Drawdown-from-ATH DCA,"x=0.4, n_weeks=12",2021-12-06 00:00:00+00:00,3.0363380240164735,1.956734231987824,0.5560779489436953,0.6895818371830502,0.031320009205329555,0.02018383120505611,0.9552919708029197,2x
A,S3,Drawdown-from-ATH DCA,"x=0.4, n_weeks=12",2022-01-03 00:00:00+00:00,3.037564515576954,2.044878928087627,0.5560779489436953,0.6673056490171778,0.031320009205329555,0.021084532204355213,0.9808394160583942,2x
A,S3,Drawdown-from-ATH DCA,"x=0.4, n_weeks=12",2022-02-07 00:00:00+00:00,3.1091795260255792,2.2714342906391938,0.5298011206213195,0.6673056490171771,0.03220134075808681,0.023524929644694346,0.9872262773722628,2x
A,S3,Drawdown-from-ATH DCA,"x=0.4, n_weeks=12",2022-03-07 00:00:00+00:00,3.0307869317955265,2.3337026430223706,0.48872635618102545,0.667305649017177,0.03370091445643505,0.025949667498618906,1.0,2x
A,S3,Drawdown-from-ATH DCA,"x=0.4, n_weeks=12",2022-04-04 00:00:00+00:00,2.929680311917751,1.787734358860492,0.44635481172418956,0.6612040100033247,0.035206964576339504,0.021483811727944387,0.9872262773722628,2x
A,S3,Drawdown-from-ATH DCA,"x=0.4, n_weeks=12",2022-05-02 00:00:00+00:00,3.7615804001652466,2.50078608141515,0.3862456089376691,0.6023862433862442,0.03898418394384705,0.025917591605331067,1.0,2x
A,S3,Drawdown-from-ATH DCA,"x=0.4, n_weeks=12",2022-06-06 00:00:00+00:00,4.494879093674663,3.3826059186499036,0.3475327348154429,0.4969802155349645,0.0442807363239741,0.03332331696806523,1.0,2x
A,S3,Drawdown-from-ATH DCA,"x=0.4, n_weeks=12",2022-07-04 00:00:00+00:00,5.137102941636322,5.656334266406286,0.3052557617145958,0.35432082803835163,0.04687788707187551,0.0516160571422992,1.0,2x
A,S3,Drawdown-from-ATH DCA,"x=0.4, n_weeks=12",2022-08-01 00:00:00+00:00,5.5894534186911615,4.954318888258948,0.2809527676693754,0.3543208280383514,0.048283141184132086,0.0427966851916324,1.0,2x
A,S3,Drawdown-from-ATH DCA,"x=0.4, n_weeks=12",2022-09-05 00:00:00+00:00,5.762608956601723,5.519889744081472,0.2809527676693746,0.29534411455035614,0.05204157572862674,0.04984960150752425,1.0,2x
A,S3,Drawdown-from-ATH DCA,"x=0.5, n_weeks=4",2018-01-01 00:00:00+00:00,3.5482843929394416,2.102493220696822,0.6743998377939986,0.81184771458817,0.12267769961583114,0.0726911947323632,0.968065693430657,2x
A,S3,Drawdown-from-ATH DCA,"x=0.5, n_weeks=4",2018-02-05 00:00:00+00:00,4.531304480292086,4.501974699689464,0.6743998377939985,0.7210838037342595,0.12267769961583114,0.12188364350456875,1.0,2x
A,S3,Drawdown-from-ATH DCA,"x=0.5, n_weeks=4",2018-03-05 00:00:00+00:00,5.930363907679988,4.188389546201929,0.6743998377939983,0.7195983935742976,0.12259380812496914,0.08658332479643398,0.9936131386861314,2x
A,S3,Drawdown-from-ATH DCA,"x=0.5, n_weeks=4",2018-04-02 00:00:00+00:00,7.653537275638618,8.59307249572363,0.674399837793998,0.6743998377939981,0.13033855460958088,0.1463386939151619,1.0,2x
A,S3,Drawdown-from-ATH DCA,"x=0.5, n_weeks=4",2018-05-07 00:00:00+00:00,7.0052669853220095,5.819767775203804,0.6334142876781377,0.6570507207688202,0.12422078121736353,0.10319893603687158,0.9936131386861314,2x
A,S3,Drawdown-from-ATH DCA,"x=0.5, n_weeks=4",2018-06-04 00:00:00+00:00,5.82588908405056,5.072336655757304,0.6334142876781377,0.6334142876781383,0.1484424352679687,0.1292420770146375,1.0,2x
A,S3,Drawdown-from-ATH DCA,"x=0.5, n_weeks=4",2018-07-02 00:00:00+00:00,5.000682710103064,5.251588625569691,0.633414287678138,0.6334142876781382,0.14925321529920332,0.15674189570384595,1.0,2x
A,S3,Drawdown-from-ATH DCA,"x=0.5, n_weeks=4",2018-08-06 00:00:00+00:00,6.156994023445378,5.799979505899937,0.6334142876781383,0.6334142876781371,0.15067604895655765,0.1419390684236812,1.0,2x
A,S3,Drawdown-from-ATH DCA,"x=0.5, n_weeks=4",2018-09-03 00:00:00+00:00,7.362890574691772,6.724081630964662,0.6334142876781382,0.6334142876781372,0.14951051634571966,0.1365388914038534,1.0,2x
A,S3,Drawdown-from-ATH DCA,"x=0.5, n_weeks=4",2018-10-01 00:00:00+00:00,6.6802203557662665,6.593597262640294,0.6334142876781382,0.6334142876781369,0.1524325737611558,0.15045596515707785,1.0,2x
A,S3,Drawdown-from-ATH DCA,"x=0.5, n_weeks=4",2018-11-05 00:00:00+00:00,11.177152196609752,9.437661033795763,0.6334142876781366,0.6334142876781371,0.18205310491210527,0.15372032733272234,1.0,2x
A,S3,Drawdown-from-ATH DCA,"x=0.5, n_weeks=4",2018-12-03 00:00:00+00:00,15.292836050110118,13.534579201529183,0.6334142876781382,0.6334142876781377,0.2707638808496925,0.23963345832424493,1.0,2x
A,S3,Drawdown-from-ATH DCA,"x=0.5, n_weeks=4",2019-01-07 00:00:00+00:00,11.839721171321996,10.771679347898798,0.6334142876781379,0.6334142876781377,0.27481630328833334,0.25002557541363957,1.0,2x
A,S3,Drawdown-from-ATH DCA,"x=0.5, n_weeks=4",2019-02-04 00:00:00+00:00,10.236628904753314,10.75730262853124,0.6334142876781375,0.633414287678137,0.27435505744065486,0.28830979495474035,1.0,2x
A,S3,Drawdown-from-ATH DCA,"x=0.5, n_weeks=4",2019-03-04 00:00:00+00:00,10.790157318185981,11.117251647485217,0.6334142876781379,0.6334142876781378,0.2541611466101188,0.26186582294919714,1.0,2x
A,S3,Drawdown-from-ATH DCA,"x=0.5, n_weeks=4",2019-04-01 00:00:00+00:00,9.327352177501615,11.060277998248083,0.6334142876781379,0.633414287678137,0.20495017566341223,0.24302780419236777,1.0,2x
A,S3,Drawdown-from-ATH DCA,"x=0.5, n_weeks=4",2019-05-06 00:00:00+00:00,5.061676056227987,6.312563684767546,0.6334142876781373,0.6334142876781378,0.13847509672204436,0.17269632767918847,1.0,2x
A,S3,Drawdown-from-ATH DCA,"x=0.5, n_weeks=4",2019-06-03 00:00:00+00:00,3.61483127077265,3.4794264098662415,0.5977353512101831,0.633414287678138,0.11870345706782044,0.1142570461873639,1.0,2x
A,S3,Drawdown-from-ATH DCA,"x=0.5, n_weeks=4",2019-07-01 00:00:00+00:00,2.3628671618542585,1.8317983680778513,0.719058766104763,0.7190587661047632,0.11848572258813135,0.09185533439262004,0.9744525547445255,2x
A,S3,Drawdown-from-ATH DCA,"x=0.5, n_weeks=4",2019-08-05 00:00:00+00:00,2.786032717669752,2.0636129659967843,0.7190587661047629,0.7190587661047625,0.12315056273177769,0.09121755692648732,0.948905109489051,2x
A,S3,Drawdown-from-ATH DCA,"x=0.5, n_weeks=4",2019-09-02 00:00:00+00:00,2.479200627612273,2.0641765272775703,0.7190587661047629,0.7190587661047632,0.12315056273177769,0.10253486469821713,0.9744525547445255,2x
A,S3,Drawdown-from-ATH DCA,"x=0.5, n_weeks=4",2019-10-07 00:00:00+00:00,2.3617486858683936,2.5334395142002823,0.7266029902927509,0.7266029902927508,0.11832011079129076,0.1269215669714635,1.0,2x
A,S3,Drawdown-from-ATH DCA,"x=0.5, n_weeks=4",2019-11-04 00:00:00+00:00,2.4271752490379344,2.190770980599913,0.7266029902927521,0.7266029902927513,0.12011069224874005,0.10841203952726781,1.0,2x
A,S3,Drawdown-from-ATH DCA,"x=0.5, n_weeks=4",2019-12-02 00:00:00+00:00,2.29448960281304,2.290002905696365,0.7662925431645932,0.7662925431645926,0.1351498849829532,0.13488560982627845,1.0,2x
A,S3,Drawdown-from-ATH DCA,"x=0.5, n_weeks=4",2020-01-06 00:00:00+00:00,2.0519248838469903,2.2808226579437125,0.7662925431645942,0.7662925431645943,0.12190727007708543,0.13550635598248043,1.0,2x
A,S3,Drawdown-from-ATH DCA,"x=0.5, n_weeks=4",2020-02-03 00:00:00+00:00,3.2627982910620945,2.5096084644709618,0.7662925431645933,0.7662925431645937,0.13890785582755522,0.1068421335518317,1.0,2x
A,S3,Drawdown-from-ATH DCA,"x=0.5, n_weeks=4",2020-03-02 00:00:00+00:00,3.534809554674095,2.7617139067895002,0.7662925431645938,0.7662925431645935,0.14959642991946306,0.11687830264245543,1.0,2x
A,S3,Drawdown-from-ATH DCA,"x=0.5, n_weeks=4",2020-04-06 00:00:00+00:00,3.952403701901454,4.146849113420391,0.7662925431645935,0.7662925431645932,0.1403053709211127,0.14720793898974088,1.0,2x
A,S3,Drawdown-from-ATH DCA,"x=0.5, n_weeks=4",2020-05-04 00:00:00+00:00,3.2266870153309255,3.2537436706852922,0.7662925431645933,0.7662925431645932,0.11116479118598277,0.11209693844054097,1.0,2x
A,S3,Drawdown-from-ATH DCA,"x=0.5, n_weeks=4",2020-06-01 00:00:00+00:00,2.9284266922012723,2.8713096699328617,0.7662925431645935,0.7662925431645928,0.10762179436138353,0.10552270257210443,1.0,2x
A,S3,Drawdown-from-ATH DCA,"x=0.5, n_weeks=4",2020-07-06 00:00:00+00:00,2.7296869155237036,3.353416445727075,0.7570458258794142,0.766292543164593,0.08948381961807675,0.10993074356886914,1.0,2x
A,S3,Drawdown-from-ATH DCA,"x=0.5, n_weeks=4",2020-08-03 00:00:00+00:00,0.9506786404015949,2.628281966730626,0.5982863448043205,0.7662925431645936,0.03257309376655442,0.09005280155562978,0.680365296803653,2x
A,S3,Drawdown-from-ATH DCA,"x=0.5, n_weeks=4",2020-09-07 00:00:00+00:00,0.8390812667717537,2.5042049089886587,0.5982863448043205,0.7662925431645935,0.03257309376655442,0.0972131121756315,0.7123287671232876,2x
A,S3,Drawdown-from-ATH DCA,"x=0.5, n_weeks=4",2020-10-05 00:00:00+00:00,0.9048339653107956,2.5964577648937377,0.5982863448043205,0.7662925431645927,0.03257309376655442,0.09346981377708564,0.7378995433789954,2x
A,S3,Drawdown-from-ATH DCA,"x=0.5, n_weeks=4",2020-11-02 00:00:00+00:00,1.153785560735444,2.566249230990568,0.5982863448043205,0.7662925431645933,0.03257309376655442,0.07244905784409517,0.7634703196347032,2x
A,S3,Drawdown-from-ATH DCA,"x=0.5, n_weeks=4",2020-12-07 00:00:00+00:00,1.4254862048466537,2.2538587420387635,0.5982863448043205,0.7662925431645935,0.03257309376655442,0.05150183277213451,0.7954337899543379,2x
A,S3,Drawdown-from-ATH DCA,"x=0.5, n_weeks=4",2021-01-04 00:00:00+00:00,1.3956016942395908,1.2944523897768965,0.5982863448043205,0.7662925431645932,0.03257309376655442,0.030212287103532794,0.8210045662100457,2x
A,S3,Drawdown-from-ATH DCA,"x=0.5, n_weeks=4",2021-02-01 00:00:00+00:00,1.3869623325798874,1.282827060327837,0.5982863448043205,0.7662925431645935,0.03257309376655442,0.030127455620663157,0.8465753424657534,2x
A,S3,Drawdown-from-ATH DCA,"x=0.5, n_weeks=4",2021-03-01 00:00:00+00:00,1.9912251435813633,1.3503758922417333,0.5982863448043205,0.7662925431645937,0.03257309376655442,0.022089878033064954,0.8722627737226277,2x
A,S3,Drawdown-from-ATH DCA,"x=0.5, n_weeks=4",2021-04-05 00:00:00+00:00,2.230859205534088,1.1732035546423905,0.5982863448043205,0.7662925431645937,0.03257309376655442,0.017130112603171904,0.9041970802919708,2x
A,S3,Drawdown-from-ATH DCA,"x=0.5, n_weeks=4",2021-05-03 00:00:00+00:00,1.9237867874399017,1.0407512134121604,0.5982863448043205,0.7662925431645937,0.03257309376655442,0.017621748461659308,0.9297445255474452,2x
A,S3,Drawdown-from-ATH DCA,"x=0.5, n_weeks=4",2021-06-07 00:00:00+00:00,2.3061444199639127,1.9719115560688918,0.5982863448043205,0.7662925431645939,0.03257309376655442,0.027852227926033087,0.9616788321167883,2x
A,S3,Drawdown-from-ATH DCA,"x=0.5, n_weeks=4",2021-07-05 00:00:00+00:00,1.8582953251128673,1.611852440638958,0.5982863448043205,0.7662925431645932,0.03257309376655442,0.028253324419030917,0.9872262773722628,2x
A,S3,Drawdown-from-ATH DCA,"x=0.5, n_weeks=4",2021-08-02 00:00:00+00:00,2.1549139956712233,1.6350808774909573,0.4969802155349644,0.7662925431645933,0.03297293717618631,0.025018826347498708,0.7381386861313869,2x
A,S3,Drawdown-from-ATH DCA,"x=0.5, n_weeks=4",2021-09-06 00:00:00+00:00,1.8524196105581467,1.082210759594436,0.4969802155349644,0.7662925431645936,0.03297293717618631,0.019263274467683087,0.7700729927007299,2x
A,S3,Drawdown-from-ATH DCA,"x=0.5, n_weeks=4",2021-10-04 00:00:00+00:00,2.0031952901130654,1.2566569224686648,0.4969802155349644,0.7662925431645935,0.03297293717618631,0.020684787929109084,0.7956204379562044,2x
A,S3,Drawdown-from-ATH DCA,"x=0.5, n_weeks=4",2021-11-01 00:00:00+00:00,2.3177340297178595,1.1432600682100724,0.4969802155349644,0.7662925431645937,0.03297293717618631,0.016264438422091965,0.8211678832116789,2x
A,S3,Drawdown-from-ATH DCA,"x=0.5, n_weeks=4",2021-12-06 00:00:00+00:00,3.196582167495803,1.956734231987824,0.4969802155349644,0.6895818371830502,0.03297293717618631,0.02018383120505611,0.8531021897810219,2x
A,S3,Drawdown-from-ATH DCA,"x=0.5, n_weeks=4",2022-01-03 00:00:00+00:00,3.197873387715622,2.044878928087627,0.4969802155349644,0.6673056490171778,0.03297293717618631,0.021084532204355213,0.8786496350364964,2x
A,S3,Drawdown-from-ATH DCA,"x=0.5, n_weeks=4",2022-02-07 00:00:00+00:00,3.1836805166375046,2.2714342906391938,0.4969802155349644,0.6673056490171771,0.03297293717618631,0.023524929644694346,0.9105839416058394,2x
A,S3,Drawdown-from-ATH DCA,"x=0.5, n_weeks=4",2022-03-07 00:00:00+00:00,2.9653185591056976,2.3337026430223706,0.4969802155349644,0.667305649017177,0.03297293717618631,0.025949667498618906,0.9361313868613139,2x
A,S3,Drawdown-from-ATH DCA,"x=0.5, n_weeks=4",2022-04-04 00:00:00+00:00,2.743779988806337,1.787734358860492,0.4969802155349644,0.6612040100033247,0.03297293717618631,0.021483811727944387,0.9616788321167883,2x
A,S3,Drawdown-from-ATH DCA,"x=0.5, n_weeks=4",2022-05-02 00:00:00+00:00,3.181555740565871,2.50078608141515,0.4969802155349644,0.6023862433862442,0.03297293717618631,0.025917591605331067,0.9872262773722628,2x
A,S3,Drawdown-from-ATH DCA,"x=0.5, n_weeks=4",2022-06-06 00:00:00+00:00,4.23014214505032,3.3826059186499036,0.3543208280383513,0.4969802155349645,0.041672713555632096,0.03332331696806523,1.0,2x
A,S3,Drawdown-from-ATH DCA,"x=0.5, n_weeks=4",2022-07-04 00:00:00+00:00,5.2464455436699575,5.656334266406286,0.35432082803835063,0.35432082803835163,0.04787567711200366,0.0516160571422992,1.0,2x
A,S3,Drawdown-from-ATH DCA,"x=0.5, n_weeks=4",2022-08-01 00:00:00+00:00,5.0118690456828885,4.954318888258948,0.33302934082387436,0.3543208280383514,0.043293818304286524,0.0427966851916324,1.0,2x
A,S3,Drawdown-from-ATH DCA,"x=0.5, n_weeks=4",2022-09-05 00:00:00+00:00,5.533222621258761,5.519889744081472,0.28095276766937594,0.29534411455035614,0.04997000945859779,0.04984960150752425,1.0,2x
A,S3,Drawdown-from-ATH DCA,"x=0.5, n_weeks=12",2018-01-01 00:00:00+00:00,3.6673561390727953,2.102493220696822,0.644315141801096,0.81184771458817,0.12679446318020235,0.0726911947323632,0.968065693430657,2x
A,S3,Drawdown-from-ATH DCA,"x=0.5, n_weeks=12",2018-02-05 00:00:00+00:00,4.683363976369653,4.501974699689464,0.644315141801096,0.7210838037342595,0.12679446318020235,0.12188364350456875,1.0,2x
A,S3,Drawdown-from-ATH DCA,"x=0.5, n_weeks=12",2018-03-05 00:00:00+00:00,6.1725840767092786,4.188389546201929,0.6378770772000482,0.7195983935742976,0.12760103759490418,0.08658332479643398,0.9936131386861314,2x
A,S3,Drawdown-from-ATH DCA,"x=0.5, n_weeks=12",2018-04-02 00:00:00+00:00,7.864319383740962,8.59307249572363,0.6334142876781379,0.6743998377939981,0.1339281412697344,0.1463386939151619,1.0,2x
A,S3,Drawdown-from-ATH DCA,"x=0.5, n_weeks=12",2018-05-07 00:00:00+00:00,7.894396794945473,5.819767775203804,0.6334142876781386,0.6570507207688202,0.13998726089422564,0.10319893603687158,0.9936131386861314,2x
A,S3,Drawdown-from-ATH DCA,"x=0.5, n_weeks=12",2018-06-04 00:00:00+00:00,5.7761569999537805,5.072336655757304,0.6334142876781376,0.6334142876781383,0.14717527216757803,0.1292420770146375,1.0,2x
A,S3,Drawdown-from-ATH DCA,"x=0.5, n_weeks=12",2018-07-02 00:00:00+00:00,4.943412314990956,5.251588625569691,0.6334142876781377,0.6334142876781382,0.1475438905714679,0.15674189570384595,1.0,2x
A,S3,Drawdown-from-ATH DCA,"x=0.5, n_weeks=12",2018-08-06 00:00:00+00:00,6.16504382173799,5.799979505899937,0.6334142876781386,0.6334142876781371,0.1508730463544777,0.1419390684236812,1.0,2x
A,S3,Drawdown-from-ATH DCA,"x=0.5, n_weeks=12",2018-09-03 00:00:00+00:00,7.574803715350613,6.724081630964662,0.6334142876781379,0.6334142876781372,0.1538136148039869,0.1365388914038534,1.0,2x
A,S3,Drawdown-from-ATH DCA,"x=0.5, n_weeks=12",2018-10-01 00:00:00+00:00,8.475989454536746,6.593597262640294,0.6334142876781368,0.6334142876781369,0.19340932168685146,0.15045596515707785,1.0,2x
A,S3,Drawdown-from-ATH DCA,"x=0.5, n_weeks=12",2018-11-05 00:00:00+00:00,14.795404850830234,9.437661033795763,0.6334142876781375,0.6334142876781371,0.24098709082106562,0.15372032733272234,1.0,2x
A,S3,Drawdown-from-ATH DCA,"x=0.5, n_weeks=12",2018-12-03 00:00:00+00:00,15.417109330774215,13.534579201529183,0.6334142876781377,0.6334142876781377,0.2729641735650709,0.23963345832424493,1.0,2x
A,S3,Drawdown-from-ATH DCA,"x=0.5, n_weeks=12",2019-01-07 00:00:00+00:00,11.536473371420225,10.771679347898798,0.6334142876781377,0.6334142876781377,0.267777502446369,0.25002557541363957,1.0,2x
A,S3,Drawdown-from-ATH DCA,"x=0.5, n_weeks=12",2019-02-04 00:00:00+00:00,9.122270502669204,10.75730262853124,0.6334142876781375,0.633414287678137,0.24448879323806194,0.28830979495474035,1.0,2x
A,S3,Drawdown-from-ATH DCA,"x=0.5, n_weeks=12",2019-03-04 00:00:00+00:00,8.711385352291435,11.117251647485217,0.6334142876781376,0.6334142876781378,0.2051958673456314,0.26186582294919714,1.0,2x
A,S3,Drawdown-from-ATH DCA,"x=0.5, n_weeks=12",2019-04-01 00:00:00+00:00,7.27329632992566,11.060277998248083,0.6334142876781379,0.633414287678137,0.1598163478876594,0.24302780419236777,1.0,2x
A,S3,Drawdown-from-ATH DCA,"x=0.5, n_weeks=12",2019-05-06 00:00:00+00:00,4.633367695805624,6.312563684767546,0.5684425891978283,0.6334142876781378,0.12675762587296252,0.17269632767918847,1.0,2x
A,S3,Drawdown-from-ATH DCA,"x=0.5, n_weeks=12",2019-06-03 00:00:00+00:00,3.6946172699176394,3.4794264098662415,0.5760170589535882,0.633414287678138,0.12132346149256253,0.1142570461873639,1.0,2x
A,S3,Drawdown-from-ATH DCA,"x=0.5, n_weeks=12",2019-07-01 00:00:00+00:00,2.436391716855952,1.8317983680778513,0.7190587661047632,0.7190587661047632,0.12217260358084443,0.09185533439262004,0.9744525547445255,2x
A,S3,Drawdown-from-ATH DCA,"x=0.5, n_weeks=12",2019-08-05 00:00:00+00:00,2.8002725483373045,2.0636129659967843,0.7190587661047627,0.7190587661047625,0.12378000371026737,0.09121755692648732,0.948905109489051,2x
A,S3,Drawdown-from-ATH DCA,"x=0.5, n_weeks=12",2019-09-02 00:00:00+00:00,2.491872193493099,2.0641765272775703,0.7190587661047627,0.7190587661047632,0.12378000371026737,0.10253486469821713,0.9744525547445255,2x
A,S3,Drawdown-from-ATH DCA,"x=0.5, n_weeks=12",2019-10-07 00:00:00+00:00,2.4856402773332453,2.5334395142002823,0.7266029902927513,0.7266029902927508,0.12452689600766137,0.1269215669714635,1.0,2x
A,S3,Drawdown-from-ATH DCA,"x=0.5, n_weeks=12",2019-11-04 00:00:00+00:00,2.57291969242212,2.190770980599913,0.7266029902927517,0.7266029902927513,0.12732297162297168,0.10841203952726781,1.0,2x
A,S3,Drawdown-from-ATH DCA,"x=0.5, n_weeks=12",2019-12-02 00:00:00+00:00,2.1825318373172524,2.290002905696365,0.7660336015765049,0.7662925431645926,0.12855535558907255,0.13488560982627845,1.0,2x
A,S3,Drawdown-from-ATH DCA,"x=0.5, n_weeks=12",2020-01-06 00:00:00+00:00,2.172364444175378,2.2808226579437125,0.7653873168120792,0.7662925431645943,0.12906272597340035,0.13550635598248043,1.0,2x
A,S3,Drawdown-from-ATH DCA,"x=0.5, n_weeks=12",2020-02-03 00:00:00+00:00,3.1444396256060108,2.5096084644709618,0.7649183745543773,0.7662925431645937,0.13386894536773522,0.1068421335518317,1.0,2x
A,S3,Drawdown-from-ATH DCA,"x=0.5, n_weeks=12",2020-03-02 00:00:00+00:00,3.2212412690798233,2.7617139067895002,0.7648198511253881,0.7662925431645935,0.13632592826009018,0.11687830264245543,1.0,2x
A,S3,Drawdown-from-ATH DCA,"x=0.5, n_weeks=12",2020-04-06 00:00:00+00:00,2.9808473252005103,4.146849113420391,0.7544045491198471,0.7662925431645932,0.10581633890795603,0.14720793898974088,1.0,2x
A,S3,Drawdown-from-ATH DCA,"x=0.5, n_weeks=12",2020-05-04 00:00:00+00:00,2.491476834611385,3.2537436706852922,0.7404824741855979,0.7662925431645932,0.08583556469789269,0.11209693844054097,1.0,2x
A,S3,Drawdown-from-ATH DCA,"x=0.5, n_weeks=12",2020-06-01 00:00:00+00:00,2.096203517021251,2.8713096699328617,0.7262503422291036,0.7662925431645928,0.07703699206446266,0.10552270257210443,1.0,2x
A,S3,Drawdown-from-ATH DCA,"x=0.5, n_weeks=12",2020-07-06 00:00:00+00:00,1.7599723427196157,3.353416445727075,0.656514909602737,0.766292543164593,0.057694912465267464,0.10993074356886914,1.0,2x
A,S3,Drawdown-from-ATH DCA,"x=0.5, n_weeks=12",2020-08-03 00:00:00+00:00,1.190065281053457,2.628281966730626,0.4113803348516061,0.7662925431645936,0.04077519609749525,0.09005280155562978,0.680365296803653,2x
A,S3,Drawdown-from-ATH DCA,"x=0.5, n_weeks=12",2020-09-07 00:00:00+00:00,1.0503670127116727,2.5042049089886587,0.4113803348516061,0.7662925431645935,0.04077519609749525,0.0972131121756315,0.7123287671232876,2x
A,S3,Drawdown-from-ATH DCA,"x=0.5, n_weeks=12",2020-10-05 00:00:00+00:00,1.1326766390579985,2.5964577648937377,0.4113803348516061,0.7662925431645927,0.04077519609749525,0.09346981377708564,0.7378995433789954,2x
A,S3,Drawdown-from-ATH DCA,"x=0.5, n_weeks=12",2020-11-02 00:00:00+00:00,1.444315754303701,2.566249230990568,0.4113803348516061,0.7662925431645933,0.04077519609749525,0.07244905784409517,0.7634703196347032,2x
A,S3,Drawdown-from-ATH DCA,"x=0.5, n_weeks=12",2020-12-07 00:00:00+00:00,1.784432266503894,2.2538587420387635,0.4113803348516061,0.7662925431645935,0.04077519609749525,0.05150183277213451,0.7954337899543379,2x
A,S3,Drawdown-from-ATH DCA,"x=0.5, n_weeks=12",2021-01-04 00:00:00+00:00,1.7470226550922863,1.2944523897768965,0.4113803348516061,0.7662925431645932,0.04077519609749525,0.030212287103532794,0.8210045662100457,2x
A,S3,Drawdown-from-ATH DCA,"x=0.5, n_weeks=12",2021-02-01 00:00:00+00:00,1.7362078498313473,1.282827060327837,0.4113803348516061,0.7662925431645935,0.04077519609749525,0.030127455620663157,0.8465753424657534,2x
A,S3,Drawdown-from-ATH DCA,"x=0.5, n_weeks=12",2021-03-01 00:00:00+00:00,2.49262769713206,1.3503758922417333,0.4113803348516061,0.7662925431645937,0.04077519609749525,0.022089878033064954,0.8722627737226277,2x
A,S3,Drawdown-from-ATH DCA,"x=0.5, n_weeks=12",2021-04-05 00:00:00+00:00,2.7926030675340736,1.1732035546423905,0.4113803348516061,0.7662925431645937,0.04077519609749525,0.017130112603171904,0.9041970802919708,2x
A,S3,Drawdown-from-ATH DCA,"x=0.5, n_weeks=12",2021-05-03 00:00:00+00:00,2.4082079543876884,1.0407512134121604,0.4113803348516061,0.7662925431645937,0.04077519609749525,0.017621748461659308,0.9297445255474452,2x
A,S3,Drawdown-from-ATH DCA,"x=0.5, n_weeks=12",2021-06-07 00:00:00+00:00,2.8868455550183314,1.9719115560688918,0.4113803348516061,0.7662925431645939,0.04077519609749525,0.027852227926033087,0.9616788321167883,2x
A,S3,Drawdown-from-ATH DCA,"x=0.5, n_weeks=12",2021-07-05 00:00:00+00:00,2.3262253451140644,1.611852440638958,0.4113803348516061,0.7662925431645932,0.04077519609749525,0.028253324419030917,0.9872262773722628,2x
A,S3,Drawdown-from-ATH DCA,"x=0.5, n_weeks=12",2021-08-02 00:00:00+00:00,2.720680661473099,1.6350808774909573,0.3543208280383515,0.7662925431645933,0.041629889966571285,0.025018826347498708,0.7381386861313869,2x
A,S3,Drawdown-from-ATH DCA,"x=0.5, n_weeks=12",2021-09-06 00:00:00+00:00,2.338767218321975,1.082210759594436,0.3543208280383515,0.7662925431645936,0.041629889966571285,0.019263274467683087,0.7700729927007299,2x
A,S3,Drawdown-from-ATH DCA,"x=0.5, n_weeks=12",2021-10-04 00:00:00+00:00,2.529128632471015,1.2566569224686648,0.3543208280383515,0.7662925431645935,0.041629889966571285,0.020684787929109084,0.7956204379562044,2x
A,S3,Drawdown-from-ATH DCA,"x=0.5, n_weeks=12",2021-11-01 00:00:00+00:00,2.9262486418291282,1.1432600682100724,0.3543208280383515,0.7662925431645937,0.041629889966571285,0.016264438422091965,0.8211678832116789,2x
A,S3,Drawdown-from-ATH DCA,"x=0.5, n_weeks=12",2021-12-06 00:00:00+00:00,4.035835909639933,1.956734231987824,0.3543208280383515,0.6895818371830502,0.041629889966571285,0.02018383120505611,0.8531021897810219,2x
A,S3,Drawdown-from-ATH DCA,"x=0.5, n_weeks=12",2022-01-03 00:00:00+00:00,4.037466136131023,2.044878928087627,0.3543208280383515,0.6673056490171778,0.041629889966571285,0.021084532204355213,0.8786496350364964,2x
A,S3,Drawdown-from-ATH DCA,"x=0.5, n_weeks=12",2022-02-07 00:00:00+00:00,4.019546966293813,2.2714342906391938,0.3543208280383515,0.6673056490171771,0.041629889966571285,0.023524929644694346,0.9105839416058394,2x
A,S3,Drawdown-from-ATH DCA,"x=0.5, n_weeks=12",2022-03-07 00:00:00+00:00,3.743854685185793,2.3337026430223706,0.3543208280383515,0.667305649017177,0.041629889966571285,0.025949667498618906,0.9361313868613139,2x
A,S3,Drawdown-from-ATH DCA,"x=0.5, n_weeks=12",2022-04-04 00:00:00+00:00,3.4641517804783937,1.787734358860492,0.3543208280383515,0.6612040100033247,0.041629889966571285,0.021483811727944387,0.9616788321167883,2x
A,S3,Drawdown-from-ATH DCA,"x=0.5, n_weeks=12",2022-05-02 00:00:00+00:00,4.016864336184367,2.50078608141515,0.3543208280383515,0.6023862433862442,0.041629889966571285,0.025917591605331067,0.9872262773722628,2x
A,S3,Drawdown-from-ATH DCA,"x=0.5, n_weeks=12",2022-06-06 00:00:00+00:00,4.494879093674663,3.3826059186499036,0.3475327348154429,0.4969802155349645,0.0442807363239741,0.03332331696806523,1.0,2x
A,S3,Drawdown-from-ATH DCA,"x=0.5, n_weeks=12",2022-07-04 00:00:00+00:00,5.137102941636322,5.656334266406286,0.3052557617145958,0.35432082803835163,0.04687788707187551,0.0516160571422992,1.0,2x
A,S3,Drawdown-from-ATH DCA,"x=0.5, n_weeks=12",2022-08-01 00:00:00+00:00,5.5894534186911615,4.954318888258948,0.2809527676693754,0.3543208280383514,0.048283141184132086,0.0427966851916324,1.0,2x
A,S3,Drawdown-from-ATH DCA,"x=0.5, n_weeks=12",2022-09-05 00:00:00+00:00,5.762608956601723,5.519889744081472,0.2809527676693746,0.29534411455035614,0.05204157572862674,0.04984960150752425,1.0,2x
A,S4,Log-regression band,trim_z=1.5,2018-01-01 00:00:00+00:00,5.856855966921869,2.102493220696822,0.6334142876781377,0.81184771458817,0.20249380755188295,0.0726911947323632,0.9105839416058394,2x
A,S4,Log-regression band,trim_z=1.5,2018-02-05 00:00:00+00:00,7.479444921649333,4.501974699689464,0.6334142876781377,0.7210838037342595,0.20249380755188295,0.12188364350456875,0.9425182481751825,2x
A,S4,Log-regression band,trim_z=1.5,2018-03-05 00:00:00+00:00,9.905688372857787,4.188389546201929,0.6334142876781375,0.7195983935742976,0.2047726039468192,0.08658332479643398,0.9607664233576643,2x
A,S4,Log-regression band,trim_z=1.5,2018-04-02 00:00:00+00:00,12.161573861419267,8.59307249572363,0.633414287678138,0.6743998377939981,0.20710971956986812,0.1463386939151619,0.9744525547445255,2x
A,S4,Log-regression band,trim_z=1.5,2018-05-07 00:00:00+00:00,11.99325182993092,5.819767775203804,0.633414287678138,0.6570507207688202,0.2126701401634176,0.10319893603687158,0.9616788321167883,2x
A,S4,Log-regression band,trim_z=1.5,2018-06-04 00:00:00+00:00,8.532550087471227,5.072336655757304,0.6334142876781375,0.6334142876781383,0.21740759148636685,0.1292420770146375,0.968065693430657,2x
A,S4,Log-regression band,trim_z=1.5,2018-07-02 00:00:00+00:00,7.403297684688856,5.251588625569691,0.6334142876781379,0.6334142876781382,0.22096302591335293,0.15674189570384595,0.9726277372262774,2x
A,S4,Log-regression band,trim_z=1.5,2018-08-06 00:00:00+00:00,9.220039276179508,5.799979505899937,0.6334142876781379,0.6334142876781371,0.22563593274069912,0.1419390684236812,0.9698905109489051,2x
A,S4,Log-regression band,trim_z=1.5,2018-09-03 00:00:00+00:00,11.282674058890928,6.724081630964662,0.633414287678137,0.6334142876781372,0.2291054589488933,0.1365388914038534,0.968065693430657,2x
A,S4,Log-regression band,trim_z=1.5,2018-10-01 00:00:00+00:00,10.194353961549275,6.593597262640294,0.6334142876781373,0.6334142876781369,0.2326198133344273,0.15045596515707785,0.968065693430657,2x
A,S4,Log-regression band,trim_z=1.5,2018-11-05 00:00:00+00:00,14.54203102238927,9.437661033795763,0.6334142876781372,0.6334142876781371,0.23686014583903922,0.15372032733272234,0.9872262773722628,2x
A,S4,Log-regression band,trim_z=1.5,2018-12-03 00:00:00+00:00,15.138556091446832,13.534579201529183,0.6334142876781375,0.6334142876781377,0.268032311622891,0.23963345832424493,1.0,2x
A,S4,Log-regression band,trim_z=1.5,2019-01-07 00:00:00+00:00,11.717081104357604,10.771679347898798,0.6334142876781383,0.6334142876781377,0.2719696577169981,0.25002557541363957,1.0,2x
A,S4,Log-regression band,trim_z=1.5,2019-02-04 00:00:00+00:00,10.045100094266438,10.75730262853124,0.6334142876781379,0.633414287678137,0.26922183455140203,0.28830979495474035,1.0,2x
A,S4,Log-regression band,trim_z=1.5,2019-03-04 00:00:00+00:00,10.264514403049706,11.117251647485217,0.6334142876781376,0.6334142876781378,0.24177967689851854,0.26186582294919714,1.0,2x
A,S4,Log-regression band,trim_z=1.5,2019-04-01 00:00:00+00:00,8.898236551750117,11.060277998248083,0.6332013468120202,0.633414287678137,0.19552120576884544,0.24302780419236777,1.0,2x
A,S4,Log-regression band,trim_z=1.5,2019-05-06 00:00:00+00:00,5.000603817661829,6.312563684767546,0.5969523865241115,0.6334142876781378,0.13680430940801333,0.17269632767918847,1.0,2x
A,S4,Log-regression band,trim_z=1.5,2019-06-03 00:00:00+00:00,3.640517580386214,3.4794264098662415,0.576017058953588,0.633414287678138,0.11954694145811476,0.1142570461873639,0.9936131386861314,2x
A,S4,Log-regression band,trim_z=1.5,2019-07-01 00:00:00+00:00,2.3485045452135425,1.8317983680778513,0.7190587661047634,0.7190587661047632,0.11776551070385592,0.09185533439262004,0.968065693430657,2x
A,S4,Log-regression band,trim_z=1.5,2019-08-05 00:00:00+00:00,2.693156690528116,2.0636129659967843,0.7190587661047634,0.7190587661047625,0.11904517842159239,0.09121755692648732,0.968065693430657,2x
A,S4,Log-regression band,trim_z=1.5,2019-09-02 00:00:00+00:00,2.4187178709722055,2.0641765272775703,0.7190587661047634,0.7190587661047632,0.12014617275509107,0.10253486469821713,0.9744525547445255,2x
A,S4,Log-regression band,trim_z=1.5,2019-10-07 00:00:00+00:00,2.400017248748057,2.5334395142002823,0.7266029902927513,0.7266029902927508,0.12023730910575933,0.1269215669714635,1.0,2x
A,S4,Log-regression band,trim_z=1.5,2019-11-04 00:00:00+00:00,2.454941603665929,2.190770980599913,0.7266029902927517,0.7266029902927513,0.12148473232965896,0.10841203952726781,1.0,2x
A,S4,Log-regression band,trim_z=1.5,2019-12-02 00:00:00+00:00,2.2510191413934235,2.290002905696365,0.7662925431645935,0.7662925431645926,0.13258939054714738,0.13488560982627845,1.0,2x
A,S4,Log-regression band,trim_z=1.5,2020-01-06 00:00:00+00:00,2.0067538911337546,2.2808226579437125,0.7662925431645942,0.7662925431645943,0.11922360828629977,0.13550635598248043,1.0,2x
A,S4,Log-regression band,trim_z=1.5,2020-02-03 00:00:00+00:00,2.6761953119525086,2.5096084644709618,0.7662925431645933,0.7662925431645937,0.11393427340495182,0.1068421335518317,1.0,2x
A,S4,Log-regression band,trim_z=1.5,2020-03-02 00:00:00+00:00,3.386779615072774,2.7617139067895002,0.7662925431645937,0.7662925431645935,0.143331665115863,0.11687830264245543,1.0,2x
A,S4,Log-regression band,trim_z=1.5,2020-04-06 00:00:00+00:00,3.755157358406475,4.146849113420391,0.7662925431645937,0.7662925431645932,0.13330337328266745,0.14720793898974088,1.0,2x
A,S4,Log-regression band,trim_z=1.5,2020-05-04 00:00:00+00:00,3.18467498940335,3.2537436706852922,0.7662925431645935,0.7662925431645932,0.10971740627776289,0.11209693844054097,1.0,2x
A,S4,Log-regression band,trim_z=1.5,2020-06-01 00:00:00+00:00,2.871938440372971,2.8713096699328617,0.7662925431645935,0.7662925431645928,0.10554581033955723,0.10552270257210443,1.0,2x
A,S4,Log-regression band,trim_z=1.5,2020-07-06 00:00:00+00:00,3.1065276845811782,3.353416445727075,0.7662925431645935,0.766292543164593,0.10183730646351109,0.10993074356886914,1.0,2x
A,S4,Log-regression band,trim_z=1.5,2020-08-03 00:00:00+00:00,2.573968313046334,2.628281966730626,0.7662925431645938,0.7662925431645936,0.0881918533244638,0.09005280155562978,1.0,2x
A,S4,Log-regression band,trim_z=1.5,2020-09-07 00:00:00+00:00,2.374029272928461,2.5042049089886587,0.766292543164593,0.7662925431645935,0.09215970034602011,0.0972131121756315,1.0,2x
A,S4,Log-regression band,trim_z=1.5,2020-10-05 00:00:00+00:00,2.1893403153976023,2.5964577648937377,0.7662925431645937,0.7662925431645927,0.0788140035789316,0.09346981377708564,1.0,2x
A,S4,Log-regression band,trim_z=1.5,2020-11-02 00:00:00+00:00,1.6560408843826673,2.566249230990568,0.7574116649850878,0.7662925431645933,0.046752513503341545,0.07244905784409517,1.0,2x
A,S4,Log-regression band,trim_z=1.5,2020-12-07 00:00:00+00:00,1.2856536579264826,2.2538587420387635,0.6335935988054144,0.7662925431645935,0.029377848069359596,0.05150183277213451,0.9789954337899544,2x
A,S4,Log-regression band,trim_z=1.5,2021-01-04 00:00:00+00:00,1.240318694630769,1.2944523897768965,0.6142611673186695,0.7662925431645932,0.02894881634736863,0.030212287103532794,0.9680365296803652,2x
A,S4,Log-regression band,trim_z=1.5,2021-02-01 00:00:00+00:00,1.2393617977019686,1.282827060327837,0.602454886010882,0.7662925431645935,0.029106665047016644,0.030127455620663157,0.8858447488584474,2x
A,S4,Log-regression band,trim_z=1.5,2021-03-01 00:00:00+00:00,1.787947525562773,1.3503758922417333,0.5945559487613351,0.7662925431645937,0.029247813883611435,0.022089878033064954,0.8968978102189781,2x
A,S4,Log-regression band,trim_z=1.5,2021-04-05 00:00:00+00:00,2.003118135219864,1.1732035546423905,0.5945559487613351,0.7662925431645937,0.029247813883611435,0.017130112603171904,0.9288321167883211,2x
A,S4,Log-regression band,trim_z=1.5,2021-05-03 00:00:00+00:00,1.7273937291325605,1.0407512134121604,0.5945559487613351,0.7662925431645937,0.029247813883611435,0.017621748461659308,0.9543795620437956,2x
A,S4,Log-regression band,trim_z=1.5,2021-06-07 00:00:00+00:00,2.089481528002643,1.9719115560688918,0.5828479531405142,0.7662925431645939,0.0295128427976677,0.027852227926033087,0.968065693430657,2x
A,S4,Log-regression band,trim_z=1.5,2021-07-05 00:00:00+00:00,1.7006435151841859,1.611852440638958,0.5657990162594633,0.7662925431645932,0.029809697056743478,0.028253324419030917,0.9744525547445255,2x
A,S4,Log-regression band,trim_z=1.5,2021-08-02 00:00:00+00:00,1.9633303434916167,1.6350808774909573,0.5467586204059076,0.7662925431645933,0.030041462537294828,0.025018826347498708,0.9726277372262774,2x
A,S4,Log-regression band,trim_z=1.5,2021-09-06 00:00:00+00:00,1.723562551575706,1.082210759594436,0.5266135643689016,0.7662925431645936,0.0306781311549295,0.019263274467683087,0.9735401459854015,2x
A,S4,Log-regression band,trim_z=1.5,2021-10-04 00:00:00+00:00,1.8959420671682115,1.2566569224686648,0.5143811700751468,0.7662925431645935,0.031207530777939144,0.020684787929109084,0.9361313868613139,2x
A,S4,Log-regression band,trim_z=1.5,2021-11-01 00:00:00+00:00,2.2145968214771012,1.1432600682100724,0.5104547185233482,0.7662925431645937,0.03150566929978388,0.016264438422091965,0.948905109489051,2x
A,S4,Log-regression band,trim_z=1.5,2021-12-06 00:00:00+00:00,3.0874435622854755,1.956734231987824,0.5068640942566613,0.6895818371830502,0.031847165904079176,0.02018383120505611,0.968065693430657,2x
A,S4,Log-regression band,trim_z=1.5,2022-01-03 00:00:00+00:00,3.1434940973841763,2.044878928087627,0.49883878571040574,0.6673056490171778,0.03241223801571541,0.021084532204355213,0.968065693430657,2x
A,S4,Log-regression band,trim_z=1.5,2022-02-07 00:00:00+00:00,3.1787066658388916,2.2714342906391938,0.48719229988575885,0.6673056490171771,0.0329214236938977,0.023524929644694346,0.968978102189781,2x
A,S4,Log-regression band,trim_z=1.5,2022-03-07 00:00:00+00:00,2.995457856482588,2.3337026430223706,0.4775650572367438,0.667305649017177,0.03330807188064866,0.025949667498618906,0.9698905109489051,2x
A,S4,Log-regression band,trim_z=1.5,2022-04-04 00:00:00+00:00,2.80532753710361,1.787734358860492,0.46797579595189065,0.6612040100033247,0.0337125749939536,0.021483811727944387,0.968065693430657,2x
A,S4,Log-regression band,trim_z=1.5,2022-05-02 00:00:00+00:00,3.294070976342972,2.50078608141515,0.46139069957922973,0.6023862433862442,0.03413902009384164,0.025917591605331067,0.9936131386861314,2x
A,S4,Log-regression band,trim_z=1.5,2022-06-06 00:00:00+00:00,4.257465550795117,3.3826059186499036,0.35431777606641746,0.4969802155349645,0.04194188665240369,0.03332331696806523,1.0,2x
A,S4,Log-regression band,trim_z=1.5,2022-07-04 00:00:00+00:00,5.200160795675406,5.656334266406286,0.345364437897966,0.35432082803835163,0.047453312363956064,0.0516160571422992,1.0,2x
A,S4,Log-regression band,trim_z=1.5,2022-08-01 00:00:00+00:00,5.210769442286373,4.954318888258948,0.30520429386456094,0.3543208280383514,0.045011971263334644,0.0427966851916324,1.0,2x
A,S4,Log-regression band,trim_z=1.5,2022-09-05 00:00:00+00:00,5.532099189298671,5.519889744081472,0.2809527676693747,0.29534411455035614,0.04995986385096289,0.04984960150752425,1.0,2x
A,S4,Log-regression band,trim_z=2.0,2018-01-01 00:00:00+00:00,5.856855966921869,2.102493220696822,0.6334142876781377,0.81184771458817,0.20249380755188295,0.0726911947323632,0.9105839416058394,2x
A,S4,Log-regression band,trim_z=2.0,2018-02-05 00:00:00+00:00,7.479444921649333,4.501974699689464,0.6334142876781377,0.7210838037342595,0.20249380755188295,0.12188364350456875,0.9425182481751825,2x
A,S4,Log-regression band,trim_z=2.0,2018-03-05 00:00:00+00:00,9.905688372857787,4.188389546201929,0.6334142876781375,0.7195983935742976,0.2047726039468192,0.08658332479643398,0.9607664233576643,2x
A,S4,Log-regression band,trim_z=2.0,2018-04-02 00:00:00+00:00,12.161573861419267,8.59307249572363,0.633414287678138,0.6743998377939981,0.20710971956986812,0.1463386939151619,0.9744525547445255,2x
A,S4,Log-regression band,trim_z=2.0,2018-05-07 00:00:00+00:00,11.99325182993092,5.819767775203804,0.633414287678138,0.6570507207688202,0.2126701401634176,0.10319893603687158,0.9616788321167883,2x
A,S4,Log-regression band,trim_z=2.0,2018-06-04 00:00:00+00:00,8.532550087471227,5.072336655757304,0.6334142876781375,0.6334142876781383,0.21740759148636685,0.1292420770146375,0.968065693430657,2x
A,S4,Log-regression band,trim_z=2.0,2018-07-02 00:00:00+00:00,7.403297684688856,5.251588625569691,0.6334142876781379,0.6334142876781382,0.22096302591335293,0.15674189570384595,0.9726277372262774,2x
A,S4,Log-regression band,trim_z=2.0,2018-08-06 00:00:00+00:00,9.220039276179508,5.799979505899937,0.6334142876781379,0.6334142876781371,0.22563593274069912,0.1419390684236812,0.9698905109489051,2x
A,S4,Log-regression band,trim_z=2.0,2018-09-03 00:00:00+00:00,11.282674058890928,6.724081630964662,0.633414287678137,0.6334142876781372,0.2291054589488933,0.1365388914038534,0.968065693430657,2x
A,S4,Log-regression band,trim_z=2.0,2018-10-01 00:00:00+00:00,10.194353961549275,6.593597262640294,0.6334142876781373,0.6334142876781369,0.2326198133344273,0.15045596515707785,0.968065693430657,2x
A,S4,Log-regression band,trim_z=2.0,2018-11-05 00:00:00+00:00,14.54203102238927,9.437661033795763,0.6334142876781372,0.6334142876781371,0.23686014583903922,0.15372032733272234,0.9872262773722628,2x
A,S4,Log-regression band,trim_z=2.0,2018-12-03 00:00:00+00:00,15.138556091446832,13.534579201529183,0.6334142876781375,0.6334142876781377,0.268032311622891,0.23963345832424493,1.0,2x
A,S4,Log-regression band,trim_z=2.0,2019-01-07 00:00:00+00:00,11.717081104357604,10.771679347898798,0.6334142876781383,0.6334142876781377,0.2719696577169981,0.25002557541363957,1.0,2x
A,S4,Log-regression band,trim_z=2.0,2019-02-04 00:00:00+00:00,10.045100094266438,10.75730262853124,0.6334142876781379,0.633414287678137,0.26922183455140203,0.28830979495474035,1.0,2x
A,S4,Log-regression band,trim_z=2.0,2019-03-04 00:00:00+00:00,10.264514403049706,11.117251647485217,0.6334142876781376,0.6334142876781378,0.24177967689851854,0.26186582294919714,1.0,2x
A,S4,Log-regression band,trim_z=2.0,2019-04-01 00:00:00+00:00,8.898236551750117,11.060277998248083,0.6332013468120202,0.633414287678137,0.19552120576884544,0.24302780419236777,1.0,2x
A,S4,Log-regression band,trim_z=2.0,2019-05-06 00:00:00+00:00,5.000603817661829,6.312563684767546,0.5969523865241115,0.6334142876781378,0.13680430940801333,0.17269632767918847,1.0,2x
A,S4,Log-regression band,trim_z=2.0,2019-06-03 00:00:00+00:00,3.640517580386214,3.4794264098662415,0.576017058953588,0.633414287678138,0.11954694145811476,0.1142570461873639,0.9936131386861314,2x
A,S4,Log-regression band,trim_z=2.0,2019-07-01 00:00:00+00:00,2.3485045452135425,1.8317983680778513,0.7190587661047634,0.7190587661047632,0.11776551070385592,0.09185533439262004,0.968065693430657,2x
A,S4,Log-regression band,trim_z=2.0,2019-08-05 00:00:00+00:00,2.693156690528116,2.0636129659967843,0.7190587661047634,0.7190587661047625,0.11904517842159239,0.09121755692648732,0.968065693430657,2x
A,S4,Log-regression band,trim_z=2.0,2019-09-02 00:00:00+00:00,2.4187178709722055,2.0641765272775703,0.7190587661047634,0.7190587661047632,0.12014617275509107,0.10253486469821713,0.9744525547445255,2x
A,S4,Log-regression band,trim_z=2.0,2019-10-07 00:00:00+00:00,2.400017248748057,2.5334395142002823,0.7266029902927513,0.7266029902927508,0.12023730910575933,0.1269215669714635,1.0,2x
A,S4,Log-regression band,trim_z=2.0,2019-11-04 00:00:00+00:00,2.454941603665929,2.190770980599913,0.7266029902927517,0.7266029902927513,0.12148473232965896,0.10841203952726781,1.0,2x
A,S4,Log-regression band,trim_z=2.0,2019-12-02 00:00:00+00:00,2.2510191413934235,2.290002905696365,0.7662925431645935,0.7662925431645926,0.13258939054714738,0.13488560982627845,1.0,2x
A,S4,Log-regression band,trim_z=2.0,2020-01-06 00:00:00+00:00,2.0067538911337546,2.2808226579437125,0.7662925431645942,0.7662925431645943,0.11922360828629977,0.13550635598248043,1.0,2x
A,S4,Log-regression band,trim_z=2.0,2020-02-03 00:00:00+00:00,2.6761953119525086,2.5096084644709618,0.7662925431645933,0.7662925431645937,0.11393427340495182,0.1068421335518317,1.0,2x
A,S4,Log-regression band,trim_z=2.0,2020-03-02 00:00:00+00:00,3.386779615072774,2.7617139067895002,0.7662925431645937,0.7662925431645935,0.143331665115863,0.11687830264245543,1.0,2x
A,S4,Log-regression band,trim_z=2.0,2020-04-06 00:00:00+00:00,3.755157358406475,4.146849113420391,0.7662925431645937,0.7662925431645932,0.13330337328266745,0.14720793898974088,1.0,2x
A,S4,Log-regression band,trim_z=2.0,2020-05-04 00:00:00+00:00,3.18467498940335,3.2537436706852922,0.7662925431645935,0.7662925431645932,0.10971740627776289,0.11209693844054097,1.0,2x
A,S4,Log-regression band,trim_z=2.0,2020-06-01 00:00:00+00:00,2.871938440372971,2.8713096699328617,0.7662925431645935,0.7662925431645928,0.10554581033955723,0.10552270257210443,1.0,2x
A,S4,Log-regression band,trim_z=2.0,2020-07-06 00:00:00+00:00,3.1065276845811782,3.353416445727075,0.7662925431645935,0.766292543164593,0.10183730646351109,0.10993074356886914,1.0,2x
A,S4,Log-regression band,trim_z=2.0,2020-08-03 00:00:00+00:00,2.573968313046334,2.628281966730626,0.7662925431645938,0.7662925431645936,0.0881918533244638,0.09005280155562978,1.0,2x
A,S4,Log-regression band,trim_z=2.0,2020-09-07 00:00:00+00:00,2.374029272928461,2.5042049089886587,0.766292543164593,0.7662925431645935,0.09215970034602011,0.0972131121756315,1.0,2x
A,S4,Log-regression band,trim_z=2.0,2020-10-05 00:00:00+00:00,2.1893403153976023,2.5964577648937377,0.7662925431645937,0.7662925431645927,0.0788140035789316,0.09346981377708564,1.0,2x
A,S4,Log-regression band,trim_z=2.0,2020-11-02 00:00:00+00:00,1.6560408843826673,2.566249230990568,0.7574116649850878,0.7662925431645933,0.046752513503341545,0.07244905784409517,1.0,2x
A,S4,Log-regression band,trim_z=2.0,2020-12-07 00:00:00+00:00,1.2856536579264826,2.2538587420387635,0.6335935988054144,0.7662925431645935,0.029377848069359596,0.05150183277213451,0.9789954337899544,2x
A,S4,Log-regression band,trim_z=2.0,2021-01-04 00:00:00+00:00,1.240318694630769,1.2944523897768965,0.6142611673186695,0.7662925431645932,0.02894881634736863,0.030212287103532794,0.9680365296803652,2x
A,S4,Log-regression band,trim_z=2.0,2021-02-01 00:00:00+00:00,1.2393617977019686,1.282827060327837,0.602454886010882,0.7662925431645935,0.029106665047016644,0.030127455620663157,0.8858447488584474,2x
A,S4,Log-regression band,trim_z=2.0,2021-03-01 00:00:00+00:00,1.787947525562773,1.3503758922417333,0.5945559487613351,0.7662925431645937,0.029247813883611435,0.022089878033064954,0.8968978102189781,2x
A,S4,Log-regression band,trim_z=2.0,2021-04-05 00:00:00+00:00,2.003118135219864,1.1732035546423905,0.5945559487613351,0.7662925431645937,0.029247813883611435,0.017130112603171904,0.9288321167883211,2x
A,S4,Log-regression band,trim_z=2.0,2021-05-03 00:00:00+00:00,1.7273937291325605,1.0407512134121604,0.5945559487613351,0.7662925431645937,0.029247813883611435,0.017621748461659308,0.9543795620437956,2x
A,S4,Log-regression band,trim_z=2.0,2021-06-07 00:00:00+00:00,2.089481528002643,1.9719115560688918,0.5828479531405142,0.7662925431645939,0.0295128427976677,0.027852227926033087,0.968065693430657,2x
A,S4,Log-regression band,trim_z=2.0,2021-07-05 00:00:00+00:00,1.7006435151841859,1.611852440638958,0.5657990162594633,0.7662925431645932,0.029809697056743478,0.028253324419030917,0.9744525547445255,2x
A,S4,Log-regression band,trim_z=2.0,2021-08-02 00:00:00+00:00,1.9633303434916167,1.6350808774909573,0.5467586204059076,0.7662925431645933,0.030041462537294828,0.025018826347498708,0.9726277372262774,2x
A,S4,Log-regression band,trim_z=2.0,2021-09-06 00:00:00+00:00,1.723562551575706,1.082210759594436,0.5266135643689016,0.7662925431645936,0.0306781311549295,0.019263274467683087,0.9735401459854015,2x
A,S4,Log-regression band,trim_z=2.0,2021-10-04 00:00:00+00:00,1.8959420671682115,1.2566569224686648,0.5143811700751468,0.7662925431645935,0.031207530777939144,0.020684787929109084,0.9361313868613139,2x
A,S4,Log-regression band,trim_z=2.0,2021-11-01 00:00:00+00:00,2.2145968214771012,1.1432600682100724,0.5104547185233482,0.7662925431645937,0.03150566929978388,0.016264438422091965,0.948905109489051,2x
A,S4,Log-regression band,trim_z=2.0,2021-12-06 00:00:00+00:00,3.0874435622854755,1.956734231987824,0.5068640942566613,0.6895818371830502,0.031847165904079176,0.02018383120505611,0.968065693430657,2x
A,S4,Log-regression band,trim_z=2.0,2022-01-03 00:00:00+00:00,3.1434940973841763,2.044878928087627,0.49883878571040574,0.6673056490171778,0.03241223801571541,0.021084532204355213,0.968065693430657,2x
A,S4,Log-regression band,trim_z=2.0,2022-02-07 00:00:00+00:00,3.1787066658388916,2.2714342906391938,0.48719229988575885,0.6673056490171771,0.0329214236938977,0.023524929644694346,0.968978102189781,2x
A,S4,Log-regression band,trim_z=2.0,2022-03-07 00:00:00+00:00,2.995457856482588,2.3337026430223706,0.4775650572367438,0.667305649017177,0.03330807188064866,0.025949667498618906,0.9698905109489051,2x
A,S4,Log-regression band,trim_z=2.0,2022-04-04 00:00:00+00:00,2.80532753710361,1.787734358860492,0.46797579595189065,0.6612040100033247,0.0337125749939536,0.021483811727944387,0.968065693430657,2x
A,S4,Log-regression band,trim_z=2.0,2022-05-02 00:00:00+00:00,3.294070976342972,2.50078608141515,0.46139069957922973,0.6023862433862442,0.03413902009384164,0.025917591605331067,0.9936131386861314,2x
A,S4,Log-regression band,trim_z=2.0,2022-06-06 00:00:00+00:00,4.257465550795117,3.3826059186499036,0.35431777606641746,0.4969802155349645,0.04194188665240369,0.03332331696806523,1.0,2x
A,S4,Log-regression band,trim_z=2.0,2022-07-04 00:00:00+00:00,5.200160795675406,5.656334266406286,0.345364437897966,0.35432082803835163,0.047453312363956064,0.0516160571422992,1.0,2x
A,S4,Log-regression band,trim_z=2.0,2022-08-01 00:00:00+00:00,5.210769442286373,4.954318888258948,0.30520429386456094,0.3543208280383514,0.045011971263334644,0.0427966851916324,1.0,2x
A,S4,Log-regression band,trim_z=2.0,2022-09-05 00:00:00+00:00,5.532099189298671,5.519889744081472,0.2809527676693747,0.29534411455035614,0.04995986385096289,0.04984960150752425,1.0,2x
A,S4,Log-regression band,trim_z=2.5,2018-01-01 00:00:00+00:00,5.856855966921869,2.102493220696822,0.6334142876781377,0.81184771458817,0.20249380755188295,0.0726911947323632,0.9105839416058394,2x
A,S4,Log-regression band,trim_z=2.5,2018-02-05 00:00:00+00:00,7.479444921649333,4.501974699689464,0.6334142876781377,0.7210838037342595,0.20249380755188295,0.12188364350456875,0.9425182481751825,2x
A,S4,Log-regression band,trim_z=2.5,2018-03-05 00:00:00+00:00,9.905688372857787,4.188389546201929,0.6334142876781375,0.7195983935742976,0.2047726039468192,0.08658332479643398,0.9607664233576643,2x
A,S4,Log-regression band,trim_z=2.5,2018-04-02 00:00:00+00:00,12.161573861419267,8.59307249572363,0.633414287678138,0.6743998377939981,0.20710971956986812,0.1463386939151619,0.9744525547445255,2x
A,S4,Log-regression band,trim_z=2.5,2018-05-07 00:00:00+00:00,11.99325182993092,5.819767775203804,0.633414287678138,0.6570507207688202,0.2126701401634176,0.10319893603687158,0.9616788321167883,2x
A,S4,Log-regression band,trim_z=2.5,2018-06-04 00:00:00+00:00,8.532550087471227,5.072336655757304,0.6334142876781375,0.6334142876781383,0.21740759148636685,0.1292420770146375,0.968065693430657,2x
A,S4,Log-regression band,trim_z=2.5,2018-07-02 00:00:00+00:00,7.403297684688856,5.251588625569691,0.6334142876781379,0.6334142876781382,0.22096302591335293,0.15674189570384595,0.9726277372262774,2x
A,S4,Log-regression band,trim_z=2.5,2018-08-06 00:00:00+00:00,9.220039276179508,5.799979505899937,0.6334142876781379,0.6334142876781371,0.22563593274069912,0.1419390684236812,0.9698905109489051,2x
A,S4,Log-regression band,trim_z=2.5,2018-09-03 00:00:00+00:00,11.282674058890928,6.724081630964662,0.633414287678137,0.6334142876781372,0.2291054589488933,0.1365388914038534,0.968065693430657,2x
A,S4,Log-regression band,trim_z=2.5,2018-10-01 00:00:00+00:00,10.194353961549275,6.593597262640294,0.6334142876781373,0.6334142876781369,0.2326198133344273,0.15045596515707785,0.968065693430657,2x
A,S4,Log-regression band,trim_z=2.5,2018-11-05 00:00:00+00:00,14.54203102238927,9.437661033795763,0.6334142876781372,0.6334142876781371,0.23686014583903922,0.15372032733272234,0.9872262773722628,2x
A,S4,Log-regression band,trim_z=2.5,2018-12-03 00:00:00+00:00,15.138556091446832,13.534579201529183,0.6334142876781375,0.6334142876781377,0.268032311622891,0.23963345832424493,1.0,2x
A,S4,Log-regression band,trim_z=2.5,2019-01-07 00:00:00+00:00,11.717081104357604,10.771679347898798,0.6334142876781383,0.6334142876781377,0.2719696577169981,0.25002557541363957,1.0,2x
A,S4,Log-regression band,trim_z=2.5,2019-02-04 00:00:00+00:00,10.045100094266438,10.75730262853124,0.6334142876781379,0.633414287678137,0.26922183455140203,0.28830979495474035,1.0,2x
A,S4,Log-regression band,trim_z=2.5,2019-03-04 00:00:00+00:00,10.264514403049706,11.117251647485217,0.6334142876781376,0.6334142876781378,0.24177967689851854,0.26186582294919714,1.0,2x
A,S4,Log-regression band,trim_z=2.5,2019-04-01 00:00:00+00:00,8.898236551750117,11.060277998248083,0.6332013468120202,0.633414287678137,0.19552120576884544,0.24302780419236777,1.0,2x
A,S4,Log-regression band,trim_z=2.5,2019-05-06 00:00:00+00:00,5.000603817661829,6.312563684767546,0.5969523865241115,0.6334142876781378,0.13680430940801333,0.17269632767918847,1.0,2x
A,S4,Log-regression band,trim_z=2.5,2019-06-03 00:00:00+00:00,3.640517580386214,3.4794264098662415,0.576017058953588,0.633414287678138,0.11954694145811476,0.1142570461873639,0.9936131386861314,2x
A,S4,Log-regression band,trim_z=2.5,2019-07-01 00:00:00+00:00,2.3485045452135425,1.8317983680778513,0.7190587661047634,0.7190587661047632,0.11776551070385592,0.09185533439262004,0.968065693430657,2x
A,S4,Log-regression band,trim_z=2.5,2019-08-05 00:00:00+00:00,2.693156690528116,2.0636129659967843,0.7190587661047634,0.7190587661047625,0.11904517842159239,0.09121755692648732,0.968065693430657,2x
A,S4,Log-regression band,trim_z=2.5,2019-09-02 00:00:00+00:00,2.4187178709722055,2.0641765272775703,0.7190587661047634,0.7190587661047632,0.12014617275509107,0.10253486469821713,0.9744525547445255,2x
A,S4,Log-regression band,trim_z=2.5,2019-10-07 00:00:00+00:00,2.400017248748057,2.5334395142002823,0.7266029902927513,0.7266029902927508,0.12023730910575933,0.1269215669714635,1.0,2x
A,S4,Log-regression band,trim_z=2.5,2019-11-04 00:00:00+00:00,2.454941603665929,2.190770980599913,0.7266029902927517,0.7266029902927513,0.12148473232965896,0.10841203952726781,1.0,2x
A,S4,Log-regression band,trim_z=2.5,2019-12-02 00:00:00+00:00,2.2510191413934235,2.290002905696365,0.7662925431645935,0.7662925431645926,0.13258939054714738,0.13488560982627845,1.0,2x
A,S4,Log-regression band,trim_z=2.5,2020-01-06 00:00:00+00:00,2.0067538911337546,2.2808226579437125,0.7662925431645942,0.7662925431645943,0.11922360828629977,0.13550635598248043,1.0,2x
A,S4,Log-regression band,trim_z=2.5,2020-02-03 00:00:00+00:00,2.6761953119525086,2.5096084644709618,0.7662925431645933,0.7662925431645937,0.11393427340495182,0.1068421335518317,1.0,2x
A,S4,Log-regression band,trim_z=2.5,2020-03-02 00:00:00+00:00,3.386779615072774,2.7617139067895002,0.7662925431645937,0.7662925431645935,0.143331665115863,0.11687830264245543,1.0,2x
A,S4,Log-regression band,trim_z=2.5,2020-04-06 00:00:00+00:00,3.755157358406475,4.146849113420391,0.7662925431645937,0.7662925431645932,0.13330337328266745,0.14720793898974088,1.0,2x
A,S4,Log-regression band,trim_z=2.5,2020-05-04 00:00:00+00:00,3.18467498940335,3.2537436706852922,0.7662925431645935,0.7662925431645932,0.10971740627776289,0.11209693844054097,1.0,2x
A,S4,Log-regression band,trim_z=2.5,2020-06-01 00:00:00+00:00,2.871938440372971,2.8713096699328617,0.7662925431645935,0.7662925431645928,0.10554581033955723,0.10552270257210443,1.0,2x
A,S4,Log-regression band,trim_z=2.5,2020-07-06 00:00:00+00:00,3.1065276845811782,3.353416445727075,0.7662925431645935,0.766292543164593,0.10183730646351109,0.10993074356886914,1.0,2x
A,S4,Log-regression band,trim_z=2.5,2020-08-03 00:00:00+00:00,2.573968313046334,2.628281966730626,0.7662925431645938,0.7662925431645936,0.0881918533244638,0.09005280155562978,1.0,2x
A,S4,Log-regression band,trim_z=2.5,2020-09-07 00:00:00+00:00,2.374029272928461,2.5042049089886587,0.766292543164593,0.7662925431645935,0.09215970034602011,0.0972131121756315,1.0,2x
A,S4,Log-regression band,trim_z=2.5,2020-10-05 00:00:00+00:00,2.1893403153976023,2.5964577648937377,0.7662925431645937,0.7662925431645927,0.0788140035789316,0.09346981377708564,1.0,2x
A,S4,Log-regression band,trim_z=2.5,2020-11-02 00:00:00+00:00,1.6560408843826673,2.566249230990568,0.7574116649850878,0.7662925431645933,0.046752513503341545,0.07244905784409517,1.0,2x
A,S4,Log-regression band,trim_z=2.5,2020-12-07 00:00:00+00:00,1.2856536579264826,2.2538587420387635,0.6335935988054144,0.7662925431645935,0.029377848069359596,0.05150183277213451,0.9789954337899544,2x
A,S4,Log-regression band,trim_z=2.5,2021-01-04 00:00:00+00:00,1.240318694630769,1.2944523897768965,0.6142611673186695,0.7662925431645932,0.02894881634736863,0.030212287103532794,0.9680365296803652,2x
A,S4,Log-regression band,trim_z=2.5,2021-02-01 00:00:00+00:00,1.2393617977019686,1.282827060327837,0.602454886010882,0.7662925431645935,0.029106665047016644,0.030127455620663157,0.8858447488584474,2x
A,S4,Log-regression band,trim_z=2.5,2021-03-01 00:00:00+00:00,1.787947525562773,1.3503758922417333,0.5945559487613351,0.7662925431645937,0.029247813883611435,0.022089878033064954,0.8968978102189781,2x
A,S4,Log-regression band,trim_z=2.5,2021-04-05 00:00:00+00:00,2.003118135219864,1.1732035546423905,0.5945559487613351,0.7662925431645937,0.029247813883611435,0.017130112603171904,0.9288321167883211,2x
A,S4,Log-regression band,trim_z=2.5,2021-05-03 00:00:00+00:00,1.7273937291325605,1.0407512134121604,0.5945559487613351,0.7662925431645937,0.029247813883611435,0.017621748461659308,0.9543795620437956,2x
A,S4,Log-regression band,trim_z=2.5,2021-06-07 00:00:00+00:00,2.089481528002643,1.9719115560688918,0.5828479531405142,0.7662925431645939,0.0295128427976677,0.027852227926033087,0.968065693430657,2x
A,S4,Log-regression band,trim_z=2.5,2021-07-05 00:00:00+00:00,1.7006435151841859,1.611852440638958,0.5657990162594633,0.7662925431645932,0.029809697056743478,0.028253324419030917,0.9744525547445255,2x
A,S4,Log-regression band,trim_z=2.5,2021-08-02 00:00:00+00:00,1.9633303434916167,1.6350808774909573,0.5467586204059076,0.7662925431645933,0.030041462537294828,0.025018826347498708,0.9726277372262774,2x
A,S4,Log-regression band,trim_z=2.5,2021-09-06 00:00:00+00:00,1.723562551575706,1.082210759594436,0.5266135643689016,0.7662925431645936,0.0306781311549295,0.019263274467683087,0.9735401459854015,2x
A,S4,Log-regression band,trim_z=2.5,2021-10-04 00:00:00+00:00,1.8959420671682115,1.2566569224686648,0.5143811700751468,0.7662925431645935,0.031207530777939144,0.020684787929109084,0.9361313868613139,2x
A,S4,Log-regression band,trim_z=2.5,2021-11-01 00:00:00+00:00,2.2145968214771012,1.1432600682100724,0.5104547185233482,0.7662925431645937,0.03150566929978388,0.016264438422091965,0.948905109489051,2x
A,S4,Log-regression band,trim_z=2.5,2021-12-06 00:00:00+00:00,3.0874435622854755,1.956734231987824,0.5068640942566613,0.6895818371830502,0.031847165904079176,0.02018383120505611,0.968065693430657,2x
A,S4,Log-regression band,trim_z=2.5,2022-01-03 00:00:00+00:00,3.1434940973841763,2.044878928087627,0.49883878571040574,0.6673056490171778,0.03241223801571541,0.021084532204355213,0.968065693430657,2x
A,S4,Log-regression band,trim_z=2.5,2022-02-07 00:00:00+00:00,3.1787066658388916,2.2714342906391938,0.48719229988575885,0.6673056490171771,0.0329214236938977,0.023524929644694346,0.968978102189781,2x
A,S4,Log-regression band,trim_z=2.5,2022-03-07 00:00:00+00:00,2.995457856482588,2.3337026430223706,0.4775650572367438,0.667305649017177,0.03330807188064866,0.025949667498618906,0.9698905109489051,2x
A,S4,Log-regression band,trim_z=2.5,2022-04-04 00:00:00+00:00,2.80532753710361,1.787734358860492,0.46797579595189065,0.6612040100033247,0.0337125749939536,0.021483811727944387,0.968065693430657,2x
A,S4,Log-regression band,trim_z=2.5,2022-05-02 00:00:00+00:00,3.294070976342972,2.50078608141515,0.46139069957922973,0.6023862433862442,0.03413902009384164,0.025917591605331067,0.9936131386861314,2x
A,S4,Log-regression band,trim_z=2.5,2022-06-06 00:00:00+00:00,4.257465550795117,3.3826059186499036,0.35431777606641746,0.4969802155349645,0.04194188665240369,0.03332331696806523,1.0,2x
A,S4,Log-regression band,trim_z=2.5,2022-07-04 00:00:00+00:00,5.200160795675406,5.656334266406286,0.345364437897966,0.35432082803835163,0.047453312363956064,0.0516160571422992,1.0,2x
A,S4,Log-regression band,trim_z=2.5,2022-08-01 00:00:00+00:00,5.210769442286373,4.954318888258948,0.30520429386456094,0.3543208280383514,0.045011971263334644,0.0427966851916324,1.0,2x
A,S4,Log-regression band,trim_z=2.5,2022-09-05 00:00:00+00:00,5.532099189298671,5.519889744081472,0.2809527676693747,0.29534411455035614,0.04995986385096289,0.04984960150752425,1.0,2x
A,S5,MVRV-Z DCA,k=5,2018-01-01 00:00:00+00:00,5.181258491293095,2.102493220696822,0.6309884495842143,0.81184771458817,0.1791358308515596,0.0726911947323632,0.9616788321167883,2x
A,S5,MVRV-Z DCA,k=5,2018-02-05 00:00:00+00:00,6.548661191900177,4.501974699689464,0.6289103526393497,0.7210838037342595,0.1545255389252344,0.12188364350456875,0.9698905109489051,2x
A,S5,MVRV-Z DCA,k=5,2018-03-05 00:00:00+00:00,8.103573627914194,4.188389546201929,0.6255771276453141,0.7195983935742976,0.13234559396055393,0.08658332479643398,0.9653284671532847,2x
A,S5,MVRV-Z DCA,k=5,2018-04-02 00:00:00+00:00,9.324698433454111,8.59307249572363,0.6227284740984842,0.6743998377939981,0.11326587128757977,0.1463386939151619,0.9744525547445255,2x
A,S5,MVRV-Z DCA,k=5,2018-05-07 00:00:00+00:00,9.109688343140817,5.819767775203804,0.6167256343335085,0.6570507207688202,0.09734782433950691,0.10319893603687158,0.9616788321167883,2x
A,S5,MVRV-Z DCA,k=5,2018-06-04 00:00:00+00:00,7.459512981259689,5.072336655757304,0.6120546558081241,0.6334142876781383,0.0985370537230825,0.1292420770146375,0.968065693430657,2x
A,S5,MVRV-Z DCA,k=5,2018-07-02 00:00:00+00:00,6.832529112580939,5.251588625569691,0.6089898823714073,0.6334142876781382,0.09880100675514723,0.15674189570384595,0.9726277372262774,2x
A,S5,MVRV-Z DCA,k=5,2018-08-06 00:00:00+00:00,7.530566381687435,5.799979505899937,0.6027947466444223,0.6334142876781371,0.09971126150631365,0.1419390684236812,0.9698905109489051,2x
A,S5,MVRV-Z DCA,k=5,2018-09-03 00:00:00+00:00,8.400104990494615,6.724081630964662,0.5908138877386233,0.6334142876781372,0.10088424075837775,0.1365388914038534,0.968065693430657,2x
A,S5,MVRV-Z DCA,k=5,2018-10-01 00:00:00+00:00,7.820314666595662,6.593597262640294,0.5784197777733708,0.6334142876781369,0.10134174900131185,0.15045596515707785,0.9671532846715328,2x
A,S5,MVRV-Z DCA,k=5,2018-11-05 00:00:00+00:00,9.491122671156242,9.437661033795763,0.5622304464145176,0.6334142876781371,0.10106195535794674,0.15372032733272234,0.9717153284671532,2x
A,S5,MVRV-Z DCA,k=5,2018-12-03 00:00:00+00:00,8.783148867240017,13.534579201529183,0.5440861717157716,0.6334142876781377,0.09952435767710868,0.23963345832424493,0.9872262773722628,2x
A,S5,MVRV-Z DCA,k=5,2019-01-07 00:00:00+00:00,6.709883530608888,10.771679347898798,0.49628107984558956,0.6334142876781377,0.09163809866703267,0.25002557541363957,0.9872262773722628,2x
A,S5,MVRV-Z DCA,k=5,2019-02-04 00:00:00+00:00,5.5749551195813885,10.75730262853124,0.4464366734797842,0.633414287678137,0.08476567876663343,0.28830979495474035,0.9872262773722628,2x
A,S5,MVRV-Z DCA,k=5,2019-03-04 00:00:00+00:00,5.248127934739705,11.117251647485217,0.3816712423363423,0.6334142876781378,0.07617752342270395,0.26186582294919714,0.9872262773722628,2x
A,S5,MVRV-Z DCA,k=5,2019-04-01 00:00:00+00:00,4.692683977622939,11.060277998248083,0.3396493571707958,0.633414287678137,0.06691219056870355,0.24302780419236777,0.9808394160583942,2x
A,S5,MVRV-Z DCA,k=5,2019-05-06 00:00:00+00:00,3.667044351123868,6.312563684767546,0.3406163178227428,0.6334142876781378,0.06180287844923263,0.17269632767918847,0.9708029197080292,2x
A,S5,MVRV-Z DCA,k=5,2019-06-03 00:00:00+00:00,3.1324548679357354,3.4794264098662415,0.41765485711073747,0.633414287678138,0.06025210566225036,0.1142570461873639,0.9781021897810219,2x
A,S5,MVRV-Z DCA,k=5,2019-07-01 00:00:00+00:00,2.396277174003383,1.8317983680778513,0.5307230045895035,0.7190587661047632,0.06052916728645602,0.09185533439262004,0.968065693430657,2x
A,S5,MVRV-Z DCA,k=5,2019-08-05 00:00:00+00:00,2.4638793219021804,2.0636129659967843,0.5295559228844547,0.7190587661047625,0.06181029649538699,0.09121755692648732,0.968065693430657,2x
A,S5,MVRV-Z DCA,k=5,2019-09-02 00:00:00+00:00,2.232697567220866,2.0641765272775703,0.5284756424714285,0.7190587661047632,0.06261945038942132,0.10253486469821713,0.968065693430657,2x
A,S5,MVRV-Z DCA,k=5,2019-10-07 00:00:00+00:00,2.1162750891352786,2.5334395142002823,0.5394095336281798,0.7266029902927508,0.06442653667570279,0.1269215669714635,0.9726277372262774,2x
A,S5,MVRV-Z DCA,k=5,2019-11-04 00:00:00+00:00,2.0300727507425442,2.190770980599913,0.5394296194637049,0.7266029902927513,0.06594182572448627,0.10841203952726781,0.968065693430657,2x
A,S5,MVRV-Z DCA,k=5,2019-12-02 00:00:00+00:00,1.71907782033306,2.290002905696365,0.585129347162952,0.7662925431645926,0.06750769505803522,0.13488560982627845,0.968065693430657,2x
A,S5,MVRV-Z DCA,k=5,2020-01-06 00:00:00+00:00,1.5651546003504397,2.2808226579437125,0.5876419678782266,0.7662925431645943,0.06979830966610089,0.13550635598248043,0.9744525547445255,2x
A,S5,MVRV-Z DCA,k=5,2020-02-03 00:00:00+00:00,1.922042528084759,2.5096084644709618,0.5890951300649283,0.7662925431645937,0.06975542360574283,0.1068421335518317,0.9616788321167883,2x
A,S5,MVRV-Z DCA,k=5,2020-03-02 00:00:00+00:00,1.8420063217134848,2.7617139067895002,0.5892824169072404,0.7662925431645935,0.06937772312671583,0.11687830264245543,0.9771689497716894,2x
A,S5,MVRV-Z DCA,k=5,2020-04-06 00:00:00+00:00,1.8949650428577733,4.146849113420391,0.5967603547726905,0.7662925431645932,0.06647864353594608,0.14720793898974088,0.9744292237442922,2x
A,S5,MVRV-Z DCA,k=5,2020-05-04 00:00:00+00:00,1.7893347390066021,3.2537436706852922,0.6013457402783304,0.7662925431645932,0.06164558932378938,0.11209693844054097,0.9744292237442922,2x
A,S5,MVRV-Z DCA,k=5,2020-06-01 00:00:00+00:00,1.558282159459014,2.8713096699328617,0.6036046263096502,0.7662925431645928,0.057267993960350164,0.10552270257210443,0.9680365296803652,2x
A,S5,MVRV-Z DCA,k=5,2020-07-06 00:00:00+00:00,1.5670273401821555,3.353416445727075,0.6062866802821614,0.766292543164593,0.051369844302657695,0.10993074356886914,0.9744292237442922,2x
A,S5,MVRV-Z DCA,k=5,2020-08-03 00:00:00+00:00,1.3569188884783823,2.628281966730626,0.6089492175382499,0.7662925431645936,0.046492099758698856,0.09005280155562978,0.9680365296803652,2x
A,S5,MVRV-Z DCA,k=5,2020-09-07 00:00:00+00:00,1.0849308656386034,2.5042049089886587,0.6089168238576206,0.7662925431645935,0.04211696317883394,0.0972131121756315,0.9698630136986301,2x
A,S5,MVRV-Z DCA,k=5,2020-10-05 00:00:00+00:00,1.0549585353001987,2.5964577648937377,0.6097130033870405,0.7662925431645927,0.03797742415467026,0.09346981377708564,0.9744292237442922,2x
A,S5,MVRV-Z DCA,k=5,2020-11-02 00:00:00+00:00,1.2285363104586302,2.566249230990568,0.6058743901181096,0.7662925431645933,0.03468341934412671,0.07244905784409517,0.9744292237442922,2x
A,S5,MVRV-Z DCA,k=5,2020-12-07 00:00:00+00:00,1.4212440698540318,2.2538587420387635,0.5967365320018481,0.7662925431645935,0.03247615879768889,0.05150183277213451,0.9789954337899544,2x
A,S5,MVRV-Z DCA,k=5,2021-01-04 00:00:00+00:00,1.3565655578641833,1.2944523897768965,0.5868596574039535,0.7662925431645932,0.03166199733002211,0.030212287103532794,0.971689497716895,2x
A,S5,MVRV-Z DCA,k=5,2021-02-01 00:00:00+00:00,1.3558199532557604,1.282827060327837,0.5750220652258649,0.7662925431645935,0.03184170862507657,0.030127455620663157,0.9744292237442922,2x
A,S5,MVRV-Z DCA,k=5,2021-03-01 00:00:00+00:00,1.9860170912405684,1.3503758922417333,0.5597163272792427,0.7662925431645937,0.03248789879109689,0.022089878033064954,0.9726277372262774,2x
A,S5,MVRV-Z DCA,k=5,2021-04-05 00:00:00+00:00,2.3414060523366644,1.1732035546423905,0.5317579210066493,0.7662925431645937,0.03418720405982825,0.017130112603171904,0.9598540145985401,2x
A,S5,MVRV-Z DCA,k=5,2021-05-03 00:00:00+00:00,2.1082899676277647,1.0407512134121604,0.5053772500124165,0.7662925431645937,0.03569705710164126,0.017621748461659308,0.9653284671532847,2x
A,S5,MVRV-Z DCA,k=5,2021-06-07 00:00:00+00:00,2.6519026770019902,1.9719115560688918,0.46660066613354545,0.7662925431645939,0.03745674980715829,0.027852227926033087,0.968065693430657,2x
A,S5,MVRV-Z DCA,k=5,2021-07-05 00:00:00+00:00,2.2061786714530482,1.611852440638958,0.43037265861987206,0.7662925431645932,0.03867096029348717,0.028253324419030917,0.9744525547445255,2x
A,S5,MVRV-Z DCA,k=5,2021-08-02 00:00:00+00:00,2.565153126126155,1.6350808774909573,0.3903043843729984,0.7662925431645933,0.03925011997924769,0.025018826347498708,0.9726277372262774,2x
A,S5,MVRV-Z DCA,k=5,2021-09-06 00:00:00+00:00,2.2640846415366473,1.082210759594436,0.3459280221339518,0.7662925431645936,0.04030054541717062,0.019263274467683087,0.9735401459854015,2x
A,S5,MVRV-Z DCA,k=5,2021-10-04 00:00:00+00:00,2.4815190151178292,1.2566569224686648,0.3097330637452823,0.7662925431645935,0.04084622752002055,0.020684787929109084,0.9744525547445255,2x
A,S5,MVRV-Z DCA,k=5,2021-11-01 00:00:00+00:00,2.916242149524461,1.1432600682100724,0.28153312191946134,0.7662925431645937,0.041487533924900705,0.016264438422091965,0.9616788321167883,2x
A,S5,MVRV-Z DCA,k=5,2021-12-06 00:00:00+00:00,4.118430544438897,1.956734231987824,0.261513750538678,0.6895818371830502,0.04248185858856036,0.02018383120505611,0.968065693430657,2x
A,S5,MVRV-Z DCA,k=5,2022-01-03 00:00:00+00:00,4.171481820271935,2.044878928087627,0.26151375053867687,0.6673056490171778,0.04301171163305024,0.021084532204355213,0.968065693430657,2x
A,S5,MVRV-Z DCA,k=5,2022-02-07 00:00:00+00:00,4.196225425080581,2.2714342906391938,0.261513750538679,0.6673056490171771,0.04345972423904858,0.023524929644694346,0.968978102189781,2x
A,S5,MVRV-Z DCA,k=5,2022-03-07 00:00:00+00:00,3.95475045306022,2.3337026430223706,0.2615137505386773,0.667305649017177,0.0439749509663393,0.025949667498618906,0.9698905109489051,2x
A,S5,MVRV-Z DCA,k=5,2022-04-04 00:00:00+00:00,3.6985796705850675,1.787734358860492,0.26151375053867876,0.6612040100033247,0.04444708964160647,0.021483811727944387,0.9616788321167883,2x
A,S5,MVRV-Z DCA,k=5,2022-05-02 00:00:00+00:00,4.318180043550343,2.50078608141515,0.28095276766937527,0.6023862433862442,0.04475265904538974,0.025917591605331067,0.9607664233576643,2x
A,S5,MVRV-Z DCA,k=5,2022-06-06 00:00:00+00:00,4.517546966632286,3.3826059186499036,0.2809527676693754,0.4969802155349645,0.044504046024756556,0.03332331696806523,0.9781021897810219,2x
A,S5,MVRV-Z DCA,k=5,2022-07-04 00:00:00+00:00,4.749352651895397,5.656334266406286,0.28095276766937527,0.35432082803835163,0.04333952809774675,0.0516160571422992,0.9872262773722628,2x
A,S5,MVRV-Z DCA,k=5,2022-08-01 00:00:00+00:00,4.791846397678598,4.954318888258948,0.28095276766937505,0.3543208280383514,0.04139320588630425,0.0427966851916324,0.9744525547445255,2x
A,S5,MVRV-Z DCA,k=5,2022-09-05 00:00:00+00:00,4.352064737265272,5.519889744081472,0.2809527676693756,0.29534411455035614,0.039303084471974906,0.04984960150752425,0.9808394160583942,2x
A,S5,MVRV-Z DCA,k=6,2018-01-01 00:00:00+00:00,5.179547317607294,2.102493220696822,0.6310592509388027,0.81184771458817,0.1790766690628836,0.0726911947323632,0.9616788321167883,2x
A,S5,MVRV-Z DCA,k=6,2018-02-05 00:00:00+00:00,6.686295848313368,4.501974699689464,0.6289103526393497,0.7210838037342595,0.15423503616462353,0.12188364350456875,0.9698905109489051,2x
A,S5,MVRV-Z DCA,k=6,2018-03-05 00:00:00+00:00,8.464493101402079,4.188389546201929,0.6255771276453141,0.7195983935742976,0.13206160087699545,0.08658332479643398,0.9653284671532847,2x
A,S5,MVRV-Z DCA,k=6,2018-04-02 00:00:00+00:00,9.84173946937738,8.59307249572363,0.6227284740984842,0.6743998377939981,0.11299625864304094,0.1463386939151619,0.9744525547445255,2x
A,S5,MVRV-Z DCA,k=6,2018-05-07 00:00:00+00:00,9.600705465021418,5.819767775203804,0.6167256343335085,0.6570507207688202,0.11410546716845726,0.10319893603687158,0.9616788321167883,2x
A,S5,MVRV-Z DCA,k=6,2018-06-04 00:00:00+00:00,7.663789602835585,5.072336655757304,0.6120546558081241,0.6334142876781383,0.1153428278866055,0.1292420770146375,0.968065693430657,2x
A,S5,MVRV-Z DCA,k=6,2018-07-02 00:00:00+00:00,6.9393591092036,5.251588625569691,0.6089898823714073,0.6334142876781382,0.11546647367941318,0.15674189570384595,0.9726277372262774,2x
A,S5,MVRV-Z DCA,k=6,2018-08-06 00:00:00+00:00,7.758886212022965,5.799979505899937,0.6027947466444223,0.6334142876781371,0.11629653542119682,0.1419390684236812,0.9698905109489051,2x
A,S5,MVRV-Z DCA,k=6,2018-09-03 00:00:00+00:00,8.768902178757996,6.724081630964662,0.5908138877386233,0.6334142876781372,0.11753281888894263,0.1365388914038534,0.968065693430657,2x
A,S5,MVRV-Z DCA,k=6,2018-10-01 00:00:00+00:00,8.097747116779967,6.593597262640294,0.5784197777733708,0.6334142876781369,0.1179266132141635,0.15045596515707785,0.9671532846715328,2x
A,S5,MVRV-Z DCA,k=6,2018-11-05 00:00:00+00:00,10.053097673636419,9.437661033795763,0.5622304464145176,0.6334142876781371,0.11744849996245206,0.15372032733272234,0.9717153284671532,2x
A,S5,MVRV-Z DCA,k=6,2018-12-03 00:00:00+00:00,9.253227796842113,13.534579201529183,0.5440861717157716,0.6334142876781377,0.11552860536435919,0.23963345832424493,0.9872262773722628,2x
A,S5,MVRV-Z DCA,k=6,2019-01-07 00:00:00+00:00,6.939992975687749,10.771679347898798,0.49628107984558956,0.6334142876781377,0.10607727056314473,0.25002557541363957,0.9872262773722628,2x
A,S5,MVRV-Z DCA,k=6,2019-02-04 00:00:00+00:00,5.7071404673329615,10.75730262853124,0.4464366734797842,0.633414287678137,0.09782104800834686,0.28830979495474035,0.9872262773722628,2x
A,S5,MVRV-Z DCA,k=6,2019-03-04 00:00:00+00:00,5.424273085225782,11.117251647485217,0.3816712423363423,0.6334142876781378,0.0877266481684052,0.26186582294919714,0.9872262773722628,2x
A,S5,MVRV-Z DCA,k=6,2019-04-01 00:00:00+00:00,4.870359600684674,11.060277998248083,0.37345188749728864,0.633414287678137,0.07666031476638244,0.24302780419236777,0.9808394160583942,2x
A,S5,MVRV-Z DCA,k=6,2019-05-06 00:00:00+00:00,3.7465556142945986,6.312563684767546,0.3709155850824245,0.6334142876781378,0.07044327867622781,0.17269632767918847,0.9708029197080292,2x
A,S5,MVRV-Z DCA,k=6,2019-06-03 00:00:00+00:00,3.157445476210882,3.4794264098662415,0.45034138142174784,0.633414287678138,0.06840188462708541,0.1142570461873639,0.9781021897810219,2x
A,S5,MVRV-Z DCA,k=6,2019-07-01 00:00:00+00:00,2.3383145595715633,1.8317983680778513,0.5706181792485102,0.7190587661047632,0.0682823513530701,0.09185533439262004,0.968065693430657,2x
A,S5,MVRV-Z DCA,k=6,2019-08-05 00:00:00+00:00,2.428445388717817,2.0636129659967843,0.5690530070723872,0.7190587661047625,0.06914197950415792,0.09121755692648732,0.968065693430657,2x
A,S5,MVRV-Z DCA,k=6,2019-09-02 00:00:00+00:00,2.181184901106533,2.0641765272775703,0.5676327300125619,0.7190587661047632,0.06962104966121813,0.10253486469821713,0.968065693430657,2x
A,S5,MVRV-Z DCA,k=6,2019-10-07 00:00:00+00:00,2.066691099637311,2.5334395142002823,0.5781026670812175,0.7266029902927508,0.07096867563760383,0.1269215669714635,0.9726277372262774,2x
A,S5,MVRV-Z DCA,k=6,2019-11-04 00:00:00+00:00,1.9848528179362144,2.190770980599913,0.5775956791470835,0.7266029902927513,0.07206475312077365,0.10841203952726781,0.968065693430657,2x
A,S5,MVRV-Z DCA,k=6,2019-12-02 00:00:00+00:00,1.6582415538900706,2.290002905696365,0.6238766449422797,0.7662925431645926,0.07320506680695378,0.13488560982627845,0.968065693430657,2x
A,S5,MVRV-Z DCA,k=6,2020-01-06 00:00:00+00:00,1.5094305104726633,2.2808226579437125,0.6253391870142948,0.7662925431645943,0.07489731592836127,0.13550635598248043,0.9744525547445255,2x
A,S5,MVRV-Z DCA,k=6,2020-02-03 00:00:00+00:00,1.9016762512941126,2.5096084644709618,0.6259121884600704,0.7662925431645937,0.07442250889356423,0.1068421335518317,0.9616788321167883,2x
A,S5,MVRV-Z DCA,k=6,2020-03-02 00:00:00+00:00,1.8234198820530845,2.7617139067895002,0.6252657412793416,0.7662925431645935,0.07368519924036959,0.11687830264245543,0.9771689497716894,2x
A,S5,MVRV-Z DCA,k=6,2020-04-06 00:00:00+00:00,1.8838840206881702,4.146849113420391,0.6304064321798137,0.7662925431645932,0.06687551835047877,0.14720793898974088,0.9744292237442922,2x
A,S5,MVRV-Z DCA,k=6,2020-05-04 00:00:00+00:00,1.7595164283614004,3.2537436706852922,0.6332373525769042,0.7662925431645932,0.06061829840259272,0.11209693844054097,0.9744292237442922,2x
A,S5,MVRV-Z DCA,k=6,2020-06-01 00:00:00+00:00,1.5142123340953402,2.8713096699328617,0.6338259585661281,0.7662925431645928,0.055648396073381644,0.10552270257210443,0.9680365296803652,2x
A,S5,MVRV-Z DCA,k=6,2020-07-06 00:00:00+00:00,1.520873714442553,3.353416445727075,0.6340859048967518,0.766292543164593,0.04985684927860731,0.10993074356886914,0.9744292237442922,2x
A,S5,MVRV-Z DCA,k=6,2020-08-03 00:00:00+00:00,1.3181640336704494,2.628281966730626,0.6342583828228276,0.7662925431645936,0.045164242514494087,0.09005280155562978,0.9680365296803652,2x
A,S5,MVRV-Z DCA,k=6,2020-09-07 00:00:00+00:00,1.0549493970382766,2.5042049089886587,0.6306950731076616,0.7662925431645935,0.0409530840330931,0.0972131121756315,0.9698630136986301,2x
A,S5,MVRV-Z DCA,k=6,2020-10-05 00:00:00+00:00,1.0368634513935695,2.5964577648937377,0.6252090127792269,0.7662925431645927,0.037326019712086315,0.09346981377708564,0.9744292237442922,2x
A,S5,MVRV-Z DCA,k=6,2020-11-02 00:00:00+00:00,1.2109903576138354,2.566249230990568,0.6180026818189979,0.7662925431645933,0.03418807082644138,0.07244905784409517,0.9744292237442922,2x
A,S5,MVRV-Z DCA,k=6,2020-12-07 00:00:00+00:00,1.4029158682519831,2.2538587420387635,0.605812670691667,0.7662925431645935,0.032057349953853,0.05150183277213451,0.9789954337899544,2x
A,S5,MVRV-Z DCA,k=6,2021-01-04 00:00:00+00:00,1.3405574976472525,1.2944523897768965,0.5940218407778339,0.7662925431645932,0.03128837206959217,0.030212287103532794,0.971689497716895,2x
A,S5,MVRV-Z DCA,k=6,2021-02-01 00:00:00+00:00,1.344792518674996,1.282827060327837,0.5795737204661422,0.7662925431645935,0.0315827270708078,0.030127455620663157,0.9726027397260274,2x
A,S5,MVRV-Z DCA,k=6,2021-03-01 00:00:00+00:00,1.9711464558756044,1.3503758922417333,0.5634809593328459,0.7662925431645937,0.032244640211486944,0.022089878033064954,0.968065693430657,2x
A,S5,MVRV-Z DCA,k=6,2021-04-05 00:00:00+00:00,2.3369554200953213,1.1732035546423905,0.5327785380443388,0.7662925431645937,0.034122219743042095,0.017130112603171904,0.9635036496350365,2x
A,S5,MVRV-Z DCA,k=6,2021-05-03 00:00:00+00:00,2.1082899676277647,1.0407512134121604,0.5053772500124165,0.7662925431645937,0.03569705710164126,0.017621748461659308,0.9653284671532847,2x
A,S5,MVRV-Z DCA,k=6,2021-06-07 00:00:00+00:00,2.6519026770019902,1.9719115560688918,0.46660066613354545,0.7662925431645939,0.03745674980715829,0.027852227926033087,0.968065693430657,2x
A,S5,MVRV-Z DCA,k=6,2021-07-05 00:00:00+00:00,2.2061786714530482,1.611852440638958,0.43037265861987206,0.7662925431645932,0.03867096029348717,0.028253324419030917,0.9744525547445255,2x
A,S5,MVRV-Z DCA,k=6,2021-08-02 00:00:00+00:00,2.565153126126155,1.6350808774909573,0.3903043843729984,0.7662925431645933,0.03925011997924769,0.025018826347498708,0.9726277372262774,2x
A,S5,MVRV-Z DCA,k=6,2021-09-06 00:00:00+00:00,2.2640846415366473,1.082210759594436,0.3459280221339518,0.7662925431645936,0.04030054541717062,0.019263274467683087,0.9735401459854015,2x
A,S5,MVRV-Z DCA,k=6,2021-10-04 00:00:00+00:00,2.4815190151178292,1.2566569224686648,0.3097330637452823,0.7662925431645935,0.04084622752002055,0.020684787929109084,0.9744525547445255,2x
A,S5,MVRV-Z DCA,k=6,2021-11-01 00:00:00+00:00,2.916242149524461,1.1432600682100724,0.28153312191946134,0.7662925431645937,0.041487533924900705,0.016264438422091965,0.9616788321167883,2x
A,S5,MVRV-Z DCA,k=6,2021-12-06 00:00:00+00:00,4.118430544438897,1.956734231987824,0.261513750538678,0.6895818371830502,0.04248185858856036,0.02018383120505611,0.968065693430657,2x
A,S5,MVRV-Z DCA,k=6,2022-01-03 00:00:00+00:00,4.171481820271935,2.044878928087627,0.26151375053867687,0.6673056490171778,0.04301171163305024,0.021084532204355213,0.968065693430657,2x
A,S5,MVRV-Z DCA,k=6,2022-02-07 00:00:00+00:00,4.196225425080581,2.2714342906391938,0.261513750538679,0.6673056490171771,0.04345972423904858,0.023524929644694346,0.968978102189781,2x
A,S5,MVRV-Z DCA,k=6,2022-03-07 00:00:00+00:00,3.95475045306022,2.3337026430223706,0.2615137505386773,0.667305649017177,0.0439749509663393,0.025949667498618906,0.9698905109489051,2x
A,S5,MVRV-Z DCA,k=6,2022-04-04 00:00:00+00:00,3.6985796705850675,1.787734358860492,0.26151375053867876,0.6612040100033247,0.04444708964160647,0.021483811727944387,0.9616788321167883,2x
A,S5,MVRV-Z DCA,k=6,2022-05-02 00:00:00+00:00,4.318180043550343,2.50078608141515,0.28095276766937527,0.6023862433862442,0.04475265904538974,0.025917591605331067,0.9607664233576643,2x
A,S5,MVRV-Z DCA,k=6,2022-06-06 00:00:00+00:00,4.517546966632286,3.3826059186499036,0.2809527676693754,0.4969802155349645,0.044504046024756556,0.03332331696806523,0.9781021897810219,2x
A,S5,MVRV-Z DCA,k=6,2022-07-04 00:00:00+00:00,4.749352651895397,5.656334266406286,0.28095276766937527,0.35432082803835163,0.04333952809774675,0.0516160571422992,0.9872262773722628,2x
A,S5,MVRV-Z DCA,k=6,2022-08-01 00:00:00+00:00,4.791846397678598,4.954318888258948,0.28095276766937505,0.3543208280383514,0.04139320588630425,0.0427966851916324,0.9744525547445255,2x
A,S5,MVRV-Z DCA,k=6,2022-09-05 00:00:00+00:00,4.352064737265272,5.519889744081472,0.2809527676693756,0.29534411455035614,0.039303084471974906,0.04984960150752425,0.9808394160583942,2x
A,S5,MVRV-Z DCA,k=7,2018-01-01 00:00:00+00:00,5.179547317607294,2.102493220696822,0.6310592509388027,0.81184771458817,0.1790766690628836,0.0726911947323632,0.9616788321167883,2x
A,S5,MVRV-Z DCA,k=7,2018-02-05 00:00:00+00:00,6.654217281130461,4.501974699689464,0.6289103526393497,0.7210838037342595,0.18015211123936112,0.12188364350456875,0.9698905109489051,2x
A,S5,MVRV-Z DCA,k=7,2018-03-05 00:00:00+00:00,8.7264157438519,4.188389546201929,0.6255771276453141,0.7195983935742976,0.18039441659474936,0.08658332479643398,0.9653284671532847,2x
A,S5,MVRV-Z DCA,k=7,2018-04-02 00:00:00+00:00,10.60071977090249,8.59307249572363,0.6227284740984842,0.6743998377939981,0.1805286161156573,0.1463386939151619,0.9744525547445255,2x
A,S5,MVRV-Z DCA,k=7,2018-05-07 00:00:00+00:00,10.203553272980066,5.819767775203804,0.6167256343335085,0.6570507207688202,0.18093434003562214,0.10319893603687158,0.9616788321167883,2x
A,S5,MVRV-Z DCA,k=7,2018-06-04 00:00:00+00:00,7.121598191468351,5.072336655757304,0.6120546558081241,0.6334142876781383,0.1814568323031858,0.1292420770146375,0.968065693430657,2x
A,S5,MVRV-Z DCA,k=7,2018-07-02 00:00:00+00:00,6.028623495406522,5.251588625569691,0.6089898823714073,0.6334142876781382,0.17993371958989982,0.15674189570384595,0.9726277372262774,2x
A,S5,MVRV-Z DCA,k=7,2018-08-06 00:00:00+00:00,7.316962034421014,5.799979505899937,0.6027947466444223,0.6334142876781371,0.17906318010274014,0.1419390684236812,0.9698905109489051,2x
A,S5,MVRV-Z DCA,k=7,2018-09-03 00:00:00+00:00,8.85210237141315,6.724081630964662,0.5908138877386233,0.6334142876781372,0.17975038238980665,0.1365388914038534,0.968065693430657,2x
A,S5,MVRV-Z DCA,k=7,2018-10-01 00:00:00+00:00,7.8470878016047205,6.593597262640294,0.5784197777733708,0.6334142876781369,0.17905873256050253,0.15045596515707785,0.9671532846715328,2x
A,S5,MVRV-Z DCA,k=7,2018-11-05 00:00:00+00:00,10.861137257588656,9.437661033795763,0.5622304464145176,0.6334142876781371,0.17690586348285725,0.15372032733272234,0.9717153284671532,2x
A,S5,MVRV-Z DCA,k=7,2018-12-03 00:00:00+00:00,9.757307389776193,13.534579201529183,0.5440861717157716,0.6334142876781377,0.17275581892347305,0.23963345832424493,0.9872262773722628,2x
A,S5,MVRV-Z DCA,k=7,2019-01-07 00:00:00+00:00,6.710761480345625,10.771679347898798,0.5314140778607934,0.6334142876781377,0.1557660552636482,0.25002557541363957,0.9872262773722628,2x
A,S5,MVRV-Z DCA,k=7,2019-02-04 00:00:00+00:00,5.251389409295523,10.75730262853124,0.5314140778607942,0.633414287678137,0.14074411180046964,0.28830979495474035,0.9872262773722628,2x
A,S5,MVRV-Z DCA,k=7,2019-03-04 00:00:00+00:00,5.221761300496084,11.117251647485217,0.5314140778607945,0.6334142876781378,0.12299809913073165,0.26186582294919714,0.9872262773722628,2x
A,S5,MVRV-Z DCA,k=7,2019-04-01 00:00:00+00:00,4.792859563704968,11.060277998248083,0.5314140778607939,0.633414287678137,0.10531364001466406,0.24302780419236777,0.9808394160583942,2x
A,S5,MVRV-Z DCA,k=7,2019-05-06 00:00:00+00:00,3.4464145295347715,6.312563684767546,0.5313172086657594,0.6334142876781378,0.09428548568104778,0.17269632767918847,0.9708029197080292,2x
A,S5,MVRV-Z DCA,k=7,2019-06-03 00:00:00+00:00,2.731460859086883,3.4794264098662415,0.5760170589535879,0.633414287678138,0.08969543044529112,0.1142570461873639,0.9781021897810219,2x
A,S5,MVRV-Z DCA,k=7,2019-07-01 00:00:00+00:00,1.7239852688953714,1.8317983680778513,0.7190587661047627,0.7190587661047632,0.08644905799785325,0.09185533439262004,0.968065693430657,2x
A,S5,MVRV-Z DCA,k=7,2019-08-05 00:00:00+00:00,1.883863737117266,2.0636129659967843,0.7190587661047632,0.7190587661047625,0.08327213024620381,0.09121755692648732,0.968065693430657,2x
A,S5,MVRV-Z DCA,k=7,2019-09-02 00:00:00+00:00,1.6230665931586672,2.0641765272775703,0.7190587661047628,0.7190587661047632,0.0806233921016491,0.10253486469821713,0.968065693430657,2x
A,S5,MVRV-Z DCA,k=7,2019-10-07 00:00:00+00:00,1.5294545551229137,2.5334395142002823,0.7266029902927513,0.7266029902927508,0.07662340768736278,0.1269215669714635,0.9726277372262774,2x
A,S5,MVRV-Z DCA,k=7,2019-11-04 00:00:00+00:00,1.4716311957682047,2.190770980599913,0.7266029902927509,0.7266029902927513,0.07282483690809807,0.10841203952726781,0.968065693430657,2x
A,S5,MVRV-Z DCA,k=7,2019-12-02 00:00:00+00:00,1.1683308387571905,2.290002905696365,0.7662792228340819,0.7662925431645926,0.0688169509622037,0.13488560982627845,0.968065693430657,2x
A,S5,MVRV-Z DCA,k=7,2020-01-06 00:00:00+00:00,1.0645008979040114,2.2808226579437125,0.7654996758761898,0.7662925431645943,0.06324325002326002,0.13550635598248043,0.9744525547445255,2x
A,S5,MVRV-Z DCA,k=7,2020-02-03 00:00:00+00:00,1.395186958909103,2.5096084644709618,0.7643591296257637,0.7662925431645937,0.059397612617219035,0.1068421335518317,0.9616788321167883,2x
A,S5,MVRV-Z DCA,k=7,2020-03-02 00:00:00+00:00,1.3342235686500956,2.7617139067895002,0.7625520487210307,0.7662925431645935,0.056465583080857654,0.11687830264245543,0.9771689497716894,2x
A,S5,MVRV-Z DCA,k=7,2020-04-06 00:00:00+00:00,1.3729377845582997,4.146849113420391,0.7589759606109399,0.7662925431645932,0.04873756823509461,0.14720793898974088,0.9744292237442922,2x
A,S5,MVRV-Z DCA,k=7,2020-05-04 00:00:00+00:00,1.284691763073129,3.2537436706852922,0.7562214031376597,0.7662925431645932,0.04425979058453225,0.11209693844054097,0.9744292237442922,2x
A,S5,MVRV-Z DCA,k=7,2020-06-01 00:00:00+00:00,1.1196065698329747,2.8713096699328617,0.7517381792632889,0.7662925431645928,0.04114634945279911,0.10552270257210443,0.9680365296803652,2x
A,S5,MVRV-Z DCA,k=7,2020-07-06 00:00:00+00:00,1.1584926002956273,3.353416445727075,0.7415282764584487,0.766292543164593,0.03797737472535069,0.10993074356886914,0.9744292237442922,2x
A,S5,MVRV-Z DCA,k=7,2020-08-03 00:00:00+00:00,1.0444971737130075,2.628281966730626,0.7285756204213644,0.7662925431645936,0.035787597335607206,0.09005280155562978,0.9680365296803652,2x
A,S5,MVRV-Z DCA,k=7,2020-09-07 00:00:00+00:00,0.8737802638757234,2.5042049089886587,0.7106114340733927,0.7662925431645935,0.033920107138240604,0.0972131121756315,0.9698630136986301,2x
A,S5,MVRV-Z DCA,k=7,2020-10-05 00:00:00+00:00,0.8876667362633969,2.5964577648937377,0.6930855040195245,0.7662925431645927,0.03195509114628279,0.09346981377708564,0.9744292237442922,2x
A,S5,MVRV-Z DCA,k=7,2020-11-02 00:00:00+00:00,1.0820994784819122,2.566249230990568,0.6693321542784729,0.7662925431645933,0.03054928833990926,0.07244905784409517,0.9744292237442922,2x
A,S5,MVRV-Z DCA,k=7,2020-12-07 00:00:00+00:00,1.3128913897125403,2.2538587420387635,0.6374490197558522,0.7662925431645935,0.0300002442654357,0.05150183277213451,0.9789954337899544,2x
A,S5,MVRV-Z DCA,k=7,2021-01-04 00:00:00+00:00,1.2956602158611419,1.2944523897768965,0.6103887408205404,0.7662925431645932,0.030240477548169116,0.030212287103532794,0.9726027397260274,2x
A,S5,MVRV-Z DCA,k=7,2021-02-01 00:00:00+00:00,1.3247596711392475,1.282827060327837,0.5869292003323372,0.7662925431645935,0.031112251553293748,0.030127455620663157,0.9744292237442922,2x
A,S5,MVRV-Z DCA,k=7,2021-03-01 00:00:00+00:00,1.9616359612896166,1.3503758922417333,0.5657823882566013,0.7662925431645937,0.03208906451834428,0.022089878033064954,0.9744525547445255,2x
A,S5,MVRV-Z DCA,k=7,2021-04-05 00:00:00+00:00,2.3369554200953213,1.1732035546423905,0.5327785380443388,0.7662925431645937,0.034122219743042095,0.017130112603171904,0.9635036496350365,2x
A,S5,MVRV-Z DCA,k=7,2021-05-03 00:00:00+00:00,2.1082899676277647,1.0407512134121604,0.5053772500124165,0.7662925431645937,0.03569705710164126,0.017621748461659308,0.9653284671532847,2x
A,S5,MVRV-Z DCA,k=7,2021-06-07 00:00:00+00:00,2.6519026770019902,1.9719115560688918,0.46660066613354545,0.7662925431645939,0.03745674980715829,0.027852227926033087,0.968065693430657,2x
A,S5,MVRV-Z DCA,k=7,2021-07-05 00:00:00+00:00,2.2061786714530482,1.611852440638958,0.43037265861987206,0.7662925431645932,0.03867096029348717,0.028253324419030917,0.9744525547445255,2x
A,S5,MVRV-Z DCA,k=7,2021-08-02 00:00:00+00:00,2.565153126126155,1.6350808774909573,0.3903043843729984,0.7662925431645933,0.03925011997924769,0.025018826347498708,0.9726277372262774,2x
A,S5,MVRV-Z DCA,k=7,2021-09-06 00:00:00+00:00,2.2640846415366473,1.082210759594436,0.3459280221339518,0.7662925431645936,0.04030054541717062,0.019263274467683087,0.9735401459854015,2x
A,S5,MVRV-Z DCA,k=7,2021-10-04 00:00:00+00:00,2.4815190151178292,1.2566569224686648,0.3097330637452823,0.7662925431645935,0.04084622752002055,0.020684787929109084,0.9744525547445255,2x
A,S5,MVRV-Z DCA,k=7,2021-11-01 00:00:00+00:00,2.916242149524461,1.1432600682100724,0.28153312191946134,0.7662925431645937,0.041487533924900705,0.016264438422091965,0.9616788321167883,2x
A,S5,MVRV-Z DCA,k=7,2021-12-06 00:00:00+00:00,4.118430544438897,1.956734231987824,0.261513750538678,0.6895818371830502,0.04248185858856036,0.02018383120505611,0.968065693430657,2x
A,S5,MVRV-Z DCA,k=7,2022-01-03 00:00:00+00:00,4.171481820271935,2.044878928087627,0.26151375053867687,0.6673056490171778,0.04301171163305024,0.021084532204355213,0.968065693430657,2x
A,S5,MVRV-Z DCA,k=7,2022-02-07 00:00:00+00:00,4.196225425080581,2.2714342906391938,0.261513750538679,0.6673056490171771,0.04345972423904858,0.023524929644694346,0.968978102189781,2x
A,S5,MVRV-Z DCA,k=7,2022-03-07 00:00:00+00:00,3.95475045306022,2.3337026430223706,0.2615137505386773,0.667305649017177,0.0439749509663393,0.025949667498618906,0.9698905109489051,2x
A,S5,MVRV-Z DCA,k=7,2022-04-04 00:00:00+00:00,3.6985796705850675,1.787734358860492,0.26151375053867876,0.6612040100033247,0.04444708964160647,0.021483811727944387,0.9616788321167883,2x
A,S5,MVRV-Z DCA,k=7,2022-05-02 00:00:00+00:00,4.318180043550343,2.50078608141515,0.28095276766937527,0.6023862433862442,0.04475265904538974,0.025917591605331067,0.9607664233576643,2x
A,S5,MVRV-Z DCA,k=7,2022-06-06 00:00:00+00:00,4.517546966632286,3.3826059186499036,0.2809527676693754,0.4969802155349645,0.044504046024756556,0.03332331696806523,0.9781021897810219,2x
A,S5,MVRV-Z DCA,k=7,2022-07-04 00:00:00+00:00,4.749352651895397,5.656334266406286,0.28095276766937527,0.35432082803835163,0.04333952809774675,0.0516160571422992,0.9872262773722628,2x
A,S5,MVRV-Z DCA,k=7,2022-08-01 00:00:00+00:00,4.791846397678598,4.954318888258948,0.28095276766937505,0.3543208280383514,0.04139320588630425,0.0427966851916324,0.9744525547445255,2x
A,S5,MVRV-Z DCA,k=7,2022-09-05 00:00:00+00:00,4.352064737265272,5.519889744081472,0.2809527676693756,0.29534411455035614,0.039303084471974906,0.04984960150752425,0.9808394160583942,2x
A,A2-lump,"Market gate, lump sum",map=70/40,2018-01-01 00:00:00+00:00,2.6736976661711642,2.102493220696822,0.4313300070144982,0.81184771458817,0.0,0.0726911947323632,0.8686131386861314,2x
A,A2-lump,"Market gate, lump sum",map=70/40,2018-02-05 00:00:00+00:00,2.6736976661711642,4.501974699689464,0.4313300070144982,0.7210838037342595,0.0,0.12188364350456875,0.8686131386861314,2x
A,A2-lump,"Market gate, lump sum",map=70/40,2018-03-05 00:00:00+00:00,2.6736976661711642,4.188389546201929,0.4313300070144982,0.7195983935742976,0.0,0.08658332479643398,0.8686131386861314,2x
A,A2-lump,"Market gate, lump sum",map=70/40,2018-04-02 00:00:00+00:00,2.6292982738712745,8.59307249572363,0.43133000701449886,0.6743998377939981,0.0,0.1463386939151619,0.8622262773722628,2x
A,A2-lump,"Market gate, lump sum",map=70/40,2018-05-07 00:00:00+00:00,2.251150226512043,5.819767775203804,0.42466956372483966,0.6570507207688202,0.0,0.10319893603687158,0.8558394160583942,2x
A,A2-lump,"Market gate, lump sum",map=70/40,2018-06-04 00:00:00+00:00,2.4372929948833844,5.072336655757304,0.4174252991562514,0.6334142876781383,0.0,0.1292420770146375,0.8366788321167883,2x
A,A2-lump,"Market gate, lump sum",map=70/40,2018-07-02 00:00:00+00:00,2.7125616283625873,5.251588625569691,0.41729627886363396,0.6334142876781382,0.0,0.15674189570384595,0.8111313868613139,2x
A,A2-lump,"Market gate, lump sum",map=70/40,2018-08-06 00:00:00+00:00,2.505295627509149,5.799979505899937,0.3894014212357316,0.6334142876781371,0.0,0.1419390684236812,0.7791970802919708,2x
A,A2-lump,"Market gate, lump sum",map=70/40,2018-09-03 00:00:00+00:00,2.453136248673173,6.724081630964662,0.38940142123573207,0.6334142876781372,0.0,0.1365388914038534,0.7536496350364964,2x
A,A2-lump,"Market gate, lump sum",map=70/40,2018-10-01 00:00:00+00:00,2.6212066424170968,6.593597262640294,0.3894014212357316,0.6334142876781369,0.0,0.15045596515707785,0.7281021897810219,2x
A,A2-lump,"Market gate, lump sum",map=70/40,2018-11-05 00:00:00+00:00,2.6485381450812833,9.437661033795763,0.38940142123573296,0.6334142876781371,0.0,0.15372032733272234,0.6961678832116789,2x
A,A2-lump,"Market gate, lump sum",map=70/40,2018-12-03 00:00:00+00:00,3.106685230833314,13.534579201529183,0.3894014212357322,0.6334142876781377,0.0,0.23963345832424493,0.6833941605839416,2x
A,A2-lump,"Market gate, lump sum",map=70/40,2019-01-07 00:00:00+00:00,3.140578127381338,10.771679347898798,0.38940142123573196,0.6334142876781377,0.0,0.25002557541363957,0.6514598540145985,2x
A,A2-lump,"Market gate, lump sum",map=70/40,2019-02-04 00:00:00+00:00,3.2029107268723847,10.75730262853124,0.3894014212357323,0.633414287678137,0.049045307034214114,0.28830979495474035,0.6487226277372263,2x
A,A2-lump,"Market gate, lump sum",map=70/40,2019-03-04 00:00:00+00:00,3.2429890858219266,11.117251647485217,0.3894014212357335,0.6334142876781378,0.0,0.26186582294919714,0.6259124087591241,2x
A,A2-lump,"Market gate, lump sum",map=70/40,2019-04-01 00:00:00+00:00,3.0988660769903005,11.060277998248083,0.3894014212357314,0.633414287678137,0.0,0.24302780419236777,0.6003649635036497,2x
A,A2-lump,"Market gate, lump sum",map=70/40,2019-05-06 00:00:00+00:00,2.0065083716924166,6.312563684767546,0.3894014212357332,0.6334142876781378,0.02968906546999071,0.17269632767918847,0.5976277372262774,2x
A,A2-lump,"Market gate, lump sum",map=70/40,2019-06-03 00:00:00+00:00,1.3048571567189604,3.4794264098662415,0.3894014212357333,0.633414287678138,0.02454880702551157,0.1142570461873639,0.5976277372262774,2x
A,A2-lump,"Market gate, lump sum",map=70/40,2019-07-01 00:00:00+00:00,0.8952058164937371,1.8317983680778513,0.45994965734484894,0.7190587661047632,0.026593558801537756,0.09185533439262004,0.5976277372262774,2x
A,A2-lump,"Market gate, lump sum",map=70/40,2019-08-05 00:00:00+00:00,0.9041245398267814,2.0636129659967843,0.45994965734484905,0.7190587661047625,0.0248773543420832,0.09121755692648732,0.6040145985401459,2x
A,A2-lump,"Market gate, lump sum",map=70/40,2019-09-02 00:00:00+00:00,0.8992030562835436,2.0641765272775703,0.4599496573448487,0.7190587661047632,0.026562966851387572,0.10253486469821713,0.6040145985401459,2x
A,A2-lump,"Market gate, lump sum",map=70/40,2019-10-07 00:00:00+00:00,1.0110859606514309,2.5334395142002823,0.4711750048148149,0.7266029902927508,0.03001950653570735,0.1269215669714635,0.6040145985401459,2x
A,A2-lump,"Market gate, lump sum",map=70/40,2019-11-04 00:00:00+00:00,0.9547208765982428,2.190770980599913,0.4711750048148158,0.7266029902927513,0.028147707875889105,0.10841203952726781,0.6040145985401459,2x
A,A2-lump,"Market gate, lump sum",map=70/40,2019-12-02 00:00:00+00:00,0.9855537851059846,2.290002905696365,0.5070211318987945,0.7662925431645926,0.03536470769619126,0.13488560982627845,0.6040145985401459,2x
A,A2-lump,"Market gate, lump sum",map=70/40,2020-01-06 00:00:00+00:00,0.9764887870713239,2.2808226579437125,0.5070211318987936,0.7662925431645943,0.05801434703085662,0.13550635598248043,0.6040145985401459,2x
A,A2-lump,"Market gate, lump sum",map=70/40,2020-02-03 00:00:00+00:00,1.1746884042096475,2.5096084644709618,0.5070211318987943,0.7662925431645937,0.05001027735647703,0.1068421335518317,0.6040145985401459,2x
A,A2-lump,"Market gate, lump sum",map=70/40,2020-03-02 00:00:00+00:00,1.2171100271238582,2.7617139067895002,0.5070211318987939,0.7662925431645935,0.03131092105835406,0.11687830264245543,0.6036529680365297,2x
A,A2-lump,"Market gate, lump sum",map=70/40,2020-04-06 00:00:00+00:00,1.5105003489094333,4.146849113420391,0.5070211318987932,0.7662925431645932,0.03479390859942816,0.14720793898974088,0.6036529680365297,2x
A,A2-lump,"Market gate, lump sum",map=70/40,2020-05-04 00:00:00+00:00,1.2950973785374917,3.2537436706852922,0.5070211318986847,0.7662925431645932,0.02703663596085133,0.11209693844054097,0.6036529680365297,2x
A,A2-lump,"Market gate, lump sum",map=70/40,2020-06-01 00:00:00+00:00,1.1971804455236748,2.8713096699328617,0.5081301119827186,0.7662925431645928,0.02597722983657653,0.10552270257210443,0.6036529680365297,2x
A,A2-lump,"Market gate, lump sum",map=70/40,2020-07-06 00:00:00+00:00,1.3178124662689086,3.353416445727075,0.5081303151979499,0.766292543164593,0.026687049969811603,0.10993074356886914,0.6036529680365297,2x
A,A2-lump,"Market gate, lump sum",map=70/40,2020-08-03 00:00:00+00:00,1.1331619661979762,2.628281966730626,0.5070211318362654,0.7662925431645936,0.023577370507724876,0.09005280155562978,0.6036529680365297,2x
A,A2-lump,"Market gate, lump sum",map=70/40,2020-09-07 00:00:00+00:00,1.1074809396740761,2.5042049089886587,0.5070217194677931,0.7662925431645935,0.024811738424790286,0.0972131121756315,0.6036529680365297,2x
A,A2-lump,"Market gate, lump sum",map=70/40,2020-10-05 00:00:00+00:00,1.1270932641569118,2.5964577648937377,0.5070211325212179,0.7662925431645927,0.024158564884580562,0.09346981377708564,0.6036529680365297,2x
A,A2-lump,"Market gate, lump sum",map=70/40,2020-11-02 00:00:00+00:00,1.1173757047335018,2.566249230990568,0.5070210952200443,0.7662925431645933,0.020579018090166767,0.07244905784409517,0.6036529680365297,2x
A,A2-lump,"Market gate, lump sum",map=70/40,2020-12-07 00:00:00+00:00,1.0728949766609233,2.2538587420387635,0.49824694936556213,0.7662925431645935,0.01567173249313885,0.05150183277213451,0.6100456621004566,2x
A,A2-lump,"Market gate, lump sum",map=70/40,2021-01-04 00:00:00+00:00,1.058516788967768,1.2944523897768965,0.49824694936556213,0.7662925431645932,0.01567173249313885,0.030212287103532794,0.6356164383561644,2x
A,A2-lump,"Market gate, lump sum",map=70/40,2021-02-01 00:00:00+00:00,1.054360175358613,1.282827060327837,0.49824694936556213,0.7662925431645935,0.01567173249313885,0.030127455620663157,0.6611872146118721,2x
A,A2-lump,"Market gate, lump sum",map=70/40,2021-03-01 00:00:00+00:00,1.3261347608129324,1.3503758922417333,0.49824694936556213,0.7662925431645937,0.014211210996513875,0.022089878033064954,0.6870437956204379,2x
A,A2-lump,"Market gate, lump sum",map=70/40,2021-04-05 00:00:00+00:00,1.4193959858731497,1.1732035546423905,0.49824694936556213,0.7662925431645937,0.0,0.017130112603171904,0.7025547445255474,2x
A,A2-lump,"Market gate, lump sum",map=70/40,2021-05-03 00:00:00+00:00,1.3386766965632486,1.0407512134121604,0.4908142871583313,0.7662925431645937,0.013062212918904727,0.017621748461659308,0.6998175182481752,2x
A,A2-lump,"Market gate, lump sum",map=70/40,2021-06-07 00:00:00+00:00,1.4958520127879071,1.9719115560688918,0.4908142871583313,0.7662925431645939,0.01288286382232567,0.027852227926033087,0.7253649635036497,2x
A,A2-lump,"Market gate, lump sum",map=70/40,2021-07-05 00:00:00+00:00,1.3187248739515607,1.611852440638958,0.4908142871583313,0.7662925431645932,0.01288286382232567,0.028253324419030917,0.7509124087591241,2x
A,A2-lump,"Market gate, lump sum",map=70/40,2021-08-02 00:00:00+00:00,1.4592895470758995,1.6350808774909573,0.4908142871583313,0.7662925431645933,0.0,0.025018826347498708,0.7664233576642335,2x
A,A2-lump,"Market gate, lump sum",map=70/40,2021-09-06 00:00:00+00:00,1.4592895470758995,1.082210759594436,0.4908142871583313,0.7662925431645936,0.0,0.019263274467683087,0.7664233576642335,2x
A,A2-lump,"Market gate, lump sum",map=70/40,2021-10-04 00:00:00+00:00,1.5216556003357258,1.2566569224686648,0.4908142871583313,0.7662925431645935,0.0,0.020684787929109084,0.7728102189781022,2x
A,A2-lump,"Market gate, lump sum",map=70/40,2021-11-01 00:00:00+00:00,1.627193757646962,1.1432600682100724,0.4908142871583313,0.7662925431645937,0.014490004162815543,0.016264438422091965,0.7956204379562044,2x
A,A2-lump,"Market gate, lump sum",map=70/40,2021-12-06 00:00:00+00:00,2.056656488351678,1.956734231987824,0.4620568512895903,0.6895818371830502,0.0,0.02018383120505611,0.7983576642335767,2x
A,A2-lump,"Market gate, lump sum",map=70/40,2022-01-03 00:00:00+00:00,1.9648785744376125,2.044878928087627,0.4620568512895903,0.6673056490171778,0.011777269189291858,0.021084532204355213,0.8147810218978102,2x
A,A2-lump,"Market gate, lump sum",map=70/40,2022-02-07 00:00:00+00:00,1.952457454485802,2.2714342906391938,0.4496702560476207,0.6673056490171771,0.01173308984005902,0.023524929644694346,0.8211678832116789,2x
A,A2-lump,"Market gate, lump sum",map=70/40,2022-03-07 00:00:00+00:00,1.922338830749614,2.3337026430223706,0.4496702560476207,0.667305649017177,0.0,0.025949667498618906,0.843065693430657,2x
A,A2-lump,"Market gate, lump sum",map=70/40,2022-04-04 00:00:00+00:00,1.922338830749614,1.787734358860492,0.4496702560476208,0.6612040100033247,0.0,0.021483811727944387,0.843065693430657,2x
A,A2-lump,"Market gate, lump sum",map=70/40,2022-05-02 00:00:00+00:00,2.1506961517130883,2.50078608141515,0.3944437709995424,0.6023862433862442,0.0,0.025917591605331067,0.8175182481751825,2x
A,A2-lump,"Market gate, lump sum",map=70/40,2022-06-06 00:00:00+00:00,2.3711300286026047,3.3826059186499036,0.3092701266832105,0.4969802155349645,0.013596217483329514,0.03332331696806523,0.7956204379562044,2x
A,A2-lump,"Market gate, lump sum",map=70/40,2022-07-04 00:00:00+00:00,3.2066542200863224,5.656334266406286,0.20727950581101162,0.35432082803835163,0.017573365686857658,0.0516160571422992,0.7956204379562044,2x
A,A2-lump,"Market gate, lump sum",map=70/40,2022-08-01 00:00:00+00:00,2.9458878799661026,4.954318888258948,0.20694182138733097,0.3543208280383514,0.015615485434970698,0.0427966851916324,0.7956204379562044,2x
A,A2-lump,"Market gate, lump sum",map=70/40,2022-09-05 00:00:00+00:00,3.1242002068024286,5.519889744081472,0.1700054206709778,0.29534411455035614,0.017014627447929104,0.04984960150752425,0.7956204379562044,2x
A,A2-lump,"Market gate, lump sum",map=60/30,2018-01-01 00:00:00+00:00,2.1354201729603925,2.102493220696822,0.6762400870560874,0.81184771458817,0.04792877860146669,0.0726911947323632,1.0,2x
A,A2-lump,"Market gate, lump sum",map=60/30,2018-02-05 00:00:00+00:00,3.2945747926143536,4.501974699689464,0.6041205413342721,0.7210838037342595,0.05591252486237743,0.12188364350456875,1.0,2x
A,A2-lump,"Market gate, lump sum",map=60/30,2018-03-05 00:00:00+00:00,3.208713361357472,4.188389546201929,0.5993117415175573,0.7195983935742976,0.03974150400489765,0.08658332479643398,1.0,2x
A,A2-lump,"Market gate, lump sum",map=60/30,2018-04-02 00:00:00+00:00,4.857071439314331,8.59307249572363,0.5745718986020072,0.6743998377939981,0.05332404325746645,0.1463386939151619,1.0,2x
A,A2-lump,"Market gate, lump sum",map=60/30,2018-05-07 00:00:00+00:00,3.8191913411305562,5.819767775203804,0.5594570651327376,0.6570507207688202,0.04302868354194139,0.10319893603687158,1.0,2x
A,A2-lump,"Market gate, lump sum",map=60/30,2018-06-04 00:00:00+00:00,3.3438640478539323,5.072336655757304,0.5313210627244143,0.6334142876781383,0.0,0.1292420770146375,0.989963503649635,2x
A,A2-lump,"Market gate, lump sum",map=60/30,2018-07-02 00:00:00+00:00,3.63799681817877,5.251588625569691,0.5312172708633504,0.6334142876781382,0.06415186627180204,0.15674189570384595,0.968065693430657,2x
A,A2-lump,"Market gate, lump sum",map=60/30,2018-08-06 00:00:00+00:00,3.869624631100065,5.799979505899937,0.4960187560709156,0.6334142876781371,0.060680617334036534,0.1419390684236812,0.9616788321167883,2x
A,A2-lump,"Market gate, lump sum",map=60/30,2018-09-03 00:00:00+00:00,4.252306704106738,6.724081630964662,0.49553018276421856,0.6334142876781372,0.054217512166646074,0.1365388914038534,0.9616788321167883,2x
A,A2-lump,"Market gate, lump sum",map=60/30,2018-10-01 00:00:00+00:00,4.190735208661378,6.593597262640294,0.4736702568543647,0.6334142876781369,0.057401070865729896,0.15045596515707785,0.9616788321167883,2x
A,A2-lump,"Market gate, lump sum",map=60/30,2018-11-05 00:00:00+00:00,4.852304821017646,9.437661033795763,0.4592040017037424,0.6334142876781371,0.04954175505749996,0.15372032733272234,0.9552919708029197,2x
A,A2-lump,"Market gate, lump sum",map=60/30,2018-12-03 00:00:00+00:00,7.262339879073258,13.534579201529183,0.42289471159440495,0.6334142876781377,0.07806527367109613,0.23963345832424493,0.9552919708029197,2x
A,A2-lump,"Market gate, lump sum",map=60/30,2019-01-07 00:00:00+00:00,6.331314562784988,10.771679347898798,0.4228947115944033,0.6334142876781377,0.07950812260310337,0.25002557541363957,0.9552919708029197,2x
A,A2-lump,"Market gate, lump sum",map=60/30,2019-02-04 00:00:00+00:00,6.394712168458643,10.75730262853124,0.4228947115944047,0.633414287678137,0.0980324542186441,0.28830979495474035,0.9552919708029197,2x
A,A2-lump,"Market gate, lump sum",map=60/30,2019-03-04 00:00:00+00:00,6.266067563627259,11.117251647485217,0.4228947115944057,0.6334142876781378,0.08904085032464709,0.26186582294919714,0.9552919708029197,2x
A,A2-lump,"Market gate, lump sum",map=60/30,2019-04-01 00:00:00+00:00,6.067863281871614,11.060277998248083,0.42289471159440384,0.633414287678137,0.08263545847301493,0.24302780419236777,0.9552919708029197,2x
A,A2-lump,"Market gate, lump sum",map=60/30,2019-05-06 00:00:00+00:00,3.785856983258162,6.312563684767546,0.4228947115944045,0.6334142876781378,0.05872101861678232,0.17269632767918847,0.9552919708029197,2x
A,A2-lump,"Market gate, lump sum",map=60/30,2019-06-03 00:00:00+00:00,2.3126203308713005,3.4794264098662415,0.42288624663184204,0.633414287678138,0.043510700767215305,0.1142570461873639,0.9552919708029197,2x
A,A2-lump,"Market gate, lump sum",map=60/30,2019-07-01 00:00:00+00:00,1.5864364042426746,1.8317983680778513,0.5258303835762927,0.7190587661047632,0.047127698488195,0.09185533439262004,0.9552919708029197,2x
A,A2-lump,"Market gate, lump sum",map=60/30,2019-08-05 00:00:00+00:00,1.7065139543990968,2.0636129659967843,0.5258303835762914,0.7190587661047625,0.04695542534954468,0.09121755692648732,0.9552919708029197,2x
A,A2-lump,"Market gate, lump sum",map=60/30,2019-09-02 00:00:00+00:00,1.7153615414855914,2.0641765272775703,0.5258303835762921,0.7190587661047632,0.08520800485834565,0.10253486469821713,0.9552919708029197,2x
A,A2-lump,"Market gate, lump sum",map=60/30,2019-10-07 00:00:00+00:00,1.991491143204481,2.5334395142002823,0.5392491131448638,0.7266029902927508,0.05777748260690403,0.1269215669714635,0.9552919708029197,2x
A,A2-lump,"Market gate, lump sum",map=60/30,2019-11-04 00:00:00+00:00,1.8729958942549672,2.190770980599913,0.5392491131448635,0.7266029902927513,0.09268668734455113,0.10841203952726781,0.9552919708029197,2x
A,A2-lump,"Market gate, lump sum",map=60/30,2019-12-02 00:00:00+00:00,1.762470003666647,2.290002905696365,0.5914418366020735,0.7662925431645926,0.06332398597525847,0.13488560982627845,0.9552919708029197,2x
A,A2-lump,"Market gate, lump sum",map=60/30,2020-01-06 00:00:00+00:00,1.7462717353372117,2.2808226579437125,0.5914418366020733,0.7662925431645943,0.10374805712605636,0.13550635598248043,0.9552919708029197,2x
A,A2-lump,"Market gate, lump sum",map=60/30,2020-02-03 00:00:00+00:00,2.1007155281854244,2.5096084644709618,0.5914418366020737,0.7662925431645937,0.08943424131465381,0.1068421335518317,0.9552919708029197,2x
A,A2-lump,"Market gate, lump sum",map=60/30,2020-03-02 00:00:00+00:00,2.205128730881996,2.7617139067895002,0.591441836602074,0.7662925431645935,0.09332310002856646,0.11687830264245543,0.9552511415525115,2x
A,A2-lump,"Market gate, lump sum",map=60/30,2020-04-06 00:00:00+00:00,2.9179232464945484,4.146849113420391,0.5914418366020744,0.7662925431645932,0.062222546693359665,0.14720793898974088,0.9552511415525115,2x
A,A2-lump,"Market gate, lump sum",map=60/30,2020-05-04 00:00:00+00:00,2.5229727703375744,3.2537436706852922,0.5914418366020731,0.7662925431645932,0.0869206526229296,0.11209693844054097,0.9552511415525115,2x
A,A2-lump,"Market gate, lump sum",map=60/30,2020-06-01 00:00:00+00:00,2.271056976748397,2.8713096699328617,0.5914418183987306,0.7662925431645928,0.0834629828998303,0.10552270257210443,0.9552511415525115,2x
A,A2-lump,"Market gate, lump sum",map=60/30,2020-07-06 00:00:00+00:00,2.615592979172828,3.353416445727075,0.5914418183987329,0.766292543164593,0.08574362466682559,0.10993074356886914,0.9552511415525115,2x
A,A2-lump,"Market gate, lump sum",map=60/30,2020-08-03 00:00:00+00:00,2.2122816649456456,2.628281966730626,0.5914418366020731,0.7662925431645936,0.07579938693043844,0.09005280155562978,0.9552511415525115,2x
A,A2-lump,"Market gate, lump sum",map=60/30,2020-09-07 00:00:00+00:00,2.0548251320839337,2.5042049089886587,0.5914418366020979,0.7662925431645935,0.07976821119932039,0.0972131121756315,0.9552511415525115,2x
A,A2-lump,"Market gate, lump sum",map=60/30,2020-10-05 00:00:00+00:00,2.157502683197108,2.5964577648937377,0.5914418366020737,0.7662925431645927,0.07766788150711529,0.09346981377708564,0.9552511415525115,2x
A,A2-lump,"Market gate, lump sum",map=60/30,2020-11-02 00:00:00+00:00,2.317039156813531,2.566249230990568,0.5914418366020728,0.7662925431645933,0.03969593891507659,0.07244905784409517,0.9552511415525115,2x
A,A2-lump,"Market gate, lump sum",map=60/30,2020-12-07 00:00:00+00:00,2.129485070156436,2.2538587420387635,0.5914418183978136,0.7662925431645935,0.03192107840957964,0.05150183277213451,0.9552511415525115,2x
A,A2-lump,"Market gate, lump sum",map=60/30,2021-01-04 00:00:00+00:00,1.5011922140244522,1.2944523897768965,0.5914414918904713,0.7662925431645932,0.020842381122741324,0.030212287103532794,0.9552511415525115,2x
A,A2-lump,"Market gate, lump sum",map=60/30,2021-02-01 00:00:00+00:00,1.492779585504219,1.282827060327837,0.5914412213293487,0.7662925431645935,0.02080218358929859,0.030127455620663157,0.9552511415525115,2x
A,A2-lump,"Market gate, lump sum",map=60/30,2021-03-01 00:00:00+00:00,1.5513123368775672,1.3503758922417333,0.5868535115045441,0.7662925431645937,0.017177313772764213,0.022089878033064954,0.9552919708029197,2x
A,A2-lump,"Market gate, lump sum",map=60/30,2021-04-05 00:00:00+00:00,1.417994644811778,1.1732035546423905,0.587158451997223,0.7662925431645937,0.012828196638716116,0.017130112603171904,0.9552919708029197,2x
A,A2-lump,"Market gate, lump sum",map=60/30,2021-05-03 00:00:00+00:00,1.336961109016003,1.0407512134121604,0.5855919394927802,0.7662925431645937,0.013222817572153434,0.017621748461659308,0.9552919708029197,2x
A,A2-lump,"Market gate, lump sum",map=60/30,2021-06-07 00:00:00+00:00,1.9490562615154805,1.9719115560688918,0.5855919394927787,0.7662925431645939,0.017271425681204117,0.027852227926033087,0.968065693430657,2x
A,A2-lump,"Market gate, lump sum",map=60/30,2021-07-05 00:00:00+00:00,1.7005779356416881,1.611852440638958,0.58559193949278,0.7662925431645932,0.01716029873594423,0.028253324419030917,0.9872262773722628,2x
A,A2-lump,"Market gate, lump sum",map=60/30,2021-08-02 00:00:00+00:00,1.6841528300509043,1.6350808774909573,0.5855919394927809,0.7662925431645933,0.015680604828934228,0.025018826347498708,0.9936131386861314,2x
A,A2-lump,"Market gate, lump sum",map=60/30,2021-09-06 00:00:00+00:00,1.3067002209662133,1.082210759594436,0.5855919394927802,0.7662925431645936,0.013302517550697276,0.019263274467683087,0.9936131386861314,2x
A,A2-lump,"Market gate, lump sum",map=60/30,2021-10-04 00:00:00+00:00,1.431332055060961,1.2566569224686648,0.5855919394927792,0.7662925431645935,0.013923158413587353,0.020684787929109084,0.9936131386861314,2x
A,A2-lump,"Market gate, lump sum",map=60/30,2021-11-01 00:00:00+00:00,1.4942899470893745,1.1432600682100724,0.5741694113622833,0.7662925431645937,0.013301311099711643,0.016264438422091965,1.0,2x
A,A2-lump,"Market gate, lump sum",map=60/30,2021-12-06 00:00:00+00:00,2.0712681707842044,1.956734231987824,0.4973657853357385,0.6895818371830502,0.01376231016943954,0.02018383120505611,1.0,2x
A,A2-lump,"Market gate, lump sum",map=60/30,2022-01-03 00:00:00+00:00,2.124678737461466,2.044878928087627,0.4859677417706032,0.6673056490171778,0.012926663513744328,0.021084532204355213,1.0,2x
A,A2-lump,"Market gate, lump sum",map=60/30,2022-02-07 00:00:00+00:00,2.2127853422837784,2.2714342906391938,0.48992669728898286,0.6673056490171771,0.013498057989957919,0.023524929644694346,1.0,2x
A,A2-lump,"Market gate, lump sum",map=60/30,2022-03-07 00:00:00+00:00,2.264561254712483,2.3337026430223706,0.48898842277556664,0.667305649017177,0.014395427716593592,0.025949667498618906,1.0,2x
A,A2-lump,"Market gate, lump sum",map=60/30,2022-04-04 00:00:00+00:00,1.9392342023266078,1.787734358860492,0.48054360448362443,0.6612040100033247,0.014149744837132956,0.021483811727944387,1.0,2x
A,A2-lump,"Market gate, lump sum",map=60/30,2022-05-02 00:00:00+00:00,2.3797788345356943,2.50078608141515,0.4284152887276548,0.6023862433862442,0.015830613429840552,0.025917591605331067,1.0,2x
A,A2-lump,"Market gate, lump sum",map=60/30,2022-06-06 00:00:00+00:00,2.8366633620340784,3.3826059186499036,0.34801986604302704,0.4969802155349645,0.01659936202284197,0.03332331696806523,1.0,2x
A,A2-lump,"Market gate, lump sum",map=60/30,2022-07-04 00:00:00+00:00,3.839677466022272,5.656334266406286,0.2524281234609287,0.35432082803835163,0.021454786980282584,0.0516160571422992,1.0,2x
A,A2-lump,"Market gate, lump sum",map=60/30,2022-08-01 00:00:00+00:00,3.5224312691422806,4.954318888258948,0.2529800195640296,0.3543208280383514,0.01902522622259097,0.0427966851916324,1.0,2x
A,A2-lump,"Market gate, lump sum",map=60/30,2022-09-05 00:00:00+00:00,3.707696044086416,5.519889744081472,0.2524281234609286,0.29534411455035614,0.020585491996569758,0.04984960150752425,1.0,2x
B,S1,BTC regime filter,sma=20w,2018-01-01 00:00:00+00:00,3.8189348178238745,3.9035850141129984,0.7313199810043031,0.8410036049931576,0.13203511515753294,0.13496179470256667,0.48905109489051096,2x
B,S1,BTC regime filter,sma=20w,2018-02-05 00:00:00+00:00,4.814857214040633,4.930145552450927,0.4600994250210918,0.7287970232655927,0.13035442874479267,0.13347567301566862,0.48905109489051096,2x
B,S1,BTC regime filter,sma=20w,2018-03-05 00:00:00+00:00,6.1652513948736,6.345871692249581,0.4600790910613003,0.7384721023014262,0.12744945475715616,0.13118327791281614,0.5082116788321168,2x
B,S1,BTC regime filter,sma=20w,2018-04-02 00:00:00+00:00,7.260141606694769,7.568909008664438,0.46005127263078327,0.6813703818381925,0.12363908728706338,0.12889734832818756,0.5273722627737226,2x
B,S1,BTC regime filter,sma=20w,2018-05-07 00:00:00+00:00,6.689855356385053,7.0758268558059765,0.4600095598856171,0.6695099764250615,0.11862774971211407,0.12547198295635212,0.5593065693430657,2x
B,S1,BTC regime filter,sma=20w,2018-06-04 00:00:00+00:00,5.308487329554984,4.8304988619535285,0.4599708678586677,0.6332289894684002,0.0,0.12308010061341397,0.5684306569343066,2x
B,S1,BTC regime filter,sma=20w,2018-07-02 00:00:00+00:00,5.127298200833874,4.020551042109716,0.4599262963845264,0.6332129521112717,0.0,0.11999964906733106,0.5684306569343066,2x
B,S1,BTC regime filter,sma=20w,2018-08-06 00:00:00+00:00,4.9008117899324875,4.753432492558398,0.45986010866857363,0.6331901458427414,0.0,0.11632761445489082,0.5620437956204379,2x
B,S1,BTC regime filter,sma=20w,2018-09-03 00:00:00+00:00,4.894602358252378,5.566254819135224,0.4597839254302224,0.6331674177481212,0.09938956968947278,0.11302811357557033,0.5784671532846716,2x
B,S1,BTC regime filter,sma=20w,2018-10-01 00:00:00+00:00,4.153357167412452,4.810183839465627,0.45968936671106564,0.6331407500098598,0.09477335912003786,0.10976115515128954,0.6040145985401459,2x
B,S1,BTC regime filter,sma=20w,2018-11-05 00:00:00+00:00,5.4570590505763175,6.474602469670275,0.459533766252297,0.6330989524339907,0.08888440690173871,0.10545812224267534,0.6359489051094891,2x
B,S1,BTC regime filter,sma=20w,2018-12-03 00:00:00+00:00,4.752395169839573,5.717862022251217,0.4593639800358421,0.6330480917983505,0.08414246744689521,0.10123632439626282,0.6614963503649635,2x
B,S1,BTC regime filter,sma=20w,2019-01-07 00:00:00+00:00,3.858159828648661,4.020395284214163,0.45905650136399145,0.6329089305917825,0.0,0.09331893494601759,0.6642335766423357,2x
B,S1,BTC regime filter,sma=20w,2019-02-04 00:00:00+00:00,3.629593631159491,3.2445883586977713,0.4586752605396174,0.6327152986918998,0.0,0.08695921614472737,0.6642335766423357,2x
B,S1,BTC regime filter,sma=20w,2019-03-04 00:00:00+00:00,3.4010274336703197,3.421962393605454,0.4580534279070574,0.6323627438093548,0.0,0.08060400418347986,0.6642335766423357,2x
B,S1,BTC regime filter,sma=20w,2019-04-01 00:00:00+00:00,3.073981301352754,3.4019643281669882,0.4568760549898896,0.6316737616882006,0.06754467888731998,0.07475145929841412,0.6614963503649635,2x
B,S1,BTC regime filter,sma=20w,2019-05-06 00:00:00+00:00,2.641040414902337,2.526080678793417,0.4538351897732832,0.6297611779953978,0.0,0.06910739890064795,0.6386861313868614,2x
B,S1,BTC regime filter,sma=20w,2019-06-03 00:00:00+00:00,2.5404858775609283,2.0218639464637884,0.44868420886716187,0.6263429450489786,0.0,0.06639376009235949,0.6131386861313869,2x
B,S1,BTC regime filter,sma=20w,2019-07-01 00:00:00+00:00,2.464085111344196,1.2883384633425383,0.4124207185666299,0.7193393190640166,0.0,0.06460359525561803,0.5875912408759124,2x
B,S1,BTC regime filter,sma=20w,2019-08-05 00:00:00+00:00,2.387655803757068,1.4267173144138392,0.3963344273444952,0.7193535588944755,0.0,0.06306495936493951,0.5556569343065694,2x
B,S1,BTC regime filter,sma=20w,2019-09-02 00:00:00+00:00,2.328340621824243,1.245060693754875,0.37076898744714537,0.7193657624263494,0.0,0.06184651752803199,0.5301094890510949,2x
B,S1,BTC regime filter,sma=20w,2019-10-07 00:00:00+00:00,2.241990489425644,1.2006124311400261,0.3707840643185297,0.7268693337785148,0.0,0.060148904377459594,0.5045620437956204,2x
B,S1,BTC regime filter,sma=20w,2019-11-04 00:00:00+00:00,2.1539687522149142,1.1806026583580518,0.3708003602188059,0.7268853247967629,0.0,0.05842305891274031,0.5045620437956204,2x
B,S1,BTC regime filter,sma=20w,2019-12-02 00:00:00+00:00,1.6085666499484275,0.9648601870386211,0.5044882759460851,0.7665847532150754,0.0,0.05683213519164754,0.5109489051094891,2x
B,S1,BTC regime filter,sma=20w,2020-01-06 00:00:00+00:00,1.530242279654965,0.9158385784902803,0.5044982742793443,0.7666133383304278,0.0,0.05441104682434078,0.5109489051094891,2x
B,S1,BTC regime filter,sma=20w,2020-02-03 00:00:00+00:00,1.6448761416651967,1.2338098024203878,0.5045076335393974,0.7666377321355515,0.07002768714404298,0.052527266126968175,0.5145985401459854,2x
B,S1,BTC regime filter,sma=20w,2020-03-02 00:00:00+00:00,1.592545049424221,1.2060465472904645,0.5045171453668571,0.7666610820701053,0.06739798854644197,0.051041012252775485,0.5141552511415525,2x
B,S1,BTC regime filter,sma=20w,2020-04-06 00:00:00+00:00,1.7743961667471604,1.3352872749720086,0.5123899114420493,0.7667152330122359,0.06298883694919385,0.04740102239835941,0.5397260273972603,2x
B,S1,BTC regime filter,sma=20w,2020-05-04 00:00:00+00:00,1.7207630384666135,1.29768749721833,0.5124120007096908,0.7667661926436363,0.05928317898291105,0.044707515469436195,0.5652968036529681,2x
B,S1,BTC regime filter,sma=20w,2020-06-01 00:00:00+00:00,1.514715225686109,1.1647149454437304,0.5124388119258372,0.7668162110259079,0.055666877702275394,0.042804114810861695,0.5652968036529681,2x
B,S1,BTC regime filter,sma=20w,2020-07-06 00:00:00+00:00,1.5336085682724288,1.2371836473504538,0.5124801653576685,0.7668922200686736,0.05027431963262281,0.040557002235072234,0.5589041095890411,2x
B,S1,BTC regime filter,sma=20w,2020-08-03 00:00:00+00:00,1.367709623410683,1.129317297522936,0.512524176149386,0.7669715058466492,0.0468618226133234,0.038693788480266264,0.5589041095890411,2x
B,S1,BTC regime filter,sma=20w,2020-09-07 00:00:00+00:00,1.1417693656337862,0.9562429329256086,0.512584125206853,0.7670766874894703,0.0,0.03712130392045049,0.54337899543379,2x
B,S1,BTC regime filter,sma=20w,2020-10-05 00:00:00+00:00,1.057240590572613,0.990876371812638,0.5126577197664925,0.7672011794404077,0.038059575801512216,0.03567053206168057,0.5205479452054794,2x
B,S1,BTC regime filter,sma=20w,2020-11-02 00:00:00+00:00,1.1713009280022357,1.2161657941284425,0.5127543899876925,0.7673567863341544,0.03306757880758163,0.03433418114763979,0.5077625570776255,2x
B,S1,BTC regime filter,sma=20w,2020-12-07 00:00:00+00:00,1.3681714241221983,1.453860362695141,0.5128848952026345,0.7675528001843989,0.031263421515500954,0.033221457883305175,0.5077625570776255,2x
B,S1,BTC regime filter,sma=20w,2021-01-04 00:00:00+00:00,1.2971713872133628,1.3987371335800944,0.5129988209015397,0.7677114156265994,0.03027574801706894,0.032646274359598354,0.5077625570776255,2x
B,S1,BTC regime filter,sma=20w,2021-02-01 00:00:00+00:00,1.2725121293055468,1.384438003228653,0.5130932785142545,0.7678347813341456,0.02988520735804478,0.03251380937596649,0.5077625570776255,2x
B,S1,BTC regime filter,sma=20w,2021-03-01 00:00:00+00:00,1.8096791942806816,1.9832154492838834,0.5131900871832146,0.767954197849063,0.029603307427439923,0.03244206864152813,0.5082116788321168,2x
B,S1,BTC regime filter,sma=20w,2021-04-05 00:00:00+00:00,2.004259559253458,2.213089339598161,0.5133129738242217,0.7680964998013181,0.02926447997889052,0.032313633416966164,0.5082116788321168,2x
B,S1,BTC regime filter,sma=20w,2021-05-03 00:00:00+00:00,1.714683686672485,1.9042811616771544,0.5134323096781112,0.7682257805529485,0.029032610511007,0.03224282921692063,0.5082116788321168,2x
B,S1,BTC regime filter,sma=20w,2021-06-07 00:00:00+00:00,2.0290999387812887,2.2661509765222383,0.5136536605661574,0.7684797258296603,0.02865998416901706,0.03200820712199058,0.5273722627737226,2x
B,S1,BTC regime filter,sma=20w,2021-07-05 00:00:00+00:00,1.7837530946449365,1.8081849190218924,0.5139326973281622,0.7688206874683877,0.0,0.03169473447983431,0.5428832116788321,2x
B,S1,BTC regime filter,sma=20w,2021-08-02 00:00:00+00:00,1.6845820191458,2.0491388496022713,0.5143638585104457,0.769374817455633,0.025776257055737353,0.03135444230672071,0.5529197080291971,2x
B,S1,BTC regime filter,sma=20w,2021-09-06 00:00:00+00:00,1.311279558548554,1.7523356234737697,0.5153928765488183,0.7703294789838393,0.0,0.031191449332035773,0.5428832116788321,2x
B,S1,BTC regime filter,sma=20w,2021-10-04 00:00:00+00:00,1.2396260939957993,1.8875279889705374,0.5176499660668138,0.7720321132443271,0.020404457578860256,0.031069033611348985,0.5273722627737226,2x
B,S1,BTC regime filter,sma=20w,2021-11-01 00:00:00+00:00,1.428747181900387,2.1791212010656658,0.52726193830267,0.7777061564444587,0.020325883153723835,0.03100098006965039,0.5273722627737226,2x
B,S1,BTC regime filter,sma=20w,2021-12-06 00:00:00+00:00,1.9550062363663454,2.991074824146883,0.38635787486283535,0.7145384255677354,0.020166006826365927,0.030853116578301493,0.5273722627737226,2x
B,S1,BTC regime filter,sma=20w,2022-01-03 00:00:00+00:00,1.929491337218558,2.967214731611274,0.3863598062817165,0.6742481834099558,0.019894782854286308,0.030594639959639798,0.5529197080291971,2x
B,S1,BTC regime filter,sma=20w,2022-02-07 00:00:00+00:00,1.8880680082734806,2.9101143572437858,0.3863623310309128,0.6767541929226852,0.019554458274261912,0.030139650437746048,0.5848540145985401,2x
B,S1,BTC regime filter,sma=20w,2022-03-07 00:00:00+00:00,1.734823321958564,2.677286854846262,0.3863644435084015,0.6810523581122416,0.019290413244496072,0.029770161116888145,0.6104014598540146,2x
B,S1,BTC regime filter,sma=20w,2022-04-04 00:00:00+00:00,1.5356069399471497,2.450931085390325,0.3863666421013683,0.6989501783584138,0.0,0.02945367231754433,0.6067518248175182,2x
B,S1,BTC regime filter,sma=20w,2022-05-02 00:00:00+00:00,1.5542450075744356,2.8121270002904755,0.3863691412520027,0.6810842241466919,0.01610785011173122,0.029144259749962202,0.6040145985401459,2x
B,S1,BTC regime filter,sma=20w,2022-06-06 00:00:00+00:00,1.6019461173585638,2.890070224564403,0.3863725039079777,0.6016313580715403,0.01578137078876963,0.028471163496209425,0.6359489051094891,2x
B,S1,BTC regime filter,sma=20w,2022-07-04 00:00:00+00:00,1.7004041750852619,3.030144189421663,0.3863753278636477,0.3529550155283391,0.01551679142929576,0.027651140873957706,0.6614963503649635,2x
B,S1,BTC regime filter,sma=20w,2022-08-01 00:00:00+00:00,1.763008116593617,3.0851344968877306,0.38637827215470066,0.3528048485856434,0.015229319116893746,0.026650188010717404,0.6870437956204379,2x
B,S1,BTC regime filter,sma=20w,2022-09-05 00:00:00+00:00,1.647012207207342,2.823634059564927,0.38638211933250277,0.2910673472377532,0.014874011259979645,0.025499971774491856,0.718978102189781,2x
B,S1,BTC regime filter,sma=200d,2018-01-01 00:00:00+00:00,3.3091239771192655,3.9035850141129984,0.6633625302499483,0.8410036049931576,0.11440901356846514,0.13496179470256667,0.48905109489051096,2x
B,S1,BTC regime filter,sma=200d,2018-02-05 00:00:00+00:00,4.152045101457737,4.930145552450927,0.49617871808290515,0.7287970232655927,0.11240986871735931,0.13347567301566862,0.48905109489051096,2x
B,S1,BTC regime filter,sma=200d,2018-03-05 00:00:00+00:00,5.2976194671355055,6.345871692249581,0.4961652234751297,0.7384721023014262,0.10951357363281679,0.13118327791281614,0.48905109489051096,2x
B,S1,BTC regime filter,sma=200d,2018-04-02 00:00:00+00:00,6.259686279104181,7.568909008664438,0.49614999679945726,0.6813703818381925,0.10660148798449366,0.12889734832818756,0.5018248175182481,2x
B,S1,BTC regime filter,sma=200d,2018-05-07 00:00:00+00:00,5.776996101817494,7.0758268558059765,0.4961243971725464,0.6695099764250615,0.10244048804436053,0.12547198295635212,0.5337591240875912,2x
B,S1,BTC regime filter,sma=200d,2018-06-04 00:00:00+00:00,3.4325102543717945,4.8304988619535285,0.49609938875900206,0.6332289894684002,0.0,0.12308010061341397,0.5492700729927007,2x
B,S1,BTC regime filter,sma=200d,2018-07-02 00:00:00+00:00,3.327127189039565,4.020551042109716,0.49606911904596107,0.6332129521112717,0.0,0.11999964906733106,0.5492700729927007,2x
B,S1,BTC regime filter,sma=200d,2018-08-06 00:00:00+00:00,3.195398357374277,4.753432492558398,0.49602137421742154,0.6331901458427414,0.0,0.11632761445489082,0.5492700729927007,2x
B,S1,BTC regime filter,sma=200d,2018-09-03 00:00:00+00:00,3.229277972088705,5.566254819135224,0.4959723295023777,0.6331674177481212,0.06557356952857504,0.11302811357557033,0.5656934306569343,2x
B,S1,BTC regime filter,sma=200d,2018-10-01 00:00:00+00:00,2.7255808497866023,4.810183839465627,0.5299726888122533,0.6331407500098598,0.0,0.10976115515128954,0.5875912408759124,2x
B,S1,BTC regime filter,sma=200d,2018-11-05 00:00:00+00:00,3.3059288161074827,6.474602469670275,0.529984559345999,0.6330989524339907,0.05384686501569888,0.10545812224267534,0.6167883211678832,2x
B,S1,BTC regime filter,sma=200d,2018-12-03 00:00:00+00:00,2.9251806234132616,5.717862022251217,0.5299951068507056,0.6330480917983505,0.05179112985887234,0.10123632439626282,0.6423357664233577,2x
B,S1,BTC regime filter,sma=200d,2019-01-07 00:00:00+00:00,2.1273783269545588,4.020395284214163,0.5662268000815516,0.6329089305917825,0.0,0.09331893494601759,0.6642335766423357,2x
B,S1,BTC regime filter,sma=200d,2019-02-04 00:00:00+00:00,2.046343128300017,3.2445883586977713,0.566238187210609,0.6327152986918998,0.0,0.08695921614472737,0.6642335766423357,2x
B,S1,BTC regime filter,sma=200d,2019-03-04 00:00:00+00:00,1.9653079296454765,3.421962393605454,0.5662508977435334,0.6323627438093548,0.0,0.08060400418347986,0.6642335766423357,2x
B,S1,BTC regime filter,sma=200d,2019-04-01 00:00:00+00:00,1.8842727309909362,3.4019643281669882,0.5662651767678577,0.6316737616882006,0.0,0.07475145929841412,0.6642335766423357,2x
B,S1,BTC regime filter,sma=200d,2019-05-06 00:00:00+00:00,1.783917533882031,2.526080678793417,0.5662855540376183,0.6297611779953978,0.0,0.06910739890064795,0.6386861313868614,2x
B,S1,BTC regime filter,sma=200d,2019-06-03 00:00:00+00:00,1.7329080111278545,2.0218639464637884,0.5662989651836983,0.6263429450489786,0.0,0.06639376009235949,0.6131386861313869,2x
B,S1,BTC regime filter,sma=200d,2019-07-01 00:00:00+00:00,1.6965570787301174,1.2883384633425383,0.5663108365512237,0.7193393190640166,0.0,0.06460359525561803,0.5875912408759124,2x
B,S1,BTC regime filter,sma=200d,2019-08-05 00:00:00+00:00,1.6626927345272235,1.4267173144138392,0.5663246116823237,0.7193535588944755,0.0,0.06306495936493951,0.5556569343065694,2x
B,S1,BTC regime filter,sma=200d,2019-09-02 00:00:00+00:00,1.6367108074382408,1.245060693754875,0.5663363440862874,0.7193657624263494,0.0,0.06184651752803199,0.5301094890510949,2x
B,S1,BTC regime filter,sma=200d,2019-10-07 00:00:00+00:00,1.5968256515716661,1.2006124311400261,0.5663542901807406,0.7268693337785148,0.0,0.060148904377459594,0.5045620437956204,2x
B,S1,BTC regime filter,sma=200d,2019-11-04 00:00:00+00:00,1.5534221122552923,1.1806026583580518,0.5663735478545896,0.7268853247967629,0.0,0.05842305891274031,0.4981751824817518,2x
B,S1,BTC regime filter,sma=200d,2019-12-02 00:00:00+00:00,1.506280526220518,0.9648601870386211,0.5663964068650038,0.7665847532150754,0.0,0.05683213519164754,0.49178832116788324,2x
B,S1,BTC regime filter,sma=200d,2020-01-06 00:00:00+00:00,1.4468314194923373,0.9158385784902803,0.5664297084314822,0.7666133383304278,0.0,0.05441104682434078,0.49178832116788324,2x
B,S1,BTC regime filter,sma=200d,2020-02-03 00:00:00+00:00,1.5684850192313602,1.2338098024203878,0.5664609155305562,0.7666377321355515,0.06677547046530667,0.052527266126968175,0.5082116788321168,2x
B,S1,BTC regime filter,sma=200d,2020-03-02 00:00:00+00:00,1.5255102027816492,1.2060465472904645,0.5664953104521312,0.7666610820701053,0.06456101145253683,0.051041012252775485,0.5077625570776255,2x
B,S1,BTC regime filter,sma=200d,2020-04-06 00:00:00+00:00,1.7187412177497254,1.3352872749720086,0.5744898948824254,0.7667152330122359,0.06101315610998099,0.04740102239835941,0.5397260273972603,2x
B,S1,BTC regime filter,sma=200d,2020-05-04 00:00:00+00:00,1.6851135799284964,1.29768749721833,0.5745534286728144,0.7667661926436363,0.05805499521564328,0.044707515469436195,0.5652968036529681,2x
B,S1,BTC regime filter,sma=200d,2020-06-01 00:00:00+00:00,1.5014247934578817,1.1647149454437304,0.5746319417426125,0.7668162110259079,0.05517844472628547,0.042804114810861695,0.5652968036529681,2x
B,S1,BTC regime filter,sma=200d,2020-07-06 00:00:00+00:00,1.5791258182503927,1.2371836473504538,0.574756081930148,0.7668922200686736,0.05176645316756251,0.040557002235072234,0.5652968036529681,2x
B,S1,BTC regime filter,sma=200d,2020-08-03 00:00:00+00:00,1.4292256260047456,1.129317297522936,0.5748923042058821,0.7669715058466492,0.048969544860868124,0.038693788480266264,0.5652968036529681,2x
B,S1,BTC regime filter,sma=200d,2020-09-07 00:00:00+00:00,1.2130331690672866,0.9562429329256086,0.5750847544864106,0.7670766874894703,0.0,0.03712130392045049,0.5497716894977169,2x
B,S1,BTC regime filter,sma=200d,2020-10-05 00:00:00+00:00,1.1541014858549186,0.990876371812638,0.5753320038424481,0.7672011794404077,0.0,0.03567053206168057,0.5242009132420091,2x
B,S1,BTC regime filter,sma=200d,2020-11-02 00:00:00+00:00,1.2972870265370162,1.2161657941284425,0.5756752245867005,0.7673567863341544,0.03662435498897182,0.03433418114763979,0.5077625570776255,2x
B,S1,BTC regime filter,sma=200d,2020-12-07 00:00:00+00:00,1.5397443101154218,1.453860362695141,0.57616955689665,0.7675528001843989,0.03518395030368156,0.033221457883305175,0.5077625570776255,2x
B,S1,BTC regime filter,sma=200d,2021-01-04 00:00:00+00:00,1.4744449530804844,1.3987371335800944,0.5766167213860074,0.7677114156265994,0.03441328131697471,0.032646274359598354,0.5077625570776255,2x
B,S1,BTC regime filter,sma=200d,2021-02-01 00:00:00+00:00,1.4544693654471816,1.384438003228653,0.5769552889593271,0.7678347813341456,0.034158510226566026,0.03251380937596649,0.5077625570776255,2x
B,S1,BTC regime filter,sma=200d,2021-03-01 00:00:00+00:00,2.077669116856547,1.9832154492838834,0.5770901746063354,0.767954197849063,0.033987171755737386,0.03244206864152813,0.5082116788321168,2x
B,S1,BTC regime filter,sma=200d,2021-04-05 00:00:00+00:00,2.3120812448722936,2.213089339598161,0.5745551349061182,0.7680964998013181,0.03375902835924905,0.032313633416966164,0.5082116788321168,2x
B,S1,BTC regime filter,sma=200d,2021-05-03 00:00:00+00:00,1.98513889230497,1.9042811616771544,0.5833754350911515,0.7682257805529485,0.033611892804780885,0.03224282921692063,0.5082116788321168,2x
B,S1,BTC regime filter,sma=200d,2021-06-07 00:00:00+00:00,2.3539922570038283,2.2661509765222383,0.3892524010466035,0.7684797258296603,0.033248919646727354,0.03200820712199058,0.5209854014598541,2x
B,S1,BTC regime filter,sma=200d,2021-07-05 00:00:00+00:00,1.8699392687965848,1.8081849190218924,0.38988090418393806,0.7688206874683877,0.03277719440884559,0.03169473447983431,0.5465328467153284,2x
B,S1,BTC regime filter,sma=200d,2021-08-02 00:00:00+00:00,1.93079817068673,2.0491388496022713,0.39081557210368834,0.769374817455633,0.029543678731418974,0.03135444230672071,0.5656934306569343,2x
B,S1,BTC regime filter,sma=200d,2021-09-06 00:00:00+00:00,1.4987675039881982,1.7523356234737697,0.3928731055234407,0.7703294789838393,0.0,0.031191449332035773,0.5556569343065694,2x
B,S1,BTC regime filter,sma=200d,2021-10-04 00:00:00+00:00,1.3699002778233407,1.8875279889705374,0.4075366634469595,0.7720321132443271,0.022548792931596645,0.031069033611348985,0.5401459854014599,2x
B,S1,BTC regime filter,sma=200d,2021-11-01 00:00:00+00:00,1.4227718093289479,2.1791212010656658,0.4112756166810715,0.7777061564444587,0.02024087530473162,0.03100098006965039,0.5273722627737226,2x
B,S1,BTC regime filter,sma=200d,2021-12-06 00:00:00+00:00,1.9401957338382942,2.991074824146883,0.4109634105810629,0.7145384255677354,0.020013235602659902,0.030853116578301493,0.5273722627737226,2x
B,S1,BTC regime filter,sma=200d,2022-01-03 00:00:00+00:00,1.9068168303463906,2.967214731611274,0.4109655090296189,0.6742481834099558,0.0196609883915446,0.030594639959639798,0.5337591240875912,2x
B,S1,BTC regime filter,sma=200d,2022-02-07 00:00:00+00:00,1.8470547595731774,2.9101143572437858,0.4109686213057492,0.6767541929226852,0.019129689750624155,0.030139650437746048,0.5656934306569343,2x
B,S1,BTC regime filter,sma=200d,2022-03-07 00:00:00+00:00,1.6828833592254258,2.677286854846262,0.41097127462201266,0.6810523581122416,0.01871286547214148,0.029770161116888145,0.5912408759124088,2x
B,S1,BTC regime filter,sma=200d,2022-04-04 00:00:00+00:00,1.4053272750792924,2.450931085390325,0.41097408459259344,0.6989501783584138,0.0,0.02945367231754433,0.6003649635036497,2x
B,S1,BTC regime filter,sma=200d,2022-05-02 00:00:00+00:00,1.4146273607232112,2.8121270002904755,0.4109770619601232,0.6810842241466919,0.014660883824259044,0.029144259749962202,0.6040145985401459,2x
B,S1,BTC regime filter,sma=200d,2022-06-06 00:00:00+00:00,1.4488249461030305,2.890070224564403,0.4109810352439889,0.6016313580715403,0.014272916819557013,0.028471163496209425,0.6359489051094891,2x
B,S1,BTC regime filter,sma=200d,2022-07-04 00:00:00+00:00,1.5297100874679816,3.030144189421663,0.41098442707056004,0.3529550155283391,0.013959147314690796,0.027651140873957706,0.6614963503649635,2x
B,S1,BTC regime filter,sma=200d,2022-08-01 00:00:00+00:00,1.5769944267725453,3.0851344968877306,0.4109880168793667,0.3528048485856434,0.013622484856896416,0.026650188010717404,0.6870437956204379,2x
B,S1,BTC regime filter,sma=200d,2022-09-05 00:00:00+00:00,1.462277467158629,2.823634059564927,0.4109927879564994,0.2910673472377532,0.01320568931824187,0.025499971774491856,0.718978102189781,2x
B,S1,BTC regime filter,sma=50w,2018-01-01 00:00:00+00:00,2.415500295867005,3.9035850141129984,0.7122655467080072,0.8410036049931576,0.08351304092422025,0.13496179470256667,0.6040145985401459,2x
B,S1,BTC regime filter,sma=50w,2018-02-05 00:00:00+00:00,3.0620100556881806,4.930145552450927,0.6005820546085048,0.7287970232655927,0.08289894255972739,0.13347567301566862,0.6040145985401459,2x
B,S1,BTC regime filter,sma=50w,2018-03-05 00:00:00+00:00,3.948924063151999,6.345871692249581,0.6005600583463477,0.7384721023014262,0.08163304081073151,0.13118327791281614,0.6040145985401459,2x
B,S1,BTC regime filter,sma=50w,2018-04-02 00:00:00+00:00,4.717549246195498,7.568909008664438,0.6005369923407302,0.6813703818381925,0.08033913312290401,0.12889734832818756,0.6040145985401459,2x
B,S1,BTC regime filter,sma=50w,2018-05-07 00:00:00+00:00,4.418936272907388,7.0758268558059765,0.600499694894264,0.6695099764250615,0.0783587145387105,0.12547198295635212,0.6040145985401459,2x
B,S1,BTC regime filter,sma=50w,2018-06-04 00:00:00+00:00,3.0238939564300056,4.8304988619535285,0.6004682482760173,0.6332289894684002,0.0770481855058721,0.12308010061341397,0.6104014598540146,2x
B,S1,BTC regime filter,sma=50w,2018-07-02 00:00:00+00:00,2.522291376770698,4.020551042109716,0.6004225684968758,0.6332129521112717,0.07528174045993852,0.11999964906733106,0.6295620437956204,2x
B,S1,BTC regime filter,sma=50w,2018-08-06 00:00:00+00:00,2.6646862020061666,4.753432492558398,0.6003526576500131,0.6331901458427414,0.06521110579260687,0.11632761445489082,0.6551094890510949,2x
B,S1,BTC regime filter,sma=50w,2018-09-03 00:00:00+00:00,3.125883606831141,5.566254819135224,0.6002851271126031,0.6331674177481212,0.06347404831743121,0.11302811357557033,0.6806569343065694,2x
B,S1,BTC regime filter,sma=50w,2018-10-01 00:00:00+00:00,2.7056928432137277,4.810183839465627,0.6002037001074045,0.6331407500098598,0.06173983819892998,0.10976115515128954,0.7062043795620438,2x
B,S1,BTC regime filter,sma=50w,2018-11-05 00:00:00+00:00,3.650141261421036,6.474602469670275,0.6000744992908439,0.6330989524339907,0.05945338654429792,0.10545812224267534,0.7381386861313869,2x
B,S1,BTC regime filter,sma=50w,2018-12-03 00:00:00+00:00,3.252897498853283,5.717862022251217,0.5999390943457321,0.6330480917983505,0.057593447540388094,0.10123632439626282,0.7636861313868614,2x
B,S1,BTC regime filter,sma=50w,2019-01-07 00:00:00+00:00,2.387908076085344,4.020395284214163,0.5997056572809161,0.6329089305917825,0.0,0.09331893494601759,0.7855839416058394,2x
B,S1,BTC regime filter,sma=50w,2019-02-04 00:00:00+00:00,2.3153084971149958,3.2445883586977713,0.5994331386887525,0.6327152986918998,0.0,0.08695921614472737,0.7855839416058394,2x
B,S1,BTC regime filter,sma=50w,2019-03-04 00:00:00+00:00,2.242708918144644,3.421962393605454,0.5990209335455975,0.6323627438093548,0.0,0.08060400418347986,0.7855839416058394,2x
B,S1,BTC regime filter,sma=50w,2019-04-01 00:00:00+00:00,2.102744536145329,3.4019643281669882,0.5983283715377322,0.6316737616882006,0.046203665719599746,0.07475145929841412,0.7892335766423357,2x
B,S1,BTC regime filter,sma=50w,2019-05-06 00:00:00+00:00,1.8635700473534331,2.526080678793417,0.5963615034797338,0.6297611779953978,0.0,0.06910739890064795,0.7983576642335767,2x
B,S1,BTC regime filter,sma=50w,2019-06-03 00:00:00+00:00,1.8186698036987234,2.0218639464637884,0.5926062129826419,0.6263429450489786,0.0,0.06639376009235949,0.7728102189781022,2x
B,S1,BTC regime filter,sma=50w,2019-07-01 00:00:00+00:00,1.7872573220154726,1.2883384633425383,0.5657877635978755,0.7193393190640166,0.0,0.06460359525561803,0.7472627737226277,2x
B,S1,BTC regime filter,sma=50w,2019-08-05 00:00:00+00:00,1.7586415632321077,1.4267173144138392,0.5535027837177473,0.7193535588944755,0.0,0.06306495936493951,0.7153284671532847,2x
B,S1,BTC regime filter,sma=50w,2019-09-02 00:00:00+00:00,1.7367698813177657,1.245060693754875,0.5194938625665213,0.7193657624263494,0.0,0.06184651752803199,0.6897810218978102,2x
B,S1,BTC regime filter,sma=50w,2019-10-07 00:00:00+00:00,1.7027089969882243,1.2006124311400261,0.5066715981632618,0.7268693337785148,0.0,0.060148904377459594,0.6578467153284672,2x
B,S1,BTC regime filter,sma=50w,2019-11-04 00:00:00+00:00,1.668052231323326,1.1806026583580518,0.5066867324227977,0.7268853247967629,0.0,0.05842305891274031,0.6322992700729927,2x
B,S1,BTC regime filter,sma=50w,2019-12-02 00:00:00+00:00,1.63237494588389,0.9648601870386211,0.5067036507192901,0.7665847532150754,0.0,0.05683213519164754,0.6131386861313869,2x
B,S1,BTC regime filter,sma=50w,2020-01-06 00:00:00+00:00,1.5692951569715439,0.9158385784902803,0.5067335467648717,0.7666133383304278,0.0,0.05441104682434078,0.593978102189781,2x
B,S1,BTC regime filter,sma=50w,2020-02-03 00:00:00+00:00,1.5181216203322851,1.2338098024203878,0.5067616269865723,0.7666377321355515,0.0,0.052527266126968175,0.5748175182481752,2x
B,S1,BTC regime filter,sma=50w,2020-03-02 00:00:00+00:00,1.4779365806110902,1.2060465472904645,0.5067891537720193,0.7666610820701053,0.0,0.051041012252775485,0.5497716894977169,2x
B,S1,BTC regime filter,sma=50w,2020-04-06 00:00:00+00:00,1.4157644290988496,1.3352872749720086,0.5068387236139189,0.7667152330122359,0.050257860366355905,0.04740102239835941,0.5589041095890411,2x
B,S1,BTC regime filter,sma=50w,2020-05-04 00:00:00+00:00,1.4008194809106655,1.29768749721833,0.5068878774971768,0.7667661926436363,0.04826058565482536,0.044707515469436195,0.5844748858447488,2x
B,S1,BTC regime filter,sma=50w,2020-06-01 00:00:00+00:00,1.2561115267461602,1.1647149454437304,0.5069512751770734,0.7668162110259079,0.04616300513393471,0.042804114810861695,0.5972602739726027,2x
B,S1,BTC regime filter,sma=50w,2020-07-06 00:00:00+00:00,1.3162280320038853,1.2371836473504538,0.5166761321485649,0.7668922200686736,0.043148212757394167,0.040557002235072234,0.5972602739726027,2x
B,S1,BTC regime filter,sma=50w,2020-08-03 00:00:00+00:00,1.186985529990891,1.129317297522936,0.5169102273622699,0.7669715058466492,0.04066967461434061,0.038693788480266264,0.5972602739726027,2x
B,S1,BTC regime filter,sma=50w,2020-09-07 00:00:00+00:00,0.9911389583149851,0.9562429329256086,0.5172344734163874,0.7670766874894703,0.038475965920546626,0.03712130392045049,0.5972602739726027,2x
B,S1,BTC regime filter,sma=50w,2020-10-05 00:00:00+00:00,1.013349756132229,0.990876371812638,0.5176417093611474,0.7672011794404077,0.036479550823970745,0.03567053206168057,0.5972602739726027,2x
B,S1,BTC regime filter,sma=50w,2020-11-02 00:00:00+00:00,1.2271935896393205,1.2161657941284425,0.5181907895782838,0.7673567863341544,0.03464551232514668,0.03433418114763979,0.5972602739726027,2x
B,S1,BTC regime filter,sma=50w,2020-12-07 00:00:00+00:00,1.4479837211395952,1.453860362695141,0.5189395357732486,0.7675528001843989,0.03308717359786601,0.033221457883305175,0.5972602739726027,2x
B,S1,BTC regime filter,sma=50w,2021-01-04 00:00:00+00:00,1.3815936490542378,1.3987371335800944,0.5195373641004937,0.7677114156265994,0.03224614849900999,0.032646274359598354,0.5972602739726027,2x
B,S1,BTC regime filter,sma=50w,2021-02-01 00:00:00+00:00,1.3603185411712335,1.384438003228653,0.5198560431811083,0.7678347813341456,0.03194735888142868,0.03251380937596649,0.5972602739726027,2x
B,S1,BTC regime filter,sma=50w,2021-03-01 00:00:00+00:00,1.940307986602803,1.9832154492838834,0.5196025036655275,0.767954197849063,0.031740174729781905,0.03244206864152813,0.5976277372262774,2x
B,S1,BTC regime filter,sma=50w,2021-04-05 00:00:00+00:00,2.1557316708346232,2.213089339598161,0.5146432323779677,0.7680964998013181,0.031476145906221005,0.032313633416966164,0.5976277372262774,2x
B,S1,BTC regime filter,sma=50w,2021-05-03 00:00:00+00:00,1.8486879487836305,1.9042811616771544,0.5144847158294517,0.7682257805529485,0.03130153834820925,0.03224282921692063,0.5976277372262774,2x
B,S1,BTC regime filter,sma=50w,2021-06-07 00:00:00+00:00,2.1879524019316428,2.2661509765222383,0.49191835621595204,0.7684797258296603,0.030903692816425004,0.03200820712199058,0.5976277372262774,2x
B,S1,BTC regime filter,sma=50w,2021-07-05 00:00:00+00:00,1.7360911178009917,1.8081849190218924,0.492455640763266,0.7688206874683877,0.030431039675558193,0.03169473447983431,0.5976277372262774,2x
B,S1,BTC regime filter,sma=50w,2021-08-02 00:00:00+00:00,1.953684531147104,2.0491388496022713,0.4933805212475194,0.769374817455633,0.029893869285272795,0.03135444230672071,0.6040145985401459,2x
B,S1,BTC regime filter,sma=50w,2021-09-06 00:00:00+00:00,1.655590981138874,1.7523356234737697,0.4952037092534738,0.7703294789838393,0.029469401586665608,0.031191449332035773,0.6040145985401459,2x
B,S1,BTC regime filter,sma=50w,2021-10-04 00:00:00+00:00,1.77058173943062,1.8875279889705374,0.49866376589704786,0.7720321132443271,0.029144078337091796,0.031069033611348985,0.6040145985401459,2x
B,S1,BTC regime filter,sma=50w,2021-11-01 00:00:00+00:00,2.0318307347274627,2.1791212010656658,0.5107877857484179,0.7777061564444587,0.02890557169623493,0.03100098006965039,0.6040145985401459,2x
B,S1,BTC regime filter,sma=50w,2021-12-06 00:00:00+00:00,2.769066112733894,2.991074824146883,0.3705152112207224,0.7145384255677354,0.028563083377083565,0.030853116578301493,0.6040145985401459,2x
B,S1,BTC regime filter,sma=50w,2022-01-03 00:00:00+00:00,2.724689681053622,2.967214731611274,0.26141622019302757,0.6742481834099558,0.02809398959417886,0.030594639959639798,0.6104014598540146,2x
B,S1,BTC regime filter,sma=50w,2022-02-07 00:00:00+00:00,2.6455370584538644,2.9101143572437858,0.2614118079285813,0.6767541929226852,0.027399460080813183,0.030139650437746048,0.6423357664233577,2x
B,S1,BTC regime filter,sma=50w,2022-03-07 00:00:00+00:00,2.4148557061929705,2.677286854846262,0.2614079817688125,0.6810523581122416,0.02685205110437433,0.029770161116888145,0.6678832116788321,2x
B,S1,BTC regime filter,sma=50w,2022-04-04 00:00:00+00:00,2.1923166898779556,2.450931085390325,0.2614038591975938,0.6989501783584138,0.026345815182178142,0.02945367231754433,0.6870437956204379,2x
B,S1,BTC regime filter,sma=50w,2022-05-02 00:00:00+00:00,2.4854674635595218,2.8121270002904755,0.28119226377769113,0.6810842241466919,0.02575883285163725,0.029144259749962202,0.7062043795620438,2x
B,S1,BTC regime filter,sma=50w,2022-06-06 00:00:00+00:00,2.5306228347178785,2.890070224564403,0.2812036238504029,0.6016313580715403,0.02493011272255613,0.028471163496209425,0.7381386861313869,2x
B,S1,BTC regime filter,sma=50w,2022-07-04 00:00:00+00:00,2.658936688579525,3.030144189421663,0.28121351841166964,0.3529550155283391,0.02426374071818664,0.027651140873957706,0.7636861313868614,2x
B,S1,BTC regime filter,sma=50w,2022-08-01 00:00:00+00:00,2.7290774979416144,3.0851344968877306,0.2812242255273132,0.3528048485856434,0.02357447576088899,0.026650188010717404,0.7892335766423357,2x
B,S1,BTC regime filter,sma=50w,2022-09-05 00:00:00+00:00,2.5154651012720985,2.823634059564927,0.28123891280092683,0.2910673472377532,0.022716927097855357,0.025499971774491856,0.8211678832116789,2x
B,S2,DCA vs 200-week SMA,table=mild,2018-01-01 00:00:00+00:00,3.490231734351157,3.9035850141129984,0.5376989100299452,0.8410036049931576,0.1138164455737304,0.13496179470256667,1.0,2x
B,S2,DCA vs 200-week SMA,table=mild,2018-02-05 00:00:00+00:00,4.346506950103385,4.930145552450927,0.5489939540245459,0.7287970232655927,0.10225283643543724,0.13347567301566862,1.0,2x
B,S2,DCA vs 200-week SMA,table=mild,2018-03-05 00:00:00+00:00,5.396467414114713,6.345871692249581,0.5583295010978838,0.7384721023014262,0.09171119429590728,0.13118327791281614,1.0,2x
B,S2,DCA vs 200-week SMA,table=mild,2018-04-02 00:00:00+00:00,6.246308703427662,7.568909008664438,0.5677542579353948,0.6813703818381925,0.08221345059588654,0.12889734832818756,1.0,2x
B,S2,DCA vs 200-week SMA,table=mild,2018-05-07 00:00:00+00:00,6.026550999661652,7.0758268558059765,0.579805764070573,0.6695099764250615,0.06616125369254364,0.12547198295635212,1.0,2x
B,S2,DCA vs 200-week SMA,table=mild,2018-06-04 00:00:00+00:00,4.867284305006806,4.8304988619535285,0.5898704987429324,0.6332289894684002,0.06605095126040625,0.12308010061341397,1.0,2x
B,S2,DCA vs 200-week SMA,table=mild,2018-07-02 00:00:00+00:00,4.408851548069538,4.020551042109716,0.5940765642483914,0.6332129521112717,0.0651452244608947,0.11999964906733106,1.0,2x
B,S2,DCA vs 200-week SMA,table=mild,2018-08-06 00:00:00+00:00,4.781908681343948,4.753432492558398,0.5993408155577571,0.6331901458427414,0.0640249871976218,0.11632761445489082,1.0,2x
B,S2,DCA vs 200-week SMA,table=mild,2018-09-03 00:00:00+00:00,5.200180946362076,5.566254819135224,0.60210292910303,0.6331674177481212,0.062459716745380756,0.11302811357557033,1.0,2x
B,S2,DCA vs 200-week SMA,table=mild,2018-10-01 00:00:00+00:00,4.752358119707923,4.810183839465627,0.6051586838158758,0.6331407500098598,0.061050863127820786,0.10976115515128954,1.0,2x
B,S2,DCA vs 200-week SMA,table=mild,2018-11-05 00:00:00+00:00,5.648761080347886,6.474602469670275,0.609419646330664,0.6330989524339907,0.05903735856671232,0.10545812224267534,1.0,2x
B,S2,DCA vs 200-week SMA,table=mild,2018-12-03 00:00:00+00:00,5.164051169752171,5.717862022251217,0.610263406660178,0.6330480917983505,0.05669248062260989,0.10123632439626282,1.0,2x
B,S2,DCA vs 200-week SMA,table=mild,2019-01-07 00:00:00+00:00,4.054267583685159,4.020395284214163,0.6061740179431986,0.6329089305917825,0.0521211553066704,0.09331893494601759,1.0,2x
B,S2,DCA vs 200-week SMA,table=mild,2019-02-04 00:00:00+00:00,3.4918213538939185,3.2445883586977713,0.601476452199028,0.6327152986918998,0.04855391696921138,0.08695921614472737,1.0,2x
B,S2,DCA vs 200-week SMA,table=mild,2019-03-04 00:00:00+00:00,3.4616796183145344,3.421962393605454,0.5945917966443796,0.6323627438093548,0.04498594278835574,0.08060400418347986,1.0,2x
B,S2,DCA vs 200-week SMA,table=mild,2019-04-01 00:00:00+00:00,3.3315406076560197,3.4019643281669882,0.5842173263718967,0.6316737616882006,0.041712778136732076,0.07475145929841412,1.0,2x
B,S2,DCA vs 200-week SMA,table=mild,2019-05-06 00:00:00+00:00,2.727237492293869,2.526080678793417,0.5630893727344808,0.6297611779953978,0.038662590914487135,0.06910739890064795,1.0,2x
B,S2,DCA vs 200-week SMA,table=mild,2019-06-03 00:00:00+00:00,2.397121049860738,2.0218639464637884,0.5484131854862018,0.6263429450489786,0.03761761709135823,0.06639376009235949,1.0,2x
B,S2,DCA vs 200-week SMA,table=mild,2019-07-01 00:00:00+00:00,1.9505474677237,1.2883384633425383,0.5263697594375849,0.7193393190640166,0.03802684336989555,0.06460359525561803,1.0,2x
B,S2,DCA vs 200-week SMA,table=mild,2019-08-05 00:00:00+00:00,2.0072606309128247,1.4267173144138392,0.5252114139880639,0.7193535588944755,0.039396632274452816,0.06306495936493951,1.0,2x
B,S2,DCA vs 200-week SMA,table=mild,2019-09-02 00:00:00+00:00,1.871067386194931,1.245060693754875,0.5163106273520217,0.7193657624263494,0.040120477014112955,0.06184651752803199,1.0,2x
B,S2,DCA vs 200-week SMA,table=mild,2019-10-07 00:00:00+00:00,1.785833000600126,1.2006124311400261,0.5317705354044939,0.7268693337785148,0.04122872236698719,0.060148904377459594,1.0,2x
B,S2,DCA vs 200-week SMA,table=mild,2019-11-04 00:00:00+00:00,1.7259465286941928,1.1806026583580518,0.5367237671397078,0.7268853247967629,0.04194953416959507,0.05842305891274031,1.0,2x
B,S2,DCA vs 200-week SMA,table=mild,2019-12-02 00:00:00+00:00,1.5265771012820692,0.9648601870386211,0.5369868247096156,0.7665847532150754,0.043080991742225364,0.05683213519164754,1.0,2x
B,S2,DCA vs 200-week SMA,table=mild,2020-01-06 00:00:00+00:00,1.428071566804807,0.9158385784902803,0.5379823028455181,0.7666133383304278,0.044303668970315235,0.05441104682434078,1.0,2x
B,S2,DCA vs 200-week SMA,table=mild,2020-02-03 00:00:00+00:00,1.6534153876718136,1.2338098024203878,0.5485051375596512,0.7666377321355515,0.044913929645540786,0.052527266126968175,1.0,2x
B,S2,DCA vs 200-week SMA,table=mild,2020-03-02 00:00:00+00:00,1.6014533818194945,1.2060465472904645,0.5233496817694753,0.7666610820701053,0.04558631314440282,0.051041012252775485,1.0,2x
B,S2,DCA vs 200-week SMA,table=mild,2020-04-06 00:00:00+00:00,1.6736752109401138,1.3352872749720086,0.5232365386349964,0.7667152330122359,0.044521144266007,0.04740102239835941,1.0,2x
B,S2,DCA vs 200-week SMA,table=mild,2020-05-04 00:00:00+00:00,1.6088330055903832,1.29768749721833,0.5230103828907435,0.7667661926436363,0.04329149599812596,0.044707515469436195,1.0,2x
B,S2,DCA vs 200-week SMA,table=mild,2020-06-01 00:00:00+00:00,1.456739709694808,1.1647149454437304,0.5226756803408937,0.7668162110259079,0.04254552483186518,0.042804114810861695,1.0,2x
B,S2,DCA vs 200-week SMA,table=mild,2020-07-06 00:00:00+00:00,1.5090428131358578,1.2371836473504538,0.5219532011612467,0.7668922200686736,0.042169915911331596,0.040557002235072234,1.0,2x
B,S2,DCA vs 200-week SMA,table=mild,2020-08-03 00:00:00+00:00,1.3804308389585944,1.129317297522936,0.5209239897142823,0.7669715058466492,0.04141720495576921,0.038693788480266264,1.0,2x
B,S2,DCA vs 200-week SMA,table=mild,2020-09-07 00:00:00+00:00,1.1750914414844669,0.9562429329256086,0.5191213942094225,0.7670766874894703,0.041696151353180076,0.03712130392045049,1.0,2x
B,S2,DCA vs 200-week SMA,table=mild,2020-10-05 00:00:00+00:00,1.202152185389809,0.990876371812638,0.5163348767365554,0.7672011794404077,0.041957188886693524,0.03567053206168057,1.0,2x
B,S2,DCA vs 200-week SMA,table=mild,2020-11-02 00:00:00+00:00,1.4644310566581753,1.2161657941284425,0.5118317250061071,0.7673567863341544,0.04134308119853364,0.03433418114763979,1.0,2x
B,S2,DCA vs 200-week SMA,table=mild,2020-12-07 00:00:00+00:00,1.744985226903851,1.453860362695141,0.5114382353188979,0.7675528001843989,0.03987381093127161,0.033221457883305175,1.0,2x
B,S2,DCA vs 200-week SMA,table=mild,2021-01-04 00:00:00+00:00,1.6742752100354619,1.3987371335800944,0.519726041008769,0.7677114156265994,0.03907728374980043,0.032646274359598354,1.0,2x
B,S2,DCA vs 200-week SMA,table=mild,2021-02-01 00:00:00+00:00,1.6433500261833534,1.384438003228653,0.5366579990331986,0.7678347813341456,0.038594411136292944,0.03251380937596649,1.0,2x
B,S2,DCA vs 200-week SMA,table=mild,2021-03-01 00:00:00+00:00,2.3260376749196467,1.9832154492838834,0.5549210175833643,0.767954197849063,0.03805006356710864,0.03244206864152813,1.0,2x
B,S2,DCA vs 200-week SMA,table=mild,2021-04-05 00:00:00+00:00,2.5269295719255394,2.213089339598161,0.5791907165783865,0.7680964998013181,0.03680305854771993,0.032313633416966164,1.0,2x
B,S2,DCA vs 200-week SMA,table=mild,2021-05-03 00:00:00+00:00,2.1273770954795492,1.9042811616771544,0.6005260186748673,0.7682257805529485,0.035885428749213036,0.03224282921692063,1.0,2x
B,S2,DCA vs 200-week SMA,table=mild,2021-06-07 00:00:00+00:00,2.4871563216624764,2.2661509765222383,0.6098747807438184,0.7684797258296603,0.03501733692824433,0.03200820712199058,1.0,2x
B,S2,DCA vs 200-week SMA,table=mild,2021-07-05 00:00:00+00:00,1.9802596576405127,1.8081849190218924,0.5953252627993022,0.7688206874683877,0.034571385249556004,0.03169473447983431,1.0,2x
B,S2,DCA vs 200-week SMA,table=mild,2021-08-02 00:00:00+00:00,2.2360609825685454,2.0491388496022713,0.5704804573883844,0.769374817455633,0.034092764287936,0.03135444230672071,1.0,2x
B,S2,DCA vs 200-week SMA,table=mild,2021-09-06 00:00:00+00:00,1.8787664725340747,1.7523356234737697,0.5841656363499481,0.7703294789838393,0.03330019026512254,0.031191449332035773,1.0,2x
B,S2,DCA vs 200-week SMA,table=mild,2021-10-04 00:00:00+00:00,1.9999760039636911,1.8875279889705374,0.575762019088436,0.7720321132443271,0.03278889485792816,0.031069033611348985,1.0,2x
B,S2,DCA vs 200-week SMA,table=mild,2021-11-01 00:00:00+00:00,2.2663194954543147,2.1791212010656658,0.6029747915918426,0.7777061564444587,0.03212822783151064,0.03100098006965039,1.0,2x
B,S2,DCA vs 200-week SMA,table=mild,2021-12-06 00:00:00+00:00,3.038204849969249,2.991074824146883,0.6500260229198598,0.7145384255677354,0.03120786358772504,0.030853116578301493,1.0,2x
B,S2,DCA vs 200-week SMA,table=mild,2022-01-03 00:00:00+00:00,2.995109976302473,2.967214731611274,0.6378829621569132,0.6742481834099558,0.03068524142855489,0.030594639959639798,1.0,2x
B,S2,DCA vs 200-week SMA,table=mild,2022-02-07 00:00:00+00:00,2.926780629769973,2.9101143572437858,0.6457457389231613,0.6767541929226852,0.030031899816794435,0.030139650437746048,1.0,2x
B,S2,DCA vs 200-week SMA,table=mild,2022-03-07 00:00:00+00:00,2.688110657466353,2.677286854846262,0.6539524660227906,0.6810523581122416,0.02951868538535655,0.029770161116888145,1.0,2x
B,S2,DCA vs 200-week SMA,table=mild,2022-04-04 00:00:00+00:00,2.456625083366685,2.450931085390325,0.6753705174305871,0.6989501783584138,0.0291202452993973,0.02945367231754433,1.0,2x
B,S2,DCA vs 200-week SMA,table=mild,2022-05-02 00:00:00+00:00,2.809207777538006,2.8121270002904755,0.6810842241466919,0.6810842241466919,0.02875094328934754,0.029144259749962202,1.0,2x
B,S2,DCA vs 200-week SMA,table=mild,2022-06-06 00:00:00+00:00,2.8853639386326004,2.890070224564403,0.6016313580715403,0.6016313580715403,0.028001253765287382,0.028471163496209425,1.0,2x
B,S2,DCA vs 200-week SMA,table=mild,2022-07-04 00:00:00+00:00,3.021390561691523,3.030144189421663,0.3529550155283391,0.3529550155283391,0.027120805502065908,0.027651140873957706,1.0,2x
B,S2,DCA vs 200-week SMA,table=mild,2022-08-01 00:00:00+00:00,3.0731406212189305,3.0851344968877306,0.3528048485856434,0.3528048485856434,0.026065150236087888,0.026650188010717404,1.0,2x
B,S2,DCA vs 200-week SMA,table=mild,2022-09-05 00:00:00+00:00,2.814863398017326,2.823634059564927,0.2910673472377532,0.2910673472377532,0.024845547863043098,0.025499971774491856,1.0,2x
B,S2,DCA vs 200-week SMA,table=base,2018-01-01 00:00:00+00:00,3.257701234262924,3.9035850141129984,0.47859438130058873,0.8410036049931576,0.10206079770023647,0.13496179470256667,0.8403284671532847,2x
B,S2,DCA vs 200-week SMA,table=base,2018-02-05 00:00:00+00:00,4.034330382549519,4.930145552450927,0.49254533607999484,0.7287970232655927,0.09185471793021283,0.13347567301566862,0.8759124087591241,2x
B,S2,DCA vs 200-week SMA,table=base,2018-03-05 00:00:00+00:00,4.995861808588672,6.345871692249581,0.504281982528098,0.7384721023014262,0.08266924613719155,0.13118327791281614,0.9041970802919708,2x
B,S2,DCA vs 200-week SMA,table=base,2018-04-02 00:00:00+00:00,5.7857614505359924,7.568909008664438,0.5165670143549195,0.6813703818381925,0.0744023215234724,0.12889734832818756,0.9297445255474452,2x
B,S2,DCA vs 200-week SMA,table=base,2018-05-07 00:00:00+00:00,5.624901087198477,7.0758268558059765,0.5327503265424189,0.6695099764250615,0.06026588043401264,0.12547198295635212,0.968065693430657,2x
B,S2,DCA vs 200-week SMA,table=base,2018-06-04 00:00:00+00:00,4.592248777953296,4.8304988619535285,0.5464069640084861,0.6332289894684002,0.060446520431871785,0.12308010061341397,0.9936131386861314,2x
B,S2,DCA vs 200-week SMA,table=base,2018-07-02 00:00:00+00:00,4.196619019876723,4.020551042109716,0.5536963602221491,0.6332129521112717,0.059923717591068265,0.11999964906733106,1.0,2x
B,S2,DCA vs 200-week SMA,table=base,2018-08-06 00:00:00+00:00,4.571153888053709,4.753432492558398,0.5630489950240667,0.6331901458427414,0.059253006709675905,0.11632761445489082,1.0,2x
B,S2,DCA vs 200-week SMA,table=base,2018-09-03 00:00:00+00:00,4.98874444148406,5.566254819135224,0.5691753729136203,0.6331674177481212,0.0581195965167032,0.11302811357557033,1.0,2x
B,S2,DCA vs 200-week SMA,table=base,2018-10-01 00:00:00+00:00,4.601078738074966,4.810183839465627,0.5758669146432787,0.6331407500098598,0.0571375076545845,0.10976115515128954,1.0,2x
B,S2,DCA vs 200-week SMA,table=base,2018-11-05 00:00:00+00:00,5.487079490328391,6.474602469670275,0.5850851614824772,0.6330989524339907,0.055701988884607576,0.10545812224267534,1.0,2x
B,S2,DCA vs 200-week SMA,table=base,2018-12-03 00:00:00+00:00,5.041674628105457,5.717862022251217,0.5870126778436483,0.6330480917983505,0.053542851294475134,0.10123632439626282,1.0,2x
B,S2,DCA vs 200-week SMA,table=base,2019-01-07 00:00:00+00:00,3.975041832860429,4.020395284214163,0.578748575975472,0.6329089305917825,0.048808818341811035,0.09331893494601759,1.0,2x
B,S2,DCA vs 200-week SMA,table=base,2019-02-04 00:00:00+00:00,3.4321046085443574,3.2445883586977713,0.5692176456881757,0.6327152986918998,0.045166798701059545,0.08695921614472737,1.0,2x
B,S2,DCA vs 200-week SMA,table=base,2019-03-04 00:00:00+00:00,3.3845366684576272,3.421962393605454,0.555162914748708,0.6323627438093548,0.041523612884735356,0.08060400418347986,1.0,2x
B,S2,DCA vs 200-week SMA,table=base,2019-04-01 00:00:00+00:00,3.2437063426555963,3.4019643281669882,0.5337380636669913,0.6316737616882006,0.038178069711182816,0.07475145929841412,1.0,2x
B,S2,DCA vs 200-week SMA,table=base,2019-05-06 00:00:00+00:00,2.671406802061206,2.526080678793417,0.4886441696230964,0.6297611779953978,0.03509367259765134,0.06910739890064795,1.0,2x
B,S2,DCA vs 200-week SMA,table=base,2019-06-03 00:00:00+00:00,2.373831027717879,2.0218639464637884,0.45840346875249127,0.6263429450489786,0.03427260103716878,0.06639376009235949,1.0,2x
B,S2,DCA vs 200-week SMA,table=base,2019-07-01 00:00:00+00:00,1.9772938501173591,1.2883384633425383,0.4522952732689898,0.7193393190640166,0.035713340947718455,0.06460359525561803,1.0,2x
B,S2,DCA vs 200-week SMA,table=base,2019-08-05 00:00:00+00:00,2.046341782848551,1.4267173144138392,0.4713707003096823,0.7193535588944755,0.03875033445825495,0.06306495936493951,1.0,2x
B,S2,DCA vs 200-week SMA,table=base,2019-09-02 00:00:00+00:00,1.923349951863827,1.245060693754875,0.496079958981671,0.7193657624263494,0.04044444781425738,0.06184651752803199,1.0,2x
B,S2,DCA vs 200-week SMA,table=base,2019-10-07 00:00:00+00:00,1.828729619968805,1.2006124311400261,0.5269605301521273,0.7268693337785148,0.04300555052813076,0.060148904377459594,1.0,2x
B,S2,DCA vs 200-week SMA,table=base,2019-11-04 00:00:00+00:00,1.7658621600204172,1.1806026583580518,0.5367237671397078,0.7268853247967629,0.04493854141793479,0.05842305891274031,1.0,2x
B,S2,DCA vs 200-week SMA,table=base,2019-12-02 00:00:00+00:00,1.5563027008324055,0.9648601870386211,0.5369868247096156,0.7665847532150754,0.04753922029491792,0.05683213519164754,1.0,2x
B,S2,DCA vs 200-week SMA,table=base,2020-01-06 00:00:00+00:00,1.4569741303026975,0.9158385784902803,0.5379823028455181,0.7666133383304278,0.050643619325691606,0.05441104682434078,1.0,2x
B,S2,DCA vs 200-week SMA,table=base,2020-02-03 00:00:00+00:00,1.7277525672118048,1.2338098024203878,0.5485051375596512,0.7666377321355515,0.052476017012514864,0.052527266126968175,1.0,2x
B,S2,DCA vs 200-week SMA,table=base,2020-03-02 00:00:00+00:00,1.677355938229257,1.2060465472904645,0.49627568061425953,0.7666610820701053,0.05424807454634936,0.051041012252775485,1.0,2x
B,S2,DCA vs 200-week SMA,table=base,2020-04-06 00:00:00+00:00,1.7922797781347186,1.3352872749720086,0.4916118694032602,0.7667152330122359,0.053754700256998134,0.04740102239835941,1.0,2x
B,S2,DCA vs 200-week SMA,table=base,2020-05-04 00:00:00+00:00,1.735342881746675,1.29768749721833,0.4869497957430776,0.7667661926436363,0.052525051989117076,0.044707515469436195,1.0,2x
B,S2,DCA vs 200-week SMA,table=base,2020-06-01 00:00:00+00:00,1.5664832025470985,1.1647149454437304,0.482108314479048,0.7668162110259079,0.051779080822856316,0.042804114810861695,1.0,2x
B,S2,DCA vs 200-week SMA,table=base,2020-07-06 00:00:00+00:00,1.6512935420513246,1.2371836473504538,0.474227566777354,0.7668922200686736,0.05188951029090081,0.040557002235072234,1.0,2x
B,S2,DCA vs 200-week SMA,table=base,2020-08-03 00:00:00+00:00,1.5098633668062855,1.129317297522936,0.4652996027823654,0.7669715058466492,0.05113679933533843,0.038693788480266264,1.0,2x
B,S2,DCA vs 200-week SMA,table=base,2020-09-07 00:00:00+00:00,1.270507304673515,0.9562429329256086,0.4522586050393522,0.7670766874894703,0.049321031472247215,0.03712130392045049,1.0,2x
B,S2,DCA vs 200-week SMA,table=base,2020-10-05 00:00:00+00:00,1.3029866221468653,0.990876371812638,0.4348829812652687,0.7672011794404077,0.0469061806330155,0.03567053206168057,1.0,2x
B,S2,DCA vs 200-week SMA,table=base,2020-11-02 00:00:00+00:00,1.582185626929355,1.2161657941284425,0.4097792994243471,0.7673567863341544,0.044667469013231674,0.03433418114763979,1.0,2x
B,S2,DCA vs 200-week SMA,table=base,2020-12-07 00:00:00+00:00,1.879869242354006,1.453860362695141,0.39726401929569066,0.7675528001843989,0.042955980136367436,0.033221457883305175,0.9954337899543378,2x
B,S2,DCA vs 200-week SMA,table=base,2021-01-04 00:00:00+00:00,1.7930853742096862,1.3987371335800944,0.40376912670171305,0.7677114156265994,0.04185029171764712,0.032646274359598354,0.8602739726027397,2x
B,S2,DCA vs 200-week SMA,table=base,2021-02-01 00:00:00+00:00,1.7437692249553791,1.384438003228653,0.4232386965630026,0.7678347813341456,0.040952776537232956,0.03251380937596649,0.891324200913242,2x
B,S2,DCA vs 200-week SMA,table=base,2021-03-01 00:00:00+00:00,2.4423656177051125,1.9832154492838834,0.44453472392171645,0.767954197849063,0.03995299302751423,0.03244206864152813,0.916970802919708,2x
B,S2,DCA vs 200-week SMA,table=base,2021-04-05 00:00:00+00:00,2.644000674070693,2.213089339598161,0.469889840737444,0.7680964998013181,0.03841942951535608,0.032313633416966164,0.9552919708029197,2x
B,S2,DCA vs 200-week SMA,table=base,2021-05-03 00:00:00+00:00,2.2310498665629077,1.9042811616771544,0.4882234267586698,0.7682257805529485,0.037505984101483654,0.03224282921692063,0.9808394160583942,2x
B,S2,DCA vs 200-week SMA,table=base,2021-06-07 00:00:00+00:00,2.5999820156151587,2.2661509765222383,0.49875428397031796,0.7684797258296603,0.036498485272773086,0.03200820712199058,1.0,2x
B,S2,DCA vs 200-week SMA,table=base,2021-07-05 00:00:00+00:00,2.062456615710846,1.8081849190218924,0.48297894092241,0.7688206874683877,0.03587261507634906,0.03169473447983431,1.0,2x
B,S2,DCA vs 200-week SMA,table=base,2021-08-02 00:00:00+00:00,2.318450335030341,2.0491388496022713,0.45546634276812636,0.769374817455633,0.035231601180024746,0.03135444230672071,1.0,2x
B,S2,DCA vs 200-week SMA,table=base,2021-09-06 00:00:00+00:00,1.941935852295712,1.7523356234737697,0.47748380950243086,0.7703294789838393,0.034282881548891614,0.031191449332035773,0.9936131386861314,2x
B,S2,DCA vs 200-week SMA,table=base,2021-10-04 00:00:00+00:00,2.0572375993023067,1.8875279889705374,0.4932058567407397,0.7720321132443271,0.03360037819585869,0.031069033611348985,0.9397810218978102,2x
B,S2,DCA vs 200-week SMA,table=base,2021-11-01 00:00:00+00:00,2.3209070509205576,2.1791212010656658,0.5233688210190363,0.7777061564444587,0.03279154322150664,0.03100098006965039,0.968065693430657,2x
B,S2,DCA vs 200-week SMA,table=base,2021-12-06 00:00:00+00:00,3.085334875791616,2.991074824146883,0.578279824141221,0.7145384255677354,0.03156261059714859,0.030853116578301493,1.0,2x
B,S2,DCA vs 200-week SMA,table=base,2022-01-03 00:00:00+00:00,3.0230052209936713,2.967214731611274,0.60021067353422,0.6742481834099558,0.030775842897469978,0.030594639959639798,1.0,2x
B,S2,DCA vs 200-week SMA,table=base,2022-02-07 00:00:00+00:00,2.943446902296162,2.9101143572437858,0.6135731082218083,0.6767541929226852,0.02992414919584283,0.030139650437746048,1.0,2x
B,S2,DCA vs 200-week SMA,table=base,2022-03-07 00:00:00+00:00,2.698934460086445,2.677286854846262,0.6258327137392219,0.6810523581122416,0.02926720965382497,0.029770161116888145,1.0,2x
B,S2,DCA vs 200-week SMA,table=base,2022-04-04 00:00:00+00:00,2.462319081343045,2.450931085390325,0.6509809862735185,0.6989501783584138,0.02878681828125029,0.02945367231754433,1.0,2x
B,S2,DCA vs 200-week SMA,table=base,2022-05-02 00:00:00+00:00,2.806288554785538,2.8121270002904755,0.6810842241466919,0.6810842241466919,0.02835762682873289,0.029144259749962202,1.0,2x
B,S2,DCA vs 200-week SMA,table=base,2022-06-06 00:00:00+00:00,2.880657652700798,2.890070224564403,0.6016313580715403,0.6016313580715403,0.027531344034365354,0.028471163496209425,1.0,2x
B,S2,DCA vs 200-week SMA,table=base,2022-07-04 00:00:00+00:00,3.012636933961384,3.030144189421663,0.3529550155283391,0.3529550155283391,0.02659047013017412,0.027651140873957706,1.0,2x
B,S2,DCA vs 200-week SMA,table=base,2022-08-01 00:00:00+00:00,3.0611467455501313,3.0851344968877306,0.3528048485856434,0.3528048485856434,0.02548011246145838,0.026650188010717404,1.0,2x
B,S2,DCA vs 200-week SMA,table=base,2022-09-05 00:00:00+00:00,2.8060927364697252,2.823634059564927,0.2910673472377532,0.2910673472377532,0.024191123951594333,0.025499971774491856,1.0,2x
B,S2,DCA vs 200-week SMA,table=aggressive,2018-01-01 00:00:00+00:00,4.778163954795292,3.9035850141129984,0.6281720778811426,0.8410036049931576,0.16437351067195993,0.13496179470256667,0.843978102189781,2x
B,S2,DCA vs 200-week SMA,table=aggressive,2018-02-05 00:00:00+00:00,5.695526713213007,4.930145552450927,0.6277710363762957,0.7287970232655927,0.1262701772559328,0.13347567301566862,0.8996350364963503,2x
B,S2,DCA vs 200-week SMA,table=aggressive,2018-03-05 00:00:00+00:00,6.803714297291279,6.345871692249581,0.627387309198121,0.7384721023014262,0.10849670574571046,0.13118327791281614,0.958941605839416,2x
B,S2,DCA vs 200-week SMA,table=aggressive,2018-04-02 00:00:00+00:00,7.5405177782862225,7.568909008664438,0.6269386112467942,0.6813703818381925,0.09292830299159262,0.12889734832818756,1.0,2x
B,S2,DCA vs 200-week SMA,table=aggressive,2018-05-07 00:00:00+00:00,6.867039293327399,7.0758268558059765,0.6263285193978123,0.6695099764250615,0.07872545795850963,0.12547198295635212,0.9808394160583942,2x
B,S2,DCA vs 200-week SMA,table=aggressive,2018-06-04 00:00:00+00:00,5.2854369884550545,4.8304988619535285,0.6257758089275353,0.6332289894684002,0.07504617507841027,0.12308010061341397,1.0,2x
B,S2,DCA vs 200-week SMA,table=aggressive,2018-07-02 00:00:00+00:00,4.634699230620597,4.020551042109716,0.6251027202792523,0.6332129521112717,0.07130970672801447,0.11999964906733106,1.0,2x
B,S2,DCA vs 200-week SMA,table=aggressive,2018-08-06 00:00:00+00:00,4.896086347022349,4.753432492558398,0.6242204326447152,0.6331901458427414,0.06742800764663327,0.11632761445489082,1.0,2x
B,S2,DCA vs 200-week SMA,table=aggressive,2018-09-03 00:00:00+00:00,5.28711042367387,5.566254819135224,0.6235946587226264,0.6331674177481212,0.06500857435622698,0.11302811357557033,1.0,2x
B,S2,DCA vs 200-week SMA,table=aggressive,2018-10-01 00:00:00+00:00,4.773612817481236,4.810183839465627,0.6228776808403225,0.6331407500098598,0.06259215467893307,0.10976115515128954,1.0,2x
B,S2,DCA vs 200-week SMA,table=aggressive,2018-11-05 00:00:00+00:00,5.645835267949236,6.474602469670275,0.6219338331106832,0.6330989524339907,0.05380479005537797,0.10545812224267534,1.0,2x
B,S2,DCA vs 200-week SMA,table=aggressive,2018-12-03 00:00:00+00:00,5.2165323727175394,5.717862022251217,0.6208597769895774,0.6330480917983505,0.046260631214410854,0.10123632439626282,1.0,2x
B,S2,DCA vs 200-week SMA,table=aggressive,2019-01-07 00:00:00+00:00,4.243187192270575,4.020395284214163,0.6182294086252189,0.6329089305917825,0.042325185787983645,0.09331893494601759,1.0,2x
B,S2,DCA vs 200-week SMA,table=aggressive,2019-02-04 00:00:00+00:00,3.728067710494676,3.2445883586977713,0.6150756186030553,0.6327152986918998,0.039618269976656836,0.08695921614472737,1.0,2x
B,S2,DCA vs 200-week SMA,table=aggressive,2019-03-04 00:00:00+00:00,3.6472229270066934,3.421962393605454,0.6102318992517544,0.6323627438093548,0.036909730218402145,0.08060400418347986,1.0,2x
B,S2,DCA vs 200-week SMA,table=aggressive,2019-04-01 00:00:00+00:00,3.4903195840692978,3.4019643281669882,0.6025623008653795,0.6316737616882006,0.03443544413807659,0.07475145929841412,1.0,2x
B,S2,DCA vs 200-week SMA,table=aggressive,2019-05-06 00:00:00+00:00,2.942240543698721,2.526080678793417,0.5864888238261747,0.6297611779953978,0.032139480448598656,0.06910739890064795,1.0,2x
B,S2,DCA vs 200-week SMA,table=aggressive,2019-06-03 00:00:00+00:00,2.6340162756134857,2.0218639464637884,0.5638762341346841,0.6263429450489786,0.0325220735664511,0.06639376009235949,1.0,2x
B,S2,DCA vs 200-week SMA,table=aggressive,2019-07-01 00:00:00+00:00,2.2016642614484994,1.2883384633425383,0.536330256654391,0.7193393190640166,0.03424837039211963,0.06460359525561803,1.0,2x
B,S2,DCA vs 200-week SMA,table=aggressive,2019-08-05 00:00:00+00:00,2.1933928813484025,1.4267173144138392,0.536395990318767,0.7193535588944755,0.03684845199852329,0.06306495936493951,1.0,2x
B,S2,DCA vs 200-week SMA,table=aggressive,2019-09-02 00:00:00+00:00,2.0219226306523073,1.245060693754875,0.5592138142365659,0.7193657624263494,0.03892423539122952,0.06184651752803199,1.0,2x
B,S2,DCA vs 200-week SMA,table=aggressive,2019-10-07 00:00:00+00:00,1.9360679414815376,1.2006124311400261,0.5365715036041295,0.7268693337785148,0.04216298045567407,0.060148904377459594,1.0,2x
B,S2,DCA vs 200-week SMA,table=aggressive,2019-11-04 00:00:00+00:00,1.8713828773682988,1.1806026583580518,0.5367237671397078,0.7268853247967629,0.04458718139080901,0.05842305891274031,1.0,2x
B,S2,DCA vs 200-week SMA,table=aggressive,2019-12-02 00:00:00+00:00,1.6521274113095967,0.9648601870386211,0.5369868247096156,0.7665847532150754,0.04753118742464645,0.05683213519164754,1.0,2x
B,S2,DCA vs 200-week SMA,table=aggressive,2020-01-06 00:00:00+00:00,1.5375004215900947,0.9158385784902803,0.5379823028455181,0.7666133383304278,0.05111833206710291,0.05441104682434078,1.0,2x
B,S2,DCA vs 200-week SMA,table=aggressive,2020-02-03 00:00:00+00:00,1.8027150367234919,1.2338098024203878,0.5485051375596512,0.7666377321355515,0.053299192290040445,0.052527266126968175,1.0,2x
B,S2,DCA vs 200-week SMA,table=aggressive,2020-03-02 00:00:00+00:00,1.7452108440874872,1.2060465472904645,0.4876687302871633,0.7666610820701053,0.05536137309238071,0.051041012252775485,1.0,2x
B,S2,DCA vs 200-week SMA,table=aggressive,2020-04-06 00:00:00+00:00,1.8540862232236326,1.3352872749720086,0.45654864672146367,0.7667152330122359,0.05677574908703941,0.04740102239835941,1.0,2x
B,S2,DCA vs 200-week SMA,table=aggressive,2020-05-04 00:00:00+00:00,1.7921133799995745,1.29768749721833,0.45765563819430044,0.7667661926436363,0.05770945731424225,0.044707515469436195,1.0,2x
B,S2,DCA vs 200-week SMA,table=aggressive,2020-06-01 00:00:00+00:00,1.6064379677281957,1.1647149454437304,0.4589882006707824,0.7668162110259079,0.05903775466791849,0.042804114810861695,1.0,2x
B,S2,DCA vs 200-week SMA,table=aggressive,2020-07-06 00:00:00+00:00,1.6971536636113842,1.2371836473504538,0.46065922561704775,0.7668922200686736,0.05563560840442488,0.040557002235072234,1.0,2x
B,S2,DCA vs 200-week SMA,table=aggressive,2020-08-03 00:00:00+00:00,1.539978896332917,1.129317297522936,0.461374564630214,0.7669715058466492,0.05276428317309962,0.038693788480266264,1.0,2x
B,S2,DCA vs 200-week SMA,table=aggressive,2020-09-07 00:00:00+00:00,1.2810839254862283,0.9562429329256086,0.46034521955348895,0.7670766874894703,0.049731615375271626,0.03712130392045049,1.0,2x
B,S2,DCA vs 200-week SMA,table=aggressive,2020-10-05 00:00:00+00:00,1.295692364855682,0.990876371812638,0.4572739174678444,0.7672011794404077,0.04664359485947916,0.03567053206168057,1.0,2x
B,S2,DCA vs 200-week SMA,table=aggressive,2020-11-02 00:00:00+00:00,1.5341706087144509,1.2161657941284425,0.45246774064150763,0.7673567863341544,0.043311933163467736,0.03433418114763979,1.0,2x
B,S2,DCA vs 200-week SMA,table=aggressive,2020-12-07 00:00:00+00:00,1.7771173554229258,1.453860362695141,0.44486867767807703,0.7675528001843989,0.0406080466128322,0.033221457883305175,0.9908675799086758,2x
B,S2,DCA vs 200-week SMA,table=aggressive,2021-01-04 00:00:00+00:00,1.704685337147076,1.3987371335800944,0.4490499853088411,0.7677114156265994,0.03978705067395077,0.032646274359598354,0.8401826484018264,2x
B,S2,DCA vs 200-week SMA,table=aggressive,2021-02-01 00:00:00+00:00,1.663911187769522,1.384438003228653,0.4632391390048959,0.7678347813341456,0.039077294217226916,0.03251380937596649,0.8757990867579909,2x
B,S2,DCA vs 200-week SMA,table=aggressive,2021-03-01 00:00:00+00:00,2.3396474052387037,1.9832154492838834,0.47957313537034796,0.767954197849063,0.038272695861226225,0.03244206864152813,0.9087591240875912,2x
B,S2,DCA vs 200-week SMA,table=aggressive,2021-04-05 00:00:00+00:00,2.54529239487936,2.213089339598161,0.5005214117942607,0.7680964998013181,0.03716417765676715,0.032313633416966164,0.948905109489051,2x
B,S2,DCA vs 200-week SMA,table=aggressive,2021-05-03 00:00:00+00:00,2.1420863182400267,1.9042811616771544,0.5205517075376056,0.7682257805529485,0.03626928875675389,0.03224282921692063,0.9808394160583942,2x
B,S2,DCA vs 200-week SMA,table=aggressive,2021-06-07 00:00:00+00:00,2.50486494286096,2.2661509765222383,0.5367610026687133,0.7684797258296603,0.03537991807886941,0.03200820712199058,1.0,2x
B,S2,DCA vs 200-week SMA,table=aggressive,2021-07-05 00:00:00+00:00,1.980544500460472,1.8081849190218924,0.5435451921777439,0.7688206874683877,0.034715936078897655,0.03169473447983431,1.0,2x
B,S2,DCA vs 200-week SMA,table=aggressive,2021-08-02 00:00:00+00:00,2.223247179254335,2.0491388496022713,0.5375657468323803,0.769374817455633,0.034018522185082646,0.03135444230672071,1.0,2x
B,S2,DCA vs 200-week SMA,table=aggressive,2021-09-06 00:00:00+00:00,1.8622816847954176,1.7523356234737697,0.560083659796111,0.7703294789838393,0.03314848139543285,0.031191449332035773,1.0,2x
B,S2,DCA vs 200-week SMA,table=aggressive,2021-10-04 00:00:00+00:00,1.9711000546028867,1.8875279889705374,0.5867399953302829,0.7720321132443271,0.0324446441089276,0.031069033611348985,1.0,2x
B,S2,DCA vs 200-week SMA,table=aggressive,2021-11-01 00:00:00+00:00,2.2344042821491272,2.1791212010656658,0.6160892304375564,0.7777061564444587,0.031787457523965064,0.03100098006965039,0.9808394160583942,2x
B,S2,DCA vs 200-week SMA,table=aggressive,2021-12-06 00:00:00+00:00,3.0186190672988804,2.991074824146883,0.6439355442297723,0.7145384255677354,0.03113723710185679,0.030853116578301493,1.0,2x
B,S2,DCA vs 200-week SMA,table=aggressive,2022-01-03 00:00:00+00:00,2.9721903073392184,2.967214731611274,0.6674471153014843,0.6742481834099558,0.03064594259923869,0.030594639959639798,1.0,2x
B,S2,DCA vs 200-week SMA,table=aggressive,2022-02-07 00:00:00+00:00,2.9101143572437858,2.9101143572437858,0.6767541929226852,0.6767541929226852,0.030139650437746048,0.030139650437746048,1.0,2x
B,S2,DCA vs 200-week SMA,table=aggressive,2022-03-07 00:00:00+00:00,2.677286854846262,2.677286854846262,0.6810523581122416,0.6810523581122416,0.029770161116888145,0.029770161116888145,1.0,2x
B,S2,DCA vs 200-week SMA,table=aggressive,2022-04-04 00:00:00+00:00,2.450931085390325,2.450931085390325,0.6989501783584138,0.6989501783584138,0.02945367231754433,0.02945367231754433,1.0,2x
B,S2,DCA vs 200-week SMA,table=aggressive,2022-05-02 00:00:00+00:00,2.8121270002904755,2.8121270002904755,0.6810842241466919,0.6810842241466919,0.029144259749962202,0.029144259749962202,1.0,2x
B,S2,DCA vs 200-week SMA,table=aggressive,2022-06-06 00:00:00+00:00,2.890070224564403,2.890070224564403,0.6016313580715403,0.6016313580715403,0.028471163496209425,0.028471163496209425,1.0,2x
B,S2,DCA vs 200-week SMA,table=aggressive,2022-07-04 00:00:00+00:00,3.030144189421663,3.030144189421663,0.3529550155283391,0.3529550155283391,0.027651140873957706,0.027651140873957706,1.0,2x
B,S2,DCA vs 200-week SMA,table=aggressive,2022-08-01 00:00:00+00:00,3.0851344968877306,3.0851344968877306,0.3528048485856434,0.3528048485856434,0.026650188010717404,0.026650188010717404,1.0,2x
B,S2,DCA vs 200-week SMA,table=aggressive,2022-09-05 00:00:00+00:00,2.823634059564927,2.823634059564927,0.2910673472377532,0.2910673472377532,0.025499971774491856,0.025499971774491856,1.0,2x
B,S3,Drawdown-from-ATH DCA,"x=0.3, n_weeks=4",2018-01-01 00:00:00+00:00,3.8893443650385766,3.9035850141129984,0.7268882366394651,0.8410036049931576,0.13248750327238473,0.13496179470256667,0.9808394160583942,2x
B,S3,Drawdown-from-ATH DCA,"x=0.3, n_weeks=4",2018-02-05 00:00:00+00:00,4.869341781114346,4.930145552450927,0.7287970232655927,0.7287970232655927,0.12941532359969884,0.13347567301566862,1.0,2x
B,S3,Drawdown-from-ATH DCA,"x=0.3, n_weeks=4",2018-03-05 00:00:00+00:00,6.237707183305465,6.345871692249581,0.7384721023014262,0.7384721023014262,0.1265772131688018,0.13118327791281614,1.0,2x
B,S3,Drawdown-from-ATH DCA,"x=0.3, n_weeks=4",2018-04-02 00:00:00+00:00,7.411738518440224,7.568909008664438,0.6813703818381925,0.6813703818381925,0.12383441149121485,0.12889734832818756,1.0,2x
B,S3,Drawdown-from-ATH DCA,"x=0.3, n_weeks=4",2018-05-07 00:00:00+00:00,6.930155682034695,7.0758268558059765,0.6695099764250615,0.6695099764250615,0.11983933589263374,0.12547198295635212,1.0,2x
B,S3,Drawdown-from-ATH DCA,"x=0.3, n_weeks=4",2018-06-04 00:00:00+00:00,4.794942979187198,4.8304988619535285,0.6332289894684002,0.6332289894684002,0.1198209150681905,0.12308010061341397,1.0,2x
B,S3,Drawdown-from-ATH DCA,"x=0.3, n_weeks=4",2018-07-02 00:00:00+00:00,3.9939777484791232,4.020551042109716,0.6332129521112717,0.6332129521112717,0.1192065274586669,0.11999964906733106,1.0,2x
B,S3,Drawdown-from-ATH DCA,"x=0.3, n_weeks=4",2018-08-06 00:00:00+00:00,4.7210235925492245,4.753432492558398,0.6331901458427414,0.6331901458427414,0.11553449284622669,0.11632761445489082,1.0,2x
B,S3,Drawdown-from-ATH DCA,"x=0.3, n_weeks=4",2018-09-03 00:00:00+00:00,5.526882870500922,5.566254819135224,0.6331674177481212,0.6331674177481212,0.11184061674555146,0.11302811357557033,1.0,2x
B,S3,Drawdown-from-ATH DCA,"x=0.3, n_weeks=4",2018-10-01 00:00:00+00:00,4.7791625354294185,4.810183839465627,0.6331407500098598,0.6331407500098598,0.10839926239323233,0.10976115515128954,1.0,2x
B,S3,Drawdown-from-ATH DCA,"x=0.3, n_weeks=4",2018-11-05 00:00:00+00:00,6.417172999540232,6.474602469670275,0.6330989524339907,0.6330989524339907,0.10353713510919052,0.10545812224267534,1.0,2x
B,S3,Drawdown-from-ATH DCA,"x=0.3, n_weeks=4",2018-12-03 00:00:00+00:00,5.6718273384722195,5.717862022251217,0.6330480917983505,0.6330480917983505,0.09889883944264011,0.10123632439626282,1.0,2x
B,S3,Drawdown-from-ATH DCA,"x=0.3, n_weeks=4",2019-01-07 00:00:00+00:00,4.007006473468323,4.020395284214163,0.6329089305917825,0.6329089305917825,0.09099379847500928,0.09331893494601759,1.0,2x
B,S3,Drawdown-from-ATH DCA,"x=0.3, n_weeks=4",2019-02-04 00:00:00+00:00,3.2394235136166896,3.2445883586977713,0.6327152986918998,0.6327152986918998,0.0868207915342353,0.08695921614472737,1.0,2x
B,S3,Drawdown-from-ATH DCA,"x=0.3, n_weeks=4",2019-03-04 00:00:00+00:00,3.4160857151916235,3.421962393605454,0.6323627438093548,0.6323627438093548,0.08046557957298778,0.08060400418347986,1.0,2x
B,S3,Drawdown-from-ATH DCA,"x=0.3, n_weeks=4",2019-04-01 00:00:00+00:00,3.395664577079126,3.4019643281669882,0.6316737616882006,0.6316737616882006,0.07461303468792205,0.07475145929841412,1.0,2x
B,S3,Drawdown-from-ATH DCA,"x=0.3, n_weeks=4",2019-05-06 00:00:00+00:00,2.52102084815884,2.526080678793417,0.6297611779953978,0.6297611779953978,0.0689689742901559,0.06910739890064795,1.0,2x
B,S3,Drawdown-from-ATH DCA,"x=0.3, n_weeks=4",2019-06-03 00:00:00+00:00,2.0176485544018257,2.0218639464637884,0.6263429450489786,0.6263429450489786,0.06625533548186743,0.06639376009235949,1.0,2x
B,S3,Drawdown-from-ATH DCA,"x=0.3, n_weeks=4",2019-07-01 00:00:00+00:00,1.2855779706909372,1.2883384633425383,0.7150686283489331,0.7193393190640166,0.06446517064512595,0.06460359525561803,1.0,2x
B,S3,Drawdown-from-ATH DCA,"x=0.3, n_weeks=4",2019-08-05 00:00:00+00:00,1.4235857372191696,1.4267173144138392,0.7148503451537349,0.7193535588944755,0.06292653475444746,0.06306495936493951,1.0,2x
B,S3,Drawdown-from-ATH DCA,"x=0.3, n_weeks=4",2019-09-02 00:00:00+00:00,1.2422740042457385,1.245060693754875,0.7146619868121584,0.7193657624263494,0.06170809291753994,0.06184651752803199,1.0,2x
B,S3,Drawdown-from-ATH DCA,"x=0.3, n_weeks=4",2019-10-07 00:00:00+00:00,1.1978493831701158,1.2006124311400261,0.7219883046086853,0.7268693337785148,0.06001047976696754,0.060148904377459594,1.0,2x
B,S3,Drawdown-from-ATH DCA,"x=0.3, n_weeks=4",2019-11-04 00:00:00+00:00,1.1778053987456585,1.1806026583580518,0.7216909964501232,0.7268853247967629,0.058284634302248256,0.05842305891274031,1.0,2x
B,S3,Drawdown-from-ATH DCA,"x=0.3, n_weeks=4",2019-12-02 00:00:00+00:00,0.9625101012091917,0.9648601870386211,0.7618357993341827,0.7665847532150754,0.056693710581155486,0.05683213519164754,1.0,2x
B,S3,Drawdown-from-ATH DCA,"x=0.3, n_weeks=4",2020-01-06 00:00:00+00:00,0.9135086362101696,0.9158385784902803,0.7613484201391685,0.7666133383304278,0.05427262221384874,0.05441104682434078,1.0,2x
B,S3,Drawdown-from-ATH DCA,"x=0.3, n_weeks=4",2020-02-03 00:00:00+00:00,1.2305583550500168,1.2338098024203878,0.7609247357873458,0.7666377321355515,0.052388841516476124,0.052527266126968175,1.0,2x
B,S3,Drawdown-from-ATH DCA,"x=0.3, n_weeks=4",2020-03-02 00:00:00+00:00,1.202775716321886,1.2060465472904645,0.7605123707933581,0.7666610820701053,0.050902587642283434,0.051041012252775485,1.0,2x
B,S3,Drawdown-from-ATH DCA,"x=0.3, n_weeks=4",2020-04-06 00:00:00+00:00,1.3313878523102012,1.3352872749720086,0.7595298357411258,0.7667152330122359,0.047262597787867344,0.04740102239835941,1.0,2x
B,S3,Drawdown-from-ATH DCA,"x=0.3, n_weeks=4",2020-05-04 00:00:00+00:00,1.29366956232625,1.29768749721833,0.7585707769963411,0.7667661926436363,0.04456909085894414,0.044707515469436195,1.0,2x
B,S3,Drawdown-from-ATH DCA,"x=0.3, n_weeks=4",2020-06-01 00:00:00+00:00,1.1609483633436282,1.1647149454437304,0.7575958177990908,0.7668162110259079,0.04266569020036965,0.042804114810861695,1.0,2x
B,S3,Drawdown-from-ATH DCA,"x=0.3, n_weeks=4",2020-07-06 00:00:00+00:00,1.2329610309080696,1.2371836473504538,0.75604785874216,0.7668922200686736,0.040418577624580176,0.040557002235072234,1.0,2x
B,S3,Drawdown-from-ATH DCA,"x=0.3, n_weeks=4",2020-08-03 00:00:00+00:00,1.1252772354568685,1.129317297522936,0.7543436590109662,0.7669715058466492,0.038555363869774206,0.038693788480266264,1.0,2x
B,S3,Drawdown-from-ATH DCA,"x=0.3, n_weeks=4",2020-09-07 00:00:00+00:00,0.9526771218805635,0.9562429329256086,0.7519328417525678,0.7670766874894703,0.03698287930995842,0.03712130392045049,1.0,2x
B,S3,Drawdown-from-ATH DCA,"x=0.3, n_weeks=4",2020-10-05 00:00:00+00:00,0.9870311340803615,0.990876371812638,0.748841365569053,0.7672011794404077,0.03553210745118851,0.03567053206168057,1.0,2x
B,S3,Drawdown-from-ATH DCA,"x=0.3, n_weeks=4",2020-11-02 00:00:00+00:00,1.2112625964776202,1.2161657941284425,0.7445787147323204,0.7673567863341544,0.03419575653714772,0.03433418114763979,0.8146118721461187,2x
B,S3,Drawdown-from-ATH DCA,"x=0.3, n_weeks=4",2020-12-07 00:00:00+00:00,1.4953760717806155,1.453860362695141,0.742229309738965,0.7675528001843989,0.034170113212433136,0.033221457883305175,0.8465753424657534,2x
B,S3,Drawdown-from-ATH DCA,"x=0.3, n_weeks=4",2021-01-04 00:00:00+00:00,1.4595265413479965,1.3987371335800944,0.7399488872571431,0.7677114156265994,0.03406508825715246,0.032646274359598354,0.8721461187214612,2x
B,S3,Drawdown-from-ATH DCA,"x=0.3, n_weeks=4",2021-02-01 00:00:00+00:00,1.4461957482619066,1.384438003228653,0.737190466845933,0.7678347813341456,0.033964202636493815,0.03251380937596649,0.897716894977169,2x
B,S3,Drawdown-from-ATH DCA,"x=0.3, n_weeks=4",2021-03-01 00:00:00+00:00,2.061610799547925,1.9832154492838834,0.7337854820518803,0.767954197849063,0.03341190537585277,0.03244206864152813,0.9233576642335767,2x
B,S3,Drawdown-from-ATH DCA,"x=0.3, n_weeks=4",2021-04-05 00:00:00+00:00,2.2792140133287004,2.213089339598161,0.72821178586009,0.7680964998013181,0.032535121943867096,0.032313633416966164,0.9552919708029197,2x
B,S3,Drawdown-from-ATH DCA,"x=0.3, n_weeks=4",2021-05-03 00:00:00+00:00,1.956550577983511,1.9042811616771544,0.722147693902675,0.7682257805529485,0.03183369519827856,0.03224282921692063,0.9808394160583942,2x
B,S3,Drawdown-from-ATH DCA,"x=0.3, n_weeks=4",2021-06-07 00:00:00+00:00,2.299252401363152,2.2661509765222383,0.710970333413999,0.7684797258296603,0.03094634514336888,0.03200820712199058,1.0,2x
B,S3,Drawdown-from-ATH DCA,"x=0.3, n_weeks=4",2021-07-05 00:00:00+00:00,1.8592254629562992,1.8081849190218924,0.6970239004960621,0.7688206874683877,0.0302448238163825,0.03169473447983431,1.0,2x
B,S3,Drawdown-from-ATH DCA,"x=0.3, n_weeks=4",2021-08-02 00:00:00+00:00,2.0871914378938405,2.0491388496022713,0.6713099610717854,0.769374817455633,0.02950018635585128,0.03135444230672071,1.0,2x
B,S3,Drawdown-from-ATH DCA,"x=0.3, n_weeks=4",2021-09-06 00:00:00+00:00,1.8055906914816984,1.7523356234737697,0.6710226444235862,0.7703294789838393,0.02873812547052203,0.031191449332035773,0.9808394160583942,2x
B,S3,Drawdown-from-ATH DCA,"x=0.3, n_weeks=4",2021-10-04 00:00:00+00:00,1.9257342387753533,1.8875279889705374,0.6714633410910978,0.7720321132443271,0.02813329198353807,0.031069033611348985,0.9297445255474452,2x
B,S3,Drawdown-from-ATH DCA,"x=0.3, n_weeks=4",2021-11-01 00:00:00+00:00,2.1761775180326888,2.1791212010656658,0.6720388186091217,0.7777061564444587,0.027515777418687836,0.03100098006965039,0.9552919708029197,2x
B,S3,Drawdown-from-ATH DCA,"x=0.3, n_weeks=4",2021-12-06 00:00:00+00:00,2.866588053958459,2.991074824146883,0.6730372891968064,0.7145384255677354,0.02674388421262503,0.030853116578301493,0.9872262773722628,2x
B,S3,Drawdown-from-ATH DCA,"x=0.3, n_weeks=4",2022-01-03 00:00:00+00:00,2.834409455735855,2.967214731611274,0.6741874786510259,0.6742481834099558,0.02613859759258142,0.030594639959639798,0.9936131386861314,2x
B,S3,Drawdown-from-ATH DCA,"x=0.3, n_weeks=4",2022-02-07 00:00:00+00:00,2.7775241916086593,2.9101143572437858,0.6767541929226852,0.6767541929226852,0.025336134524502073,0.030139650437746048,1.0,2x
B,S3,Drawdown-from-ATH DCA,"x=0.3, n_weeks=4",2022-03-07 00:00:00+00:00,2.578132269631969,2.677286854846262,0.6810523581122416,0.6810523581122416,0.024701408716560912,0.029770161116888145,1.0,2x
B,S3,Drawdown-from-ATH DCA,"x=0.3, n_weeks=4",2022-04-04 00:00:00+00:00,2.385812856070508,2.450931085390325,0.6989501783584138,0.6989501783584138,0.024078510375891177,0.02945367231754433,1.0,2x
B,S3,Drawdown-from-ATH DCA,"x=0.3, n_weeks=4",2022-05-02 00:00:00+00:00,2.6722636637503623,2.8121270002904755,0.6810842241466919,0.6810842241466919,0.023470022426681208,0.029144259749962202,1.0,2x
B,S3,Drawdown-from-ATH DCA,"x=0.3, n_weeks=4",2022-06-06 00:00:00+00:00,2.7224768026681474,2.890070224564403,0.6016313580715403,0.6016313580715403,0.022490553091698905,0.028471163496209425,1.0,2x
B,S3,Drawdown-from-ATH DCA,"x=0.3, n_weeks=4",2022-07-04 00:00:00+00:00,2.813241544555789,3.030144189421663,0.3529550155283391,0.3529550155283391,0.021428827905568156,0.027651140873957706,1.0,2x
B,S3,Drawdown-from-ATH DCA,"x=0.3, n_weeks=4",2022-08-01 00:00:00+00:00,2.8299297271957706,3.0851344968877306,0.3528048485856434,0.3528048485856434,0.02020906543137698,0.026650188010717404,1.0,2x
B,S3,Drawdown-from-ATH DCA,"x=0.3, n_weeks=4",2022-09-05 00:00:00+00:00,2.6019631970247517,2.823634059564927,0.2910673472377532,0.2910673472377532,0.01878130464787442,0.025499971774491856,1.0,2x
B,S3,Drawdown-from-ATH DCA,"x=0.3, n_weeks=12",2018-01-01 00:00:00+00:00,3.8933692296206273,3.9035850141129984,0.7142879936954643,0.8410036049931576,0.1326266581634565,0.13496179470256667,0.9808394160583942,2x
B,S3,Drawdown-from-ATH DCA,"x=0.3, n_weeks=12",2018-02-05 00:00:00+00:00,4.869341781114346,4.930145552450927,0.7287970232655927,0.7287970232655927,0.12941532359969884,0.13347567301566862,1.0,2x
B,S3,Drawdown-from-ATH DCA,"x=0.3, n_weeks=12",2018-03-05 00:00:00+00:00,6.237707183305465,6.345871692249581,0.7384721023014262,0.7384721023014262,0.1265772131688018,0.13118327791281614,1.0,2x
B,S3,Drawdown-from-ATH DCA,"x=0.3, n_weeks=12",2018-04-02 00:00:00+00:00,7.411738518440224,7.568909008664438,0.6813703818381925,0.6813703818381925,0.12383441149121485,0.12889734832818756,1.0,2x
B,S3,Drawdown-from-ATH DCA,"x=0.3, n_weeks=12",2018-05-07 00:00:00+00:00,6.930155682034695,7.0758268558059765,0.6695099764250615,0.6695099764250615,0.11983933589263374,0.12547198295635212,1.0,2x
B,S3,Drawdown-from-ATH DCA,"x=0.3, n_weeks=12",2018-06-04 00:00:00+00:00,4.787981883857336,4.8304988619535285,0.6332289894684002,0.6332289894684002,0.11807472842221882,0.12308010061341397,1.0,2x
B,S3,Drawdown-from-ATH DCA,"x=0.3, n_weeks=12",2018-07-02 00:00:00+00:00,4.002006234997437,4.020551042109716,0.6332129521112717,0.6332129521112717,0.11668962008301965,0.11999964906733106,1.0,2x
B,S3,Drawdown-from-ATH DCA,"x=0.3, n_weeks=12",2018-08-06 00:00:00+00:00,4.722839514111196,4.753432492558398,0.6331901458427414,0.6331901458427414,0.11520223532295529,0.11632761445489082,1.0,2x
B,S3,Drawdown-from-ATH DCA,"x=0.3, n_weeks=12",2018-09-03 00:00:00+00:00,5.527777638525455,5.566254819135224,0.6331674177481212,0.6331674177481212,0.11185878586378031,0.11302811357557033,1.0,2x
B,S3,Drawdown-from-ATH DCA,"x=0.3, n_weeks=12",2018-10-01 00:00:00+00:00,4.779880266324547,4.810183839465627,0.6331407500098598,0.6331407500098598,0.10827029920045796,0.10976115515128954,1.0,2x
B,S3,Drawdown-from-ATH DCA,"x=0.3, n_weeks=12",2018-11-05 00:00:00+00:00,6.4156247297818085,6.474602469670275,0.6330989524339907,0.6330989524339907,0.10340817191641614,0.10545812224267534,1.0,2x
B,S3,Drawdown-from-ATH DCA,"x=0.3, n_weeks=12",2018-12-03 00:00:00+00:00,5.670912880248429,5.717862022251217,0.6330480917983505,0.6330480917983505,0.0987698762498657,0.10123632439626282,1.0,2x
B,S3,Drawdown-from-ATH DCA,"x=0.3, n_weeks=12",2019-01-07 00:00:00+00:00,4.009091494062036,4.020395284214163,0.6329089305917825,0.6329089305917825,0.09052474347222833,0.09331893494601759,1.0,2x
B,S3,Drawdown-from-ATH DCA,"x=0.3, n_weeks=12",2019-02-04 00:00:00+00:00,3.2472330557253883,3.2445883586977713,0.6327152986918998,0.6327152986918998,0.08508117000699539,0.08695921614472737,1.0,2x
B,S3,Drawdown-from-ATH DCA,"x=0.3, n_weeks=12",2019-03-04 00:00:00+00:00,3.417045748234267,3.421962393605454,0.6323627438093548,0.6323627438093548,0.07963176466749723,0.08060400418347986,1.0,2x
B,S3,Drawdown-from-ATH DCA,"x=0.3, n_weeks=12",2019-04-01 00:00:00+00:00,3.3981727854821027,3.4019643281669882,0.6316737616882006,0.6316737616882006,0.07466814762276228,0.07475145929841412,1.0,2x
B,S3,Drawdown-from-ATH DCA,"x=0.3, n_weeks=12",2019-05-06 00:00:00+00:00,2.5230353896126654,2.526080678793417,0.6297611779953978,0.6297611779953978,0.06902408722499609,0.06910739890064795,1.0,2x
B,S3,Drawdown-from-ATH DCA,"x=0.3, n_weeks=12",2019-06-03 00:00:00+00:00,2.0193268876635986,2.0218639464637884,0.6263429450489786,0.6263429450489786,0.0663104484167076,0.06639376009235949,1.0,2x
B,S3,Drawdown-from-ATH DCA,"x=0.3, n_weeks=12",2019-07-01 00:00:00+00:00,1.2866770444112368,1.2883384633425383,0.7146328148111118,0.7193393190640166,0.06452028357996614,0.06460359525561803,1.0,2x
B,S3,Drawdown-from-ATH DCA,"x=0.3, n_weeks=12",2019-08-05 00:00:00+00:00,1.4248325560418005,1.4267173144138392,0.714390452088294,0.7193535588944755,0.06298164768928763,0.06306495936493951,1.0,2x
B,S3,Drawdown-from-ATH DCA,"x=0.3, n_weeks=12",2019-09-02 00:00:00+00:00,1.2433835080889561,1.245060693754875,0.7141812960111648,0.7193657624263494,0.06176320585238011,0.06184651752803199,1.0,2x
B,S3,Drawdown-from-ATH DCA,"x=0.3, n_weeks=12",2019-10-07 00:00:00+00:00,1.198949474275192,1.2006124311400261,0.7214890558811027,0.7268693337785148,0.06006559270180771,0.060148904377459594,1.0,2x
B,S3,Drawdown-from-ATH DCA,"x=0.3, n_weeks=12",2019-11-04 00:00:00+00:00,1.1789191110125803,1.1806026583580518,0.7211591518209555,0.7268853247967629,0.058339747237088437,0.05842305891274031,1.0,2x
B,S3,Drawdown-from-ATH DCA,"x=0.3, n_weeks=12",2019-12-02 00:00:00+00:00,0.9634457738957592,0.9648601870386211,0.7613489353471143,0.7665847532150754,0.05674882351599567,0.05683213519164754,1.0,2x
B,S3,Drawdown-from-ATH DCA,"x=0.3, n_weeks=12",2020-01-06 00:00:00+00:00,0.9144362888624593,0.9158385784902803,0.7608075950957378,0.7666133383304278,0.0543277351486889,0.05441104682434078,1.0,2x
B,S3,Drawdown-from-ATH DCA,"x=0.3, n_weeks=12",2020-02-03 00:00:00+00:00,1.2318528994697013,1.2338098024203878,0.760336889013509,0.7666377321355515,0.0524439544513163,0.052527266126968175,1.0,2x
B,S3,Drawdown-from-ATH DCA,"x=0.3, n_weeks=12",2020-03-02 00:00:00+00:00,1.2040779782058364,1.2060465472904645,0.7598786584200289,0.7666610820701053,0.0509577005771236,0.051041012252775485,1.0,2x
B,S3,Drawdown-from-ATH DCA,"x=0.3, n_weeks=12",2020-04-06 00:00:00+00:00,1.3329403842357785,1.3352872749720086,0.7587864454049111,0.7667152330122359,0.04731771072270753,0.04740102239835941,1.0,2x
B,S3,Drawdown-from-ATH DCA,"x=0.3, n_weeks=12",2020-05-04 00:00:00+00:00,1.2952692791909906,1.29768749721833,0.7577197986615276,0.7667661926436363,0.04462420379378432,0.044707515469436195,1.0,2x
B,S3,Drawdown-from-ATH DCA,"x=0.3, n_weeks=12",2020-06-01 00:00:00+00:00,1.162448005590157,1.1647149454437304,0.7566349375438639,0.7668162110259079,0.04272080313520984,0.042804114810861695,1.0,2x
B,S3,Drawdown-from-ATH DCA,"x=0.3, n_weeks=12",2020-07-06 00:00:00+00:00,1.2346422405139117,1.2371836473504538,0.7549114044205532,0.7668922200686736,0.04047369055942036,0.040557002235072234,1.0,2x
B,S3,Drawdown-from-ATH DCA,"x=0.3, n_weeks=12",2020-08-03 00:00:00+00:00,1.1268857621242436,1.129317297522936,0.7530124035705253,0.7669715058466492,0.0386104768046144,0.038693788480266264,1.0,2x
B,S3,Drawdown-from-ATH DCA,"x=0.3, n_weeks=12",2020-09-07 00:00:00+00:00,0.9540968283263997,0.9562429329256086,0.7503233816933056,0.7670766874894703,0.037037992244798604,0.03712130392045049,1.0,2x
B,S3,Drawdown-from-ATH DCA,"x=0.3, n_weeks=12",2020-10-05 00:00:00+00:00,0.9885620925987251,0.990876371812638,0.7468707615083607,0.7672011794404077,0.03558722038602869,0.03567053206168057,1.0,2x
B,S3,Drawdown-from-ATH DCA,"x=0.3, n_weeks=12",2020-11-02 00:00:00+00:00,1.2132147754411566,1.2161657941284425,0.7421023093935024,0.7673567863341544,0.03425086947198791,0.03433418114763979,0.8146118721461187,2x
B,S3,Drawdown-from-ATH DCA,"x=0.3, n_weeks=12",2020-12-07 00:00:00+00:00,1.4976508707718748,1.453860362695141,0.7394599108797337,0.7675528001843989,0.03422209354068213,0.033221457883305175,0.8465753424657534,2x
B,S3,Drawdown-from-ATH DCA,"x=0.3, n_weeks=12",2021-01-04 00:00:00+00:00,1.4616462766673817,1.3987371335800944,0.7368905943262933,0.7677114156265994,0.03411456250012852,0.032646274359598354,0.8721461187214612,2x
B,S3,Drawdown-from-ATH DCA,"x=0.3, n_weeks=12",2021-02-01 00:00:00+00:00,1.4481956524169057,1.384438003228653,0.7337768231630366,0.7678347813341456,0.03401117079419694,0.03251380937596649,0.897716894977169,2x
B,S3,Drawdown-from-ATH DCA,"x=0.3, n_weeks=12",2021-03-01 00:00:00+00:00,2.0643288096084125,1.9832154492838834,0.7299243100873152,0.767954197849063,0.03345636744828293,0.03244206864152813,0.9233576642335767,2x
B,S3,Drawdown-from-ATH DCA,"x=0.3, n_weeks=12",2021-04-05 00:00:00+00:00,2.2820445771058933,2.213089339598161,0.7235968725867551,0.7680964998013181,0.03257645140970609,0.032313633416966164,0.9552919708029197,2x
B,S3,Drawdown-from-ATH DCA,"x=0.3, n_weeks=12",2021-05-03 00:00:00+00:00,1.958843510522004,1.9042811616771544,0.7166827470710834,0.7682257805529485,0.03187251857884461,0.03224282921692063,0.9808394160583942,2x
B,S3,Drawdown-from-ATH DCA,"x=0.3, n_weeks=12",2021-06-07 00:00:00+00:00,2.301867988852048,2.2661509765222383,0.703879013440413,0.7684797258296603,0.03098328895998022,0.03200820712199058,1.0,2x
B,S3,Drawdown-from-ATH DCA,"x=0.3, n_weeks=12",2021-07-05 00:00:00+00:00,1.8613331080634148,1.8081849190218924,0.6878049067787355,0.7688206874683877,0.030281767632993846,0.03169473447983431,1.0,2x
B,S3,Drawdown-from-ATH DCA,"x=0.3, n_weeks=12",2021-08-02 00:00:00+00:00,2.0896058648235347,2.0491388496022713,0.6705677084459156,0.769374817455633,0.02953713017246263,0.03135444230672071,1.0,2x
B,S3,Drawdown-from-ATH DCA,"x=0.3, n_weeks=12",2021-09-06 00:00:00+00:00,1.8071435094524846,1.7523356234737697,0.6710047614403628,0.7703294789838393,0.028765765519841828,0.031191449332035773,0.9808394160583942,2x
B,S3,Drawdown-from-ATH DCA,"x=0.3, n_weeks=12",2021-10-04 00:00:00+00:00,1.9268482175998938,1.8875279889705374,0.6714484214699112,0.7720321132443271,0.02815162826556632,0.031069033611348985,0.9297445255474452,2x
B,S3,Drawdown-from-ATH DCA,"x=0.3, n_weeks=12",2021-11-01 00:00:00+00:00,2.1768856107767776,2.1791212010656658,0.6720281278994661,0.7777061564444587,0.027525851006626047,0.03100098006965039,0.9552919708029197,2x
B,S3,Drawdown-from-ATH DCA,"x=0.3, n_weeks=12",2021-12-06 00:00:00+00:00,2.8665633541824205,2.991074824146883,0.6730376902808616,0.7145384255677354,0.026743629432950708,0.030853116578301493,0.9872262773722628,2x
B,S3,Drawdown-from-ATH DCA,"x=0.3, n_weeks=12",2022-01-03 00:00:00+00:00,2.83419676194646,2.967214731611274,0.6741925183509164,0.6742481834099558,0.026136404529221745,0.030594639959639798,0.9936131386861314,2x
B,S3,Drawdown-from-ATH DCA,"x=0.3, n_weeks=12",2022-02-07 00:00:00+00:00,2.7775241916086593,2.9101143572437858,0.6767541929226852,0.6767541929226852,0.025336134524502073,0.030139650437746048,1.0,2x
B,S3,Drawdown-from-ATH DCA,"x=0.3, n_weeks=12",2022-03-07 00:00:00+00:00,2.578132269631969,2.677286854846262,0.6810523581122416,0.6810523581122416,0.024701408716560912,0.029770161116888145,1.0,2x
B,S3,Drawdown-from-ATH DCA,"x=0.3, n_weeks=12",2022-04-04 00:00:00+00:00,2.385812856070508,2.450931085390325,0.6989501783584138,0.6989501783584138,0.024078510375891177,0.02945367231754433,1.0,2x
B,S3,Drawdown-from-ATH DCA,"x=0.3, n_weeks=12",2022-05-02 00:00:00+00:00,2.6722636637503623,2.8121270002904755,0.6810842241466919,0.6810842241466919,0.023470022426681208,0.029144259749962202,1.0,2x
B,S3,Drawdown-from-ATH DCA,"x=0.3, n_weeks=12",2022-06-06 00:00:00+00:00,2.7224768026681474,2.890070224564403,0.6016313580715403,0.6016313580715403,0.022490553091698905,0.028471163496209425,1.0,2x
B,S3,Drawdown-from-ATH DCA,"x=0.3, n_weeks=12",2022-07-04 00:00:00+00:00,2.813241544555789,3.030144189421663,0.3529550155283391,0.3529550155283391,0.021428827905568156,0.027651140873957706,1.0,2x
B,S3,Drawdown-from-ATH DCA,"x=0.3, n_weeks=12",2022-08-01 00:00:00+00:00,2.8299297271957706,3.0851344968877306,0.3528048485856434,0.3528048485856434,0.02020906543137698,0.026650188010717404,1.0,2x
B,S3,Drawdown-from-ATH DCA,"x=0.3, n_weeks=12",2022-09-05 00:00:00+00:00,2.6019631970247517,2.823634059564927,0.2910673472377532,0.2910673472377532,0.01878130464787442,0.025499971774491856,1.0,2x
B,S3,Drawdown-from-ATH DCA,"x=0.4, n_weeks=4",2018-01-01 00:00:00+00:00,3.9015718223757467,3.9035850141129984,0.7181629460560626,0.8410036049931576,0.13246982236006447,0.13496179470256667,0.968065693430657,2x
B,S3,Drawdown-from-ATH DCA,"x=0.4, n_weeks=4",2018-02-05 00:00:00+00:00,4.863865716763954,4.930145552450927,0.7121763060053387,0.7287970232655927,0.12892218432144312,0.13347567301566862,1.0,2x
B,S3,Drawdown-from-ATH DCA,"x=0.4, n_weeks=4",2018-03-05 00:00:00+00:00,6.22659087297977,6.345871692249581,0.6797635586133334,0.7384721023014262,0.12608407389054602,0.13118327791281614,0.9936131386861314,2x
B,S3,Drawdown-from-ATH DCA,"x=0.4, n_weeks=4",2018-04-02 00:00:00+00:00,7.382051536124703,7.568909008664438,0.6813703818381925,0.6813703818381925,0.12311190607710855,0.12889734832818756,1.0,2x
B,S3,Drawdown-from-ATH DCA,"x=0.4, n_weeks=4",2018-05-07 00:00:00+00:00,6.902149796416502,7.0758268558059765,0.6695099764250615,0.6695099764250615,0.11911683047852745,0.12547198295635212,1.0,2x
B,S3,Drawdown-from-ATH DCA,"x=0.4, n_weeks=4",2018-06-04 00:00:00+00:00,4.780045927739074,4.8304988619535285,0.6328382550798156,0.6332289894684002,0.11927904965194333,0.12308010061341397,1.0,2x
B,S3,Drawdown-from-ATH DCA,"x=0.4, n_weeks=4",2018-07-02 00:00:00+00:00,3.988161880925953,4.020551042109716,0.6328004646223939,0.6332129521112717,0.11820123209281255,0.11999964906733106,1.0,2x
B,S3,Drawdown-from-ATH DCA,"x=0.4, n_weeks=4",2018-08-06 00:00:00+00:00,4.712457314770656,4.753432492558398,0.6327478658483143,0.6331901458427414,0.1151689812120725,0.11632761445489082,1.0,2x
B,S3,Drawdown-from-ATH DCA,"x=0.4, n_weeks=4",2018-09-03 00:00:00+00:00,5.514480538074743,5.566254819135224,0.6326966107871513,0.6331674177481212,0.11133010098387992,0.11302811357557033,1.0,2x
B,S3,Drawdown-from-ATH DCA,"x=0.4, n_weeks=4",2018-10-01 00:00:00+00:00,4.769332209243922,4.810183839465627,0.6326377505559162,0.6331407500098598,0.1075209158540527,0.10976115515128954,1.0,2x
B,S3,Drawdown-from-ATH DCA,"x=0.4, n_weeks=4",2018-11-05 00:00:00+00:00,6.391909325365997,6.474602469670275,0.6325478537388819,0.6330989524339907,0.10265878857001089,0.10545812224267534,1.0,2x
B,S3,Drawdown-from-ATH DCA,"x=0.4, n_weeks=4",2018-12-03 00:00:00+00:00,5.6508804476836945,5.717862022251217,0.6324416732499463,0.6330480917983505,0.09802049290346043,0.10123632439626282,1.0,2x
B,S3,Drawdown-from-ATH DCA,"x=0.4, n_weeks=4",2019-01-07 00:00:00+00:00,4.000307366841167,4.020395284214163,0.632164457815195,0.6329089305917825,0.08945227290631681,0.09331893494601759,1.0,2x
B,S3,Drawdown-from-ATH DCA,"x=0.4, n_weeks=4",2019-02-04 00:00:00+00:00,3.2487246383549717,3.2445883586977713,0.6318006540483022,0.6327152986918998,0.08493621164994132,0.08695921614472737,1.0,2x
B,S3,Drawdown-from-ATH DCA,"x=0.4, n_weeks=4",2019-03-04 00:00:00+00:00,3.420866565704933,3.421962393605454,0.631177583316643,0.6323627438093548,0.07949046548631197,0.08060400418347986,1.0,2x
B,S3,Drawdown-from-ATH DCA,"x=0.4, n_weeks=4",2019-04-01 00:00:00+00:00,3.4058498336890963,3.4019643281669882,0.6300409362037078,0.6316737616882006,0.07455692443049013,0.07475145929841412,1.0,2x
B,S3,Drawdown-from-ATH DCA,"x=0.4, n_weeks=4",2019-05-06 00:00:00+00:00,2.532599801652562,2.526080678793417,0.6271480593762359,0.6297611779953978,0.06911149422060558,0.06910739890064795,1.0,2x
B,S3,Drawdown-from-ATH DCA,"x=0.4, n_weeks=4",2019-06-03 00:00:00+00:00,2.0276700444445424,2.0218639464637884,0.6224299165213646,0.6263429450489786,0.06658442014002547,0.06639376009235949,1.0,2x
B,S3,Drawdown-from-ATH DCA,"x=0.4, n_weeks=4",2019-07-01 00:00:00+00:00,1.2921406460517035,1.2883384633425383,0.7113039693745495,0.7193393190640166,0.064794255303284,0.06460359525561803,1.0,2x
B,S3,Drawdown-from-ATH DCA,"x=0.4, n_weeks=4",2019-08-05 00:00:00+00:00,1.431030612858986,1.4267173144138392,0.7108795637311619,0.7193535588944755,0.0632556194126055,0.06306495936493951,1.0,2x
B,S3,Drawdown-from-ATH DCA,"x=0.4, n_weeks=4",2019-09-02 00:00:00+00:00,1.2473602316953079,1.245060693754875,0.7105009704374612,0.7193657624263494,0.06196074361697104,0.06184651752803199,1.0,2x
B,S3,Drawdown-from-ATH DCA,"x=0.4, n_weeks=4",2019-10-07 00:00:00+00:00,1.2028924604067293,1.2006124311400261,0.7176682612650129,0.7268693337785148,0.06026313046639865,0.060148904377459594,1.0,2x
B,S3,Drawdown-from-ATH DCA,"x=0.4, n_weeks=4",2019-11-04 00:00:00+00:00,1.1829109186026365,1.1806026583580518,0.7170908340227814,0.7268853247967629,0.05853728500167937,0.05842305891274031,1.0,2x
B,S3,Drawdown-from-ATH DCA,"x=0.4, n_weeks=4",2019-12-02 00:00:00+00:00,0.9667994456141924,0.9648601870386211,0.7576268171945381,0.7665847532150754,0.05694636128058659,0.05683213519164754,1.0,2x
B,S3,Drawdown-from-ATH DCA,"x=0.4, n_weeks=4",2020-01-06 00:00:00+00:00,0.9177612148853893,0.9158385784902803,0.7566764676256668,0.7666133383304278,0.05452527291327985,0.05441104682434078,1.0,2x
B,S3,Drawdown-from-ATH DCA,"x=0.4, n_weeks=4",2020-02-03 00:00:00+00:00,1.2364928521699123,1.2338098024203878,0.7558497388617904,0.7666377321355515,0.05264149221590724,0.052527266126968175,1.0,2x
B,S3,Drawdown-from-ATH DCA,"x=0.4, n_weeks=4",2020-03-02 00:00:00+00:00,1.208745592119223,1.2060465472904645,0.755044551378532,0.7666610820701053,0.05115523834171455,0.051041012252775485,1.0,2x
B,S3,Drawdown-from-ATH DCA,"x=0.4, n_weeks=4",2020-04-06 00:00:00+00:00,1.3385050250396828,1.3352872749720086,0.7531237224296157,0.7667152330122359,0.047515248487298475,0.04740102239835941,1.0,2x
B,S3,Drawdown-from-ATH DCA,"x=0.4, n_weeks=4",2020-05-04 00:00:00+00:00,1.3010030419520502,1.29768749721833,0.7512453782872195,0.7667661926436363,0.044821741558375275,0.044707515469436195,1.0,2x
B,S3,Drawdown-from-ATH DCA,"x=0.4, n_weeks=4",2020-06-01 00:00:00+00:00,1.1678230773028941,1.1647149454437304,0.7493321340995958,0.7668162110259079,0.042918340899800775,0.042804114810861695,1.0,2x
B,S3,Drawdown-from-ATH DCA,"x=0.4, n_weeks=4",2020-07-06 00:00:00+00:00,1.2406680924905837,1.2371836473504538,0.7462859498022899,0.7668922200686736,0.04067122832401132,0.040557002235072234,1.0,2x
B,S3,Drawdown-from-ATH DCA,"x=0.4, n_weeks=4",2020-08-03 00:00:00+00:00,1.1326511012969729,1.129317297522936,0.7429190985167019,0.7669715058466492,0.038808014569205344,0.038693788480266264,1.0,2x
B,S3,Drawdown-from-ATH DCA,"x=0.4, n_weeks=4",2020-09-07 00:00:00+00:00,0.9529902880662015,0.9562429329256086,0.7376134856372544,0.7670766874894703,0.0369950364059791,0.03712130392045049,1.0,2x
B,S3,Drawdown-from-ATH DCA,"x=0.4, n_weeks=4",2020-10-05 00:00:00+00:00,0.9873688408231684,0.990876371812638,0.7311654415495392,0.7672011794404077,0.03554426454720917,0.03567053206168057,1.0,2x
B,S3,Drawdown-from-ATH DCA,"x=0.4, n_weeks=4",2020-11-02 00:00:00+00:00,1.2357533906499911,1.2161657941284425,0.725359347249449,0.7673567863341544,0.0348871683229613,0.03433418114763979,0.8146118721461187,2x
B,S3,Drawdown-from-ATH DCA,"x=0.4, n_weeks=4",2020-12-07 00:00:00+00:00,1.5245985862199538,1.453860362695141,0.7208877578469906,0.7675528001843989,0.034837862714105404,0.033221457883305175,0.8465753424657534,2x
B,S3,Drawdown-from-ATH DCA,"x=0.4, n_weeks=4",2021-01-04 00:00:00+00:00,1.487250104652661,1.3987371335800944,0.7165313924790968,0.7677114156265994,0.03411750614120385,0.032646274359598354,0.8721461187214612,2x
B,S3,Drawdown-from-ATH DCA,"x=0.4, n_weeks=4",2021-02-01 00:00:00+00:00,1.47300604263105,1.384438003228653,0.7112384407654089,0.7678347813341456,0.03339714956830228,0.03251380937596649,0.897716894977169,2x
B,S3,Drawdown-from-ATH DCA,"x=0.4, n_weeks=4",2021-03-01 00:00:00+00:00,2.0739975000850897,1.9832154492838834,0.7046656890046321,0.767954197849063,0.032676792995400716,0.03244206864152813,0.9233576642335767,2x
B,S3,Drawdown-from-ATH DCA,"x=0.4, n_weeks=4",2021-04-05 00:00:00+00:00,2.2845720542070427,2.213089339598161,0.6938015623345776,0.7680964998013181,0.03177634727927376,0.032313633416966164,0.9552919708029197,2x
B,S3,Drawdown-from-ATH DCA,"x=0.4, n_weeks=4",2021-05-03 00:00:00+00:00,1.967943717056112,1.9042811616771544,0.6818134698929199,0.7682257805529485,0.031055990706372192,0.03224282921692063,0.9808394160583942,2x
B,S3,Drawdown-from-ATH DCA,"x=0.4, n_weeks=4",2021-06-07 00:00:00+00:00,2.300511334657941,2.2661509765222383,0.664751122066038,0.7684797258296603,0.03015444328097774,0.03200820712199058,1.0,2x
B,S3,Drawdown-from-ATH DCA,"x=0.4, n_weeks=4",2021-07-05 00:00:00+00:00,1.8702923477146907,1.8081849190218924,0.6644548656533013,0.7688206874683877,0.02943399212667833,0.03169473447983431,1.0,2x
B,S3,Drawdown-from-ATH DCA,"x=0.4, n_weeks=4",2021-08-02 00:00:00+00:00,2.0915251681926117,2.0491388496022713,0.6640691896719786,0.769374817455633,0.02868935466614711,0.03135444230672071,0.8403284671532847,2x
B,S3,Drawdown-from-ATH DCA,"x=0.4, n_weeks=4",2021-09-06 00:00:00+00:00,1.8126699910747759,1.7523356234737697,0.6634870555870018,0.7703294789838393,0.027843758415141938,0.031191449332035773,0.8722627737226277,2x
B,S3,Drawdown-from-ATH DCA,"x=0.4, n_weeks=4",2021-10-04 00:00:00+00:00,1.9243713195721255,1.8875279889705374,0.6628520743726525,0.7720321132443271,0.027167281414337798,0.031069033611348985,0.8978102189781022,2x
B,S3,Drawdown-from-ATH DCA,"x=0.4, n_weeks=4",2021-11-01 00:00:00+00:00,2.161454946068993,2.1791212010656658,0.6619747965918512,0.7777061564444587,0.02649080441353366,0.03100098006965039,0.9233576642335767,2x
B,S3,Drawdown-from-ATH DCA,"x=0.4, n_weeks=4",2021-12-06 00:00:00+00:00,2.8174010528802693,2.991074824146883,0.6602690490081977,0.7145384255677354,0.025645208162528486,0.030853116578301493,0.9552919708029197,2x
B,S3,Drawdown-from-ATH DCA,"x=0.4, n_weeks=4",2022-01-03 00:00:00+00:00,2.778275046375464,2.967214731611274,0.6579186031342281,0.6742481834099558,0.024968731161724354,0.030594639959639798,0.9808394160583942,2x
B,S3,Drawdown-from-ATH DCA,"x=0.4, n_weeks=4",2022-02-07 00:00:00+00:00,2.717283842241538,2.9101143572437858,0.6515189084032041,0.6767541929226852,0.024118528169827708,0.030139650437746048,0.9872262773722628,2x
B,S3,Drawdown-from-ATH DCA,"x=0.4, n_weeks=4",2022-03-07 00:00:00+00:00,2.5230070330583296,2.677286854846262,0.6354166725261624,0.6810523581122416,0.023451017144250238,0.029770161116888145,1.0,2x
B,S3,Drawdown-from-ATH DCA,"x=0.4, n_weeks=4",2022-04-04 00:00:00+00:00,2.3351928915336613,2.450931085390325,0.6227316830155001,0.6989501783584138,0.02278130094284191,0.02945367231754433,0.9872262773722628,2x
B,S3,Drawdown-from-ATH DCA,"x=0.4, n_weeks=4",2022-05-02 00:00:00+00:00,2.599706099767338,2.8121270002904755,0.6810842241466919,0.6810842241466919,0.02212395002649599,0.029144259749962202,1.0,2x
B,S3,Drawdown-from-ATH DCA,"x=0.4, n_weeks=4",2022-06-06 00:00:00+00:00,2.6431636109052454,2.890070224564403,0.6016313580715403,0.6016313580715403,0.02114448069151369,0.028471163496209425,1.0,2x
B,S3,Drawdown-from-ATH DCA,"x=0.4, n_weeks=4",2022-07-04 00:00:00+00:00,2.7230573374817513,3.030144189421663,0.3529550155283391,0.3529550155283391,0.02008275550538294,0.027651140873957706,1.0,2x
B,S3,Drawdown-from-ATH DCA,"x=0.4, n_weeks=4",2022-08-01 00:00:00+00:00,2.7314277349392686,3.0851344968877306,0.3528048485856434,0.3528048485856434,0.018862993031191762,0.026650188010717404,1.0,2x
B,S3,Drawdown-from-ATH DCA,"x=0.4, n_weeks=4",2022-09-05 00:00:00+00:00,2.510236269833585,2.823634059564927,0.2910673472377532,0.2910673472377532,0.017435232247689204,0.025499971774491856,1.0,2x
B,S3,Drawdown-from-ATH DCA,"x=0.4, n_weeks=12",2018-01-01 00:00:00+00:00,3.8857729425804273,3.9035850141129984,0.6866100353780398,0.8410036049931576,0.13148316427812579,0.13496179470256667,0.968065693430657,2x
B,S3,Drawdown-from-ATH DCA,"x=0.4, n_weeks=12",2018-02-05 00:00:00+00:00,4.8332757162971225,4.930145552450927,0.7114082254152909,0.7287970232655927,0.12774912606522787,0.13347567301566862,1.0,2x
B,S3,Drawdown-from-ATH DCA,"x=0.4, n_weeks=12",2018-03-05 00:00:00+00:00,6.182584100821557,6.345871692249581,0.6783400589877677,0.7384721023014262,0.12491101563433081,0.13118327791281614,0.9936131386861314,2x
B,S3,Drawdown-from-ATH DCA,"x=0.4, n_weeks=12",2018-04-02 00:00:00+00:00,7.3268124588030075,7.568909008664438,0.6813703818381925,0.6813703818381925,0.12195425244193683,0.12889734832818756,1.0,2x
B,S3,Drawdown-from-ATH DCA,"x=0.4, n_weeks=12",2018-05-07 00:00:00+00:00,6.849604301266975,7.0758268558059765,0.6695099764250615,0.6695099764250615,0.11795917684335572,0.12547198295635212,1.0,2x
B,S3,Drawdown-from-ATH DCA,"x=0.4, n_weeks=12",2018-06-04 00:00:00+00:00,4.740149459030082,4.8304988619535285,0.6325390668208435,0.6332289894684002,0.11631499603818024,0.12308010061341397,1.0,2x
B,S3,Drawdown-from-ATH DCA,"x=0.4, n_weeks=12",2018-07-02 00:00:00+00:00,3.9674396178547626,4.020551042109716,0.6324852964475196,0.6332129521112717,0.11433510757678529,0.11999964906733106,1.0,2x
B,S3,Drawdown-from-ATH DCA,"x=0.4, n_weeks=12",2018-08-06 00:00:00+00:00,4.6691223400701665,4.753432492558398,0.6324109244647855,0.6331901458427414,0.11210158526657041,0.11632761445489082,1.0,2x
B,S3,Drawdown-from-ATH DCA,"x=0.4, n_weeks=12",2018-09-03 00:00:00+00:00,5.445427963635893,5.566254819135224,0.632338942289492,0.6331674177481212,0.10826270503837784,0.11302811357557033,1.0,2x
B,S3,Drawdown-from-ATH DCA,"x=0.4, n_weeks=12",2018-10-01 00:00:00+00:00,4.716912712015396,4.810183839465627,0.632256833172418,0.6331407500098598,0.10445351990855062,0.10976115515128954,1.0,2x
B,S3,Drawdown-from-ATH DCA,"x=0.4, n_weeks=12",2018-11-05 00:00:00+00:00,6.285592890044688,6.474602469670275,0.6321324773982362,0.6330989524339907,0.09959139262450878,0.10545812224267534,1.0,2x
B,S3,Drawdown-from-ATH DCA,"x=0.4, n_weeks=12",2018-12-03 00:00:00+00:00,5.559639251193867,5.717862022251217,0.6319870722431056,0.6330480917983505,0.09495309695795834,0.10123632439626282,1.0,2x
B,S3,Drawdown-from-ATH DCA,"x=0.4, n_weeks=12",2019-01-07 00:00:00+00:00,3.9501632332510535,4.020395284214163,0.631613837072508,0.6329089305917825,0.08638487696081472,0.09331893494601759,1.0,2x
B,S3,Drawdown-from-ATH DCA,"x=0.4, n_weeks=12",2019-02-04 00:00:00+00:00,3.216116770653778,3.2445883586977713,0.631135249333233,0.6327152986918998,0.08080813823918732,0.08695921614472737,1.0,2x
B,S3,Drawdown-from-ATH DCA,"x=0.4, n_weeks=12",2019-03-04 00:00:00+00:00,3.365841631241134,3.421962393605454,0.6303374901037563,0.6323627438093548,0.07508589830834633,0.08060400418347986,1.0,2x
B,S3,Drawdown-from-ATH DCA,"x=0.4, n_weeks=12",2019-04-01 00:00:00+00:00,3.3353477382583314,3.4019643281669882,0.6289313453238867,0.6316737616882006,0.06987627341804671,0.07475145929841412,1.0,2x
B,S3,Drawdown-from-ATH DCA,"x=0.4, n_weeks=12",2019-05-06 00:00:00+00:00,2.5024189263770724,2.526080678793417,0.6255228140404658,0.6297611779953978,0.06501314950459938,0.06910739890064795,1.0,2x
B,S3,Drawdown-from-ATH DCA,"x=0.4, n_weeks=12",2019-06-03 00:00:00+00:00,2.021689626440823,2.0218639464637884,0.620247037834005,0.6263429450489786,0.06408947014636628,0.06639376009235949,1.0,2x
B,S3,Drawdown-from-ATH DCA,"x=0.4, n_weeks=12",2019-07-01 00:00:00+00:00,1.3029221104039954,1.2883384633425383,0.698790623948711,0.7193393190640166,0.06463288879164136,0.06460359525561803,1.0,2x
B,S3,Drawdown-from-ATH DCA,"x=0.4, n_weeks=12",2019-08-05 00:00:00+00:00,1.4437273280880578,1.4267173144138392,0.6976682358357569,0.7193535588944755,0.0638168503038971,0.06306495936493951,1.0,2x
B,S3,Drawdown-from-ATH DCA,"x=0.4, n_weeks=12",2019-09-02 00:00:00+00:00,1.257433895509975,1.245060693754875,0.6966395420438207,0.7193657624263494,0.06246113771728305,0.06184651752803199,1.0,2x
B,S3,Drawdown-from-ATH DCA,"x=0.4, n_weeks=12",2019-10-07 00:00:00+00:00,1.2128806619130041,1.2006124311400261,0.7040500811465793,0.7268693337785148,0.06076352456671065,0.060148904377459594,1.0,2x
B,S3,Drawdown-from-ATH DCA,"x=0.4, n_weeks=12",2019-11-04 00:00:00+00:00,1.1930227925108032,1.1806026583580518,0.7025654360769193,0.7268853247967629,0.059037679101991376,0.05842305891274031,1.0,2x
B,S3,Drawdown-from-ATH DCA,"x=0.4, n_weeks=12",2019-12-02 00:00:00+00:00,0.9752948214010064,0.9648601870386211,0.7443106548678948,0.7665847532150754,0.057446755380898606,0.05683213519164754,1.0,2x
B,S3,Drawdown-from-ATH DCA,"x=0.4, n_weeks=12",2020-01-06 00:00:00+00:00,0.9261837733227258,0.9158385784902803,0.7418458350707158,0.7666133383304278,0.05502566701359184,0.05441104682434078,1.0,2x
B,S3,Drawdown-from-ATH DCA,"x=0.4, n_weeks=12",2020-02-03 00:00:00+00:00,1.2482465791684942,1.2338098024203878,0.7396911780664612,0.7666377321355515,0.05314188631621923,0.052527266126968175,1.0,2x
B,S3,Drawdown-from-ATH DCA,"x=0.4, n_weeks=12",2020-03-02 00:00:00+00:00,1.2205693893036713,1.2060465472904645,0.7375829209056143,0.7666610820701053,0.05165563244202652,0.051041012252775485,1.0,2x
B,S3,Drawdown-from-ATH DCA,"x=0.4, n_weeks=12",2020-04-06 00:00:00+00:00,1.3526011318494118,1.3352872749720086,0.7325125793780718,0.7667152330122359,0.04801564258761044,0.04740102239835941,1.0,2x
B,S3,Drawdown-from-ATH DCA,"x=0.4, n_weeks=12",2020-05-04 00:00:00+00:00,1.3155275611707609,1.29768749721833,0.727494784075603,0.7667661926436363,0.04532213565868723,0.044707515469436195,1.0,2x
B,S3,Drawdown-from-ATH DCA,"x=0.4, n_weeks=12",2020-06-01 00:00:00+00:00,1.1814389759103174,1.1647149454437304,0.7223183416898422,0.7668162110259079,0.04341873500011273,0.042804114810861695,1.0,2x
B,S3,Drawdown-from-ATH DCA,"x=0.4, n_weeks=12",2020-07-06 00:00:00+00:00,1.255932519445721,1.2371836473504538,0.7139281210504121,0.7668922200686736,0.041171622424323276,0.040557002235072234,1.0,2x
B,S3,Drawdown-from-ATH DCA,"x=0.4, n_weeks=12",2020-08-03 00:00:00+00:00,1.1472556085126184,1.129317297522936,0.7044203791665691,0.7669715058466492,0.0393084086695173,0.038693788480266264,1.0,2x
B,S3,Drawdown-from-ATH DCA,"x=0.4, n_weeks=12",2020-09-07 00:00:00+00:00,0.9875404266144274,0.9562429329256086,0.6959214972480199,0.7670766874894703,0.038336271095806757,0.03712130392045049,1.0,2x
B,S3,Drawdown-from-ATH DCA,"x=0.4, n_weeks=12",2020-10-05 00:00:00+00:00,1.0246264225409742,0.990876371812638,0.6794807430730796,0.7672011794404077,0.03688549923703683,0.03567053206168057,1.0,2x
B,S3,Drawdown-from-ATH DCA,"x=0.4, n_weeks=12",2020-11-02 00:00:00+00:00,1.2826429740374294,1.2161657941284425,0.6671715122714026,0.7673567863341544,0.036210931462604116,0.03433418114763979,0.8146118721461187,2x
B,S3,Drawdown-from-ATH DCA,"x=0.4, n_weeks=12",2020-12-07 00:00:00+00:00,1.580618517047172,1.453860362695141,0.6636939095060341,0.7675528001843989,0.03611794697828612,0.033221457883305175,0.8465753424657534,2x
B,S3,Drawdown-from-ATH DCA,"x=0.4, n_weeks=12",2021-01-04 00:00:00+00:00,1.5405984641986115,1.3987371335800944,0.660392272598666,0.7677114156265994,0.035362647305014865,0.032646274359598354,0.8721461187214612,2x
B,S3,Drawdown-from-ATH DCA,"x=0.4, n_weeks=12",2021-02-01 00:00:00+00:00,1.524536276172382,1.384438003228653,0.6564886161987568,0.7678347813341456,0.03460734763174361,0.03251380937596649,0.897716894977169,2x
B,S3,Drawdown-from-ATH DCA,"x=0.4, n_weeks=12",2021-03-01 00:00:00+00:00,2.145841987727523,1.9832154492838834,0.6517952008825578,0.767954197849063,0.03385204795847237,0.03244206864152813,0.9233576642335767,2x
B,S3,Drawdown-from-ATH DCA,"x=0.4, n_weeks=12",2021-04-05 00:00:00+00:00,2.3620711996642654,2.213089339598161,0.6443815251875057,0.7680964998013181,0.032907923366883286,0.032313633416966164,0.9552919708029197,2x
B,S3,Drawdown-from-ATH DCA,"x=0.4, n_weeks=12",2021-05-03 00:00:00+00:00,2.032711530228619,1.9042811616771544,0.6366518960476346,0.7682257805529485,0.032152623693612034,0.03224282921692063,0.9808394160583942,2x
B,S3,Drawdown-from-ATH DCA,"x=0.4, n_weeks=12",2021-06-07 00:00:00+00:00,2.376296465324769,2.2661509765222383,0.6159208881695633,0.7684797258296603,0.031224868942940312,0.03200820712199058,1.0,2x
B,S3,Drawdown-from-ATH DCA,"x=0.4, n_weeks=12",2021-07-05 00:00:00+00:00,1.9307760033588997,1.8081849190218924,0.5874556289438109,0.7688206874683877,0.030494178718130444,0.03169473447983431,1.0,2x
B,S3,Drawdown-from-ATH DCA,"x=0.4, n_weeks=12",2021-08-02 00:00:00+00:00,2.160812623894105,2.0491388496022713,0.5775098661680681,0.769374817455633,0.029749541257599224,0.03135444230672071,0.8403284671532847,2x
B,S3,Drawdown-from-ATH DCA,"x=0.4, n_weeks=12",2021-09-06 00:00:00+00:00,1.8636999884520706,1.7523356234737697,0.5803942702466671,0.7703294789838393,0.028752088735136502,0.031191449332035773,0.8722627737226277,2x
B,S3,Drawdown-from-ATH DCA,"x=0.4, n_weeks=12",2021-10-04 00:00:00+00:00,1.9721743040697288,1.8875279889705374,0.5833369202097864,0.7720321132443271,0.027954126717166322,0.031069033611348985,0.8978102189781022,2x
B,S3,Drawdown-from-ATH DCA,"x=0.4, n_weeks=12",2021-11-01 00:00:00+00:00,2.2082244579223826,2.1791212010656658,0.5871040769380285,0.7777061564444587,0.02715616469919614,0.03100098006965039,0.9233576642335767,2x
B,S3,Drawdown-from-ATH DCA,"x=0.4, n_weeks=12",2021-12-06 00:00:00+00:00,2.8671830230448943,2.991074824146883,0.5936281155067318,0.7145384255677354,0.02615871217673341,0.030853116578301493,0.9552919708029197,2x
B,S3,Drawdown-from-ATH DCA,"x=0.4, n_weeks=12",2022-01-03 00:00:00+00:00,2.8162949264792903,2.967214731611274,0.6013105373934629,0.6742481834099558,0.02536075015876323,0.030594639959639798,0.9808394160583942,2x
B,S3,Drawdown-from-ATH DCA,"x=0.4, n_weeks=12",2022-02-07 00:00:00+00:00,2.7463375515378745,2.9101143572437858,0.5982571982561561,0.6767541929226852,0.024419433403992056,0.030139650437746048,0.9872262773722628,2x
B,S3,Drawdown-from-ATH DCA,"x=0.4, n_weeks=12",2022-03-07 00:00:00+00:00,2.543181348825278,2.677286854846262,0.5906980995434228,0.6810523581122416,0.023675345975401777,0.029770161116888145,1.0,2x
B,S3,Drawdown-from-ATH DCA,"x=0.4, n_weeks=12",2022-04-04 00:00:00+00:00,2.344526439141765,2.450931085390325,0.5818959577194573,0.6989501783584138,0.022893465358417672,0.02945367231754433,0.9872262773722628,2x
B,S3,Drawdown-from-ATH DCA,"x=0.4, n_weeks=12",2022-05-02 00:00:00+00:00,2.599706099767338,2.8121270002904755,0.6810842241466919,0.6810842241466919,0.02212395002649599,0.029144259749962202,1.0,2x
B,S3,Drawdown-from-ATH DCA,"x=0.4, n_weeks=12",2022-06-06 00:00:00+00:00,2.6431636109052454,2.890070224564403,0.6016313580715403,0.6016313580715403,0.02114448069151369,0.028471163496209425,1.0,2x
B,S3,Drawdown-from-ATH DCA,"x=0.4, n_weeks=12",2022-07-04 00:00:00+00:00,2.7230573374817513,3.030144189421663,0.3529550155283391,0.3529550155283391,0.02008275550538294,0.027651140873957706,1.0,2x
B,S3,Drawdown-from-ATH DCA,"x=0.4, n_weeks=12",2022-08-01 00:00:00+00:00,2.7314277349392686,3.0851344968877306,0.3528048485856434,0.3528048485856434,0.018862993031191762,0.026650188010717404,1.0,2x
B,S3,Drawdown-from-ATH DCA,"x=0.4, n_weeks=12",2022-09-05 00:00:00+00:00,2.510236269833585,2.823634059564927,0.2910673472377532,0.2910673472377532,0.017435232247689204,0.025499971774491856,1.0,2x
B,S3,Drawdown-from-ATH DCA,"x=0.5, n_weeks=4",2018-01-01 00:00:00+00:00,3.884624195177082,3.9035850141129984,0.6754541048389306,0.8410036049931576,0.12924129439805646,0.13496179470256667,0.968065693430657,2x
B,S3,Drawdown-from-ATH DCA,"x=0.5, n_weeks=4",2018-02-05 00:00:00+00:00,4.80777663830359,4.930145552450927,0.6750447615647399,0.7287970232655927,0.12533436128927206,0.13347567301566862,1.0,2x
B,S3,Drawdown-from-ATH DCA,"x=0.5, n_weeks=4",2018-03-05 00:00:00+00:00,6.115561862088062,6.345871692249581,0.6743029563095241,0.7384721023014262,0.1222088148022445,0.13118327791281614,0.9936131386861314,2x
B,S3,Drawdown-from-ATH DCA,"x=0.5, n_weeks=4",2018-04-02 00:00:00+00:00,7.2309277383647474,7.568909008664438,0.6725805807416303,0.6813703818381925,0.11923664698880701,0.12889734832818756,1.0,2x
B,S3,Drawdown-from-ATH DCA,"x=0.5, n_weeks=4",2018-05-07 00:00:00+00:00,6.760042796492842,7.0758268558059765,0.6311194717265629,0.6695099764250615,0.1152415713902259,0.12547198295635212,0.9936131386861314,2x
B,S3,Drawdown-from-ATH DCA,"x=0.5, n_weeks=4",2018-06-04 00:00:00+00:00,4.6865305547138485,4.8304988619535285,0.627742362384556,0.6332289894684002,0.1121086934980464,0.12308010061341397,1.0,2x
B,S3,Drawdown-from-ATH DCA,"x=0.5, n_weeks=4",2018-07-02 00:00:00+00:00,3.941555104084491,4.020551042109716,0.631026061809141,0.6332129521112717,0.10832672062497714,0.11999964906733106,1.0,2x
B,S3,Drawdown-from-ATH DCA,"x=0.5, n_weeks=4",2018-08-06 00:00:00+00:00,4.608155124557321,4.753432492558398,0.6149138412169748,0.6331901458427414,0.10649837767490572,0.11632761445489082,1.0,2x
B,S3,Drawdown-from-ATH DCA,"x=0.5, n_weeks=4",2018-09-03 00:00:00+00:00,5.337482447097164,5.566254819135224,0.6138291104492031,0.6331674177481212,0.10265949744671317,0.11302811357557033,1.0,2x
B,S3,Drawdown-from-ATH DCA,"x=0.5, n_weeks=4",2018-10-01 00:00:00+00:00,4.639350812770771,4.810183839465627,0.6126168752645762,0.6331407500098598,0.09885031231688593,0.10976115515128954,1.0,2x
B,S3,Drawdown-from-ATH DCA,"x=0.5, n_weeks=4",2018-11-05 00:00:00+00:00,6.109577534495608,6.474602469670275,0.6108279398697259,0.6330989524339907,0.09398818503284412,0.10545812224267534,1.0,2x
B,S3,Drawdown-from-ATH DCA,"x=0.5, n_weeks=4",2018-12-03 00:00:00+00:00,5.411161811899314,5.717862022251217,0.6088014546811915,0.6330480917983505,0.08934988936629369,0.10123632439626282,1.0,2x
B,S3,Drawdown-from-ATH DCA,"x=0.5, n_weeks=4",2019-01-07 00:00:00+00:00,3.876757737365852,4.020395284214163,0.6038743308217444,0.6329089305917825,0.08078166936915007,0.09331893494601759,1.0,2x
B,S3,Drawdown-from-ATH DCA,"x=0.5, n_weeks=4",2019-02-04 00:00:00+00:00,3.1748243660917947,3.2445883586977713,0.5980207578652924,0.6327152986918998,0.07377998011339638,0.08695921614472737,1.0,2x
B,S3,Drawdown-from-ATH DCA,"x=0.5, n_weeks=4",2019-03-04 00:00:00+00:00,3.282956686980357,3.421962393605454,0.5891145754808402,0.6323627438093548,0.06679004234420773,0.08060400418347986,1.0,2x
B,S3,Drawdown-from-ATH DCA,"x=0.5, n_weeks=4",2019-04-01 00:00:00+00:00,3.217867849151103,3.4019643281669882,0.5751540799684776,0.6316737616882006,0.06031459911847221,0.07475145929841412,1.0,2x
B,S3,Drawdown-from-ATH DCA,"x=0.5, n_weeks=4",2019-05-06 00:00:00+00:00,2.474871418406668,2.526080678793417,0.5462864223227262,0.6297611779953978,0.05389697057018823,0.06910739890064795,1.0,2x
B,S3,Drawdown-from-ATH DCA,"x=0.5, n_weeks=4",2019-06-03 00:00:00+00:00,2.064344684285668,2.0218639464637884,0.5175304327843309,0.6263429450489786,0.06359249417888661,0.06639376009235949,1.0,2x
B,S3,Drawdown-from-ATH DCA,"x=0.5, n_weeks=4",2019-07-01 00:00:00+00:00,1.3139563537832377,1.2883384633425383,0.6786002883113325,0.7193393190640166,0.06588820164782326,0.06460359525561803,0.9744525547445255,2x
B,S3,Drawdown-from-ATH DCA,"x=0.5, n_weeks=4",2019-08-05 00:00:00+00:00,1.4409992362048405,1.4267173144138392,0.6756576733123265,0.7193535588944755,0.06369626089068905,0.06306495936493951,0.948905109489051,2x
B,S3,Drawdown-from-ATH DCA,"x=0.5, n_weeks=4",2019-09-02 00:00:00+00:00,1.2423896484144143,1.245060693754875,0.67279078894728,0.7193657624263494,0.0617138373677028,0.06184651752803199,0.9744525547445255,2x
B,S3,Drawdown-from-ATH DCA,"x=0.5, n_weeks=4",2019-10-07 00:00:00+00:00,1.1855247533572142,1.2006124311400261,0.6774565841081059,0.7268693337785148,0.05939303406935811,0.060148904377459594,1.0,2x
B,S3,Drawdown-from-ATH DCA,"x=0.5, n_weeks=4",2019-11-04 00:00:00+00:00,1.1653281672285924,1.1806026583580518,0.673799810003064,0.7268853247967629,0.057667188604638826,0.05842305891274031,1.0,2x
B,S3,Drawdown-from-ATH DCA,"x=0.5, n_weeks=4",2019-12-02 00:00:00+00:00,0.9520274971459682,0.9648601870386211,0.7175076381226759,0.7665847532150754,0.056076264883546056,0.05683213519164754,1.0,2x
B,S3,Drawdown-from-ATH DCA,"x=0.5, n_weeks=4",2020-01-06 00:00:00+00:00,0.9031158828448627,0.9158385784902803,0.7111626414334661,0.7666133383304278,0.053655176516239314,0.05441104682434078,1.0,2x
B,S3,Drawdown-from-ATH DCA,"x=0.5, n_weeks=4",2020-02-03 00:00:00+00:00,1.2160552101056106,1.2338098024203878,0.7054424728470934,0.7666377321355515,0.051771395818866695,0.052527266126968175,1.0,2x
B,S3,Drawdown-from-ATH DCA,"x=0.5, n_weeks=4",2020-03-02 00:00:00+00:00,1.1656647308808659,1.2060465472904645,0.6972689392719615,0.7666610820701053,0.04933201620218172,0.051041012252775485,1.0,2x
B,S3,Drawdown-from-ATH DCA,"x=0.5, n_weeks=4",2020-04-06 00:00:00+00:00,1.2871448391368212,1.3352872749720086,0.6814763045510908,0.7667152330122359,0.04569202634776563,0.04740102239835941,1.0,2x
B,S3,Drawdown-from-ATH DCA,"x=0.5, n_weeks=4",2020-05-04 00:00:00+00:00,1.2480819044144265,1.29768749721833,0.664350070251468,0.7667661926436363,0.042998519418842404,0.044707515469436195,1.0,2x
B,S3,Drawdown-from-ATH DCA,"x=0.5, n_weeks=4",2020-06-01 00:00:00+00:00,1.1171472612744682,1.1647149454437304,0.6445256559388957,0.7668162110259079,0.04105596808841004,0.042804114810861695,1.0,2x
B,S3,Drawdown-from-ATH DCA,"x=0.5, n_weeks=4",2020-07-06 00:00:00+00:00,1.182684604437813,1.2371836473504538,0.6072409536652663,0.7668922200686736,0.03877043012029293,0.040557002235072234,1.0,2x
B,S3,Drawdown-from-ATH DCA,"x=0.5, n_weeks=4",2020-08-03 00:00:00+00:00,1.0897810432511894,1.129317297522936,0.5700347515277309,0.7669715058466492,0.03733915815321072,0.038693788480266264,0.680365296803653,2x
B,S3,Drawdown-from-ATH DCA,"x=0.5, n_weeks=4",2020-09-07 00:00:00+00:00,0.9651505943469878,0.9562429329256086,0.5680042796176719,0.7670766874894703,0.03746709890147255,0.03712130392045049,0.7123287671232876,2x
B,S3,Drawdown-from-ATH DCA,"x=0.5, n_weeks=4",2020-10-05 00:00:00+00:00,1.0442279240234205,0.990876371812638,0.5661516242111668,0.7672011794404077,0.037591133165725245,0.03567053206168057,0.7378995433789954,2x
B,S3,Drawdown-from-ATH DCA,"x=0.5, n_weeks=4",2020-11-02 00:00:00+00:00,1.3323463390742718,1.2161657941284425,0.5640510312238222,0.7673567863341544,0.03743431341768752,0.03433418114763979,0.7634703196347032,2x
B,S3,Drawdown-from-ATH DCA,"x=0.5, n_weeks=4",2020-12-07 00:00:00+00:00,1.6310451641347739,1.453860362695141,0.5609915016393299,0.7675528001843989,0.036396953743593446,0.033221457883305175,0.7954337899543379,2x
B,S3,Drawdown-from-ATH DCA,"x=0.5, n_weeks=4",2021-01-04 00:00:00+00:00,1.5875733908961172,1.3987371335800944,0.5581045691358557,0.7677114156265994,0.03556706600431818,0.032646274359598354,0.8210045662100457,2x
B,S3,Drawdown-from-ATH DCA,"x=0.5, n_weeks=4",2021-02-01 00:00:00+00:00,1.5682810250478196,1.384438003228653,0.5547130635123525,0.7678347813341456,0.03473717826504289,0.03251380937596649,0.8465753424657534,2x
B,S3,Drawdown-from-ATH DCA,"x=0.5, n_weeks=4",2021-03-01 00:00:00+00:00,2.1874355805135526,1.9832154492838834,0.5506659037341279,0.767954197849063,0.03390729052576763,0.03244206864152813,0.8722627737226277,2x
B,S3,Drawdown-from-ATH DCA,"x=0.5, n_weeks=4",2021-04-05 00:00:00+00:00,2.3976857367705624,2.213089339598161,0.544338482137189,0.7680964998013181,0.03286993085167354,0.032313633416966164,0.9041970802919708,2x
B,S3,Drawdown-from-ATH DCA,"x=0.5, n_weeks=4",2021-05-03 00:00:00+00:00,2.0642790129375337,1.9042811616771544,0.5378231088452395,0.7682257805529485,0.03204004311239827,0.03224282921692063,0.9297445255474452,2x
B,S3,Drawdown-from-ATH DCA,"x=0.5, n_weeks=4",2021-06-07 00:00:00+00:00,2.3987825009604586,2.2661509765222383,0.5268221385629934,0.7684797258296603,0.031002683438304177,0.03200820712199058,0.9562043795620438,2x
B,S3,Drawdown-from-ATH DCA,"x=0.5, n_weeks=4",2021-07-05 00:00:00+00:00,1.9506576594148808,1.8081849190218924,0.5142355630193692,0.7688206874683877,0.030172795699028906,0.03169473447983431,0.948905109489051,2x
B,S3,Drawdown-from-ATH DCA,"x=0.5, n_weeks=4",2021-08-02 00:00:00+00:00,2.1727869474712342,2.0491388496022713,0.4991409785945794,0.769374817455633,0.029348001506373143,0.03135444230672071,0.7381386861313869,2x
B,S3,Drawdown-from-ATH DCA,"x=0.5, n_weeks=4",2021-09-06 00:00:00+00:00,1.8764006733363827,1.7523356234737697,0.4994100135403313,0.7703294789838393,0.02829790796573027,0.031191449332035773,0.7700729927007299,2x
B,S3,Drawdown-from-ATH DCA,"x=0.5, n_weeks=4",2021-10-04 00:00:00+00:00,1.9802396843986863,1.8875279889705374,0.499679822834301,0.7720321132443271,0.027457833133215964,0.031069033611348985,0.7956204379562044,2x
B,S3,Drawdown-from-ATH DCA,"x=0.5, n_weeks=4",2021-11-01 00:00:00+00:00,2.2085953504848987,2.1791212010656658,0.5000182683555756,0.7777061564444587,0.026617758300701667,0.03100098006965039,0.8211678832116789,2x
B,S3,Drawdown-from-ATH DCA,"x=0.5, n_weeks=4",2021-12-06 00:00:00+00:00,2.8481001193850544,2.991074824146883,0.5005853977026891,0.7145384255677354,0.025567664760058784,0.030853116578301493,0.8531021897810219,2x
B,S3,Drawdown-from-ATH DCA,"x=0.5, n_weeks=4",2022-01-03 00:00:00+00:00,2.793104574927743,2.967214731611274,0.5012211171519155,0.6742481834099558,0.024727589927544483,0.030594639959639798,0.8786496350364964,2x
B,S3,Drawdown-from-ATH DCA,"x=0.5, n_weeks=4",2022-02-07 00:00:00+00:00,2.7129168656213207,2.9101143572437858,0.5024249712813085,0.6767541929226852,0.023677496386901604,0.030139650437746048,0.9105839416058394,2x
B,S3,Drawdown-from-ATH DCA,"x=0.5, n_weeks=4",2022-03-07 00:00:00+00:00,2.506041782475846,2.677286854846262,0.5040274481686694,0.6810523581122416,0.022837421554387307,0.029770161116888145,0.9361313868613139,2x
B,S3,Drawdown-from-ATH DCA,"x=0.5, n_weeks=4",2022-04-04 00:00:00+00:00,2.3081741988978504,2.450931085390325,0.5069556288841711,0.6989501783584138,0.02199734672187301,0.02945367231754433,0.9616788321167883,2x
B,S3,Drawdown-from-ATH DCA,"x=0.5, n_weeks=4",2022-05-02 00:00:00+00:00,2.5446479738255476,2.8121270002904755,0.5139174890511801,0.6810842241466919,0.021157271889358707,0.029144259749962202,0.9872262773722628,2x
B,S3,Drawdown-from-ATH DCA,"x=0.5, n_weeks=4",2022-06-06 00:00:00+00:00,2.576311518627388,2.890070224564403,0.6016313580715403,0.6016313580715403,0.020109410067135444,0.028471163496209425,1.0,2x
B,S3,Drawdown-from-ATH DCA,"x=0.5, n_weeks=4",2022-07-04 00:00:00+00:00,2.647845911334353,3.030144189421663,0.3529550155283391,0.3529550155283391,0.019047684881004695,0.027651140873957706,1.0,2x
B,S3,Drawdown-from-ATH DCA,"x=0.5, n_weeks=4",2022-08-01 00:00:00+00:00,2.649820296882649,3.0851344968877306,0.3528048485856434,0.3528048485856434,0.01782792240681352,0.026650188010717404,1.0,2x
B,S3,Drawdown-from-ATH DCA,"x=0.5, n_weeks=4",2022-09-05 00:00:00+00:00,2.4338385595942937,2.823634059564927,0.2910673472377532,0.2910673472377532,0.016400161623310962,0.025499971774491856,1.0,2x
B,S3,Drawdown-from-ATH DCA,"x=0.5, n_weeks=12",2018-01-01 00:00:00+00:00,3.8783710412281067,3.9035850141129984,0.6607639944816048,0.8410036049931576,0.1288002959102724,0.13496179470256667,0.968065693430657,2x
B,S3,Drawdown-from-ATH DCA,"x=0.5, n_weeks=12",2018-02-05 00:00:00+00:00,4.793147091131295,4.930145552450927,0.6653886911639482,0.7287970232655927,0.12476225568160351,0.13347567301566862,1.0,2x
B,S3,Drawdown-from-ATH DCA,"x=0.5, n_weeks=12",2018-03-05 00:00:00+00:00,6.091303289826669,6.345871692249581,0.6676348894948216,0.7384721023014262,0.12157292283190163,0.13118327791281614,0.9936131386861314,2x
B,S3,Drawdown-from-ATH DCA,"x=0.5, n_weeks=12",2018-04-02 00:00:00+00:00,7.198217223574879,7.568909008664438,0.6675717201985182,0.6813703818381925,0.11856886183712696,0.12889734832818756,1.0,2x
B,S3,Drawdown-from-ATH DCA,"x=0.5, n_weeks=12",2018-05-07 00:00:00+00:00,6.728886057482496,7.0758268558059765,0.6261110879054577,0.6695099764250615,0.11457378623854587,0.12547198295635212,0.9936131386861314,2x
B,S3,Drawdown-from-ATH DCA,"x=0.5, n_weeks=12",2018-06-04 00:00:00+00:00,4.6628829566830134,4.8304988619535285,0.627742362384556,0.6332289894684002,0.11134048490893413,0.12308010061341397,1.0,2x
B,S3,Drawdown-from-ATH DCA,"x=0.5, n_weeks=12",2018-07-02 00:00:00+00:00,3.9223186365931975,4.020551042109716,0.631026061809141,0.6332129521112717,0.10755851203586486,0.11999964906733106,1.0,2x
B,S3,Drawdown-from-ATH DCA,"x=0.5, n_weeks=12",2018-08-06 00:00:00+00:00,4.568151586125118,4.753432492558398,0.611858761642418,0.6331901458427414,0.10404859992369345,0.11632761445489082,1.0,2x
B,S3,Drawdown-from-ATH DCA,"x=0.5, n_weeks=12",2018-09-03 00:00:00+00:00,5.276939531038802,5.566254819135224,0.6106301850464912,0.6331674177481212,0.1002097196955009,0.11302811357557033,1.0,2x
B,S3,Drawdown-from-ATH DCA,"x=0.5, n_weeks=12",2018-10-01 00:00:00+00:00,4.592091914559467,4.810183839465627,0.6092612858793403,0.6331407500098598,0.09640053456567364,0.10976115515128954,1.0,2x
B,S3,Drawdown-from-ATH DCA,"x=0.5, n_weeks=12",2018-11-05 00:00:00+00:00,6.01927381189775,6.474602469670275,0.6072488496389383,0.6330989524339907,0.09153840728163183,0.10545812224267534,1.0,2x
B,S3,Drawdown-from-ATH DCA,"x=0.5, n_weeks=12",2018-12-03 00:00:00+00:00,5.332897938522006,5.717862022251217,0.6049799295296481,0.6330480917983505,0.08690011161508138,0.10123632439626282,1.0,2x
B,S3,Drawdown-from-ATH DCA,"x=0.5, n_weeks=12",2019-01-07 00:00:00+00:00,3.8313160597926195,4.020395284214163,0.5995084830714992,0.6329089305917825,0.07833189161793778,0.09331893494601759,1.0,2x
B,S3,Drawdown-from-ATH DCA,"x=0.5, n_weeks=12",2019-02-04 00:00:00+00:00,3.1435196209874823,3.2445883586977713,0.5930850702700186,0.6327152986918998,0.07133020236218406,0.08695921614472737,1.0,2x
B,S3,Drawdown-from-ATH DCA,"x=0.5, n_weeks=12",2019-03-04 00:00:00+00:00,3.239054229265988,3.421962393605454,0.5834538943581967,0.6323627438093548,0.0643402645929954,0.08060400418347986,1.0,2x
B,S3,Drawdown-from-ATH DCA,"x=0.5, n_weeks=12",2019-04-01 00:00:00+00:00,3.166478037704593,3.4019643281669882,0.5686489838345239,0.6316737616882006,0.05786482136725989,0.07475145929841412,1.0,2x
B,S3,Drawdown-from-ATH DCA,"x=0.5, n_weeks=12",2019-05-06 00:00:00+00:00,2.4454251726955345,2.526080678793417,0.5389002848855637,0.6297611779953978,0.05144719281897591,0.06910739890064795,1.0,2x
B,S3,Drawdown-from-ATH DCA,"x=0.5, n_weeks=12",2019-06-03 00:00:00+00:00,2.049709276039253,2.0218639464637884,0.5093723598075026,0.6263429450489786,0.053239231902742344,0.06639376009235949,1.0,2x
B,S3,Drawdown-from-ATH DCA,"x=0.5, n_weeks=12",2019-07-01 00:00:00+00:00,1.4183654116714057,1.2883384633425383,0.6370159901267102,0.7193393190640166,0.05918831806714853,0.06460359525561803,0.9744525547445255,2x
B,S3,Drawdown-from-ATH DCA,"x=0.5, n_weeks=12",2019-08-05 00:00:00+00:00,1.5396297749845882,1.4267173144138392,0.6307916468210395,0.7193535588944755,0.06805601096692779,0.06306495936493951,0.948905109489051,2x
B,S3,Drawdown-from-ATH DCA,"x=0.5, n_weeks=12",2019-09-02 00:00:00+00:00,1.3298349402413885,1.245060693754875,0.624819453005705,0.7193657624263494,0.06605755073111381,0.06184651752803199,0.9744525547445255,2x
B,S3,Drawdown-from-ATH DCA,"x=0.5, n_weeks=12",2019-10-07 00:00:00+00:00,1.2719080788462114,1.2006124311400261,0.6376450640160758,0.7268693337785148,0.06372071071994133,0.060148904377459594,1.0,2x
B,S3,Drawdown-from-ATH DCA,"x=0.5, n_weeks=12",2019-11-04 00:00:00+00:00,1.252781078001781,1.1806026583580518,0.6308344879340868,0.7268853247967629,0.06199486525522205,0.05842305891274031,1.0,2x
B,S3,Drawdown-from-ATH DCA,"x=0.5, n_weeks=12",2019-12-02 00:00:00+00:00,1.0255000648832804,0.9648601870386211,0.6775658109580301,0.7665847532150754,0.060403941534129285,0.05683213519164754,1.0,2x
B,S3,Drawdown-from-ATH DCA,"x=0.5, n_weeks=12",2020-01-06 00:00:00+00:00,0.9759586870759818,0.9158385784902803,0.6655987312546126,0.7666133383304278,0.05798285316682253,0.05441104682434078,1.0,2x
B,S3,Drawdown-from-ATH DCA,"x=0.5, n_weeks=12",2020-02-03 00:00:00+00:00,1.317707747290561,1.2338098024203878,0.6547100986683512,0.7666377321355515,0.05609907246944992,0.052527266126968175,1.0,2x
B,S3,Drawdown-from-ATH DCA,"x=0.5, n_weeks=12",2020-03-02 00:00:00+00:00,1.273915023307343,1.2060465472904645,0.640485859165732,0.7666610820701053,0.053913269317593736,0.051041012252775485,1.0,2x
B,S3,Drawdown-from-ATH DCA,"x=0.5, n_weeks=12",2020-04-06 00:00:00+00:00,1.4161987852105093,1.3352872749720086,0.6102559621760975,0.7667152330122359,0.05027327946317767,0.04740102239835941,1.0,2x
B,S3,Drawdown-from-ATH DCA,"x=0.5, n_weeks=12",2020-05-04 00:00:00+00:00,1.3810580903428753,1.29768749721833,0.5766816412891131,0.7667661926436363,0.047579772534254446,0.044707515469436195,1.0,2x
B,S3,Drawdown-from-ATH DCA,"x=0.5, n_weeks=12",2020-06-01 00:00:00+00:00,1.2467907357966863,1.1647149454437304,0.5419261199315508,0.7668162110259079,0.0458204593397985,0.042804114810861695,1.0,2x
B,S3,Drawdown-from-ATH DCA,"x=0.5, n_weeks=12",2020-07-06 00:00:00+00:00,1.334606181734547,1.2371836473504538,0.4768994151078003,0.7668922200686736,0.04375068003159327,0.040557002235072234,1.0,2x
B,S3,Drawdown-from-ATH DCA,"x=0.5, n_weeks=12",2020-08-03 00:00:00+00:00,1.2336099112919579,1.129317297522936,0.4037504819421702,0.7669715058466492,0.04226716537450504,0.038693788480266264,0.680365296803653,2x
B,S3,Drawdown-from-ATH DCA,"x=0.5, n_weeks=12",2020-09-07 00:00:00+00:00,1.0853669685550693,0.9562429329256086,0.4032222522070267,0.7670766874894703,0.042133892672736914,0.03712130392045049,0.7095890410958904,2x
B,S3,Drawdown-from-ATH DCA,"x=0.5, n_weeks=12",2020-10-05 00:00:00+00:00,1.1680598725887728,0.990876371812638,0.4027429468416156,0.7672011794404077,0.04204895617696565,0.03567053206168057,0.7333333333333333,2x
B,S3,Drawdown-from-ATH DCA,"x=0.5, n_weeks=12",2020-11-02 00:00:00+00:00,1.4828467616710774,1.2161657941284425,0.40220262768982085,0.7673567863341544,0.04168316566890396,0.03433418114763979,0.7579908675799086,2x
B,S3,Drawdown-from-ATH DCA,"x=0.5, n_weeks=12",2020-12-07 00:00:00+00:00,1.8055549648230689,1.453860362695141,0.40142171561175366,0.7675528001843989,0.04038459254477992,0.033221457883305175,0.7890410958904109,2x
B,S3,Drawdown-from-ATH DCA,"x=0.5, n_weeks=12",2021-01-04 00:00:00+00:00,1.7494712922133737,1.3987371335800944,0.4006915884596274,0.7677114156265994,0.03934573404548068,0.032646274359598354,0.8146118721461187,2x
B,S3,Drawdown-from-ATH DCA,"x=0.5, n_weeks=12",2021-02-01 00:00:00+00:00,1.7202787352786981,1.384438003228653,0.39984237932013633,0.7678347813341456,0.03830687554618143,0.03251380937596649,0.8392694063926941,2x
B,S3,Drawdown-from-ATH DCA,"x=0.5, n_weeks=12",2021-03-01 00:00:00+00:00,2.3928800862612762,1.9832154492838834,0.3988413105036577,0.767954197849063,0.037268017046882186,0.03244206864152813,0.8622262773722628,2x
B,S3,Drawdown-from-ATH DCA,"x=0.5, n_weeks=12",2021-04-05 00:00:00+00:00,2.6099645370852596,2.213089339598161,0.3973037058318686,0.7680964998013181,0.03596944392275814,0.032313633416966164,0.8859489051094891,2x
B,S3,Drawdown-from-ATH DCA,"x=0.5, n_weeks=12",2021-05-03 00:00:00+00:00,2.234996205059584,1.9042811616771544,0.3957563011719042,0.7682257805529485,0.034930585423458886,0.03224282921692063,0.8978102189781022,2x
B,S3,Drawdown-from-ATH DCA,"x=0.5, n_weeks=12",2021-06-07 00:00:00+00:00,2.5849365127523,2.2661509765222383,0.3932281512626783,0.7684797258296603,0.03363201229933484,0.03200820712199058,0.8886861313868614,2x
B,S3,Drawdown-from-ATH DCA,"x=0.5, n_weeks=12",2021-07-05 00:00:00+00:00,2.0887391132808935,1.8081849190218924,0.39046806827588076,0.7688206874683877,0.03259315380003559,0.03169473447983431,0.8832116788321168,2x
B,S3,Drawdown-from-ATH DCA,"x=0.5, n_weeks=12",2021-08-02 00:00:00+00:00,2.3205349302602594,2.0491388496022713,0.36514733928379906,0.769374817455633,0.0316087344006775,0.03135444230672071,0.7381386861313869,2x
B,S3,Drawdown-from-ATH DCA,"x=0.5, n_weeks=12",2021-09-06 00:00:00+00:00,1.9879198700210823,1.7523356234737697,0.36701101832561844,0.7703294789838393,0.03028294172658288,0.031191449332035773,0.7700729927007299,2x
B,S3,Drawdown-from-ATH DCA,"x=0.5, n_weeks=12",2021-10-04 00:00:00+00:00,2.087436289210498,1.8875279889705374,0.36888113688842783,0.7720321132443271,0.029222307587307175,0.031069033611348985,0.7956204379562044,2x
B,S3,Drawdown-from-ATH DCA,"x=0.5, n_weeks=12",2021-11-01 00:00:00+00:00,2.317120249460157,2.1791212010656658,0.3712274044008289,0.7777061564444587,0.02816167344803147,0.03100098006965039,0.8211678832116789,2x
B,S3,Drawdown-from-ATH DCA,"x=0.5, n_weeks=12",2021-12-06 00:00:00+00:00,2.971048119826552,2.991074824146883,0.3751576340838244,0.7145384255677354,0.026835880773936848,0.030853116578301493,0.8531021897810219,2x
B,S3,Drawdown-from-ATH DCA,"x=0.5, n_weeks=12",2022-01-03 00:00:00+00:00,2.8947113406595433,2.967214731611274,0.37955834061228844,0.6742481834099558,0.025775246634661138,0.030594639959639798,0.8786496350364964,2x
B,S3,Drawdown-from-ATH DCA,"x=0.5, n_weeks=12",2022-02-07 00:00:00+00:00,2.787452727374113,2.9101143572437858,0.38787186055669587,0.6767541929226852,0.024449453960566504,0.030139650437746048,0.9105839416058394,2x
B,S3,Drawdown-from-ATH DCA,"x=0.5, n_weeks=12",2022-03-07 00:00:00+00:00,2.555630070761202,2.677286854846262,0.39889107392176826,0.6810523581122416,0.02338881982129081,0.029770161116888145,0.9361313868613139,2x
B,S3,Drawdown-from-ATH DCA,"x=0.5, n_weeks=12",2022-04-04 00:00:00+00:00,2.3357043310636616,2.450931085390325,0.4188764827129161,0.6989501783584138,0.02232818568201511,0.02945367231754433,0.9616788321167883,2x
B,S3,Drawdown-from-ATH DCA,"x=0.5, n_weeks=12",2022-05-02 00:00:00+00:00,2.5552888476550835,2.8121270002904755,0.4655381788601105,0.6810842241466919,0.02126755154273941,0.029144259749962202,0.9872262773722628,2x
B,S3,Drawdown-from-ATH DCA,"x=0.5, n_weeks=12",2022-06-06 00:00:00+00:00,2.576311518627388,2.890070224564403,0.6016313580715403,0.6016313580715403,0.020109410067135444,0.028471163496209425,1.0,2x
B,S3,Drawdown-from-ATH DCA,"x=0.5, n_weeks=12",2022-07-04 00:00:00+00:00,2.647845911334353,3.030144189421663,0.3529550155283391,0.3529550155283391,0.019047684881004695,0.027651140873957706,1.0,2x
B,S3,Drawdown-from-ATH DCA,"x=0.5, n_weeks=12",2022-08-01 00:00:00+00:00,2.649820296882649,3.0851344968877306,0.3528048485856434,0.3528048485856434,0.01782792240681352,0.026650188010717404,1.0,2x
B,S3,Drawdown-from-ATH DCA,"x=0.5, n_weeks=12",2022-09-05 00:00:00+00:00,2.4338385595942937,2.823634059564927,0.2910673472377532,0.2910673472377532,0.016400161623310962,0.025499971774491856,1.0,2x
B,S4,Log-regression band,trim_z=1.5,2018-01-01 00:00:00+00:00,4.1455077901458015,3.9035850141129984,0.6332932607069512,0.8410036049931576,0.14332598605865862,0.13496179470256667,0.968065693430657,2x
B,S4,Log-regression band,trim_z=1.5,2018-02-05 00:00:00+00:00,5.038973842713829,4.930145552450927,0.6332766180489988,0.7287970232655927,0.13624958011802463,0.13347567301566862,1.0,2x
B,S4,Log-regression band,trim_z=1.5,2018-03-05 00:00:00+00:00,6.410086045635912,6.345871692249581,0.6500792825591011,0.7384721023014262,0.13198405052435183,0.13118327791281614,0.9872262773722628,2x
B,S4,Log-regression band,trim_z=1.5,2018-04-02 00:00:00+00:00,7.560829373405145,7.568909008664438,0.6813703818381925,0.6813703818381925,0.12789199058100392,0.12889734832818756,1.0,2x
B,S4,Log-regression band,trim_z=1.5,2018-05-07 00:00:00+00:00,7.069805524276659,7.0758268558059765,0.6695099764250615,0.6695099764250615,0.12389691498242283,0.12547198295635212,1.0,2x
B,S4,Log-regression band,trim_z=1.5,2018-06-04 00:00:00+00:00,4.853575150810802,4.8304988619535285,0.6332289894684002,0.6332289894684002,0.12139599636781782,0.12308010061341397,1.0,2x
B,S4,Log-regression band,trim_z=1.5,2018-07-02 00:00:00+00:00,4.0532976259556275,4.020551042109716,0.6332129521112717,0.6332129521112717,0.11831554482173492,0.11999964906733106,1.0,2x
B,S4,Log-regression band,trim_z=1.5,2018-08-06 00:00:00+00:00,4.7737878247091885,4.753432492558398,0.6331901458427414,0.6331901458427414,0.11464351020929468,0.11632761445489082,1.0,2x
B,S4,Log-regression band,trim_z=1.5,2018-09-03 00:00:00+00:00,5.572490318152173,5.566254819135224,0.6331674177481212,0.6331674177481212,0.1113440093299742,0.11302811357557033,1.0,2x
B,S4,Log-regression band,trim_z=1.5,2018-10-01 00:00:00+00:00,4.825551461118491,4.810183839465627,0.6331407500098598,0.6331407500098598,0.1080770509056934,0.10976115515128954,1.0,2x
B,S4,Log-regression band,trim_z=1.5,2018-11-05 00:00:00+00:00,6.460383291277212,6.474602469670275,0.6330989524339907,0.6330989524339907,0.1034628553118591,0.10545812224267534,1.0,2x
B,S4,Log-regression band,trim_z=1.5,2018-12-03 00:00:00+00:00,5.71504491603618,5.717862022251217,0.6330480917983505,0.6330480917983505,0.09904377005796931,0.10123632439626282,1.0,2x
B,S4,Log-regression band,trim_z=1.5,2019-01-07 00:00:00+00:00,4.046954086800213,4.020395284214163,0.6329089305917825,0.6329089305917825,0.0911263806077241,0.09331893494601759,1.0,2x
B,S4,Log-regression band,trim_z=1.5,2019-02-04 00:00:00+00:00,3.2837997346038112,3.2445883586977713,0.6327152986918998,0.6327152986918998,0.08476666180643389,0.08695921614472737,1.0,2x
B,S4,Log-regression band,trim_z=1.5,2019-03-04 00:00:00+00:00,3.4498988000077966,3.421962393605454,0.6323627438093548,0.6323627438093548,0.07841144984518636,0.08060400418347986,1.0,2x
B,S4,Log-regression band,trim_z=1.5,2019-04-01 00:00:00+00:00,3.423199543043031,3.4019643281669882,0.6316737616882006,0.6316737616882006,0.07255890496012063,0.07475145929841412,1.0,2x
B,S4,Log-regression band,trim_z=1.5,2019-05-06 00:00:00+00:00,2.56695541412266,2.526080678793417,0.6297611779953978,0.6297611779953978,0.06691484456235446,0.06910739890064795,1.0,2x
B,S4,Log-regression band,trim_z=1.5,2019-06-03 00:00:00+00:00,2.072010467865256,2.0218639464637884,0.6263429450489786,0.6263429450489786,0.0672120023364614,0.06639376009235949,1.0,2x
B,S4,Log-regression band,trim_z=1.5,2019-07-01 00:00:00+00:00,1.3238771650800718,1.2883384633425383,0.7091282111843435,0.7193393190640166,0.06638567967542573,0.06460359525561803,1.0,2x
B,S4,Log-regression band,trim_z=1.5,2019-08-05 00:00:00+00:00,1.4670333746014612,1.4267173144138392,0.7086046412643243,0.7193535588944755,0.06484704378474725,0.06306495936493951,1.0,2x
B,S4,Log-regression band,trim_z=1.5,2019-09-02 00:00:00+00:00,1.2809366549688572,1.245060693754875,0.7081543628145284,0.7193657624263494,0.06362860194783972,0.06184651752803199,1.0,2x
B,S4,Log-regression band,trim_z=1.5,2019-10-07 00:00:00+00:00,1.2361840301559495,1.2006124311400261,0.7153869397590125,0.7268693337785148,0.0619309887972673,0.060148904377459594,1.0,2x
B,S4,Log-regression band,trim_z=1.5,2019-11-04 00:00:00+00:00,1.2166146995383305,1.1806026583580518,0.7146935991948999,0.7268853247967629,0.060205143332548026,0.05842305891274031,1.0,2x
B,S4,Log-regression band,trim_z=1.5,2019-12-02 00:00:00+00:00,0.995115293604932,0.9648601870386211,0.7554660636964424,0.7665847532150754,0.05861421961145526,0.05683213519164754,1.0,2x
B,S4,Log-regression band,trim_z=1.5,2020-01-06 00:00:00+00:00,0.9458343561318208,0.9158385784902803,0.754339379131783,0.7666133383304278,0.05619313124414849,0.05441104682434078,1.0,2x
B,S4,Log-regression band,trim_z=1.5,2020-02-03 00:00:00+00:00,1.275669076432186,1.2338098024203878,0.7533681124196336,0.7666377321355515,0.05430935054677589,0.052527266126968175,1.0,2x
B,S4,Log-regression band,trim_z=1.5,2020-03-02 00:00:00+00:00,1.2481553665835685,1.2060465472904645,0.7524299064508835,0.7666610820701053,0.05282309667258321,0.051041012252775485,1.0,2x
B,S4,Log-regression band,trim_z=1.5,2020-04-06 00:00:00+00:00,1.3854886108988356,1.3352872749720086,0.7502217625907879,0.7667152330122359,0.04918310681816711,0.04740102239835941,1.0,2x
B,S4,Log-regression band,trim_z=1.5,2020-05-04 00:00:00+00:00,1.349414564721176,1.29768749721833,0.7481018832454125,0.7667661926436363,0.046489599889243914,0.044707515469436195,1.0,2x
B,S4,Log-regression band,trim_z=1.5,2020-06-01 00:00:00+00:00,1.2132060862362453,1.1647149454437304,0.7459809637719264,0.7668162110259079,0.044586199230669414,0.042804114810861695,1.0,2x
B,S4,Log-regression band,trim_z=1.5,2020-07-06 00:00:00+00:00,1.291545793980648,1.2371836473504538,0.7426800633727221,0.7668922200686736,0.04233908665487993,0.040557002235072234,1.0,2x
B,S4,Log-regression band,trim_z=1.5,2020-08-03 00:00:00+00:00,1.1813292312202879,1.129317297522936,0.7391340594086024,0.7669715058466492,0.04047587290007398,0.038693788480266264,1.0,2x
B,S4,Log-regression band,trim_z=1.5,2020-09-07 00:00:00+00:00,1.0021493384756341,0.9562429329256086,0.7342621835750749,0.7670766874894703,0.038903388340258194,0.03712130392045049,1.0,2x
B,S4,Log-regression band,trim_z=1.5,2020-10-05 00:00:00+00:00,1.0403801286141754,0.990876371812638,0.7282381735338079,0.7672011794404077,0.03745261648148826,0.03567053206168057,1.0,2x
B,S4,Log-regression band,trim_z=1.5,2020-11-02 00:00:00+00:00,1.2792897726587515,1.2161657941284425,0.7202946214588797,0.7673567863341544,0.03611626556744749,0.03433418114763979,1.0,2x
B,S4,Log-regression band,trim_z=1.5,2020-12-07 00:00:00+00:00,1.531849170713015,1.453860362695141,0.709591387052839,0.7675528001843989,0.03500354230311288,0.033221457883305175,1.0,2x
B,S4,Log-regression band,trim_z=1.5,2021-01-04 00:00:00+00:00,1.475090950426172,1.3987371335800944,0.7003243637296646,0.7677114156265994,0.03442835877940606,0.032646274359598354,1.0,2x
B,S4,Log-regression band,trim_z=1.5,2021-02-01 00:00:00+00:00,1.4579220022519412,1.384438003228653,0.6978953165875792,0.7678347813341456,0.03423959610737297,0.03251380937596649,1.0,2x
B,S4,Log-regression band,trim_z=1.5,2021-03-01 00:00:00+00:00,2.076232603753738,1.9832154492838834,0.7009863500871503,0.767954197849063,0.03396367281783702,0.03244206864152813,0.9297445255474452,2x
B,S4,Log-regression band,trim_z=1.5,2021-04-05 00:00:00+00:00,2.2843731849333295,2.213089339598161,0.7196962606457591,0.7680964998013181,0.03335445902011628,0.032313633416966164,0.9616788321167883,2x
B,S4,Log-regression band,trim_z=1.5,2021-05-03 00:00:00+00:00,1.944066717703238,1.9042811616771544,0.735805561254544,0.7682257805529485,0.03291646865318929,0.03224282921692063,0.9872262773722628,2x
B,S4,Log-regression band,trim_z=1.5,2021-06-07 00:00:00+00:00,2.3005146881963596,2.2661509765222383,0.7420400885323053,0.7684797258296603,0.03249357672540228,0.03200820712199058,1.0,2x
B,S4,Log-regression band,trim_z=1.5,2021-07-05 00:00:00+00:00,1.8358752597502253,1.8081849190218924,0.7370207023729874,0.7688206874683877,0.032180104083246,0.03169473447983431,1.0,2x
B,S4,Log-regression band,trim_z=1.5,2021-08-02 00:00:00+00:00,2.080859704371031,2.0491388496022713,0.7284500859539109,0.769374817455633,0.0318398119101324,0.03135444230672071,1.0,2x
B,S4,Log-regression band,trim_z=1.5,2021-09-06 00:00:00+00:00,1.7796036877934394,1.7523356234737697,0.7129941408589905,0.7703294789838393,0.03167681893544748,0.031191449332035773,1.0,2x
B,S4,Log-regression band,trim_z=1.5,2021-10-04 00:00:00+00:00,1.9170155077294235,1.8875279889705374,0.685950968214952,0.7720321132443271,0.03155440321476068,0.031069033611348985,1.0,2x
B,S4,Log-regression band,trim_z=1.5,2021-11-01 00:00:00+00:00,2.19919739163083,2.1791212010656658,0.6751399224120181,0.7777061564444587,0.03128659134417738,0.03100098006965039,0.9808394160583942,2x
B,S4,Log-regression band,trim_z=1.5,2021-12-06 00:00:00+00:00,2.991074824146883,2.991074824146883,0.7145384255677354,0.7145384255677354,0.030853116578301493,0.030853116578301493,1.0,2x
B,S4,Log-regression band,trim_z=1.5,2022-01-03 00:00:00+00:00,2.967214731611274,2.967214731611274,0.6742481834099558,0.6742481834099558,0.030594639959639798,0.030594639959639798,1.0,2x
B,S4,Log-regression band,trim_z=1.5,2022-02-07 00:00:00+00:00,2.9101143572437858,2.9101143572437858,0.6767541929226852,0.6767541929226852,0.030139650437746048,0.030139650437746048,1.0,2x
B,S4,Log-regression band,trim_z=1.5,2022-03-07 00:00:00+00:00,2.677286854846262,2.677286854846262,0.6810523581122416,0.6810523581122416,0.029770161116888145,0.029770161116888145,1.0,2x
B,S4,Log-regression band,trim_z=1.5,2022-04-04 00:00:00+00:00,2.450931085390325,2.450931085390325,0.6989501783584138,0.6989501783584138,0.02945367231754433,0.02945367231754433,1.0,2x
B,S4,Log-regression band,trim_z=1.5,2022-05-02 00:00:00+00:00,2.8121270002904755,2.8121270002904755,0.6810842241466919,0.6810842241466919,0.029144259749962202,0.029144259749962202,1.0,2x
B,S4,Log-regression band,trim_z=1.5,2022-06-06 00:00:00+00:00,2.890070224564403,2.890070224564403,0.6016313580715403,0.6016313580715403,0.028471163496209425,0.028471163496209425,1.0,2x
B,S4,Log-regression band,trim_z=1.5,2022-07-04 00:00:00+00:00,3.030144189421663,3.030144189421663,0.3529550155283391,0.3529550155283391,0.027651140873957706,0.027651140873957706,1.0,2x
B,S4,Log-regression band,trim_z=1.5,2022-08-01 00:00:00+00:00,3.0851344968877306,3.0851344968877306,0.3528048485856434,0.3528048485856434,0.026650188010717404,0.026650188010717404,1.0,2x
B,S4,Log-regression band,trim_z=1.5,2022-09-05 00:00:00+00:00,2.823634059564927,2.823634059564927,0.2910673472377532,0.2910673472377532,0.025499971774491856,0.025499971774491856,1.0,2x
B,S4,Log-regression band,trim_z=2.0,2018-01-01 00:00:00+00:00,4.1455077901458015,3.9035850141129984,0.6332932607069512,0.8410036049931576,0.14332598605865862,0.13496179470256667,0.968065693430657,2x
B,S4,Log-regression band,trim_z=2.0,2018-02-05 00:00:00+00:00,5.038973842713829,4.930145552450927,0.6332766180489988,0.7287970232655927,0.13624958011802463,0.13347567301566862,1.0,2x
B,S4,Log-regression band,trim_z=2.0,2018-03-05 00:00:00+00:00,6.410086045635912,6.345871692249581,0.6500792825591011,0.7384721023014262,0.13198405052435183,0.13118327791281614,0.9872262773722628,2x
B,S4,Log-regression band,trim_z=2.0,2018-04-02 00:00:00+00:00,7.560829373405145,7.568909008664438,0.6813703818381925,0.6813703818381925,0.12789199058100392,0.12889734832818756,1.0,2x
B,S4,Log-regression band,trim_z=2.0,2018-05-07 00:00:00+00:00,7.069805524276659,7.0758268558059765,0.6695099764250615,0.6695099764250615,0.12389691498242283,0.12547198295635212,1.0,2x
B,S4,Log-regression band,trim_z=2.0,2018-06-04 00:00:00+00:00,4.853575150810802,4.8304988619535285,0.6332289894684002,0.6332289894684002,0.12139599636781782,0.12308010061341397,1.0,2x
B,S4,Log-regression band,trim_z=2.0,2018-07-02 00:00:00+00:00,4.0532976259556275,4.020551042109716,0.6332129521112717,0.6332129521112717,0.11831554482173492,0.11999964906733106,1.0,2x
B,S4,Log-regression band,trim_z=2.0,2018-08-06 00:00:00+00:00,4.7737878247091885,4.753432492558398,0.6331901458427414,0.6331901458427414,0.11464351020929468,0.11632761445489082,1.0,2x
B,S4,Log-regression band,trim_z=2.0,2018-09-03 00:00:00+00:00,5.572490318152173,5.566254819135224,0.6331674177481212,0.6331674177481212,0.1113440093299742,0.11302811357557033,1.0,2x
B,S4,Log-regression band,trim_z=2.0,2018-10-01 00:00:00+00:00,4.825551461118491,4.810183839465627,0.6331407500098598,0.6331407500098598,0.1080770509056934,0.10976115515128954,1.0,2x
B,S4,Log-regression band,trim_z=2.0,2018-11-05 00:00:00+00:00,6.460383291277212,6.474602469670275,0.6330989524339907,0.6330989524339907,0.1034628553118591,0.10545812224267534,1.0,2x
B,S4,Log-regression band,trim_z=2.0,2018-12-03 00:00:00+00:00,5.71504491603618,5.717862022251217,0.6330480917983505,0.6330480917983505,0.09904377005796931,0.10123632439626282,1.0,2x
B,S4,Log-regression band,trim_z=2.0,2019-01-07 00:00:00+00:00,4.046954086800213,4.020395284214163,0.6329089305917825,0.6329089305917825,0.0911263806077241,0.09331893494601759,1.0,2x
B,S4,Log-regression band,trim_z=2.0,2019-02-04 00:00:00+00:00,3.2837997346038112,3.2445883586977713,0.6327152986918998,0.6327152986918998,0.08476666180643389,0.08695921614472737,1.0,2x
B,S4,Log-regression band,trim_z=2.0,2019-03-04 00:00:00+00:00,3.4498988000077966,3.421962393605454,0.6323627438093548,0.6323627438093548,0.07841144984518636,0.08060400418347986,1.0,2x
B,S4,Log-regression band,trim_z=2.0,2019-04-01 00:00:00+00:00,3.423199543043031,3.4019643281669882,0.6316737616882006,0.6316737616882006,0.07255890496012063,0.07475145929841412,1.0,2x
B,S4,Log-regression band,trim_z=2.0,2019-05-06 00:00:00+00:00,2.56695541412266,2.526080678793417,0.6297611779953978,0.6297611779953978,0.06691484456235446,0.06910739890064795,1.0,2x
B,S4,Log-regression band,trim_z=2.0,2019-06-03 00:00:00+00:00,2.072010467865256,2.0218639464637884,0.6263429450489786,0.6263429450489786,0.0672120023364614,0.06639376009235949,1.0,2x
B,S4,Log-regression band,trim_z=2.0,2019-07-01 00:00:00+00:00,1.3238771650800718,1.2883384633425383,0.7091282111843435,0.7193393190640166,0.06638567967542573,0.06460359525561803,1.0,2x
B,S4,Log-regression band,trim_z=2.0,2019-08-05 00:00:00+00:00,1.4670333746014612,1.4267173144138392,0.7086046412643243,0.7193535588944755,0.06484704378474725,0.06306495936493951,1.0,2x
B,S4,Log-regression band,trim_z=2.0,2019-09-02 00:00:00+00:00,1.2809366549688572,1.245060693754875,0.7081543628145284,0.7193657624263494,0.06362860194783972,0.06184651752803199,1.0,2x
B,S4,Log-regression band,trim_z=2.0,2019-10-07 00:00:00+00:00,1.2361840301559495,1.2006124311400261,0.7153869397590125,0.7268693337785148,0.0619309887972673,0.060148904377459594,1.0,2x
B,S4,Log-regression band,trim_z=2.0,2019-11-04 00:00:00+00:00,1.2166146995383305,1.1806026583580518,0.7146935991948999,0.7268853247967629,0.060205143332548026,0.05842305891274031,1.0,2x
B,S4,Log-regression band,trim_z=2.0,2019-12-02 00:00:00+00:00,0.995115293604932,0.9648601870386211,0.7554660636964424,0.7665847532150754,0.05861421961145526,0.05683213519164754,1.0,2x
B,S4,Log-regression band,trim_z=2.0,2020-01-06 00:00:00+00:00,0.9458343561318208,0.9158385784902803,0.754339379131783,0.7666133383304278,0.05619313124414849,0.05441104682434078,1.0,2x
B,S4,Log-regression band,trim_z=2.0,2020-02-03 00:00:00+00:00,1.275669076432186,1.2338098024203878,0.7533681124196336,0.7666377321355515,0.05430935054677589,0.052527266126968175,1.0,2x
B,S4,Log-regression band,trim_z=2.0,2020-03-02 00:00:00+00:00,1.2481553665835685,1.2060465472904645,0.7524299064508835,0.7666610820701053,0.05282309667258321,0.051041012252775485,1.0,2x
B,S4,Log-regression band,trim_z=2.0,2020-04-06 00:00:00+00:00,1.3854886108988356,1.3352872749720086,0.7502217625907879,0.7667152330122359,0.04918310681816711,0.04740102239835941,1.0,2x
B,S4,Log-regression band,trim_z=2.0,2020-05-04 00:00:00+00:00,1.349414564721176,1.29768749721833,0.7481018832454125,0.7667661926436363,0.046489599889243914,0.044707515469436195,1.0,2x
B,S4,Log-regression band,trim_z=2.0,2020-06-01 00:00:00+00:00,1.2132060862362453,1.1647149454437304,0.7459809637719264,0.7668162110259079,0.044586199230669414,0.042804114810861695,1.0,2x
B,S4,Log-regression band,trim_z=2.0,2020-07-06 00:00:00+00:00,1.291545793980648,1.2371836473504538,0.7426800633727221,0.7668922200686736,0.04233908665487993,0.040557002235072234,1.0,2x
B,S4,Log-regression band,trim_z=2.0,2020-08-03 00:00:00+00:00,1.1813292312202879,1.129317297522936,0.7391340594086024,0.7669715058466492,0.04047587290007398,0.038693788480266264,1.0,2x
B,S4,Log-regression band,trim_z=2.0,2020-09-07 00:00:00+00:00,1.0021493384756341,0.9562429329256086,0.7342621835750749,0.7670766874894703,0.038903388340258194,0.03712130392045049,1.0,2x
B,S4,Log-regression band,trim_z=2.0,2020-10-05 00:00:00+00:00,1.0403801286141754,0.990876371812638,0.7282381735338079,0.7672011794404077,0.03745261648148826,0.03567053206168057,1.0,2x
B,S4,Log-regression band,trim_z=2.0,2020-11-02 00:00:00+00:00,1.2792897726587515,1.2161657941284425,0.7202946214588797,0.7673567863341544,0.03611626556744749,0.03433418114763979,1.0,2x
B,S4,Log-regression band,trim_z=2.0,2020-12-07 00:00:00+00:00,1.531849170713015,1.453860362695141,0.709591387052839,0.7675528001843989,0.03500354230311288,0.033221457883305175,1.0,2x
B,S4,Log-regression band,trim_z=2.0,2021-01-04 00:00:00+00:00,1.475090950426172,1.3987371335800944,0.7003243637296646,0.7677114156265994,0.03442835877940606,0.032646274359598354,1.0,2x
B,S4,Log-regression band,trim_z=2.0,2021-02-01 00:00:00+00:00,1.4579220022519412,1.384438003228653,0.6978953165875792,0.7678347813341456,0.03423959610737297,0.03251380937596649,1.0,2x
B,S4,Log-regression band,trim_z=2.0,2021-03-01 00:00:00+00:00,2.076232603753738,1.9832154492838834,0.7009863500871503,0.767954197849063,0.03396367281783702,0.03244206864152813,0.9297445255474452,2x
B,S4,Log-regression band,trim_z=2.0,2021-04-05 00:00:00+00:00,2.2843731849333295,2.213089339598161,0.7196962606457591,0.7680964998013181,0.03335445902011628,0.032313633416966164,0.9616788321167883,2x
B,S4,Log-regression band,trim_z=2.0,2021-05-03 00:00:00+00:00,1.944066717703238,1.9042811616771544,0.735805561254544,0.7682257805529485,0.03291646865318929,0.03224282921692063,0.9872262773722628,2x
B,S4,Log-regression band,trim_z=2.0,2021-06-07 00:00:00+00:00,2.3005146881963596,2.2661509765222383,0.7420400885323053,0.7684797258296603,0.03249357672540228,0.03200820712199058,1.0,2x
B,S4,Log-regression band,trim_z=2.0,2021-07-05 00:00:00+00:00,1.8358752597502253,1.8081849190218924,0.7370207023729874,0.7688206874683877,0.032180104083246,0.03169473447983431,1.0,2x
B,S4,Log-regression band,trim_z=2.0,2021-08-02 00:00:00+00:00,2.080859704371031,2.0491388496022713,0.7284500859539109,0.769374817455633,0.0318398119101324,0.03135444230672071,1.0,2x
B,S4,Log-regression band,trim_z=2.0,2021-09-06 00:00:00+00:00,1.7796036877934394,1.7523356234737697,0.7129941408589905,0.7703294789838393,0.03167681893544748,0.031191449332035773,1.0,2x
B,S4,Log-regression band,trim_z=2.0,2021-10-04 00:00:00+00:00,1.9170155077294235,1.8875279889705374,0.685950968214952,0.7720321132443271,0.03155440321476068,0.031069033611348985,1.0,2x
B,S4,Log-regression band,trim_z=2.0,2021-11-01 00:00:00+00:00,2.19919739163083,2.1791212010656658,0.6751399224120181,0.7777061564444587,0.03128659134417738,0.03100098006965039,0.9808394160583942,2x
B,S4,Log-regression band,trim_z=2.0,2021-12-06 00:00:00+00:00,2.991074824146883,2.991074824146883,0.7145384255677354,0.7145384255677354,0.030853116578301493,0.030853116578301493,1.0,2x
B,S4,Log-regression band,trim_z=2.0,2022-01-03 00:00:00+00:00,2.967214731611274,2.967214731611274,0.6742481834099558,0.6742481834099558,0.030594639959639798,0.030594639959639798,1.0,2x
B,S4,Log-regression band,trim_z=2.0,2022-02-07 00:00:00+00:00,2.9101143572437858,2.9101143572437858,0.6767541929226852,0.6767541929226852,0.030139650437746048,0.030139650437746048,1.0,2x
B,S4,Log-regression band,trim_z=2.0,2022-03-07 00:00:00+00:00,2.677286854846262,2.677286854846262,0.6810523581122416,0.6810523581122416,0.029770161116888145,0.029770161116888145,1.0,2x
B,S4,Log-regression band,trim_z=2.0,2022-04-04 00:00:00+00:00,2.450931085390325,2.450931085390325,0.6989501783584138,0.6989501783584138,0.02945367231754433,0.02945367231754433,1.0,2x
B,S4,Log-regression band,trim_z=2.0,2022-05-02 00:00:00+00:00,2.8121270002904755,2.8121270002904755,0.6810842241466919,0.6810842241466919,0.029144259749962202,0.029144259749962202,1.0,2x
B,S4,Log-regression band,trim_z=2.0,2022-06-06 00:00:00+00:00,2.890070224564403,2.890070224564403,0.6016313580715403,0.6016313580715403,0.028471163496209425,0.028471163496209425,1.0,2x
B,S4,Log-regression band,trim_z=2.0,2022-07-04 00:00:00+00:00,3.030144189421663,3.030144189421663,0.3529550155283391,0.3529550155283391,0.027651140873957706,0.027651140873957706,1.0,2x
B,S4,Log-regression band,trim_z=2.0,2022-08-01 00:00:00+00:00,3.0851344968877306,3.0851344968877306,0.3528048485856434,0.3528048485856434,0.026650188010717404,0.026650188010717404,1.0,2x
B,S4,Log-regression band,trim_z=2.0,2022-09-05 00:00:00+00:00,2.823634059564927,2.823634059564927,0.2910673472377532,0.2910673472377532,0.025499971774491856,0.025499971774491856,1.0,2x
B,S4,Log-regression band,trim_z=2.5,2018-01-01 00:00:00+00:00,4.1455077901458015,3.9035850141129984,0.6332932607069512,0.8410036049931576,0.14332598605865862,0.13496179470256667,0.968065693430657,2x
B,S4,Log-regression band,trim_z=2.5,2018-02-05 00:00:00+00:00,5.038973842713829,4.930145552450927,0.6332766180489988,0.7287970232655927,0.13624958011802463,0.13347567301566862,1.0,2x
B,S4,Log-regression band,trim_z=2.5,2018-03-05 00:00:00+00:00,6.410086045635912,6.345871692249581,0.6500792825591011,0.7384721023014262,0.13198405052435183,0.13118327791281614,0.9872262773722628,2x
B,S4,Log-regression band,trim_z=2.5,2018-04-02 00:00:00+00:00,7.560829373405145,7.568909008664438,0.6813703818381925,0.6813703818381925,0.12789199058100392,0.12889734832818756,1.0,2x
B,S4,Log-regression band,trim_z=2.5,2018-05-07 00:00:00+00:00,7.069805524276659,7.0758268558059765,0.6695099764250615,0.6695099764250615,0.12389691498242283,0.12547198295635212,1.0,2x
B,S4,Log-regression band,trim_z=2.5,2018-06-04 00:00:00+00:00,4.853575150810802,4.8304988619535285,0.6332289894684002,0.6332289894684002,0.12139599636781782,0.12308010061341397,1.0,2x
B,S4,Log-regression band,trim_z=2.5,2018-07-02 00:00:00+00:00,4.0532976259556275,4.020551042109716,0.6332129521112717,0.6332129521112717,0.11831554482173492,0.11999964906733106,1.0,2x
B,S4,Log-regression band,trim_z=2.5,2018-08-06 00:00:00+00:00,4.7737878247091885,4.753432492558398,0.6331901458427414,0.6331901458427414,0.11464351020929468,0.11632761445489082,1.0,2x
B,S4,Log-regression band,trim_z=2.5,2018-09-03 00:00:00+00:00,5.572490318152173,5.566254819135224,0.6331674177481212,0.6331674177481212,0.1113440093299742,0.11302811357557033,1.0,2x
B,S4,Log-regression band,trim_z=2.5,2018-10-01 00:00:00+00:00,4.825551461118491,4.810183839465627,0.6331407500098598,0.6331407500098598,0.1080770509056934,0.10976115515128954,1.0,2x
B,S4,Log-regression band,trim_z=2.5,2018-11-05 00:00:00+00:00,6.460383291277212,6.474602469670275,0.6330989524339907,0.6330989524339907,0.1034628553118591,0.10545812224267534,1.0,2x
B,S4,Log-regression band,trim_z=2.5,2018-12-03 00:00:00+00:00,5.71504491603618,5.717862022251217,0.6330480917983505,0.6330480917983505,0.09904377005796931,0.10123632439626282,1.0,2x
B,S4,Log-regression band,trim_z=2.5,2019-01-07 00:00:00+00:00,4.046954086800213,4.020395284214163,0.6329089305917825,0.6329089305917825,0.0911263806077241,0.09331893494601759,1.0,2x
B,S4,Log-regression band,trim_z=2.5,2019-02-04 00:00:00+00:00,3.2837997346038112,3.2445883586977713,0.6327152986918998,0.6327152986918998,0.08476666180643389,0.08695921614472737,1.0,2x
B,S4,Log-regression band,trim_z=2.5,2019-03-04 00:00:00+00:00,3.4498988000077966,3.421962393605454,0.6323627438093548,0.6323627438093548,0.07841144984518636,0.08060400418347986,1.0,2x
B,S4,Log-regression band,trim_z=2.5,2019-04-01 00:00:00+00:00,3.423199543043031,3.4019643281669882,0.6316737616882006,0.6316737616882006,0.07255890496012063,0.07475145929841412,1.0,2x
B,S4,Log-regression band,trim_z=2.5,2019-05-06 00:00:00+00:00,2.56695541412266,2.526080678793417,0.6297611779953978,0.6297611779953978,0.06691484456235446,0.06910739890064795,1.0,2x
B,S4,Log-regression band,trim_z=2.5,2019-06-03 00:00:00+00:00,2.072010467865256,2.0218639464637884,0.6263429450489786,0.6263429450489786,0.0672120023364614,0.06639376009235949,1.0,2x
B,S4,Log-regression band,trim_z=2.5,2019-07-01 00:00:00+00:00,1.3238771650800718,1.2883384633425383,0.7091282111843435,0.7193393190640166,0.06638567967542573,0.06460359525561803,1.0,2x
B,S4,Log-regression band,trim_z=2.5,2019-08-05 00:00:00+00:00,1.4670333746014612,1.4267173144138392,0.7086046412643243,0.7193535588944755,0.06484704378474725,0.06306495936493951,1.0,2x
B,S4,Log-regression band,trim_z=2.5,2019-09-02 00:00:00+00:00,1.2809366549688572,1.245060693754875,0.7081543628145284,0.7193657624263494,0.06362860194783972,0.06184651752803199,1.0,2x
B,S4,Log-regression band,trim_z=2.5,2019-10-07 00:00:00+00:00,1.2361840301559495,1.2006124311400261,0.7153869397590125,0.7268693337785148,0.0619309887972673,0.060148904377459594,1.0,2x
B,S4,Log-regression band,trim_z=2.5,2019-11-04 00:00:00+00:00,1.2166146995383305,1.1806026583580518,0.7146935991948999,0.7268853247967629,0.060205143332548026,0.05842305891274031,1.0,2x
B,S4,Log-regression band,trim_z=2.5,2019-12-02 00:00:00+00:00,0.995115293604932,0.9648601870386211,0.7554660636964424,0.7665847532150754,0.05861421961145526,0.05683213519164754,1.0,2x
B,S4,Log-regression band,trim_z=2.5,2020-01-06 00:00:00+00:00,0.9458343561318208,0.9158385784902803,0.754339379131783,0.7666133383304278,0.05619313124414849,0.05441104682434078,1.0,2x
B,S4,Log-regression band,trim_z=2.5,2020-02-03 00:00:00+00:00,1.275669076432186,1.2338098024203878,0.7533681124196336,0.7666377321355515,0.05430935054677589,0.052527266126968175,1.0,2x
B,S4,Log-regression band,trim_z=2.5,2020-03-02 00:00:00+00:00,1.2481553665835685,1.2060465472904645,0.7524299064508835,0.7666610820701053,0.05282309667258321,0.051041012252775485,1.0,2x
B,S4,Log-regression band,trim_z=2.5,2020-04-06 00:00:00+00:00,1.3854886108988356,1.3352872749720086,0.7502217625907879,0.7667152330122359,0.04918310681816711,0.04740102239835941,1.0,2x
B,S4,Log-regression band,trim_z=2.5,2020-05-04 00:00:00+00:00,1.349414564721176,1.29768749721833,0.7481018832454125,0.7667661926436363,0.046489599889243914,0.044707515469436195,1.0,2x
B,S4,Log-regression band,trim_z=2.5,2020-06-01 00:00:00+00:00,1.2132060862362453,1.1647149454437304,0.7459809637719264,0.7668162110259079,0.044586199230669414,0.042804114810861695,1.0,2x
B,S4,Log-regression band,trim_z=2.5,2020-07-06 00:00:00+00:00,1.291545793980648,1.2371836473504538,0.7426800633727221,0.7668922200686736,0.04233908665487993,0.040557002235072234,1.0,2x
B,S4,Log-regression band,trim_z=2.5,2020-08-03 00:00:00+00:00,1.1813292312202879,1.129317297522936,0.7391340594086024,0.7669715058466492,0.04047587290007398,0.038693788480266264,1.0,2x
B,S4,Log-regression band,trim_z=2.5,2020-09-07 00:00:00+00:00,1.0021493384756341,0.9562429329256086,0.7342621835750749,0.7670766874894703,0.038903388340258194,0.03712130392045049,1.0,2x
B,S4,Log-regression band,trim_z=2.5,2020-10-05 00:00:00+00:00,1.0403801286141754,0.990876371812638,0.7282381735338079,0.7672011794404077,0.03745261648148826,0.03567053206168057,1.0,2x
B,S4,Log-regression band,trim_z=2.5,2020-11-02 00:00:00+00:00,1.2792897726587515,1.2161657941284425,0.7202946214588797,0.7673567863341544,0.03611626556744749,0.03433418114763979,1.0,2x
B,S4,Log-regression band,trim_z=2.5,2020-12-07 00:00:00+00:00,1.531849170713015,1.453860362695141,0.709591387052839,0.7675528001843989,0.03500354230311288,0.033221457883305175,1.0,2x
B,S4,Log-regression band,trim_z=2.5,2021-01-04 00:00:00+00:00,1.475090950426172,1.3987371335800944,0.7003243637296646,0.7677114156265994,0.03442835877940606,0.032646274359598354,1.0,2x
B,S4,Log-regression band,trim_z=2.5,2021-02-01 00:00:00+00:00,1.4579220022519412,1.384438003228653,0.6978953165875792,0.7678347813341456,0.03423959610737297,0.03251380937596649,1.0,2x
B,S4,Log-regression band,trim_z=2.5,2021-03-01 00:00:00+00:00,2.076232603753738,1.9832154492838834,0.7009863500871503,0.767954197849063,0.03396367281783702,0.03244206864152813,0.9297445255474452,2x
B,S4,Log-regression band,trim_z=2.5,2021-04-05 00:00:00+00:00,2.2843731849333295,2.213089339598161,0.7196962606457591,0.7680964998013181,0.03335445902011628,0.032313633416966164,0.9616788321167883,2x
B,S4,Log-regression band,trim_z=2.5,2021-05-03 00:00:00+00:00,1.944066717703238,1.9042811616771544,0.735805561254544,0.7682257805529485,0.03291646865318929,0.03224282921692063,0.9872262773722628,2x
B,S4,Log-regression band,trim_z=2.5,2021-06-07 00:00:00+00:00,2.3005146881963596,2.2661509765222383,0.7420400885323053,0.7684797258296603,0.03249357672540228,0.03200820712199058,1.0,2x
B,S4,Log-regression band,trim_z=2.5,2021-07-05 00:00:00+00:00,1.8358752597502253,1.8081849190218924,0.7370207023729874,0.7688206874683877,0.032180104083246,0.03169473447983431,1.0,2x
B,S4,Log-regression band,trim_z=2.5,2021-08-02 00:00:00+00:00,2.080859704371031,2.0491388496022713,0.7284500859539109,0.769374817455633,0.0318398119101324,0.03135444230672071,1.0,2x
B,S4,Log-regression band,trim_z=2.5,2021-09-06 00:00:00+00:00,1.7796036877934394,1.7523356234737697,0.7129941408589905,0.7703294789838393,0.03167681893544748,0.031191449332035773,1.0,2x
B,S4,Log-regression band,trim_z=2.5,2021-10-04 00:00:00+00:00,1.9170155077294235,1.8875279889705374,0.685950968214952,0.7720321132443271,0.03155440321476068,0.031069033611348985,1.0,2x
B,S4,Log-regression band,trim_z=2.5,2021-11-01 00:00:00+00:00,2.19919739163083,2.1791212010656658,0.6751399224120181,0.7777061564444587,0.03128659134417738,0.03100098006965039,0.9808394160583942,2x
B,S4,Log-regression band,trim_z=2.5,2021-12-06 00:00:00+00:00,2.991074824146883,2.991074824146883,0.7145384255677354,0.7145384255677354,0.030853116578301493,0.030853116578301493,1.0,2x
B,S4,Log-regression band,trim_z=2.5,2022-01-03 00:00:00+00:00,2.967214731611274,2.967214731611274,0.6742481834099558,0.6742481834099558,0.030594639959639798,0.030594639959639798,1.0,2x
B,S4,Log-regression band,trim_z=2.5,2022-02-07 00:00:00+00:00,2.9101143572437858,2.9101143572437858,0.6767541929226852,0.6767541929226852,0.030139650437746048,0.030139650437746048,1.0,2x
B,S4,Log-regression band,trim_z=2.5,2022-03-07 00:00:00+00:00,2.677286854846262,2.677286854846262,0.6810523581122416,0.6810523581122416,0.029770161116888145,0.029770161116888145,1.0,2x
B,S4,Log-regression band,trim_z=2.5,2022-04-04 00:00:00+00:00,2.450931085390325,2.450931085390325,0.6989501783584138,0.6989501783584138,0.02945367231754433,0.02945367231754433,1.0,2x
B,S4,Log-regression band,trim_z=2.5,2022-05-02 00:00:00+00:00,2.8121270002904755,2.8121270002904755,0.6810842241466919,0.6810842241466919,0.029144259749962202,0.029144259749962202,1.0,2x
B,S4,Log-regression band,trim_z=2.5,2022-06-06 00:00:00+00:00,2.890070224564403,2.890070224564403,0.6016313580715403,0.6016313580715403,0.028471163496209425,0.028471163496209425,1.0,2x
B,S4,Log-regression band,trim_z=2.5,2022-07-04 00:00:00+00:00,3.030144189421663,3.030144189421663,0.3529550155283391,0.3529550155283391,0.027651140873957706,0.027651140873957706,1.0,2x
B,S4,Log-regression band,trim_z=2.5,2022-08-01 00:00:00+00:00,3.0851344968877306,3.0851344968877306,0.3528048485856434,0.3528048485856434,0.026650188010717404,0.026650188010717404,1.0,2x
B,S4,Log-regression band,trim_z=2.5,2022-09-05 00:00:00+00:00,2.823634059564927,2.823634059564927,0.2910673472377532,0.2910673472377532,0.025499971774491856,0.025499971774491856,1.0,2x
B,S5,MVRV-Z DCA,k=5,2018-01-01 00:00:00+00:00,3.909496830402356,3.9035850141129984,0.8315152363630167,0.8410036049931576,0.1351661886976965,0.13496179470256667,1.0,2x
B,S5,MVRV-Z DCA,k=5,2018-02-05 00:00:00+00:00,4.849908378401815,4.930145552450927,0.7287970232655927,0.7287970232655927,0.11359305717287074,0.13347567301566862,1.0,2x
B,S5,MVRV-Z DCA,k=5,2018-03-05 00:00:00+00:00,5.88313595812168,6.345871692249581,0.7384721023014262,0.7384721023014262,0.09504927913866165,0.13118327791281614,1.0,2x
B,S5,MVRV-Z DCA,k=5,2018-04-02 00:00:00+00:00,6.6394673468605,7.568909008664438,0.6813703818381925,0.6813703818381925,0.07956433628057266,0.12889734832818756,1.0,2x
B,S5,MVRV-Z DCA,k=5,2018-05-07 00:00:00+00:00,6.305589787133671,7.0758268558059765,0.6695099764250615,0.6695099764250615,0.06611394163355058,0.12547198295635212,1.0,2x
B,S5,MVRV-Z DCA,k=5,2018-06-04 00:00:00+00:00,5.072193713053286,4.8304988619535285,0.6332289894684002,0.6332289894684002,0.06515555336418136,0.12308010061341397,1.0,2x
B,S5,MVRV-Z DCA,k=5,2018-07-02 00:00:00+00:00,4.577066625727494,4.020551042109716,0.6332129521112717,0.6332129521112717,0.0638828612140951,0.11999964906733106,1.0,2x
B,S5,MVRV-Z DCA,k=5,2018-08-06 00:00:00+00:00,4.891624901068501,4.753432492558398,0.6331901458427414,0.6331901458427414,0.0623981392204777,0.11632761445489082,1.0,2x
B,S5,MVRV-Z DCA,k=5,2018-09-03 00:00:00+00:00,5.2631231969822965,5.566254819135224,0.6331674177481212,0.6331674177481212,0.06093359909723181,0.11302811357557033,1.0,2x
B,S5,MVRV-Z DCA,k=5,2018-10-01 00:00:00+00:00,4.79041024572454,4.810183839465627,0.6331407500098598,0.6331407500098598,0.05948740735760139,0.10976115515128954,1.0,2x
B,S5,MVRV-Z DCA,k=5,2018-11-05 00:00:00+00:00,5.613424218344763,6.474602469670275,0.6330989524339907,0.6330989524339907,0.057508440902463674,0.10545812224267534,1.0,2x
B,S5,MVRV-Z DCA,k=5,2018-12-03 00:00:00+00:00,5.121464035118151,5.717862022251217,0.6330480917983505,0.6330480917983505,0.055503719395314344,0.10123632439626282,1.0,2x
B,S5,MVRV-Z DCA,k=5,2019-01-07 00:00:00+00:00,4.035650747392374,4.020395284214163,0.6329089305917825,0.6329089305917825,0.051681885552328784,0.09331893494601759,1.0,2x
B,S5,MVRV-Z DCA,k=5,2019-02-04 00:00:00+00:00,3.4799284534665644,3.2445883586977713,0.6327152986918998,0.6327152986918998,0.048668930454731,0.08695921614472737,1.0,2x
B,S5,MVRV-Z DCA,k=5,2019-03-04 00:00:00+00:00,3.457423982444599,3.421962393605454,0.6323627438093548,0.6323627438093548,0.045654865060044604,0.08060400418347986,1.0,2x
B,S5,MVRV-Z DCA,k=5,2019-04-01 00:00:00+00:00,3.337313559714617,3.4019643281669882,0.6316737616882006,0.6316737616882006,0.04289754156536027,0.07475145929841412,1.0,2x
B,S5,MVRV-Z DCA,k=5,2019-05-06 00:00:00+00:00,2.725923970040439,2.526080678793417,0.6297611779953978,0.6297611779953978,0.04032106750349541,0.06910739890064795,1.0,2x
B,S5,MVRV-Z DCA,k=5,2019-06-03 00:00:00+00:00,2.3755735717642983,2.0218639464637884,0.6263429450489786,0.6263429450489786,0.0392938040012906,0.06639376009235949,1.0,2x
B,S5,MVRV-Z DCA,k=5,2019-07-01 00:00:00+00:00,1.8944142981548309,1.2883384633425383,0.6017569404035551,0.7193393190640166,0.039477335268280345,0.06460359525561803,1.0,2x
B,S5,MVRV-Z DCA,k=5,2019-08-05 00:00:00+00:00,1.937537500079796,1.4267173144138392,0.5904737754736621,0.7193535588944755,0.04032598136846391,0.06306495936493951,1.0,2x
B,S5,MVRV-Z DCA,k=5,2019-09-02 00:00:00+00:00,1.7859387967466207,1.245060693754875,0.5592138142365659,0.7193657624263494,0.04086198140018094,0.06184651752803199,1.0,2x
B,S5,MVRV-Z DCA,k=5,2019-10-07 00:00:00+00:00,1.708923794077217,1.2006124311400261,0.5365715036041295,0.7268693337785148,0.042059032188545675,0.060148904377459594,1.0,2x
B,S5,MVRV-Z DCA,k=5,2019-11-04 00:00:00+00:00,1.651668765914833,1.1806026583580518,0.5367237671397078,0.7268853247967629,0.04306279053933222,0.05842305891274031,1.0,2x
B,S5,MVRV-Z DCA,k=5,2019-12-02 00:00:00+00:00,1.4476571564605305,0.9648601870386211,0.5526253284623248,0.7665847532150754,0.04410005430168311,0.05683213519164754,1.0,2x
B,S5,MVRV-Z DCA,k=5,2020-01-06 00:00:00+00:00,1.3457852705676674,0.9158385784902803,0.5591005751337476,0.7666133383304278,0.04561740410575208,0.05441104682434078,1.0,2x
B,S5,MVRV-Z DCA,k=5,2020-02-03 00:00:00+00:00,1.5780782380537894,1.2338098024203878,0.5645712329518806,0.7666377321355515,0.04558899550526011,0.052527266126968175,1.0,2x
B,S5,MVRV-Z DCA,k=5,2020-03-02 00:00:00+00:00,1.5249740264495903,1.2060465472904645,0.5697598876837198,0.7666610820701053,0.04533879900959894,0.051041012252775485,1.0,2x
B,S5,MVRV-Z DCA,k=5,2020-04-06 00:00:00+00:00,1.5928430857147007,1.3352872749720086,0.581611213508278,0.7667152330122359,0.044036808456932454,0.04740102239835941,1.0,2x
B,S5,MVRV-Z DCA,k=5,2020-05-04 00:00:00+00:00,1.5278979815863571,1.29768749721833,0.5925303807269886,0.7667661926436363,0.04305196625136526,0.044707515469436195,1.0,2x
B,S5,MVRV-Z DCA,k=5,2020-06-01 00:00:00+00:00,1.3761346600030346,1.1647149454437304,0.6030259534590561,0.7668162110259079,0.042499555955398845,0.042804114810861695,1.0,2x
B,S5,MVRV-Z DCA,k=5,2020-07-06 00:00:00+00:00,1.4268363325074855,1.2371836473504538,0.6185523549760648,0.7668922200686736,0.04186960471465387,0.040557002235072234,1.0,2x
B,S5,MVRV-Z DCA,k=5,2020-08-03 00:00:00+00:00,1.2988866043383842,1.129317297522936,0.634203329547137,0.7669715058466492,0.04130260691891102,0.038693788480266264,1.0,2x
B,S5,MVRV-Z DCA,k=5,2020-09-07 00:00:00+00:00,1.093862497320036,0.9562429329256086,0.6541090649616708,0.7670766874894703,0.041038766469417176,0.03712130392045049,1.0,2x
B,S5,MVRV-Z DCA,k=5,2020-10-05 00:00:00+00:00,1.1100928368713328,0.990876371812638,0.6764154305557075,0.7672011794404077,0.039962202405355376,0.03567053206168057,1.0,2x
B,S5,MVRV-Z DCA,k=5,2020-11-02 00:00:00+00:00,1.3095988958981182,1.2161657941284425,0.7018307167758762,0.7673567863341544,0.0369719374937183,0.03433418114763979,1.0,2x
B,S5,MVRV-Z DCA,k=5,2020-12-07 00:00:00+00:00,1.518906606913942,1.453860362695141,0.725188734460732,0.7675528001843989,0.034707798056151075,0.033221457883305175,1.0,2x
B,S5,MVRV-Z DCA,k=5,2021-01-04 00:00:00+00:00,1.435648412685757,1.3987371335800944,0.7415712732948597,0.7677114156265994,0.033507777007749914,0.032646274359598354,1.0,2x
B,S5,MVRV-Z DCA,k=5,2021-02-01 00:00:00+00:00,1.404502036951546,1.384438003228653,0.7530654291100505,0.7678347813341456,0.03298501730745763,0.03251380937596649,1.0,2x
B,S5,MVRV-Z DCA,k=5,2021-03-01 00:00:00+00:00,1.9946799095113827,1.9832154492838834,0.7618528900967438,0.767954197849063,0.032629607925660324,0.03244206864152813,1.0,2x
B,S5,MVRV-Z DCA,k=5,2021-04-05 00:00:00+00:00,2.215217693798511,2.213089339598161,0.7670329731659364,0.7680964998013181,0.032344709820517084,0.032313633416966164,1.0,2x
B,S5,MVRV-Z DCA,k=5,2021-05-03 00:00:00+00:00,1.9042811616771544,1.9042811616771544,0.7682257805529485,0.7682257805529485,0.03224282921692063,0.03224282921692063,1.0,2x
B,S5,MVRV-Z DCA,k=5,2021-06-07 00:00:00+00:00,2.2661509765222383,2.2661509765222383,0.7684797258296603,0.7684797258296603,0.03200820712199058,0.03200820712199058,1.0,2x
B,S5,MVRV-Z DCA,k=5,2021-07-05 00:00:00+00:00,1.8081849190218924,1.8081849190218924,0.7688206874683877,0.7688206874683877,0.03169473447983431,0.03169473447983431,1.0,2x
B,S5,MVRV-Z DCA,k=5,2021-08-02 00:00:00+00:00,2.0491388496022713,2.0491388496022713,0.769374817455633,0.769374817455633,0.03135444230672071,0.03135444230672071,1.0,2x
B,S5,MVRV-Z DCA,k=5,2021-09-06 00:00:00+00:00,1.7523356234737697,1.7523356234737697,0.7703294789838393,0.7703294789838393,0.031191449332035773,0.031191449332035773,1.0,2x
B,S5,MVRV-Z DCA,k=5,2021-10-04 00:00:00+00:00,1.8875279889705374,1.8875279889705374,0.7720321132443271,0.7720321132443271,0.031069033611348985,0.031069033611348985,1.0,2x
B,S5,MVRV-Z DCA,k=5,2021-11-01 00:00:00+00:00,2.1791212010656658,2.1791212010656658,0.7777061564444587,0.7777061564444587,0.03100098006965039,0.03100098006965039,1.0,2x
B,S5,MVRV-Z DCA,k=5,2021-12-06 00:00:00+00:00,2.991074824146883,2.991074824146883,0.7145384255677354,0.7145384255677354,0.030853116578301493,0.030853116578301493,1.0,2x
B,S5,MVRV-Z DCA,k=5,2022-01-03 00:00:00+00:00,2.967214731611274,2.967214731611274,0.6742481834099558,0.6742481834099558,0.030594639959639798,0.030594639959639798,1.0,2x
B,S5,MVRV-Z DCA,k=5,2022-02-07 00:00:00+00:00,2.9101143572437858,2.9101143572437858,0.6767541929226852,0.6767541929226852,0.030139650437746048,0.030139650437746048,1.0,2x
B,S5,MVRV-Z DCA,k=5,2022-03-07 00:00:00+00:00,2.677286854846262,2.677286854846262,0.6810523581122416,0.6810523581122416,0.029770161116888145,0.029770161116888145,1.0,2x
B,S5,MVRV-Z DCA,k=5,2022-04-04 00:00:00+00:00,2.450931085390325,2.450931085390325,0.6989501783584138,0.6989501783584138,0.02945367231754433,0.02945367231754433,1.0,2x
B,S5,MVRV-Z DCA,k=5,2022-05-02 00:00:00+00:00,2.8121270002904755,2.8121270002904755,0.6810842241466919,0.6810842241466919,0.029144259749962202,0.029144259749962202,1.0,2x
B,S5,MVRV-Z DCA,k=5,2022-06-06 00:00:00+00:00,2.890070224564403,2.890070224564403,0.6016313580715403,0.6016313580715403,0.028471163496209425,0.028471163496209425,1.0,2x
B,S5,MVRV-Z DCA,k=5,2022-07-04 00:00:00+00:00,3.030144189421663,3.030144189421663,0.3529550155283391,0.3529550155283391,0.027651140873957706,0.027651140873957706,1.0,2x
B,S5,MVRV-Z DCA,k=5,2022-08-01 00:00:00+00:00,3.0851344968877306,3.0851344968877306,0.3528048485856434,0.3528048485856434,0.026650188010717404,0.026650188010717404,1.0,2x
B,S5,MVRV-Z DCA,k=5,2022-09-05 00:00:00+00:00,2.823634059564927,2.823634059564927,0.2910673472377532,0.2910673472377532,0.025499971774491856,0.025499971774491856,1.0,2x
B,S5,MVRV-Z DCA,k=6,2018-01-01 00:00:00+00:00,3.9035850141129984,3.9035850141129984,0.8410036049931576,0.8410036049931576,0.13496179470256667,0.13496179470256667,1.0,2x
B,S5,MVRV-Z DCA,k=6,2018-02-05 00:00:00+00:00,4.952027996182438,4.930145552450927,0.7287970232655927,0.7287970232655927,0.11356419193041516,0.13347567301566862,1.0,2x
B,S5,MVRV-Z DCA,k=6,2018-03-05 00:00:00+00:00,6.145433336072852,6.345871692249581,0.7384721023014262,0.7384721023014262,0.09500019058287963,0.13118327791281614,1.0,2x
B,S5,MVRV-Z DCA,k=6,2018-04-02 00:00:00+00:00,7.007316230404668,7.568909008664438,0.6813703818381925,0.6813703818381925,0.07950391848302754,0.12889734832818756,1.0,2x
B,S5,MVRV-Z DCA,k=6,2018-05-07 00:00:00+00:00,6.6431744735706895,7.0758268558059765,0.6695099764250615,0.6695099764250615,0.07762015290779457,0.12547198295635212,1.0,2x
B,S5,MVRV-Z DCA,k=6,2018-06-04 00:00:00+00:00,5.209033305436213,4.8304988619535285,0.6332289894684002,0.6332289894684002,0.0763855022768577,0.12308010061341397,1.0,2x
B,S5,MVRV-Z DCA,k=6,2018-07-02 00:00:00+00:00,4.647073288665711,4.020551042109716,0.6332129521112717,0.6332129521112717,0.07476441951317041,0.11999964906733106,1.0,2x
B,S5,MVRV-Z DCA,k=6,2018-08-06 00:00:00+00:00,5.035751264897052,4.753432492558398,0.6331901458427414,0.6331901458427414,0.07285815957202714,0.11632761445489082,1.0,2x
B,S5,MVRV-Z DCA,k=6,2018-09-03 00:00:00+00:00,5.486996591810421,5.566254819135224,0.6331674177481212,0.6331674177481212,0.07103998660076045,0.11302811357557033,1.0,2x
B,S5,MVRV-Z DCA,k=6,2018-10-01 00:00:00+00:00,4.953493951592573,4.810183839465627,0.6331407500098598,0.6331407500098598,0.06924289748845176,0.10976115515128954,1.0,2x
B,S5,MVRV-Z DCA,k=6,2018-11-05 00:00:00+00:00,5.932408427704378,6.474602469670275,0.6330989524339907,0.6330989524339907,0.06681603794556717,0.10545812224267534,1.0,2x
B,S5,MVRV-Z DCA,k=6,2018-12-03 00:00:00+00:00,5.38200617343552,5.717862022251217,0.6330480917983505,0.6330480917983505,0.06438404243948483,0.10123632439626282,1.0,2x
B,S5,MVRV-Z DCA,k=6,2019-01-07 00:00:00+00:00,4.1643317403469275,4.020395284214163,0.6329089305917825,0.6329089305917825,0.0597729148806374,0.09331893494601759,1.0,2x
B,S5,MVRV-Z DCA,k=6,2019-02-04 00:00:00+00:00,3.555113535868848,3.2445883586977713,0.6327152986918998,0.6327152986918998,0.056114972920911145,0.08695921614472737,1.0,2x
B,S5,MVRV-Z DCA,k=6,2019-03-04 00:00:00+00:00,3.5607947257504997,3.421962393605454,0.6323627438093548,0.6323627438093548,0.0524570031963493,0.08060400418347986,1.0,2x
B,S5,MVRV-Z DCA,k=6,2019-04-01 00:00:00+00:00,3.450289783483239,3.4019643281669882,0.6316737616882006,0.6316737616882006,0.04910316996601425,0.07475145929841412,1.0,2x
B,S5,MVRV-Z DCA,k=6,2019-05-06 00:00:00+00:00,2.777525226395519,2.526080678793417,0.6297611779953978,0.6297611779953978,0.045935511984317154,0.06910739890064795,1.0,2x
B,S5,MVRV-Z DCA,k=6,2019-06-03 00:00:00+00:00,2.391724982975595,2.0218639464637884,0.6263429450489786,0.6263429450489786,0.04458325095813364,0.06639376009235949,1.0,2x
B,S5,MVRV-Z DCA,k=6,2019-07-01 00:00:00+00:00,1.8567628337164162,1.2883384633425383,0.6017569404035551,0.7193393190640166,0.04450406968107891,0.06460359525561803,1.0,2x
B,S5,MVRV-Z DCA,k=6,2019-08-05 00:00:00+00:00,1.91451693350865,1.4267173144138392,0.5904737754736621,0.7193535588944755,0.04507350488944281,0.06306495936493951,1.0,2x
B,S5,MVRV-Z DCA,k=6,2019-09-02 00:00:00+00:00,1.7525392561666544,1.245060693754875,0.5592138142365659,0.7193657624263494,0.04539085072596677,0.06184651752803199,1.0,2x
B,S5,MVRV-Z DCA,k=6,2019-10-07 00:00:00+00:00,1.6768204869791368,1.2006124311400261,0.5461433303963539,0.7268693337785148,0.04628354564026049,0.060148904377459594,1.0,2x
B,S5,MVRV-Z DCA,k=6,2019-11-04 00:00:00+00:00,1.622429326761626,1.1806026583580518,0.5485529296642238,0.7268853247967629,0.04700960970554498,0.05842305891274031,1.0,2x
B,S5,MVRV-Z DCA,k=6,2019-12-02 00:00:00+00:00,1.4084256874703696,0.9648601870386211,0.5899814628563759,0.7665847532150754,0.047764976733333075,0.05683213519164754,1.0,2x
B,S5,MVRV-Z DCA,k=6,2020-01-06 00:00:00+00:00,1.3099560925278007,0.9158385784902803,0.5953790691632166,0.7666133383304278,0.04888595704305524,0.05441104682434078,1.0,2x
B,S5,MVRV-Z DCA,k=6,2020-02-03 00:00:00+00:00,1.56494428960212,1.2338098024203878,0.5999454398377302,0.7666377321355515,0.048571435185610065,0.052527266126968175,1.0,2x
B,S5,MVRV-Z DCA,k=6,2020-03-02 00:00:00+00:00,1.5130037965324041,1.2060465472904645,0.6042817462674983,0.7666610820701053,0.04808302624336648,0.051041012252775485,1.0,2x
B,S5,MVRV-Z DCA,k=6,2020-04-06 00:00:00+00:00,1.5926996302819398,1.3352872749720086,0.614206211124448,0.7667152330122359,0.046330457470424004,0.04740102239835941,1.0,2x
B,S5,MVRV-Z DCA,k=6,2020-05-04 00:00:00+00:00,1.5289723307139444,1.29768749721833,0.6233755196029136,0.7667661926436363,0.045016322133964094,0.044707515469436195,1.0,2x
B,S5,MVRV-Z DCA,k=6,2020-06-01 00:00:00+00:00,1.3735251171659355,1.1647149454437304,0.632213088135642,0.7668162110259079,0.04420354955613625,0.042804114810861695,1.0,2x
B,S5,MVRV-Z DCA,k=6,2020-07-06 00:00:00+00:00,1.4286737363671511,1.2371836473504538,0.6453319187254498,0.7668922200686736,0.04326193967815463,0.040557002235072234,1.0,2x
B,S5,MVRV-Z DCA,k=6,2020-08-03 00:00:00+00:00,1.2982820132850865,1.129317297522936,0.6586135989493909,0.7669715058466492,0.04244513570005282,0.038693788480266264,1.0,2x
B,S5,MVRV-Z DCA,k=6,2020-09-07 00:00:00+00:00,1.0895959991694408,0.9562429329256086,0.6755954372172513,0.7670766874894703,0.041929093920232544,0.03712130392045049,1.0,2x
B,S5,MVRV-Z DCA,k=6,2020-10-05 00:00:00+00:00,1.093832528768333,0.990876371812638,0.6947544403005659,0.7672011794404077,0.0393768480079548,0.03567053206168057,1.0,2x
B,S5,MVRV-Z DCA,k=6,2020-11-02 00:00:00+00:00,1.2978505228411974,1.2161657941284425,0.7141822277944497,0.7673567863341544,0.03664026333327586,0.03433418114763979,1.0,2x
B,S5,MVRV-Z DCA,k=6,2020-12-07 00:00:00+00:00,1.507091538835771,1.453860362695141,0.734627869030865,0.7675528001843989,0.03443781766696177,0.033221457883305175,1.0,2x
B,S5,MVRV-Z DCA,k=6,2021-01-04 00:00:00+00:00,1.426192257012251,1.3987371335800944,0.7492353909078178,0.7677114156265994,0.03328707202674022,0.032646274359598354,1.0,2x
B,S5,MVRV-Z DCA,k=6,2021-02-01 00:00:00+00:00,1.3968997002537415,1.384438003228653,0.7588787437159352,0.7678347813341456,0.03280647487679055,0.03251380937596649,1.0,2x
B,S5,MVRV-Z DCA,k=6,2021-03-01 00:00:00+00:00,1.9877147490828175,1.9832154492838834,0.7656175441747244,0.767954197849063,0.03251566961764423,0.03244206864152813,1.0,2x
B,S5,MVRV-Z DCA,k=6,2021-04-05 00:00:00+00:00,2.213089339598161,2.213089339598161,0.7680964998013181,0.7680964998013181,0.032313633416966164,0.032313633416966164,1.0,2x
B,S5,MVRV-Z DCA,k=6,2021-05-03 00:00:00+00:00,1.9042811616771544,1.9042811616771544,0.7682257805529485,0.7682257805529485,0.03224282921692063,0.03224282921692063,1.0,2x
B,S5,MVRV-Z DCA,k=6,2021-06-07 00:00:00+00:00,2.2661509765222383,2.2661509765222383,0.7684797258296603,0.7684797258296603,0.03200820712199058,0.03200820712199058,1.0,2x
B,S5,MVRV-Z DCA,k=6,2021-07-05 00:00:00+00:00,1.8081849190218924,1.8081849190218924,0.7688206874683877,0.7688206874683877,0.03169473447983431,0.03169473447983431,1.0,2x
B,S5,MVRV-Z DCA,k=6,2021-08-02 00:00:00+00:00,2.0491388496022713,2.0491388496022713,0.769374817455633,0.769374817455633,0.03135444230672071,0.03135444230672071,1.0,2x
B,S5,MVRV-Z DCA,k=6,2021-09-06 00:00:00+00:00,1.7523356234737697,1.7523356234737697,0.7703294789838393,0.7703294789838393,0.031191449332035773,0.031191449332035773,1.0,2x
B,S5,MVRV-Z DCA,k=6,2021-10-04 00:00:00+00:00,1.8875279889705374,1.8875279889705374,0.7720321132443271,0.7720321132443271,0.031069033611348985,0.031069033611348985,1.0,2x
B,S5,MVRV-Z DCA,k=6,2021-11-01 00:00:00+00:00,2.1791212010656658,2.1791212010656658,0.7777061564444587,0.7777061564444587,0.03100098006965039,0.03100098006965039,1.0,2x
B,S5,MVRV-Z DCA,k=6,2021-12-06 00:00:00+00:00,2.991074824146883,2.991074824146883,0.7145384255677354,0.7145384255677354,0.030853116578301493,0.030853116578301493,1.0,2x
B,S5,MVRV-Z DCA,k=6,2022-01-03 00:00:00+00:00,2.967214731611274,2.967214731611274,0.6742481834099558,0.6742481834099558,0.030594639959639798,0.030594639959639798,1.0,2x
B,S5,MVRV-Z DCA,k=6,2022-02-07 00:00:00+00:00,2.9101143572437858,2.9101143572437858,0.6767541929226852,0.6767541929226852,0.030139650437746048,0.030139650437746048,1.0,2x
B,S5,MVRV-Z DCA,k=6,2022-03-07 00:00:00+00:00,2.677286854846262,2.677286854846262,0.6810523581122416,0.6810523581122416,0.029770161116888145,0.029770161116888145,1.0,2x
B,S5,MVRV-Z DCA,k=6,2022-04-04 00:00:00+00:00,2.450931085390325,2.450931085390325,0.6989501783584138,0.6989501783584138,0.02945367231754433,0.02945367231754433,1.0,2x
B,S5,MVRV-Z DCA,k=6,2022-05-02 00:00:00+00:00,2.8121270002904755,2.8121270002904755,0.6810842241466919,0.6810842241466919,0.029144259749962202,0.029144259749962202,1.0,2x
B,S5,MVRV-Z DCA,k=6,2022-06-06 00:00:00+00:00,2.890070224564403,2.890070224564403,0.6016313580715403,0.6016313580715403,0.028471163496209425,0.028471163496209425,1.0,2x
B,S5,MVRV-Z DCA,k=6,2022-07-04 00:00:00+00:00,3.030144189421663,3.030144189421663,0.3529550155283391,0.3529550155283391,0.027651140873957706,0.027651140873957706,1.0,2x
B,S5,MVRV-Z DCA,k=6,2022-08-01 00:00:00+00:00,3.0851344968877306,3.0851344968877306,0.3528048485856434,0.3528048485856434,0.026650188010717404,0.026650188010717404,1.0,2x
B,S5,MVRV-Z DCA,k=6,2022-09-05 00:00:00+00:00,2.823634059564927,2.823634059564927,0.2910673472377532,0.2910673472377532,0.025499971774491856,0.025499971774491856,1.0,2x
B,S5,MVRV-Z DCA,k=7,2018-01-01 00:00:00+00:00,3.9035850141129984,3.9035850141129984,0.8410036049931576,0.8410036049931576,0.13496179470256667,0.13496179470256667,1.0,2x
B,S5,MVRV-Z DCA,k=7,2018-02-05 00:00:00+00:00,4.930145552450927,4.930145552450927,0.7287970232655927,0.7287970232655927,0.13347567301566862,0.13347567301566862,1.0,2x
B,S5,MVRV-Z DCA,k=7,2018-03-05 00:00:00+00:00,6.345871692249581,6.345871692249581,0.7384721023014262,0.7384721023014262,0.13118327791281614,0.13118327791281614,1.0,2x
B,S5,MVRV-Z DCA,k=7,2018-04-02 00:00:00+00:00,7.568909008664438,7.568909008664438,0.6813703818381925,0.6813703818381925,0.12889734832818756,0.12889734832818756,1.0,2x
B,S5,MVRV-Z DCA,k=7,2018-05-07 00:00:00+00:00,7.0758268558059765,7.0758268558059765,0.6695099764250615,0.6695099764250615,0.12547198295635212,0.12547198295635212,1.0,2x
B,S5,MVRV-Z DCA,k=7,2018-06-04 00:00:00+00:00,4.8304988619535285,4.8304988619535285,0.6332289894684002,0.6332289894684002,0.12308010061341397,0.12308010061341397,1.0,2x
B,S5,MVRV-Z DCA,k=7,2018-07-02 00:00:00+00:00,4.020551042109716,4.020551042109716,0.6332129521112717,0.6332129521112717,0.11999964906733106,0.11999964906733106,1.0,2x
B,S5,MVRV-Z DCA,k=7,2018-08-06 00:00:00+00:00,4.753432492558398,4.753432492558398,0.6331901458427414,0.6331901458427414,0.11632761445489082,0.11632761445489082,1.0,2x
B,S5,MVRV-Z DCA,k=7,2018-09-03 00:00:00+00:00,5.566254819135224,5.566254819135224,0.6331674177481212,0.6331674177481212,0.11302811357557033,0.11302811357557033,1.0,2x
B,S5,MVRV-Z DCA,k=7,2018-10-01 00:00:00+00:00,4.810183839465627,4.810183839465627,0.6331407500098598,0.6331407500098598,0.10976115515128954,0.10976115515128954,1.0,2x
B,S5,MVRV-Z DCA,k=7,2018-11-05 00:00:00+00:00,6.474602469670275,6.474602469670275,0.6330989524339907,0.6330989524339907,0.10545812224267534,0.10545812224267534,1.0,2x
B,S5,MVRV-Z DCA,k=7,2018-12-03 00:00:00+00:00,5.717862022251217,5.717862022251217,0.6330480917983505,0.6330480917983505,0.10123632439626282,0.10123632439626282,1.0,2x
B,S5,MVRV-Z DCA,k=7,2019-01-07 00:00:00+00:00,4.020395284214163,4.020395284214163,0.6329089305917825,0.6329089305917825,0.09331893494601759,0.09331893494601759,1.0,2x
B,S5,MVRV-Z DCA,k=7,2019-02-04 00:00:00+00:00,3.2445883586977713,3.2445883586977713,0.6327152986918998,0.6327152986918998,0.08695921614472737,0.08695921614472737,1.0,2x
B,S5,MVRV-Z DCA,k=7,2019-03-04 00:00:00+00:00,3.421962393605454,3.421962393605454,0.6323627438093548,0.6323627438093548,0.08060400418347986,0.08060400418347986,1.0,2x
B,S5,MVRV-Z DCA,k=7,2019-04-01 00:00:00+00:00,3.4019643281669882,3.4019643281669882,0.6316737616882006,0.6316737616882006,0.07475145929841412,0.07475145929841412,1.0,2x
B,S5,MVRV-Z DCA,k=7,2019-05-06 00:00:00+00:00,2.526080678793417,2.526080678793417,0.6297611779953978,0.6297611779953978,0.06910739890064795,0.06910739890064795,1.0,2x
B,S5,MVRV-Z DCA,k=7,2019-06-03 00:00:00+00:00,2.0218639464637884,2.0218639464637884,0.6263429450489786,0.6263429450489786,0.06639376009235949,0.06639376009235949,1.0,2x
B,S5,MVRV-Z DCA,k=7,2019-07-01 00:00:00+00:00,1.2883384633425383,1.2883384633425383,0.7193393190640166,0.7193393190640166,0.06460359525561803,0.06460359525561803,1.0,2x
B,S5,MVRV-Z DCA,k=7,2019-08-05 00:00:00+00:00,1.4267173144138392,1.4267173144138392,0.7193535588944755,0.7193535588944755,0.06306495936493951,0.06306495936493951,1.0,2x
B,S5,MVRV-Z DCA,k=7,2019-09-02 00:00:00+00:00,1.245060693754875,1.245060693754875,0.7193657624263494,0.7193657624263494,0.06184651752803199,0.06184651752803199,1.0,2x
B,S5,MVRV-Z DCA,k=7,2019-10-07 00:00:00+00:00,1.2006124311400261,1.2006124311400261,0.7268693337785148,0.7268693337785148,0.060148904377459594,0.060148904377459594,1.0,2x
B,S5,MVRV-Z DCA,k=7,2019-11-04 00:00:00+00:00,1.1806026583580518,1.1806026583580518,0.7268853247967629,0.7268853247967629,0.05842305891274031,0.05842305891274031,1.0,2x
B,S5,MVRV-Z DCA,k=7,2019-12-02 00:00:00+00:00,0.9648601870386211,0.9648601870386211,0.7665847532150754,0.7665847532150754,0.05683213519164754,0.05683213519164754,1.0,2x
B,S5,MVRV-Z DCA,k=7,2020-01-06 00:00:00+00:00,0.9158385784902803,0.9158385784902803,0.7666133383304278,0.7666133383304278,0.05441104682434078,0.05441104682434078,1.0,2x
B,S5,MVRV-Z DCA,k=7,2020-02-03 00:00:00+00:00,1.2338098024203878,1.2338098024203878,0.7666377321355515,0.7666377321355515,0.052527266126968175,0.052527266126968175,1.0,2x
B,S5,MVRV-Z DCA,k=7,2020-03-02 00:00:00+00:00,1.2060465472904645,1.2060465472904645,0.7666610820701053,0.7666610820701053,0.051041012252775485,0.051041012252775485,1.0,2x
B,S5,MVRV-Z DCA,k=7,2020-04-06 00:00:00+00:00,1.3352872749720086,1.3352872749720086,0.7667152330122359,0.7667152330122359,0.04740102239835941,0.04740102239835941,1.0,2x
B,S5,MVRV-Z DCA,k=7,2020-05-04 00:00:00+00:00,1.29768749721833,1.29768749721833,0.7667661926436363,0.7667661926436363,0.044707515469436195,0.044707515469436195,1.0,2x
B,S5,MVRV-Z DCA,k=7,2020-06-01 00:00:00+00:00,1.1647149454437304,1.1647149454437304,0.7668162110259079,0.7668162110259079,0.042804114810861695,0.042804114810861695,1.0,2x
B,S5,MVRV-Z DCA,k=7,2020-07-06 00:00:00+00:00,1.2371836473504538,1.2371836473504538,0.7668922200686736,0.7668922200686736,0.040557002235072234,0.040557002235072234,1.0,2x
B,S5,MVRV-Z DCA,k=7,2020-08-03 00:00:00+00:00,1.129317297522936,1.129317297522936,0.7669715058466492,0.7669715058466492,0.038693788480266264,0.038693788480266264,1.0,2x
B,S5,MVRV-Z DCA,k=7,2020-09-07 00:00:00+00:00,0.9562429329256086,0.9562429329256086,0.7670766874894703,0.7670766874894703,0.03712130392045049,0.03712130392045049,1.0,2x
B,S5,MVRV-Z DCA,k=7,2020-10-05 00:00:00+00:00,0.990876371812638,0.990876371812638,0.7672011794404077,0.7672011794404077,0.03567053206168057,0.03567053206168057,1.0,2x
B,S5,MVRV-Z DCA,k=7,2020-11-02 00:00:00+00:00,1.2161657941284425,1.2161657941284425,0.7673567863341544,0.7673567863341544,0.03433418114763979,0.03433418114763979,1.0,2x
B,S5,MVRV-Z DCA,k=7,2020-12-07 00:00:00+00:00,1.453860362695141,1.453860362695141,0.7675528001843989,0.7675528001843989,0.033221457883305175,0.033221457883305175,1.0,2x
B,S5,MVRV-Z DCA,k=7,2021-01-04 00:00:00+00:00,1.3987371335800944,1.3987371335800944,0.7677114156265994,0.7677114156265994,0.032646274359598354,0.032646274359598354,1.0,2x
B,S5,MVRV-Z DCA,k=7,2021-02-01 00:00:00+00:00,1.384438003228653,1.384438003228653,0.7678347813341456,0.7678347813341456,0.03251380937596649,0.03251380937596649,1.0,2x
B,S5,MVRV-Z DCA,k=7,2021-03-01 00:00:00+00:00,1.9832154492838834,1.9832154492838834,0.767954197849063,0.767954197849063,0.03244206864152813,0.03244206864152813,1.0,2x
B,S5,MVRV-Z DCA,k=7,2021-04-05 00:00:00+00:00,2.213089339598161,2.213089339598161,0.7680964998013181,0.7680964998013181,0.032313633416966164,0.032313633416966164,1.0,2x
B,S5,MVRV-Z DCA,k=7,2021-05-03 00:00:00+00:00,1.9042811616771544,1.9042811616771544,0.7682257805529485,0.7682257805529485,0.03224282921692063,0.03224282921692063,1.0,2x
B,S5,MVRV-Z DCA,k=7,2021-06-07 00:00:00+00:00,2.2661509765222383,2.2661509765222383,0.7684797258296603,0.7684797258296603,0.03200820712199058,0.03200820712199058,1.0,2x
B,S5,MVRV-Z DCA,k=7,2021-07-05 00:00:00+00:00,1.8081849190218924,1.8081849190218924,0.7688206874683877,0.7688206874683877,0.03169473447983431,0.03169473447983431,1.0,2x
B,S5,MVRV-Z DCA,k=7,2021-08-02 00:00:00+00:00,2.0491388496022713,2.0491388496022713,0.769374817455633,0.769374817455633,0.03135444230672071,0.03135444230672071,1.0,2x
B,S5,MVRV-Z DCA,k=7,2021-09-06 00:00:00+00:00,1.7523356234737697,1.7523356234737697,0.7703294789838393,0.7703294789838393,0.031191449332035773,0.031191449332035773,1.0,2x
B,S5,MVRV-Z DCA,k=7,2021-10-04 00:00:00+00:00,1.8875279889705374,1.8875279889705374,0.7720321132443271,0.7720321132443271,0.031069033611348985,0.031069033611348985,1.0,2x
B,S5,MVRV-Z DCA,k=7,2021-11-01 00:00:00+00:00,2.1791212010656658,2.1791212010656658,0.7777061564444587,0.7777061564444587,0.03100098006965039,0.03100098006965039,1.0,2x
B,S5,MVRV-Z DCA,k=7,2021-12-06 00:00:00+00:00,2.991074824146883,2.991074824146883,0.7145384255677354,0.7145384255677354,0.030853116578301493,0.030853116578301493,1.0,2x
B,S5,MVRV-Z DCA,k=7,2022-01-03 00:00:00+00:00,2.967214731611274,2.967214731611274,0.6742481834099558,0.6742481834099558,0.030594639959639798,0.030594639959639798,1.0,2x
B,S5,MVRV-Z DCA,k=7,2022-02-07 00:00:00+00:00,2.9101143572437858,2.9101143572437858,0.6767541929226852,0.6767541929226852,0.030139650437746048,0.030139650437746048,1.0,2x
B,S5,MVRV-Z DCA,k=7,2022-03-07 00:00:00+00:00,2.677286854846262,2.677286854846262,0.6810523581122416,0.6810523581122416,0.029770161116888145,0.029770161116888145,1.0,2x
B,S5,MVRV-Z DCA,k=7,2022-04-04 00:00:00+00:00,2.450931085390325,2.450931085390325,0.6989501783584138,0.6989501783584138,0.02945367231754433,0.02945367231754433,1.0,2x
B,S5,MVRV-Z DCA,k=7,2022-05-02 00:00:00+00:00,2.8121270002904755,2.8121270002904755,0.6810842241466919,0.6810842241466919,0.029144259749962202,0.029144259749962202,1.0,2x
B,S5,MVRV-Z DCA,k=7,2022-06-06 00:00:00+00:00,2.890070224564403,2.890070224564403,0.6016313580715403,0.6016313580715403,0.028471163496209425,0.028471163496209425,1.0,2x
B,S5,MVRV-Z DCA,k=7,2022-07-04 00:00:00+00:00,3.030144189421663,3.030144189421663,0.3529550155283391,0.3529550155283391,0.027651140873957706,0.027651140873957706,1.0,2x
B,S5,MVRV-Z DCA,k=7,2022-08-01 00:00:00+00:00,3.0851344968877306,3.0851344968877306,0.3528048485856434,0.3528048485856434,0.026650188010717404,0.026650188010717404,1.0,2x
B,S5,MVRV-Z DCA,k=7,2022-09-05 00:00:00+00:00,2.823634059564927,2.823634059564927,0.2910673472377532,0.2910673472377532,0.025499971774491856,0.025499971774491856,1.0,2x
B,A2-dca,"Market gate, weekly DCA",map=70/40,2018-01-01 00:00:00+00:00,3.969469407092091,3.9035850141129984,0.6252793871417522,0.8410036049931576,0.13555134938557487,0.13496179470256667,0.9297445255474452,2x
B,A2-dca,"Market gate, weekly DCA",map=70/40,2018-02-05 00:00:00+00:00,4.9279672394545955,4.930145552450927,0.6249150941275655,0.7287970232655927,0.13123243342088534,0.13347567301566862,0.9616788321167883,2x
B,A2-dca,"Market gate, weekly DCA",map=70/40,2018-03-05 00:00:00+00:00,6.287267813774342,6.345871692249581,0.6245988785207164,0.7384721023014262,0.12777730064913367,0.13118327791281614,0.9872262773722628,2x
B,A2-dca,"Market gate, weekly DCA",map=70/40,2018-04-02 00:00:00+00:00,7.433717458359451,7.568909008664438,0.6242609638741083,0.6813703818381925,0.12435333555302962,0.12889734832818756,1.0,2x
B,A2-dca,"Market gate, weekly DCA",map=70/40,2018-05-07 00:00:00+00:00,6.9331599122871355,7.0758268558059765,0.6237894218808726,0.6695099764250615,0.12089594237960016,0.12547198295635212,0.9936131386861314,2x
B,A2-dca,"Market gate, weekly DCA",map=70/40,2018-06-04 00:00:00+00:00,4.751988442591656,4.8304988619535285,0.6233860085845144,0.6332289894684002,0.11749031987473074,0.12308010061341397,1.0,2x
B,A2-dca,"Market gate, weekly DCA",map=70/40,2018-07-02 00:00:00+00:00,3.974578617491694,4.020551042109716,0.6228892457533168,0.6332129521112717,0.11366260601297674,0.11999964906733106,1.0,2x
B,A2-dca,"Market gate, weekly DCA",map=70/40,2018-08-06 00:00:00+00:00,4.650874891383975,4.753432492558398,0.622206633121133,0.6331901458427414,0.10896748554074479,0.11632761445489082,1.0,2x
B,A2-dca,"Market gate, weekly DCA",map=70/40,2018-09-03 00:00:00+00:00,5.3942981478733625,5.566254819135224,0.6215539581222937,0.6331674177481212,0.1049944741148217,0.11302811357557033,1.0,2x
B,A2-dca,"Market gate, weekly DCA",map=70/40,2018-10-01 00:00:00+00:00,4.671245570807182,4.810183839465627,0.6207956115190927,0.6331407500098598,0.10090554705530103,0.10976115515128954,1.0,2x
B,A2-dca,"Market gate, weekly DCA",map=70/40,2018-11-05 00:00:00+00:00,6.137267119538732,6.474602469670275,0.6195989994753357,0.6330989524339907,0.09538672930957827,0.10545812224267534,1.0,2x
B,A2-dca,"Market gate, weekly DCA",map=70/40,2018-12-03 00:00:00+00:00,5.383769387299725,5.717862022251217,0.6181925248534372,0.6330480917983505,0.09144887720418818,0.10123632439626282,1.0,2x
B,A2-dca,"Market gate, weekly DCA",map=70/40,2019-01-07 00:00:00+00:00,3.82531834480109,4.020395284214163,0.6152220395763577,0.6329089305917825,0.08297525135767167,0.09331893494601759,1.0,2x
B,A2-dca,"Market gate, weekly DCA",map=70/40,2019-02-04 00:00:00+00:00,3.1101458420486745,3.2445883586977713,0.6117875190949363,0.6327152986918998,0.07963303921718719,0.08695921614472737,1.0,2x
B,A2-dca,"Market gate, weekly DCA",map=70/40,2019-03-04 00:00:00+00:00,3.2690175040459417,3.421962393605454,0.6068353391073473,0.6323627438093548,0.07312928954026922,0.08060400418347986,1.0,2x
B,A2-dca,"Market gate, weekly DCA",map=70/40,2019-04-01 00:00:00+00:00,3.2510330421553117,3.4019643281669882,0.5995197383947635,0.6316737616882006,0.0672631470279427,0.07475145929841412,1.0,2x
B,A2-dca,"Market gate, weekly DCA",map=70/40,2019-05-06 00:00:00+00:00,2.448749136586662,2.526080678793417,0.5848532869943013,0.6297611779953978,0.06442859704204822,0.06910739890064795,1.0,2x
B,A2-dca,"Market gate, weekly DCA",map=70/40,2019-06-03 00:00:00+00:00,1.9763225066868382,2.0218639464637884,0.5663659728432785,0.6263429450489786,0.06302563180368165,0.06639376009235949,1.0,2x
B,A2-dca,"Market gate, weekly DCA",map=70/40,2019-07-01 00:00:00+00:00,1.2769901730667934,1.2883384633425383,0.6995598811876089,0.7193393190640166,0.06213468775846727,0.06460359525561803,1.0,2x
B,A2-dca,"Market gate, weekly DCA",map=70/40,2019-08-05 00:00:00+00:00,1.4070074752176984,1.4267173144138392,0.6984088930282949,0.7193535588944755,0.06103298469692957,0.06306495936493951,1.0,2x
B,A2-dca,"Market gate, weekly DCA",map=70/40,2019-09-02 00:00:00+00:00,1.2269589024942642,1.245060693754875,0.6973826152535427,0.7193657624263494,0.059863144550722676,0.06184651752803199,1.0,2x
B,A2-dca,"Market gate, weekly DCA",map=70/40,2019-10-07 00:00:00+00:00,1.1791962259911042,1.2006124311400261,0.7045555795326761,0.7268693337785148,0.05811743769497484,0.060148904377459594,1.0,2x
B,A2-dca,"Market gate, weekly DCA",map=70/40,2019-11-04 00:00:00+00:00,1.1581777224326826,1.1806026583580518,0.7030362379067762,0.7268853247967629,0.05660247020693034,0.05842305891274031,1.0,2x
B,A2-dca,"Market gate, weekly DCA",map=70/40,2019-12-02 00:00:00+00:00,0.9468064728385704,0.9648601870386211,0.7440705137274215,0.7665847532150754,0.05484883488709334,0.05683213519164754,1.0,2x
B,A2-dca,"Market gate, weekly DCA",map=70/40,2020-01-06 00:00:00+00:00,0.9001530072121804,0.9158385784902803,0.7415638975291894,0.7666133383304278,0.053181713348558056,0.05441104682434078,1.0,2x
B,A2-dca,"Market gate, weekly DCA",map=70/40,2020-02-03 00:00:00+00:00,1.2111132247225251,1.2338098024203878,0.7393165870440443,0.7666377321355515,0.0514935613788996,0.052527266126968175,1.0,2x
B,A2-dca,"Market gate, weekly DCA",map=70/40,2020-03-02 00:00:00+00:00,1.1762816700044538,1.2060465472904645,0.7368173098976387,0.7666610820701053,0.049402745703097696,0.051041012252775485,1.0,2x
B,A2-dca,"Market gate, weekly DCA",map=70/40,2020-04-06 00:00:00+00:00,1.3043218231270493,1.3352872749720086,0.7316041597056715,0.7667152330122359,0.045825466113552885,0.04740102239835941,1.0,2x
B,A2-dca,"Market gate, weekly DCA",map=70/40,2020-05-04 00:00:00+00:00,1.2737898311422384,1.29768749721833,0.7266356642325151,0.7667661926436363,0.04336318583322842,0.044707515469436195,1.0,2x
B,A2-dca,"Market gate, weekly DCA",map=70/40,2020-06-01 00:00:00+00:00,1.1455421282482485,1.1647149454437304,0.7222111336295466,0.7668162110259079,0.04151100616411243,0.042804114810861695,1.0,2x
B,A2-dca,"Market gate, weekly DCA",map=70/40,2020-07-06 00:00:00+00:00,1.2169867776056906,1.2371836473504538,0.7162477566478112,0.7668922200686736,0.039352250645600044,0.040557002235072234,1.0,2x
B,A2-dca,"Market gate, weekly DCA",map=70/40,2020-08-03 00:00:00+00:00,1.116411828116465,1.129317297522936,0.7095212148152455,0.7669715058466492,0.037677360708136265,0.038693788480266264,1.0,2x
B,A2-dca,"Market gate, weekly DCA",map=70/40,2020-09-07 00:00:00+00:00,0.9486772139626949,0.9562429329256086,0.6984247975475799,0.7670766874894703,0.03617211876303414,0.03712130392045049,1.0,2x
B,A2-dca,"Market gate, weekly DCA",map=70/40,2020-10-05 00:00:00+00:00,0.988334066282692,0.990876371812638,0.6828299160296231,0.7672011794404077,0.034969441353256435,0.03567053206168057,1.0,2x
B,A2-dca,"Market gate, weekly DCA",map=70/40,2020-11-02 00:00:00+00:00,1.220998713678042,1.2161657941284425,0.6572416025134259,0.7673567863341544,0.03399187432134277,0.03433418114763979,1.0,2x
B,A2-dca,"Market gate, weekly DCA",map=70/40,2020-12-07 00:00:00+00:00,1.479485761683999,1.453860362695141,0.6344213033742471,0.7675528001843989,0.033419168306241524,0.033221457883305175,0.8785388127853881,2x
B,A2-dca,"Market gate, weekly DCA",map=70/40,2021-01-04 00:00:00+00:00,1.4493171923076995,1.3987371335800944,0.6345854074462303,0.7677114156265994,0.03343052097796443,0.032646274359598354,0.9041095890410958,2x
B,A2-dca,"Market gate, weekly DCA",map=70/40,2021-02-01 00:00:00+00:00,1.441115808401452,1.384438003228653,0.6350575618232666,0.7678347813341456,0.03344607709146954,0.03251380937596649,0.9296803652968036,2x
B,A2-dca,"Market gate, weekly DCA",map=70/40,2021-03-01 00:00:00+00:00,2.0579206189497006,1.9832154492838834,0.6360788148414224,0.767954197849063,0.03338629937994046,0.03244206864152813,0.9552919708029197,2x
B,A2-dca,"Market gate, weekly DCA",map=70/40,2021-04-05 00:00:00+00:00,2.2857695101502915,2.213089339598161,0.6391489978552685,0.7680964998013181,0.03284785994477178,0.032313633416966164,0.9872262773722628,2x
B,A2-dca,"Market gate, weekly DCA",map=70/40,2021-05-03 00:00:00+00:00,1.9666986442529053,1.9042811616771544,0.5965967885648418,0.7682257805529485,0.032622501689352754,0.03224282921692063,0.8211678832116789,2x
B,A2-dca,"Market gate, weekly DCA",map=70/40,2021-06-07 00:00:00+00:00,2.329590497238082,2.2661509765222383,0.595421239000131,0.7684797258296603,0.03241823668224515,0.03200820712199058,0.8531021897810219,2x
B,A2-dca,"Market gate, weekly DCA",map=70/40,2021-07-05 00:00:00+00:00,1.8692474335350133,1.8081849190218924,0.5943893476083961,0.7688206874683877,0.03230790855553945,0.03169473447983431,0.8786496350364964,2x
B,A2-dca,"Market gate, weekly DCA",map=70/40,2021-08-02 00:00:00+00:00,2.1240380874736053,2.0491388496022713,0.5933070306642645,0.769374817455633,0.03194512576552919,0.03135444230672071,0.9041970802919708,2x
B,A2-dca,"Market gate, weekly DCA",map=70/40,2021-09-06 00:00:00+00:00,1.8189791228467147,1.7523356234737697,0.5920891258647373,0.7703294789838393,0.031164761299983308,0.031191449332035773,0.9361313868613139,2x
B,A2-dca,"Market gate, weekly DCA",map=70/40,2021-10-04 00:00:00+00:00,1.9504959009699676,1.8875279889705374,0.591979802671191,0.7720321132443271,0.03079563762631744,0.031069033611348985,0.9616788321167883,2x
B,A2-dca,"Market gate, weekly DCA",map=70/40,2021-11-01 00:00:00+00:00,2.2298948367240348,2.1791212010656658,0.5981549764573115,0.7777061564444587,0.03101684125939727,0.03100098006965039,0.9872262773722628,2x
B,A2-dca,"Market gate, weekly DCA",map=70/40,2021-12-06 00:00:00+00:00,3.0225060669614816,2.991074824146883,0.562650502630865,0.7145384255677354,0.03056152180535105,0.030853116578301493,0.968065693430657,2x
B,A2-dca,"Market gate, weekly DCA",map=70/40,2022-01-03 00:00:00+00:00,2.9801491529679787,2.967214731611274,0.5585504937345602,0.6742481834099558,0.030242062450405085,0.030594639959639798,0.9936131386861314,2x
B,A2-dca,"Market gate, weekly DCA",map=70/40,2022-02-07 00:00:00+00:00,2.914501722740525,2.9101143572437858,0.5281710102065174,0.6767541929226852,0.029870653770084476,0.030139650437746048,0.948905109489051,2x
B,A2-dca,"Market gate, weekly DCA",map=70/40,2022-03-07 00:00:00+00:00,2.6710333203857317,2.677286854846262,0.5364640691352478,0.6810523581122416,0.029349597988641587,0.029770161116888145,0.9744525547445255,2x
B,A2-dca,"Market gate, weekly DCA",map=70/40,2022-04-04 00:00:00+00:00,2.4350458988935566,2.450931085390325,0.5842937669284638,0.6989501783584138,0.028577230930424222,0.02945367231754433,1.0,2x
B,A2-dca,"Market gate, weekly DCA",map=70/40,2022-05-02 00:00:00+00:00,2.7711738982617953,2.8121270002904755,0.5466054597436476,0.6810842241466919,0.027864571349776115,0.029144259749962202,1.0,2x
B,A2-dca,"Market gate, weekly DCA",map=70/40,2022-06-06 00:00:00+00:00,2.8276632838994695,2.890070224564403,0.45554675460206795,0.6016313580715403,0.027086556991269113,0.028471163496209425,1.0,2x
B,A2-dca,"Market gate, weekly DCA",map=70/40,2022-07-04 00:00:00+00:00,2.9512354765574362,3.030144189421663,0.29795640705544046,0.3529550155283391,0.026484752183105583,0.027651140873957706,1.0,2x
B,A2-dca,"Market gate, weekly DCA",map=70/40,2022-08-01 00:00:00+00:00,2.9998198291276568,3.0851344968877306,0.279938272028478,0.3528048485856434,0.025622540703933615,0.026650188010717404,1.0,2x
B,A2-dca,"Market gate, weekly DCA",map=70/40,2022-09-05 00:00:00+00:00,2.7355223648428346,2.823634059564927,0.2766954231748783,0.2910673472377532,0.024484075209805056,0.025499971774491856,1.0,2x
B,A2-dca,"Market gate, weekly DCA",map=60/30,2018-01-01 00:00:00+00:00,3.907504287894313,3.9035850141129984,0.7701666657646339,0.8410036049931576,0.13451005861993695,0.13496179470256667,1.0,2x
B,A2-dca,"Market gate, weekly DCA",map=60/30,2018-02-05 00:00:00+00:00,4.915897434199889,4.930145552450927,0.6829387736006934,0.7287970232655927,0.1326300835998512,0.13347567301566862,1.0,2x
B,A2-dca,"Market gate, weekly DCA",map=60/30,2018-03-05 00:00:00+00:00,6.319797683300458,6.345871692249581,0.6709359102743816,0.7384721023014262,0.13029314968432815,0.13118327791281614,1.0,2x
B,A2-dca,"Market gate, weekly DCA",map=60/30,2018-04-02 00:00:00+00:00,7.521585899509866,7.568909008664438,0.6394946209233623,0.6813703818381925,0.12780218887239764,0.12889734832818756,1.0,2x
B,A2-dca,"Market gate, weekly DCA",map=60/30,2018-05-07 00:00:00+00:00,7.029110996565295,7.0758268558059765,0.6245898661225194,0.6695099764250615,0.12434240608997829,0.12547198295635212,1.0,2x
B,A2-dca,"Market gate, weekly DCA",map=60/30,2018-06-04 00:00:00+00:00,4.79138364774883,4.8304988619535285,0.6242432888160456,0.6332289894684002,0.12132609206757757,0.12308010061341397,1.0,2x
B,A2-dca,"Market gate, weekly DCA",map=60/30,2018-07-02 00:00:00+00:00,3.9920862877916865,4.020551042109716,0.6238014129531692,0.6332129521112717,0.1178351773035459,0.11999964906733106,1.0,2x
B,A2-dca,"Market gate, weekly DCA",map=60/30,2018-08-06 00:00:00+00:00,4.7077352707761255,4.753432492558398,0.6231991874527314,0.6331901458427414,0.11436645052826437,0.11632761445489082,1.0,2x
B,A2-dca,"Market gate, weekly DCA",map=60/30,2018-09-03 00:00:00+00:00,5.501453503683596,5.566254819135224,0.6226308973935456,0.6331674177481212,0.1111823349069613,0.11302811357557033,1.0,2x
B,A2-dca,"Market gate, weekly DCA",map=60/30,2018-10-01 00:00:00+00:00,4.748798239810745,4.810183839465627,0.621984738415025,0.6331407500098598,0.10786431689428902,0.10976115515128954,1.0,2x
B,A2-dca,"Market gate, weekly DCA",map=60/30,2018-11-05 00:00:00+00:00,6.37543349240495,6.474602469670275,0.621060769668601,0.6330989524339907,0.10347161040254005,0.10545812224267534,1.0,2x
B,A2-dca,"Market gate, weekly DCA",map=60/30,2018-12-03 00:00:00+00:00,5.624607358525348,5.717862022251217,0.6200175029010284,0.6330480917983505,0.09923082108099182,0.10123632439626282,1.0,2x
B,A2-dca,"Market gate, weekly DCA",map=60/30,2019-01-07 00:00:00+00:00,3.9529838778403015,4.020395284214163,0.6175431750816988,0.6329089305917825,0.09132875082980224,0.09331893494601759,1.0,2x
B,A2-dca,"Market gate, weekly DCA",map=60/30,2019-02-04 00:00:00+00:00,3.1878349118569576,3.2445883586977713,0.6146443106569098,0.6327152986918998,0.08496410578491832,0.08695921614472737,1.0,2x
B,A2-dca,"Market gate, weekly DCA",map=60/30,2019-03-04 00:00:00+00:00,3.3549655105555307,3.421962393605454,0.6102889560262996,0.6323627438093548,0.07861718147814724,0.08060400418347986,1.0,2x
B,A2-dca,"Market gate, weekly DCA",map=60/30,2019-04-01 00:00:00+00:00,3.3289172988225113,3.4019643281669882,0.6034318383267439,0.6316737616882006,0.07276897556437943,0.07475145929841412,1.0,2x
B,A2-dca,"Market gate, weekly DCA",map=60/30,2019-05-06 00:00:00+00:00,2.47077819793562,2.526080678793417,0.5881291429005259,0.6297611779953978,0.06712746353365111,0.06910739890064795,1.0,2x
B,A2-dca,"Market gate, weekly DCA",map=60/30,2019-06-03 00:00:00+00:00,1.9806503890467264,2.0218639464637884,0.5737916963728155,0.6263429450489786,0.06448118201732733,0.06639376009235949,1.0,2x
B,A2-dca,"Market gate, weekly DCA",map=60/30,2019-07-01 00:00:00+00:00,1.2697896025983755,1.2883384633425383,0.7162450264421698,0.7193393190640166,0.06282058660319834,0.06460359525561803,1.0,2x
B,A2-dca,"Market gate, weekly DCA",map=60/30,2019-08-05 00:00:00+00:00,1.4016787505077992,1.4267173144138392,0.7160931451015309,0.7193535588944755,0.061206938596200106,0.06306495936493951,1.0,2x
B,A2-dca,"Market gate, weekly DCA",map=60/30,2019-09-02 00:00:00+00:00,1.2217454636340601,1.245060693754875,0.7159571313921502,0.7193657624263494,0.060055350294381145,0.06184651752803199,1.0,2x
B,A2-dca,"Market gate, weekly DCA",map=60/30,2019-10-07 00:00:00+00:00,1.1739340425706832,1.2006124311400261,0.7233170498809401,0.7268693337785148,0.058155667164959686,0.060148904377459594,1.0,2x
B,A2-dca,"Market gate, weekly DCA",map=60/30,2019-11-04 00:00:00+00:00,1.1530072617346077,1.1806026583580518,0.7231129349449965,0.7268853247967629,0.05685223941723443,0.05842305891274031,1.0,2x
B,A2-dca,"Market gate, weekly DCA",map=60/30,2019-12-02 00:00:00+00:00,0.9403956381885566,0.9648601870386211,0.7631340087749341,0.7665847532150754,0.05489255477502227,0.05683213519164754,1.0,2x
B,A2-dca,"Market gate, weekly DCA",map=60/30,2020-01-06 00:00:00+00:00,0.8937753666482771,0.9158385784902803,0.7628176635080224,0.7666133383304278,0.052917104685842625,0.05441104682434078,1.0,2x
B,A2-dca,"Market gate, weekly DCA",map=60/30,2020-02-03 00:00:00+00:00,1.2027449797233751,1.2338098024203878,0.7625401518763042,0.7666377321355515,0.05116321240571431,0.052527266126968175,1.0,2x
B,A2-dca,"Market gate, weekly DCA",map=60/30,2020-03-02 00:00:00+00:00,1.1680536200900495,1.2060465472904645,0.7622380796510442,0.7666610820701053,0.04942005564373741,0.051041012252775485,1.0,2x
B,A2-dca,"Market gate, weekly DCA",map=60/30,2020-04-06 00:00:00+00:00,1.2967918838465686,1.3352872749720086,0.7616293915226445,0.7667152330122359,0.04594109531738349,0.04740102239835941,1.0,2x
B,A2-dca,"Market gate, weekly DCA",map=60/30,2020-05-04 00:00:00+00:00,1.2663450933116778,1.29768749721833,0.7610745971398691,0.7667661926436363,0.04359903967485341,0.044707515469436195,1.0,2x
B,A2-dca,"Market gate, weekly DCA",map=60/30,2020-06-01 00:00:00+00:00,1.137595717695152,1.1647149454437304,0.7604971745846315,0.7668162110259079,0.04179778443523302,0.042804114810861695,1.0,2x
B,A2-dca,"Market gate, weekly DCA",map=60/30,2020-07-06 00:00:00+00:00,1.2099148131129278,1.2371836473504538,0.7596105124331758,0.7668922200686736,0.03966103421824407,0.040557002235072234,1.0,2x
B,A2-dca,"Market gate, weekly DCA",map=60/30,2020-08-03 00:00:00+00:00,1.10869327698059,1.129317297522936,0.7587139686699992,0.7669715058466492,0.03798647028584367,0.038693788480266264,1.0,2x
B,A2-dca,"Market gate, weekly DCA",map=60/30,2020-09-07 00:00:00+00:00,0.9393530716572284,0.9562429329256086,0.7574422576483424,0.7670766874894703,0.036465458157846,0.03712130392045049,1.0,2x
B,A2-dca,"Market gate, weekly DCA",map=60/30,2020-10-05 00:00:00+00:00,0.9786513031913053,0.990876371812638,0.756026283332726,0.7672011794404077,0.03523038869045854,0.03567053206168057,1.0,2x
B,A2-dca,"Market gate, weekly DCA",map=60/30,2020-11-02 00:00:00+00:00,1.2109294057150917,1.2161657941284425,0.7543494502134573,0.7673567863341544,0.03411440764997522,0.03433418114763979,1.0,2x
B,A2-dca,"Market gate, weekly DCA",map=60/30,2020-12-07 00:00:00+00:00,1.4567490709274968,1.453860362695141,0.7522630884232347,0.7675528001843989,0.03304572075536837,0.033221457883305175,1.0,2x
B,A2-dca,"Market gate, weekly DCA",map=60/30,2021-01-04 00:00:00+00:00,1.4093793183814125,1.3987371335800944,0.7506406244261579,0.7677114156265994,0.032576275024783274,0.032646274359598354,1.0,2x
B,A2-dca,"Market gate, weekly DCA",map=60/30,2021-02-01 00:00:00+00:00,1.3974669651304075,1.384438003228653,0.7492842540750932,0.7678347813341456,0.0324618910232442,0.03251380937596649,1.0,2x
B,A2-dca,"Market gate, weekly DCA",map=60/30,2021-03-01 00:00:00+00:00,1.9973742211421,1.9832154492838834,0.7479623086149292,0.767954197849063,0.03241073905910113,0.03244206864152813,1.0,2x
B,A2-dca,"Market gate, weekly DCA",map=60/30,2021-04-05 00:00:00+00:00,2.2262853641182723,2.213089339598161,0.7462624044826698,0.7680964998013181,0.03226421106287546,0.032313633416966164,1.0,2x
B,A2-dca,"Market gate, weekly DCA",map=60/30,2021-05-03 00:00:00+00:00,1.9156699923010043,1.9042811616771544,0.7446252130896875,0.7682257805529485,0.032151647162911884,0.03224282921692063,1.0,2x
B,A2-dca,"Market gate, weekly DCA",map=60/30,2021-06-07 00:00:00+00:00,2.2764293083605747,2.2661509765222383,0.741852430895636,0.7684797258296603,0.03191479957177396,0.03200820712199058,0.9808394160583942,2x
B,A2-dca,"Market gate, weekly DCA",map=60/30,2021-07-05 00:00:00+00:00,1.8226627946495542,1.8081849190218924,0.7385304604756167,0.7688206874683877,0.03165164277805545,0.03169473447983431,0.9936131386861314,2x
B,A2-dca,"Market gate, weekly DCA",map=60/30,2021-08-02 00:00:00+00:00,2.0684890987693545,2.0491388496022713,0.7334319346303895,0.769374817455633,0.031391021954244036,0.03135444230672071,1.0,2x
B,A2-dca,"Market gate, weekly DCA",map=60/30,2021-09-06 00:00:00+00:00,1.7727867180023413,1.7523356234737697,0.7256068347036864,0.7703294789838393,0.03125334463363515,0.031191449332035773,1.0,2x
B,A2-dca,"Market gate, weekly DCA",map=60/30,2021-10-04 00:00:00+00:00,1.9096181423161651,1.8875279889705374,0.7164322641322776,0.7720321132443271,0.031153160315249673,0.031069033611348985,0.9936131386861314,2x
B,A2-dca,"Market gate, weekly DCA",map=60/30,2021-11-01 00:00:00+00:00,2.2021281474101446,2.1791212010656658,0.7113148985455611,0.7777061564444587,0.031086692419418638,0.03100098006965039,1.0,2x
B,A2-dca,"Market gate, weekly DCA",map=60/30,2021-12-06 00:00:00+00:00,3.0104270066818133,2.991074824146883,0.6484705788737384,0.7145384255677354,0.030877546904501757,0.030853116578301493,1.0,2x
B,A2-dca,"Market gate, weekly DCA",map=60/30,2022-01-03 00:00:00+00:00,2.982890156814573,2.967214731611274,0.6242193057082679,0.6742481834099558,0.03058114301582941,0.030594639959639798,1.0,2x
B,A2-dca,"Market gate, weekly DCA",map=60/30,2022-02-07 00:00:00+00:00,2.9236743737273416,2.9101143572437858,0.613304812547964,0.6767541929226852,0.03010418021319831,0.030139650437746048,1.0,2x
B,A2-dca,"Market gate, weekly DCA",map=60/30,2022-03-07 00:00:00+00:00,2.688919316444672,2.677286854846262,0.6009134259217735,0.6810523581122416,0.029710643732050606,0.029770161116888145,1.0,2x
B,A2-dca,"Market gate, weekly DCA",map=60/30,2022-04-04 00:00:00+00:00,2.459224605203687,2.450931085390325,0.5902711552370606,0.6989501783584138,0.02934922322426958,0.02945367231754433,1.0,2x
B,A2-dca,"Market gate, weekly DCA",map=60/30,2022-05-02 00:00:00+00:00,2.809007226253991,2.8121270002904755,0.5536199161422876,0.6810842241466919,0.028935897373588603,0.029144259749962202,1.0,2x
B,A2-dca,"Market gate, weekly DCA",map=60/30,2022-06-06 00:00:00+00:00,2.8722798563801444,2.890070224564403,0.4650601111549372,0.6016313580715403,0.028128577165870958,0.028471163496209425,1.0,2x
B,A2-dca,"Market gate, weekly DCA",map=60/30,2022-07-04 00:00:00+00:00,3.003222664702022,3.030144189421663,0.3119075542090872,0.3529550155283391,0.02725047709310562,0.027651140873957706,1.0,2x
B,A2-dca,"Market gate, weekly DCA",map=60/30,2022-08-01 00:00:00+00:00,3.056792390344588,3.0851344968877306,0.2959182317761,0.3528048485856434,0.026258639621140025,0.026650188010717404,1.0,2x
B,A2-dca,"Market gate, weekly DCA",map=60/30,2022-09-05 00:00:00+00:00,2.7902610590185914,2.823634059564927,0.2792985895461271,0.2910673472377532,0.025045192216349793,0.025499971774491856,1.0,2x
