setup,exit_time,cum_r,equity
T1,2021-01-29 08:00:00+00:00,1.881115450669954,1.0282167317600492
T1,2021-02-24 00:00:00+00:00,3.6547761479476257,1.0555723458411406
T1,2021-02-26 12:00:00+00:00,5.330790980258294,1.0821096694642414
T1,2021-02-28 12:00:00+00:00,4.330790980258294,1.0658780244222776
T1,2021-03-01 08:00:00+00:00,6.100093036576368,1.0941659271281963
T1,2021-03-24 12:00:00+00:00,7.768077011550105,1.121541695614378
T1,2021-03-25 12:00:00+00:00,6.768077011550105,1.1047185701801623
T1,2021-03-27 16:00:00+00:00,8.541473661304874,1.134105133349353
T1,2021-04-07 08:00:00+00:00,7.541473661304874,1.1170935563491127
T1,2021-04-07 16:00:00+00:00,6.541473661304874,1.100337153003876
T1,2021-04-10 04:00:00+00:00,10.15872125405469,1.1600400317726227
T1,2021-04-23 00:00:00+00:00,9.15872125405469,1.1426394312960333
T1,2021-04-30 12:00:00+00:00,12.381408979914465,1.19787498235085
T1,2021-05-17 00:00:00+00:00,11.381408979914465,1.1799068576155873
T1,2021-05-19 00:00:00+00:00,10.381408979914465,1.1622082547513535
T1,2021-05-19 12:00:00+00:00,9.381408979914465,1.144775130930083
T1,2021-06-22 12:00:00+00:00,8.381408979914465,1.1276035039661318
T1,2021-07-26 00:00:00+00:00,10.738078030961466,1.167464328160869
T1,2021-08-03 12:00:00+00:00,9.738078030961466,1.1499523632384558
T1,2021-08-04 08:00:00+00:00,8.738078030961466,1.1327030777898792
T1,2021-08-05 12:00:00+00:00,7.738078030961466,1.115712531623031
T1,2021-08-06 16:00:00+00:00,10.029474281750186,1.1540606243018159
T1,2021-08-20 12:00:00+00:00,13.50008548864907,1.214140060343955
T1,2021-09-03 12:00:00+00:00,18.03663417061957,1.296760142701169
T1,2021-09-15 00:00:00+00:00,20.385260691414633,1.3424442216350385
T1,2021-09-21 20:00:00+00:00,19.385260691414633,1.3223075583105128
T1,2021-10-27 08:00:00+00:00,18.385260691414633,1.3024729449358552
T1,2021-11-02 12:00:00+00:00,18.9755240408751,1.3140049755817473
T1,2021-11-08 00:00:00+00:00,26.05256279170316,1.3956846867331298
T1,2021-11-17 08:00:00+00:00,25.05256279170316,1.3747494164321328
T1,2021-11-18 12:00:00+00:00,24.05256279170316,1.3541281751856509
T1,2021-11-19 00:00:00+00:00,23.05256279170316,1.333816252557866
T1,2021-11-23 08:00:00+00:00,22.05256279170316,1.313809008769498
T1,2021-11-26 08:00:00+00:00,21.05256279170316,1.2941018736379555
T1,2021-12-03 20:00:00+00:00,20.05256279170316,1.2746903455333862
T1,2021-12-13 16:00:00+00:00,19.05256279170316,1.2593969243494354
T1,2021-12-17 12:00:00+00:00,18.05256279170316,1.2405059704841939
T1,2021-12-23 16:00:00+00:00,21.159149166061816,1.2983120546624454
T1,2021-12-29 20:00:00+00:00,20.159149166061816,1.2788373738425087
T1,2021-12-31 16:00:00+00:00,19.159149166061816,1.259654813234871
T1,2022-01-04 16:00:00+00:00,18.159149166061816,1.240759991036348
T1,2022-01-05 16:00:00+00:00,17.159149166061816,1.2221485911708028
T1,2022-01-07 12:00:00+00:00,16.159149166061816,1.2038163623032407
T1,2022-01-08 16:00:00+00:00,15.159149166061816,1.185759116868692
T1,2022-01-10 12:00:00+00:00,14.159149166061816,1.1699243124971392
T1,2022-01-21 00:00:00+00:00,13.159149166061816,1.1523754478096822
T1,2022-01-21 20:00:00+00:00,12.159149166061816,1.135089816092537
T1,2022-01-24 08:00:00+00:00,11.159149166061816,1.1180634688511488
T1,2022-02-07 12:00:00+00:00,17.088392320087234,1.2175025213779227
T1,2022-02-14 00:00:00+00:00,16.088392320087234,1.1992399835572538
T1,2022-02-17 16:00:00+00:00,15.088392320087234,1.1829808649966613
T1,2022-02-20 04:00:00+00:00,14.088392320087234,1.1652361520217114
T1,2022-02-21 20:00:00+00:00,13.088392320087234,1.1477576097413857
T1,2022-02-24 00:00:00+00:00,12.088392320087234,1.130541245595265
T1,2022-03-07 00:00:00+00:00,11.088392320087234,1.113583126911336
T1,2022-03-07 16:00:00+00:00,10.088392320087234,1.096879380007666
T1,2022-03-25 08:00:00+00:00,16.197012637436398,1.1973856750036087
T1,2022-04-06 12:00:00+00:00,15.197012637436398,1.1811320710245095
T1,2022-04-08 16:00:00+00:00,14.197012637436398,1.1634150899591418
T1,2022-04-08 20:00:00+00:00,13.197012637436398,1.149258312478398
T1,2022-04-10 20:00:00+00:00,12.197012637436398,1.1338365682382383
T1,2022-04-11 08:00:00+00:00,11.197012637436398,1.1192281488720974
T1,2022-04-25 00:00:00+00:00,10.197012637436398,1.102439726639016
T1,2022-04-25 04:00:00+00:00,9.197012637436398,1.0859031307394307
T1,2022-04-26 16:00:00+00:00,8.197012637436398,1.0696145837783393
T1,2022-04-30 20:00:00+00:00,7.197012637436398,1.0535703650216641
T1,2022-05-05 12:00:00+00:00,6.197012637436398,1.037766809546339
T1,2022-05-07 20:00:00+00:00,5.197012637436398,1.022200307403144
T1,2022-05-08 00:00:00+00:00,4.197012637436398,1.006867302792097
T1,2022-05-08 16:00:00+00:00,3.197012637436398,0.9917642932502154
T1,2022-05-09 00:00:00+00:00,2.197012637436398,0.9768878288514622
T1,2022-05-11 12:00:00+00:00,1.1970126374363979,0.9622345114186902
T1,2022-05-11 20:00:00+00:00,0.19701263743639785,0.9478009937474099
T1,2022-05-12 04:00:00+00:00,-0.8029873625636021,0.9335839788411987
T1,2022-06-13 00:00:00+00:00,-1.8029873625636021,0.9195802191585807
T1,2022-06-15 04:00:00+00:00,-2.802987362563602,0.905786515871202
T1,2022-06-18 04:00:00+00:00,-3.802987362563602,0.8921997181331339
T1,2022-07-18 12:00:00+00:00,-1.9289933694151444,0.9172793718201875
T1,2022-07-20 12:00:00+00:00,1.5257372201870574,0.9648136683957619
T1,2022-07-25 12:00:00+00:00,0.5257372201870574,0.9503414633698255
T1,2022-07-25 16:00:00+00:00,-0.4742627798129426,0.9363390145627534
T1,2022-07-27 04:00:00+00:00,0.9261142881982314,0.9559903113732614
T1,2022-08-18 20:00:00+00:00,-0.07388571180176862,0.9449270885349408
T1,2022-08-19 00:00:00+00:00,-1.0738857118017686,0.9374720221856038
T1,2022-08-19 20:00:00+00:00,-2.0738857118017684,0.9248788478249028
T1,2022-08-26 12:00:00+00:00,-3.0738857118017684,0.9110056651075292
T1,2022-08-27 12:00:00+00:00,-4.073885711801768,0.8973405801309163
T1,2022-08-28 20:00:00+00:00,-5.073885711801768,0.8851468785580836
T1,2022-09-06 16:00:00+00:00,-6.073885711801768,0.8718696753797124
T1,2022-09-07 20:00:00+00:00,-4.59485306065129,0.8912125311412308
T1,2022-09-15 12:00:00+00:00,-5.59485306065129,0.8778443431741123
T1,2022-09-16 12:00:00+00:00,-6.59485306065129,0.8646766780265006
T1,2022-09-16 16:00:00+00:00,-7.59485306065129,0.8517065278561031
T1,2022-09-19 00:00:00+00:00,-8.594853060651289,0.8389309299382616
T1,2022-09-22 08:00:00+00:00,-6.9726160674940605,0.8593451017770062
T1,2022-09-28 12:00:00+00:00,-5.42171242035622,0.8793365235644461
T1,2022-10-10 08:00:00+00:00,-6.42171242035622,0.8675502867577431
T1,2022-10-10 20:00:00+00:00,-7.42171242035622,0.854537032456377
T1,2022-10-11 00:00:00+00:00,-8.42171242035622,0.846078742118523
T1,2022-10-11 12:00:00+00:00,-9.42171242035622,0.8384576358538134
T1,2022-10-13 08:00:00+00:00,-10.42171242035622,0.8258807713160061
T1,2022-10-26 08:00:00+00:00,-8.622703853171338,0.8481672700620674
T1,2022-11-04 12:00:00+00:00,-7.2559934055556825,0.8646165555982992
T1,2022-11-08 16:00:00+00:00,-8.255993405555682,0.8516473072643247
T1,2022-11-21 20:00:00+00:00,-9.255993405555682,0.8388725976553598
T1,2022-11-30 00:00:00+00:00,-7.747835862686853,0.8578498781902584
T1,2022-12-08 16:00:00+00:00,-6.583605411617747,0.8685886606196989
T1,2023-01-11 20:00:00+00:00,-4.8628790175760415,0.8910077121281036
T1,2023-02-02 00:00:00+00:00,-2.388935018158815,0.9240722598709106
T1,2023-02-09 00:00:00+00:00,-3.388935018158815,0.910211175972847
T1,2023-02-09 16:00:00+00:00,-4.388935018158815,0.8965580083332543
T1,2023-02-10 12:00:00+00:00,-5.388935018158815,0.8831096382082555
T1,2023-02-10 20:00:00+00:00,-6.388935018158815,0.8738348668590138
T1,2023-02-13 16:00:00+00:00,-7.388935018158815,0.8629855281133038
T1,2023-02-15 16:00:00+00:00,-3.4205732636974715,0.9143551095795808
T1,2023-02-22 16:00:00+00:00,-4.420573263697472,0.9066016995610037
T1,2023-02-24 12:00:00+00:00,-5.420573263697472,0.8940316934042396
T1,2023-03-03 00:00:00+00:00,-6.420573263697472,0.8806212180031759
T1,2023-03-08 04:00:00+00:00,-7.420573263697472,0.8674118997331283
T1,2023-03-08 20:00:00+00:00,-8.420573263697472,0.8586956306375314
T1,2023-03-09 16:00:00+00:00,-9.420573263697472,0.8495320944648731
T1,2023-03-13 12:00:00+00:00,-4.836171249340397,0.9079510441417593
T1,2023-03-30 00:00:00+00:00,-1.2474145926358542,0.9568272744461429
T1,2023-04-19 08:00:00+00:00,-2.247414592635854,0.9424748653294508
T1,2023-04-19 20:00:00+00:00,-3.247414592635854,0.9284769432341157
T1,2023-04-21 16:00:00+00:00,-4.247414592635854,0.9145497890856039
T1,2023-04-26 12:00:00+00:00,-0.8659963204534376,0.9609369196001235
T1,2023-05-08 04:00:00+00:00,-1.8659963204534376,0.9500807017407732
T1,2023-05-08 16:00:00+00:00,-2.8659963204534376,0.9358294912146616
T1,2023-05-10 16:00:00+00:00,-3.8659963204534376,0.9217920488464417
T1,2023-05-11 16:00:00+00:00,-4.865996320453437,0.9079651681137451
T1,2023-05-12 00:00:00+00:00,-5.865996320453437,0.8989912776528693
T1,2023-06-05 16:00:00+00:00,-6.865996320453437,0.8855064084880763
T1,2023-06-14 20:00:00+00:00,-7.865996320453437,0.8722238123607551
T1,2023-07-06 20:00:00+00:00,-8.865996320453437,0.8591404551753438
T1,2023-07-13 16:00:00+00:00,-6.604971818277732,0.8882785194747713
T1,2023-07-17 16:00:00+00:00,-7.604971818277732,0.8780139729857186
T1,2023-07-18 16:00:00+00:00,-8.604971818277733,0.8648437633909328
T1,2023-07-24 08:00:00+00:00,-9.604971818277733,0.8554775995635925
T1,2023-08-01 20:00:00+00:00,-8.551181277634473,0.8690000125958772
T1,2023-08-08 08:00:00+00:00,-8.210620805413276,0.8734392184156254
T1,2023-08-16 20:00:00+00:00,-9.210620805413276,0.8656918136840877
T1,2023-09-01 12:00:00+00:00,-10.210620805413276,0.8527064364788264
T1,2023-09-01 16:00:00+00:00,-11.210620805413276,0.8409998810307486
T1,2023-09-11 12:00:00+00:00,-12.210620805413276,0.8283848828152874
T1,2023-09-12 16:00:00+00:00,-8.862253561632066,0.8680140561415395
T1,2023-09-24 20:00:00+00:00,-9.862253561632066,0.8611966143744356
T1,2023-11-24 08:00:00+00:00,-8.22052066742494,0.8824044365274103
T1,2023-12-18 20:00:00+00:00,-6.719079765215935,0.9022776082268044
T1,2023-12-26 16:00:00+00:00,-7.719079765215935,0.8887434441034023
T1,2023-12-29 20:00:00+00:00,-8.719079765215934,0.8754122924418513
T1,2024-01-01 20:00:00+00:00,-7.116453326306086,0.8964566757140611
T1,2024-01-09 20:00:00+00:00,-5.273672272023394,0.9212362763839278
T1,2024-01-22 16:00:00+00:00,-6.273672272023394,0.9074177322381689
T1,2024-03-06 04:00:00+00:00,-4.472628694891687,0.9319322154145135
T1,2024-03-16 20:00:00+00:00,-5.472628694891687,0.9179532321832958
T1,2024-03-17 04:00:00+00:00,-6.472628694891687,0.9041839337005464
T1,2024-03-17 16:00:00+00:00,-4.871760327729991,0.925896125563902
T1,2024-03-19 08:00:00+00:00,-5.871760327729991,0.9120076836804435
T1,2024-03-19 20:00:00+00:00,-6.871760327729991,0.8983275684252369
T1,2024-03-20 20:00:00+00:00,-5.0931246895517654,0.9222945298446236
T1,2024-04-02 00:00:00+00:00,-6.0931246895517654,0.9084601118969542
T1,2024-04-04 16:00:00+00:00,-4.445645802155856,0.9309101447128276
T1,2024-04-18 12:00:00+00:00,-2.7689966934997203,0.9543222896784035
T1,2024-04-27 00:00:00+00:00,-3.7689966934997203,0.9400074553332274
T1,2024-04-29 00:00:00+00:00,-4.76899669349972,0.925907343503229
T1,2024-04-29 12:00:00+00:00,-5.76899669349972,0.9149243091909193
T1,2024-05-01 04:00:00+00:00,-6.76899669349972,0.9012004445530555
T1,2024-05-29 20:00:00+00:00,-6.168591679638575,0.9046746433739121
T1,2024-06-03 12:00:00+00:00,-4.635547378203185,0.9254782379740741
T1,2024-06-14 16:00:00+00:00,-5.635547378203185,0.9115960644044631
T1,2024-06-18 00:00:00+00:00,-6.635547378203185,0.8979221234383961
T1,2024-06-18 12:00:00+00:00,-7.635547378203185,0.8844532915868201
T1,2024-06-18 20:00:00+00:00,-6.5608853273519365,0.8936840584247681
T1,2024-06-23 20:00:00+00:00,-7.5608853273519365,0.884993744042365
T1,2024-07-04 00:00:00+00:00,-8.560885327351937,0.8717188378817294
T1,2024-07-05 00:00:00+00:00,-9.560885327351937,0.8586430553135035
T1,2024-07-26 12:00:00+00:00,-7.920106109001337,0.8797757105305953
T1,2024-08-01 12:00:00+00:00,-8.920106109001338,0.8665790748726364
T1,2024-08-02 20:00:00+00:00,-9.920106109001338,0.8535803887495469
T1,2024-08-03 16:00:00+00:00,-10.920106109001338,0.8407766829183037
T1,2024-08-04 12:00:00+00:00,-11.920106109001338,0.8281650326745291
T1,2024-08-05 00:00:00+00:00,-12.920106109001338,0.8157425571844111
T1,2024-08-21 20:00:00+00:00,-11.166138245652528,0.8372043506354226
T1,2024-08-30 16:00:00+00:00,-12.166138245652528,0.8246462853758912
T1,2024-09-01 12:00:00+00:00,-13.166138245652528,0.8122765910952529
T1,2024-09-04 00:00:00+00:00,-14.166138245652528,0.800092442228824
T1,2024-09-06 12:00:00+00:00,-15.166138245652528,0.7888017029410892
T1,2024-09-09 16:00:00+00:00,-13.454106649552443,0.8090585045184797
T1,2024-10-02 16:00:00+00:00,-14.454106649552443,0.7969226269507025
T1,2024-10-02 20:00:00+00:00,-13.601449626915308,0.8022447953065318
T1,2024-10-04 16:00:00+00:00,-12.10110515028305,0.8202994485197087
T1,2024-10-11 16:00:00+00:00,-10.431833125603177,0.8408389923388229
T1,2024-10-23 08:00:00+00:00,-11.431833125603177,0.8282264074537405
T1,2024-10-23 16:00:00+00:00,-12.431833125603177,0.8210997008029367
T1,2024-10-28 12:00:00+00:00,-10.834461786872765,0.8407737177274777
T1,2024-11-04 00:00:00+00:00,-9.515220248883185,0.8554157626534007
T1,2024-11-04 20:00:00+00:00,-10.515220248883185,0.8440954654828903
T1,2024-11-05 12:00:00+00:00,-8.980767938451201,0.863523829041421
T1,2024-11-26 08:00:00+00:00,-9.980767938451201,0.8505709716057996
T1,2024-11-26 20:00:00+00:00,-10.980767938451201,0.8378124070317127
T1,2024-11-27 12:00:00+00:00,-9.491257929912619,0.8565313565149856
T1,2024-12-03 12:00:00+00:00,-10.491257929912619,0.8436833861672608
T1,2024-12-05 00:00:00+00:00,-8.832554465111917,0.8646746945047172
T1,2025-01-13 12:00:00+00:00,-9.832554465111917,0.8517045740871465
T1,2025-01-15 12:00:00+00:00,-8.084585603991275,0.8740358702028217
T1,2025-01-27 04:00:00+00:00,-9.084585603991275,0.8643596536273208
T1,2025-02-02 16:00:00+00:00,-10.084585603991275,0.851394258822911
T1,2025-02-02 20:00:00+00:00,-11.084585603991275,0.8386233449405673
T1,2025-02-03 00:00:00+00:00,-12.084585603991275,0.8260439947664588
T1,2025-02-24 20:00:00+00:00,-13.084585603991275,0.8136533348449619
T1,2025-02-26 12:00:00+00:00,-14.084585603991275,0.8014485348222875
T1,2025-02-26 16:00:00+00:00,-15.084585603991275,0.7894268067999531
T1,2025-02-28 00:00:00+00:00,-16.084585603991275,0.7775854046979538
T1,2025-03-01 00:00:00+00:00,-14.351636806858941,0.7977981400740385
T1,2025-03-10 12:00:00+00:00,-15.351636806858941,0.7858311679729278
T1,2025-03-10 16:00:00+00:00,-16.35163680685894,0.7740437004533339
T1,2025-03-19 16:00:00+00:00,-14.563786972941914,0.7948018089728341
T1,2025-03-31 00:00:00+00:00,-15.563786972941914,0.7828797818382417
T1,2025-03-31 12:00:00+00:00,-14.306300662945704,0.7947945395886533
T1,2025-04-21 00:00:00+00:00,-12.467096849100873,0.8167213768151709
T1,2025-05-07 00:00:00+00:00,-11.015376868281482,0.8345061379374445
T1,2025-05-29 16:00:00+00:00,-12.015376868281482,0.8267637790151879
T1,2025-05-30 16:00:00+00:00,-13.015376868281482,0.8143623223299601
T1,2025-05-31 00:00:00+00:00,-14.015376868281482,0.8036316389878345
T1,2025-06-01 16:00:00+00:00,-12.896803964480487,0.8127965080212297
T1,2025-06-20 16:00:00+00:00,-13.896803964480487,0.8006045604009112
T1,2025-06-21 16:00:00+00:00,-14.896803964480487,0.7885954919948975
T1,2025-06-22 12:00:00+00:00,-15.896803964480487,0.7767665596149741
T1,2025-06-25 00:00:00+00:00,-14.180440595087413,0.7967647646573633
T1,2025-07-02 00:00:00+00:00,-15.180440595087413,0.7905230577109315
T1,2025-07-02 12:00:00+00:00,-13.8193241411696,0.8056579544214866
T1,2025-07-22 16:00:00+00:00,-12.495674247414131,0.819827098122444
T1,2025-08-01 00:00:00+00:00,-13.495674247414131,0.8075296916506074
T1,2025-08-01 08:00:00+00:00,-14.495674247414131,0.7954167462758482
T1,2025-08-01 12:00:00+00:00,-15.495674247414131,0.7840482347143962
T1,2025-08-01 16:00:00+00:00,-16.49567424741413,0.7722875111936802
T1,2025-08-02 16:00:00+00:00,-17.49567424741413,0.7651650300827154
T1,2025-08-07 16:00:00+00:00,-15.972450196069119,0.7826477967387673
T1,2025-08-17 08:00:00+00:00,-15.100016858636662,0.7880896613327717
T1,2025-08-18 12:00:00+00:00,-14.481129388525614,0.7912632423808683
T1,2025-08-20 12:00:00+00:00,-15.481129388525614,0.7814449242103964
T1,2025-08-21 16:00:00+00:00,-16.481129388525616,0.7716377147653254
T1,2025-08-22 12:00:00+00:00,-17.481129388525616,0.7653090001915682
T1,2025-08-24 16:00:00+00:00,-18.481129388525616,0.7538293651886947
T1,2025-08-25 20:00:00+00:00,-19.481129388525616,0.7425219247108643
T1,2025-09-01 04:00:00+00:00,-20.481129388525616,0.73313836733261
T1,2025-09-24 04:00:00+00:00,-21.481129388525616,0.7247702718286307
T1,2025-09-25 12:00:00+00:00,-22.481129388525616,0.7138987177512013
T1,2025-09-25 16:00:00+00:00,-23.481129388525616,0.705084955456086
T1b,2021-01-06 20:00:00+00:00,1.9028446148734854,1.0285426692231023
T1b,2021-01-20 16:00:00+00:00,0.9028446148734854,1.0131145291847559
T1b,2021-01-21 08:00:00+00:00,-0.09715538512651456,0.9979178112469845
T1b,2021-01-27 08:00:00+00:00,-1.0971553851265146,0.9829490440782798
T1b,2021-02-16 12:00:00+00:00,0.6708495567533548,1.0090169255914772
T1b,2021-02-22 12:00:00+00:00,-0.3291504432466452,0.993881671707605
T1b,2021-02-26 12:00:00+00:00,1.3468643890640226,1.01886807805776
T1b,2021-02-28 12:00:00+00:00,0.3468643890640226,1.0035850568868936
T1b,2021-03-07 00:00:00+00:00,2.019594284711281,1.0287659577990869
T1b,2021-03-16 00:00:00+00:00,1.0195942847112809,1.0133344684321006
T1b,2021-03-22 20:00:00+00:00,0.019594284711280885,0.9981344514056191
T1b,2021-04-03 20:00:00+00:00,-0.9804057152887191,0.9831624346345348
T1b,2021-04-16 08:00:00+00:00,-1.9804057152887191,0.9720726125828182
T1b,2021-04-18 00:00:00+00:00,-2.980405715288719,0.957491523394076
T1b,2021-04-22 16:00:00+00:00,-3.980405715288719,0.9431291505431648
T1b,2021-04-26 08:00:00+00:00,-2.161691415854543,0.9688583876277557
T1b,2021-04-29 12:00:00+00:00,-3.161691415854543,0.9543255118133394
T1b,2021-05-04 12:00:00+00:00,-4.161691415854543,0.9400106291361392
T1b,2021-05-17 00:00:00+00:00,-5.161691415854543,0.9259104696990971
T1b,2021-06-22 12:00:00+00:00,-6.161691415854543,0.9120218126536106
T1b,2021-07-13 12:00:00+00:00,-7.161691415854543,0.8983414854638065
T1b,2021-07-15 16:00:00+00:00,-8.161691415854543,0.8875554751681723
T1b,2021-08-03 12:00:00+00:00,-9.161691415854543,0.8742421430406497
T1b,2021-08-06 16:00:00+00:00,-6.870295165065824,0.9042906705733222
T1b,2021-08-17 20:00:00+00:00,-7.870295165065824,0.8907263105147224
T1b,2021-08-20 12:00:00+00:00,-4.493105712797693,0.9358485830256429
T1b,2021-08-24 20:00:00+00:00,-5.493105712797693,0.9218338666081879
T1b,2021-08-30 12:00:00+00:00,-6.493105712797693,0.9113562056358635
T1b,2021-09-02 00:00:00+00:00,-3.253536599338757,0.9556422268629196
T1b,2021-09-13 12:00:00+00:00,-4.253536599338757,0.9413075934599757
T1b,2021-10-04 16:00:00+00:00,-3.715183440136438,0.9489089322107803
T1b,2021-10-14 00:00:00+00:00,-3.0204227881809174,0.9587979010366179
T1b,2021-10-19 00:00:00+00:00,-2.59553243237345,0.9649086607564014
T1b,2021-11-02 12:00:00+00:00,-2.0052690829129824,0.9734519140267236
T1b,2021-11-06 08:00:00+00:00,-3.0052690829129824,0.9644363029341253
T1b,2021-11-16 00:00:00+00:00,-4.0052690829129824,0.9499697583901134
T1b,2021-11-22 04:00:00+00:00,-5.0052690829129824,0.9381647556540653
T1b,2021-11-28 20:00:00+00:00,-4.700152625748011,0.9424584982512986
T1b,2021-12-17 12:00:00+00:00,-5.700152625748011,0.9283216207775291
T1b,2021-12-22 00:00:00+00:00,-4.037009762251002,0.9514805929569209
T1b,2022-01-04 16:00:00+00:00,-5.037009762251002,0.937208384062567
T1b,2022-01-05 16:00:00+00:00,-6.037009762251002,0.9231502583016284
T1b,2022-01-10 12:00:00+00:00,-7.037009762251002,0.910822371855048
T1b,2022-01-21 00:00:00+00:00,-8.037009762251003,0.8971600362772223
T1b,2022-02-07 12:00:00+00:00,-2.107766608225586,0.976952236324651
T1b,2022-02-11 20:00:00+00:00,-3.107766608225586,0.9622979527797813
T1b,2022-02-15 00:00:00+00:00,-1.288249994233001,0.9860366283704793
T1b,2022-02-21 20:00:00+00:00,-2.2882499942330012,0.9712460789449221
T1b,2022-03-07 00:00:00+00:00,-3.2882499942330012,0.9566773877607483
T1b,2022-03-14 20:00:00+00:00,-3.119423511647339,0.9591000749359216
T1b,2022-03-31 16:00:00+00:00,-4.119423511647339,0.95027022751338
T1b,2022-04-06 00:00:00+00:00,-5.119423511647339,0.9360161741006793
T1b,2022-04-06 12:00:00+00:00,-6.119423511647339,0.9219759314891691
T1b,2022-04-08 20:00:00+00:00,-7.119423511647339,0.9107570568008994
T1b,2022-04-11 00:00:00+00:00,-8.119423511647339,0.9004481995115686
T1b,2022-04-17 20:00:00+00:00,-9.119423511647339,0.8869414765188951
T1b,2022-04-25 00:00:00+00:00,-10.119423511647339,0.8736373543711117
T1b,2022-04-26 20:00:00+00:00,-11.119423511647339,0.860532794055545
T1b,2022-05-04 16:00:00+00:00,-9.531740563051704,0.8810265927129852
T1b,2022-05-08 00:00:00+00:00,-10.531740563051704,0.8678111938222904
T1b,2022-05-11 20:00:00+00:00,-11.531740563051704,0.8547940259149561
T1b,2022-05-18 20:00:00+00:00,-12.531740563051704,0.8419721155262317
T1b,2022-05-26 12:00:00+00:00,-13.531740563051704,0.8293425337933382
T1b,2022-05-31 16:00:00+00:00,-11.705434781054024,0.8520620297641889
T1b,2022-06-07 16:00:00+00:00,-10.248871812345717,0.8706782597581432
T1b,2022-06-11 08:00:00+00:00,-11.248871812345717,0.857618085861771
T1b,2022-06-18 04:00:00+00:00,-12.248871812345717,0.8447538145738445
T1b,2022-07-13 04:00:00+00:00,-11.1628395906072,0.853774370971546
T1b,2022-07-25 12:00:00+00:00,-12.1628395906072,0.8409677554069729
T1b,2022-08-11 12:00:00+00:00,-10.39826952055642,0.8632269533730069
T1b,2022-08-19 00:00:00+00:00,-11.39826952055642,0.8564164657808799
T1b,2022-09-06 16:00:00+00:00,-12.39826952055642,0.8435702187941667
T1b,2022-09-16 16:00:00+00:00,-13.39826952055642,0.8309166655122542
T1b,2022-09-21 20:00:00+00:00,-14.39826952055642,0.8184529155295703
T1b,2022-09-26 08:00:00+00:00,-13.026668024404309,0.834506715482245
T1b,2022-09-28 12:00:00+00:00,-11.475764377266469,0.8539203081112815
T1b,2022-10-10 08:00:00+00:00,-12.475764377266469,0.8424747389853054
T1b,2022-10-10 20:00:00+00:00,-13.475764377266469,0.8298376179005259
T1b,2022-10-26 08:00:00+00:00,-11.676755810081586,0.852230892660156
T1b,2022-11-04 12:00:00+00:00,-10.31004536246593,0.8687589877552884
T1b,2022-11-21 16:00:00+00:00,-11.31004536246593,0.855727602938959
T1b,2022-12-19 20:00:00+00:00,-12.31004536246593,0.8497858531143087
T1b,2022-12-28 20:00:00+00:00,-13.31004536246593,0.837039065317594
T1b,2022-12-30 12:00:00+00:00,-14.31004536246593,0.8316656441394388
T1b,2023-01-20 20:00:00+00:00,-12.624007661417485,0.8526989385997263
T1b,2023-02-09 16:00:00+00:00,-13.624007661417485,0.8399084545207305
T1b,2023-02-14 12:00:00+00:00,-12.188068794023028,0.8579993124442233
T1b,2023-02-24 12:00:00+00:00,-13.188068794023028,0.84512932275756
T1b,2023-03-03 00:00:00+00:00,-14.188068794023028,0.8324523829161966
T1b,2023-03-08 04:00:00+00:00,-15.188068794023028,0.8199655971724537
T1b,2023-03-27 12:00:00+00:00,-16.188068794023028,0.8076661132148668
T1b,2023-04-19 20:00:00+00:00,-17.188068794023028,0.7956704115280405
T1b,2023-04-25 20:00:00+00:00,-15.626306500211877,0.814310132233426
T1b,2023-05-11 16:00:00+00:00,-16.626306500211875,0.8020954802499246
T1b,2023-05-12 00:00:00+00:00,-17.626306500211875,0.7941679547988331
T1b,2023-05-24 12:00:00+00:00,-18.626306500211875,0.7822554354768505
T1b,2023-06-05 12:00:00+00:00,-19.626306500211875,0.7705216039446977
T1b,2023-06-28 16:00:00+00:00,-20.626306500211875,0.7589637798855272
T1b,2023-06-29 08:00:00+00:00,-19.35835608371923,0.7707771595644601
T1b,2023-07-03 16:00:00+00:00,-17.74241427504341,0.7894601251241491
T1b,2023-07-06 20:00:00+00:00,-18.74241427504341,0.7776182232472868
T1b,2023-07-10 16:00:00+00:00,-18.112765106902074,0.7828172680178077
T1b,2023-07-17 16:00:00+00:00,-19.112765106902074,0.7710750089975406
T1b,2023-07-24 08:00:00+00:00,-20.112765106902074,0.7627243505744257
T1b,2023-08-01 00:00:00+00:00,-21.112765106902074,0.7535978958592967
T1b,2023-08-07 16:00:00+00:00,-22.112765106902074,0.7428112225758137
T1b,2023-08-08 08:00:00+00:00,-21.772204634680875,0.746605804686788
T1b,2023-08-14 00:00:00+00:00,-22.772204634680875,0.7402196934395201
T1b,2023-08-14 08:00:00+00:00,-22.789465767361097,0.7400466844694623
T1b,2023-08-16 16:00:00+00:00,-23.789465767361097,0.7343316770887054
T1b,2023-08-23 16:00:00+00:00,-23.59826151899136,0.7364377871342829
T1b,2023-08-29 12:00:00+00:00,-22.577501407220023,0.7430721627379406
T1b,2023-09-06 16:00:00+00:00,-23.577501407220023,0.738921239216053
T1b,2023-09-24 20:00:00+00:00,-24.577501407220023,0.7331177012627342
T1b,2023-11-01 12:00:00+00:00,-23.041158902268165,0.7500124995464723
T1b,2023-11-13 20:00:00+00:00,-24.041158902268165,0.7407218629085776
T1b,2023-12-17 20:00:00+00:00,-25.041158902268165,0.7322395136876765
T1b,2023-12-26 16:00:00+00:00,-26.041158902268165,0.7212559209823614
T1b,2024-01-01 20:00:00+00:00,-24.438532463358317,0.7385944781051603
T1b,2024-01-09 20:00:00+00:00,-22.595751409075625,0.7590104967709104
T1b,2024-02-23 20:00:00+00:00,-23.595751409075625,0.7476253393193468
T1b,2024-02-24 16:00:00+00:00,-22.63539694155338,0.7538314800706122
T1b,2024-03-06 04:00:00+00:00,-20.834353364421673,0.7741967302519251
T1b,2024-03-17 04:00:00+00:00,-21.834353364421673,0.7625837792981462
T1b,2024-03-19 08:00:00+00:00,-22.834353364421673,0.751145022608674
T1b,2024-04-01 12:00:00+00:00,-23.834353364421673,0.7398778472695439
T1b,2024-04-29 00:00:00+00:00,-24.834353364421673,0.7287796795605007
T1b,2024-04-29 12:00:00+00:00,-25.834353364421673,0.720134956864553
T1b,2024-05-08 12:00:00+00:00,-26.834353364421673,0.7093329325115847
T1b,2024-05-13 04:00:00+00:00,-25.50488255831169,0.721971637491468
T1b,2024-05-28 16:00:00+00:00,-26.50488255831169,0.711142062929096
T1b,2024-06-03 12:00:00+00:00,-24.9718382568763,0.7274952472353629
T1b,2024-06-18 00:00:00+00:00,-25.9718382568763,0.7165828185268324
T1b,2024-06-23 20:00:00+00:00,-26.9718382568763,0.7058340762489299
T1b,2024-06-30 20:00:00+00:00,-25.544257228132867,0.7209486062993342
T1b,2024-07-03 08:00:00+00:00,-26.544257228132867,0.7133568158951639
T1b,2024-07-13 20:00:00+00:00,-23.93246016857134,0.7406497901614733
T1b,2024-07-24 20:00:00+00:00,-24.93246016857134,0.7318091215149921
T1b,2024-07-30 00:00:00+00:00,-25.93246016857134,0.7208319846922672
T1b,2024-08-21 20:00:00+00:00,-24.17085337475666,0.7398793225137594
T1b,2024-08-26 08:00:00+00:00,-25.17085337475666,0.7343973030177646
T1b,2024-09-01 12:00:00+00:00,-26.17085337475666,0.7233813434724982
T1b,2024-09-04 00:00:00+00:00,-27.17085337475666,0.7125306233204107
T1b,2024-09-06 12:00:00+00:00,-28.17085337475666,0.7024755383354471
T1b,2024-10-14 04:00:00+00:00,-25.75584429605417,0.7279228103751448
T1b,2024-11-04 20:00:00+00:00,-26.75584429605417,0.7182897139436748
T1b,2024-12-02 16:00:00+00:00,-27.75584429605417,0.7075153682345197
T1b,2024-12-06 00:00:00+00:00,-27.6278312120132,0.7088739365989309
T1b,2024-12-19 16:00:00+00:00,-28.6278312120132,0.698240827549947
T1b,2024-12-29 20:00:00+00:00,-29.6278312120132,0.6934773850237754
T1b,2025-01-07 16:00:00+00:00,-30.6278312120132,0.6848602187888613
T1b,2025-01-14 08:00:00+00:00,-29.585096727966523,0.6955721292921047
T1b,2025-02-09 20:00:00+00:00,-30.585096727966523,0.6859184846708776
T1b,2025-02-12 12:00:00+00:00,-31.585096727966523,0.6756297074008144
T1b,2025-02-14 16:00:00+00:00,-30.475015175907068,0.6868797685139489
T1b,2025-02-18 16:00:00+00:00,-31.475015175907068,0.6799864067218283
T1b,2025-02-26 16:00:00+00:00,-32.47501517590707,0.6697866106210009
T1b,2025-03-14 12:00:00+00:00,-30.488892212715307,0.689740789137892
T1b,2025-03-19 16:00:00+00:00,-28.84556022699685,0.7067428856475669
T1b,2025-03-28 04:00:00+00:00,-29.84556022699685,0.6980451487994577
T1b,2025-04-06 16:00:00+00:00,-30.84556022699685,0.6895968281872175
T1b,2025-04-06 16:00:00+00:00,-31.84556022699685,0.6838730375206823
T1b,2025-04-20 20:00:00+00:00,-30.907275282730225,0.6893042099651248
T1b,2025-05-07 00:00:00+00:00,-29.455555301910834,0.7043143603821642
T1b,2025-05-20 00:00:00+00:00,-28.011471749083263,0.7195706921398866
T1b,2025-05-25 20:00:00+00:00,-27.179674520152595,0.7241749966934214
T1b,2025-05-29 12:00:00+00:00,-28.179674520152595,0.7144078358661599
T1b,2025-06-05 16:00:00+00:00,-29.179674520152595,0.7073037605372751
T1b,2025-06-20 16:00:00+00:00,-30.179674520152595,0.6966942041292159
T1b,2025-06-22 12:00:00+00:00,-31.179674520152595,0.6862437910672776
T1b,2025-07-08 00:00:00+00:00,-32.179674520152595,0.6802906823050185
T1b,2025-07-20 20:00:00+00:00,-33.179674520152595,0.6709984943981226
T1b,2025-07-22 00:00:00+00:00,-34.179674520152595,0.6609335169821507
T1b,2025-07-22 16:00:00+00:00,-32.85602462639712,0.6725573853092796
T1b,2025-08-01 00:00:00+00:00,-33.85602462639712,0.6624690245296404
T1b,2025-08-14 16:00:00+00:00,-34.85602462639712,0.6561700808736737
T1b,2025-08-22 12:00:00+00:00,-35.85602462639712,0.6507883932316283
T1b,2025-09-15 08:00:00+00:00,-36.85602462639712,0.6449578847214018
T1b,2025-09-25 16:00:00+00:00,-37.85602462639712,0.6369952629307349
T2,2021-04-01 04:50:00+00:00,-1.0,0.9907251531608764
T2,2021-04-02 02:24:00+00:00,-0.9164854340139271,0.9912660194711074
T2,2021-04-02 02:53:00+00:00,-1.9164854340139272,0.9844710106422297
T2,2021-04-02 02:55:00+00:00,-2.9164854340139272,0.9810396977044903
T2,2021-04-04 15:26:00+00:00,-2.723397023096106,0.9824461238028506
T2,2021-04-05 14:37:00+00:00,-3.723397023096106,0.9742296461202101
T2,2021-04-06 01:56:00+00:00,-4.723397023096107,0.9650762499594716
T2,2021-04-07 06:02:00+00:00,-4.284502540480383,0.9695987365734162
T2,2021-04-08 16:01:00+00:00,-3.8843304517307264,0.9734740982878738
T2,2021-04-08 18:43:00+00:00,-4.884330451730726,0.9675621154541374
T2,2021-04-09 01:13:00+00:00,-5.884330451730726,0.9609291320332791
T2,2021-04-09 10:17:00+00:00,-5.868023199971306,0.9610245681470277
T2,2021-04-10 04:01:00+00:00,-5.547511352181456,0.9637403618036972
T2,2021-04-10 04:17:00+00:00,-5.2057018872732135,0.9667387825861555
T2,2021-04-10 04:58:00+00:00,-4.663167570814611,0.9736075358090408
T2,2021-04-12 00:01:00+00:00,-4.375035015675383,0.9759684337040837
T2,2021-04-12 05:08:00+00:00,-5.375035015675383,0.9682055007768111
T2,2021-04-12 07:31:00+00:00,-5.158046016055169,0.9698129508020693
T2,2021-04-13 15:42:00+00:00,-4.489812284473976,0.9795338767078229
T2,2021-04-13 16:34:00+00:00,-5.489812284473976,0.968567389397831
T2,2021-04-14 00:03:00+00:00,-5.300691825287708,0.9699207455247063
T2,2021-04-14 04:53:00+00:00,-4.955173328450233,0.972988426923797
T2,2021-04-14 04:59:00+00:00,-4.819277292586151,0.9739051719143184
T2,2021-04-15 19:52:00+00:00,-4.6379557505593425,0.9751974405179136
T2,2021-04-16 01:30:00+00:00,-5.6379557505593425,0.9667837068483939
T2,2021-04-17 09:15:00+00:00,-6.6379557505593425,0.9604997028141224
T2,2021-04-19 00:03:00+00:00,-7.6379557505593425,0.9514835969908216
T2,2021-04-19 08:29:00+00:00,-8.637955750559343,0.9403412062369428
T2,2021-04-20 15:18:00+00:00,-9.637955750559343,0.9262360881433886
T2,2021-04-20 19:27:00+00:00,-9.347666752442606,0.928505800472589
T2,2021-04-21 17:35:00+00:00,-10.347666752442606,0.9168647633867193
T2,2021-04-22 12:34:00+00:00,-9.737087246581797,0.9252620458992671
T2,2021-04-23 20:11:00+00:00,-9.266062987447572,0.9301980140349112
T2,2021-04-24 07:04:00+00:00,-10.266062987447572,0.9181947452913143
T2,2021-04-24 17:14:00+00:00,-11.266062987447572,0.9065567186488261
T2,2021-04-24 23:46:00+00:00,-12.266062987447572,0.8941373151593746
T2,2021-04-25 09:15:00+00:00,-13.266062987447572,0.8817830385545151
T2,2021-04-25 17:21:00+00:00,-14.266062987447572,0.8725743328245369
T2,2021-04-26 01:41:00+00:00,-13.589656180656318,0.8814275610968446
T2,2021-04-26 02:00:00+00:00,-12.97695485370876,0.8895283386412273
T2,2021-04-26 04:23:00+00:00,-13.97695485370876,0.8798298024918865
T2,2021-04-28 02:48:00+00:00,-14.97695485370876,0.8733469825231164
T2,2021-04-28 11:26:00+00:00,-14.724271575924055,0.875116108280483
T2,2021-04-28 13:17:00+00:00,-15.724271575924055,0.86751120630914
T2,2021-04-29 11:18:00+00:00,-16.724271575924057,0.8579494526698639
T2,2021-04-30 00:07:00+00:00,-17.724271575924057,0.8521263636111971
T2,2021-04-30 06:01:00+00:00,-17.452346087829177,0.8540330451909909
T2,2021-04-30 13:38:00+00:00,-17.128714296289026,0.8564812218125394
T2,2021-04-30 13:48:00+00:00,-16.833090388630556,0.8586347614613832
T2,2021-05-02 12:11:00+00:00,-17.833090388630556,0.8521920654703727
T2,2021-05-02 21:09:00+00:00,-18.833090388630556,0.8479134409858619
T2,2021-05-03 01:38:00+00:00,-18.393783431395757,0.8518935458398149
T2,2021-05-03 02:22:00+00:00,-18.249025382104847,0.852757397424983
T2,2021-05-03 13:39:00+00:00,-19.249025382104847,0.842378125836653
T2,2021-05-05 03:15:00+00:00,-20.249025382104847,0.8337563349840662
T2,2021-05-05 13:41:00+00:00,-19.85161967469177,0.8370505224676069
T2,2021-05-05 22:54:00+00:00,-20.85161967469177,0.8292871560763666
T2,2021-05-06 12:50:00+00:00,-21.85161967469177,0.8192342482104791
T2,2021-05-07 14:02:00+00:00,-22.85161967469177,0.8095261093909889
T2,2021-05-08 04:47:00+00:00,-23.85161967469177,0.8011243808417166
T2,2021-05-08 08:03:00+00:00,-23.56907908405503,0.8030144754442163
T2,2021-05-08 10:44:00+00:00,-24.56907908405503,0.7937992234560096
T2,2021-05-09 03:57:00+00:00,-25.56907908405503,0.7832973286348802
T2,2021-05-10 03:16:00+00:00,-25.571463001919074,0.7832861681279072
T2,2021-05-10 16:36:00+00:00,-26.571463001919074,0.7742978245656532
T2,2021-05-12 03:41:00+00:00,-26.151213623034153,0.7776604150269271
T2,2021-05-12 04:53:00+00:00,-27.151213623034153,0.7701463263396505
T2,2021-05-12 14:46:00+00:00,-28.151213623034153,0.7613050831844603
T2,2021-05-14 12:02:00+00:00,-29.151213623034153,0.7551040715007467
T2,2021-05-14 16:37:00+00:00,-30.151213623034153,0.7451657715840215
T2,2021-05-16 12:49:00+00:00,-31.151213623034153,0.7339882850102611
T2,2021-05-18 01:25:00+00:00,-30.442622622570507,0.7417897474083214
T2,2021-05-18 06:09:00+00:00,-30.228475470699184,0.7430007692543863
T2,2021-05-18 08:44:00+00:00,-31.228475470699184,0.7366543886103312
T2,2021-05-20 07:03:00+00:00,-30.42266313187642,0.7455584665471833
T2,2021-05-20 16:03:00+00:00,-31.42266313187642,0.7343750895489756
T2,2021-05-21 14:14:00+00:00,-32.42266313187642,0.7253145182410817
T2,2021-05-24 04:41:00+00:00,-33.42266313187642,0.7144348004674655
T2,2021-05-24 06:59:00+00:00,-32.80772682437316,0.7210247789397349
T2,2021-05-24 07:52:00+00:00,-32.1065688775206,0.7286080627442031
T2,2021-05-25 22:47:00+00:00,-31.543180222421295,0.734240639698475
T2,2021-05-26 02:11:00+00:00,-31.166888146435547,0.7368945259829002
T2,2021-05-26 06:26:00+00:00,-30.64324183106044,0.7417475666816759
T2,2021-05-26 06:36:00+00:00,-30.075333824231944,0.7475881736629654
T2,2021-05-27 11:15:00+00:00,-29.447877872975983,0.7546243533927663
T2,2021-05-29 04:53:00+00:00,-30.447877872975983,0.7433049880918748
T2,2021-05-29 07:39:00+00:00,-31.447877872975983,0.7321554132704967
T2,2021-05-30 05:16:00+00:00,-31.062987412563608,0.7349000700430067
T2,2021-05-30 06:38:00+00:00,-30.446879056738688,0.7416917411507541
T2,2021-05-30 12:36:00+00:00,-31.446879056738688,0.7331148592794664
T2,2021-05-31 00:20:00+00:00,-32.44687905673869,0.7221181363902744
T2,2021-05-31 07:26:00+00:00,-31.89398251301729,0.7274680181125779
T2,2021-05-31 10:04:00+00:00,-31.337067368174612,0.7329459434345275
T2,2021-06-01 02:07:00+00:00,-32.337067368174615,0.7219517542830095
T2,2021-06-01 14:55:00+00:00,-33.337067368174615,0.7111224779687644
T2,2021-06-02 06:40:00+00:00,-34.337067368174615,0.7050739438595616
T2,2021-06-02 06:42:00+00:00,-35.337067368174615,0.7022236349612717
T2,2021-06-02 07:34:00+00:00,-35.03814317837425,0.7040174249702458
T2,2021-06-03 05:41:00+00:00,-34.56813930277758,0.7077577748906254
T2,2021-06-03 09:12:00+00:00,-33.99427209703851,0.713467973030233
T2,2021-06-03 10:12:00+00:00,-33.676644048913914,0.7154576026659263
T2,2021-06-05 06:09:00+00:00,-33.40110443810155,0.7170878495496927
T2,2021-06-05 07:44:00+00:00,-34.40110443810155,0.7115944075607342
T2,2021-06-06 08:58:00+00:00,-34.19462512318857,0.7127037123923966
T2,2021-06-06 19:01:00+00:00,-35.19462512318857,0.7028296121174515
T2,2021-06-07 01:46:00+00:00,-34.58672705834319,0.709238343534285
T2,2021-06-07 10:11:00+00:00,-34.47631980462805,0.7097656931829835
T2,2021-06-08 20:45:00+00:00,-33.867094024160224,0.7162518065586639
T2,2021-06-09 00:07:00+00:00,-34.867094024160224,0.7062218181064981
T2,2021-06-09 10:36:00+00:00,-34.25670402479548,0.7126878791330788
T2,2021-06-09 12:37:00+00:00,-35.25670402479548,0.7029111725948973
T2,2021-06-09 15:04:00+00:00,-34.932458523376354,0.7049317967491103
T2,2021-06-10 03:40:00+00:00,-35.932458523376354,0.6982783792868746
T2,2021-06-10 10:01:00+00:00,-35.2359204184199,0.7055740417724828
T2,2021-06-10 14:00:00+00:00,-34.81937982780071,0.7085918341343852
T2,2021-06-11 00:59:00+00:00,-35.81937982780071,0.6979629566223694
T2,2021-06-11 05:05:00+00:00,-35.19662057244858,0.704482899989312
T2,2021-06-11 05:16:00+00:00,-34.938582781895484,0.7059507175006213
T2,2021-06-12 20:33:00+00:00,-34.5137915411701,0.7090740953497188
T2,2021-06-13 10:49:00+00:00,-34.00071679897495,0.7135503010114587
T2,2021-06-13 14:22:00+00:00,-35.00071679897495,0.7065416407337461
T2,2021-06-13 17:43:00+00:00,-34.400394737689204,0.712899515499361
T2,2021-06-14 01:43:00+00:00,-35.400394737689204,0.7062361108201559
T2,2021-06-14 01:45:00+00:00,-36.400394737689204,0.7002794700085497
T2,2021-06-14 11:21:00+00:00,-37.400394737689204,0.6963017737625388
T2,2021-06-15 00:48:00+00:00,-38.400394737689204,0.68778565231374
T2,2021-06-15 15:03:00+00:00,-39.400394737689204,0.6792544835526879
T2,2021-06-16 10:00:00+00:00,-40.400394737689204,0.6693039928638076
T2,2021-06-17 09:54:00+00:00,-39.99087198764853,0.6720849760240413
T2,2021-06-19 12:15:00+00:00,-39.65386792464355,0.6741316493854586
T2,2021-06-19 15:00:00+00:00,-39.44288322433273,0.67521161601359
T2,2021-06-19 15:22:00+00:00,-40.44288322433273,0.6700467978283341
T2,2021-06-20 20:10:00+00:00,-39.895072305471494,0.6749099272649804
T2,2021-06-20 20:30:00+00:00,-39.29824799265835,0.6808953946406573
T2,2021-06-20 21:06:00+00:00,-40.29824799265835,0.6726437616722477
T2,2021-06-22 08:05:00+00:00,-41.29824799265835,0.662554105247164
T2,2021-06-23 00:42:00+00:00,-40.501600169219465,0.6704714395349987
T2,2021-06-23 01:07:00+00:00,-39.77744192542904,0.6777543508374783
T2,2021-06-23 06:46:00+00:00,-40.77744192542904,0.6693419819369814
T2,2021-06-23 08:58:00+00:00,-41.77744192542904,0.6605529688137494
T2,2021-06-24 10:43:00+00:00,-42.77744192542904,0.6536786598307404
T2,2021-06-24 15:53:00+00:00,-43.77744192542904,0.6450689325560911
T2,2021-06-24 18:00:00+00:00,-43.269841694323894,0.6490528485924953
T2,2021-06-25 00:46:00+00:00,-44.269841694323894,0.6437380010537236
T2,2021-06-25 04:25:00+00:00,-45.269841694323894,0.6347466743610836
T2,2021-06-26 18:55:00+00:00,-46.269841694323894,0.626798604651127
T2,2021-06-27 01:19:00+00:00,-45.61386979693934,0.6329660387006919
T2,2021-06-27 07:35:00+00:00,-45.000190545164195,0.6387926105761258
T2,2021-06-27 22:32:00+00:00,-44.36194575239196,0.6449082014365496
T2,2021-06-28 07:43:00+00:00,-44.029449944240575,0.6468327556836139
T2,2021-06-28 13:30:00+00:00,-43.50292950727454,0.6511420492339047
T2,2021-06-28 17:19:00+00:00,-44.50292950727454,0.6435797674068274
T2,2021-06-29 01:01:00+00:00,-45.50292950727454,0.6356048291133127
T2,2021-06-29 04:46:00+00:00,-45.18423883921663,0.6373860274346029
T2,2021-06-29 05:11:00+00:00,-46.18423883921663,0.6304779988277766
T2,2021-06-30 20:51:00+00:00,-47.18423883921663,0.6248189414071976
T2,2021-06-30 23:46:00+00:00,-47.10405026509145,0.6251452796402367
T2,2021-07-02 01:19:00+00:00,-48.10405026509145,0.6164899360957968
T2,2021-07-02 09:15:00+00:00,-49.10405026509145,0.6086717032121032
T2,2021-07-02 18:02:00+00:00,-50.10405026509145,0.6007727704514222
T2,2021-07-03 07:42:00+00:00,-49.654377551251265,0.60371370804746
T2,2021-07-04 05:42:00+00:00,-49.052132856080014,0.6091674587185664
T2,2021-07-04 07:53:00+00:00,-48.45808845251194,0.6145079000872721
T2,2021-07-04 14:56:00+00:00,-48.400946875040304,0.6147310174105063
T2,2021-07-04 18:12:00+00:00,-49.400946875040304,0.610809046033039
T2,2021-07-06 05:16:00+00:00,-48.763005011573874,0.616653955948766
T2,2021-07-06 09:03:00+00:00,-49.763005011573874,0.6104169670274556
T2,2021-07-07 00:30:00+00:00,-50.763005011573874,0.6035073036348639
T2,2021-07-07 03:31:00+00:00,-50.4138483562166,0.6054469674617565
T2,2021-07-07 07:50:00+00:00,-50.05110748992448,0.6075116657854961
T2,2021-07-10 05:01:00+00:00,-51.05110748992448,0.5993353359373476
T2,2021-07-10 15:40:00+00:00,-52.05110748992448,0.5961180238466934
T2,2021-07-10 17:09:00+00:00,-53.05110748992448,0.590427344845705
T2,2021-07-11 02:24:00+00:00,-54.05110748992448,0.584832495115698
T2,2021-07-11 08:28:00+00:00,-53.9829276145054,0.5850888583210135
T2,2021-07-11 16:35:00+00:00,-53.55431776630459,0.5877182258949204
T2,2021-07-15 04:03:00+00:00,-54.55431776630459,0.5789024525064966
T2,2021-07-16 02:32:00+00:00,-55.55431776630459,0.5748203349757529
T2,2021-07-16 23:31:00+00:00,-56.55431776630459,0.5661980299511166
T2,2021-07-17 10:09:00+00:00,-57.55431776630459,0.5584770327047138
T2,2021-07-17 21:01:00+00:00,-58.55431776630459,0.5535086608829259
T2,2021-07-18 00:55:00+00:00,-58.1709935853369,0.5555699257346778
T2,2021-07-18 22:16:00+00:00,-59.1709935853369,0.5502436584432034
T2,2021-07-19 07:38:00+00:00,-60.1709935853369,0.5456276801704368
T2,2021-07-21 09:55:00+00:00,-59.43600835700551,0.5516431044468467
T2,2021-07-21 10:09:00+00:00,-58.875733274937176,0.5558540391312368
T2,2021-07-21 12:09:00+00:00,-58.68481403775919,0.556639851139201
T2,2021-07-22 09:33:00+00:00,-59.68481403775919,0.5511900179468364
T2,2021-07-22 14:59:00+00:00,-59.228397695529296,0.5539626754010092
T2,2021-07-22 21:00:00+00:00,-60.228397695529296,0.5469764639911435
T2,2021-07-23 07:29:00+00:00,-61.228397695529296,0.5398363150402334
T2,2021-07-23 11:49:00+00:00,-62.228397695529296,0.5361270072341423
T2,2021-07-23 21:44:00+00:00,-61.92389134518157,0.537533284481809
T2,2021-07-24 00:03:00+00:00,-62.92389134518157,0.5326727263006639
T2,2021-07-24 08:08:00+00:00,-63.92389134518157,0.5281526356618176
T2,2021-07-24 16:28:00+00:00,-63.60789781496158,0.5296144005052181
T2,2021-07-25 08:48:00+00:00,-64.60789781496158,0.5250079335325607
T2,2021-07-25 23:12:00+00:00,-64.4507415917055,0.5255944098034346
T2,2021-07-26 00:54:00+00:00,-63.8319546572765,0.5304728741073639
T2,2021-07-26 01:01:00+00:00,-62.988934551634216,0.5371808635829192
T2,2021-07-26 06:52:00+00:00,-63.988934551634216,0.5299195864739038
T2,2021-07-27 11:37:00+00:00,-63.73631298233445,0.530992685795941
T2,2021-07-27 12:33:00+00:00,-63.36620254745039,0.5328618847734687
T2,2021-07-27 13:35:00+00:00,-62.913434322332435,0.5355031947436435
T2,2021-07-28 02:14:00+00:00,-62.392521491529216,0.5389914853708996
T2,2021-07-28 04:11:00+00:00,-63.392521491529216,0.5323255290819072
T2,2021-07-28 11:28:00+00:00,-62.941721373076454,0.5349432959150906
T2,2021-07-29 05:13:00+00:00,-63.941721373076454,0.5302626907042146
T2,2021-07-29 10:41:00+00:00,-64.94172137307646,0.523940687761797
T2,2021-07-29 15:14:00+00:00,-65.94172137307646,0.5197358344390827
T2,2021-07-30 19:55:00+00:00,-65.73799921205757,0.5205324639423208
T2,2021-07-30 19:59:00+00:00,-65.36664564423087,0.5223746311445259
T2,2021-07-30 20:49:00+00:00,-64.70301081637975,0.5275746211207267
T2,2021-07-31 10:53:00+00:00,-65.70301081637975,0.5241485363058158
T2,2021-08-01 03:24:00+00:00,-65.69295173275476,0.5241804446009929
T2,2021-08-01 05:10:00+00:00,-66.69295173275476,0.518122455329609
T2,2021-08-04 12:52:00+00:00,-66.33520740737063,0.5198514645065037
T2,2021-08-04 15:05:00+00:00,-65.89473171456015,0.5223032492647813
T2,2021-08-04 17:01:00+00:00,-66.89473171456015,0.518417023120335
T2,2021-08-05 17:15:00+00:00,-66.39809739142999,0.5214813314798951
T2,2021-08-05 17:58:00+00:00,-65.91969192217066,0.5243468416406296
T2,2021-08-05 19:37:00+00:00,-66.91969192217066,0.5178973199652454
T2,2021-08-06 15:17:00+00:00,-66.33363859600186,0.5222900699045695
T2,2021-08-06 16:03:00+00:00,-65.56418171468354,0.5283182652295538
T2,2021-08-07 03:48:00+00:00,-64.80012345506502,0.5343732542433934
T2,2021-08-07 04:59:00+00:00,-65.80012345506502,0.5272049297610215
T2,2021-08-07 12:05:00+00:00,-65.34879653839441,0.5298030372962066
T2,2021-08-07 12:40:00+00:00,-66.34879653839441,0.5218559917367634
T2,2021-08-08 00:27:00+00:00,-67.34879653839441,0.5168913924599832
T2,2021-08-08 06:00:00+00:00,-67.17600995226046,0.5175382249645598
T2,2021-08-08 06:06:00+00:00,-68.17600995226046,0.5134666344157774
T2,2021-08-09 09:52:00+00:00,-67.51819386899832,0.5185331335708351
T2,2021-08-09 21:14:00+00:00,-68.51819386899832,0.5107551365672726
T2,2021-08-10 00:06:00+00:00,-68.10262059965794,0.512930993600447
T2,2021-08-10 10:22:00+00:00,-69.10262059965794,0.5078628316304579
T2,2021-08-10 21:30:00+00:00,-70.10262059965794,0.5035773026260619
T2,2021-08-11 02:28:00+00:00,-71.10262059965794,0.4991467985078002
T2,2021-08-11 06:42:00+00:00,-72.10262059965794,0.4952633580998397
T2,2021-08-11 08:21:00+00:00,-73.10262059965794,0.4910508077041745
T2,2021-08-13 12:46:00+00:00,-72.37319052655904,0.49642361610255836
T2,2021-08-13 18:50:00+00:00,-73.37319052655904,0.49341289882104233
T2,2021-08-14 10:20:00+00:00,-74.37319052655904,0.4860117053387267
T2,2021-08-15 20:30:00+00:00,-73.96381128653782,0.4880299040123291
T2,2021-08-15 21:37:00+00:00,-74.96381128653782,0.48342083704655114
T2,2021-08-16 00:11:00+00:00,-75.96381128653782,0.4792146158290188
T2,2021-08-16 13:36:00+00:00,-76.96381128653782,0.4720263965915835
T2,2021-08-17 13:13:00+00:00,-77.96381128653782,0.4672152221779057
T2,2021-08-18 06:23:00+00:00,-78.96381128653782,0.46454739655294086
T2,2021-08-18 19:14:00+00:00,-79.96381128653782,0.45869757093160013
T2,2021-08-19 17:09:00+00:00,-80.96381128653782,0.45413746202748734
T2,2021-08-20 13:26:00+00:00,-80.28870464249975,0.4587363302963074
T2,2021-08-20 14:22:00+00:00,-79.85879633964929,0.46080882931130845
T2,2021-08-20 16:18:00+00:00,-79.29958244422488,0.4643112711383919
T2,2021-08-21 10:47:00+00:00,-79.04115698090062,0.46528064164198646
T2,2021-08-21 11:04:00+00:00,-80.04115698090062,0.4609381778545352
T2,2021-08-21 16:27:00+00:00,-79.60256413150971,0.4630955564599702
T2,2021-08-22 08:19:00+00:00,-80.60256413150971,0.45919117070744303
T2,2021-08-22 10:53:00+00:00,-81.60256413150971,0.4554498632773333
T2,2021-08-22 23:12:00+00:00,-81.3545060499691,0.45635000261275876
T2,2021-08-23 02:41:00+00:00,-81.03843941417267,0.45761346698726285
T2,2021-08-25 07:37:00+00:00,-82.03843941417267,0.45420567921987753
T2,2021-08-25 15:47:00+00:00,-81.49575373808332,0.45743481416403975
T2,2021-08-25 22:01:00+00:00,-81.03323808180963,0.4597930645515976
T2,2021-08-26 00:18:00+00:00,-82.03323808180963,0.45682951347703576
T2,2021-08-27 13:06:00+00:00,-83.03323808180963,0.45217468881303874
T2,2021-08-27 14:45:00+00:00,-82.47986191237545,0.4555311751913287
T2,2021-08-28 14:42:00+00:00,-83.47986191237545,0.44916347109180765
T2,2021-08-29 00:51:00+00:00,-83.17464967714926,0.4503455712809985
T2,2021-08-29 02:39:00+00:00,-84.17464967714926,0.4454150943855406
T2,2021-08-29 20:43:00+00:00,-85.17464967714926,0.44281632792898074
T2,2021-08-30 20:00:00+00:00,-84.86993707867462,0.4439789799656048
T2,2021-08-31 11:42:00+00:00,-84.58853011807511,0.44502061197756065
T2,2021-09-01 12:08:00+00:00,-85.58853011807511,0.441839798595407
T2,2021-09-01 16:46:00+00:00,-84.99272942766493,0.4457416465945048
T2,2021-09-01 21:41:00+00:00,-85.99272942766493,0.4429953731058763
T2,2021-09-02 01:39:00+00:00,-85.70785911160169,0.44405258407927617
T2,2021-09-02 06:51:00+00:00,-85.69961414724892,0.44407470070403976
T2,2021-09-02 07:28:00+00:00,-85.45963562495963,0.44491474583927126
T2,2021-09-03 08:49:00+00:00,-85.11665548872999,0.44630619501685986
T2,2021-09-03 10:42:00+00:00,-84.60750095852575,0.4490797566449972
T2,2021-09-03 20:23:00+00:00,-85.60750095852575,0.44234356029532224
T2,2021-09-04 22:39:00+00:00,-86.60750095852575,0.43880555267529636
T2,2021-09-05 20:53:00+00:00,-86.1559004945382,0.44097041107606344
T2,2021-09-06 11:16:00+00:00,-85.57461211086334,0.4446380465438634
T2,2021-09-06 19:43:00+00:00,-86.57461211086334,0.4417105708413809
T2,2021-09-08 23:23:00+00:00,-87.57461211086334,0.4376056285615616
T2,2021-09-09 20:27:00+00:00,-88.57461211086334,0.43104154413313817
T2,2021-09-10 02:46:00+00:00,-89.57461211086334,0.42750653154689894
T2,2021-09-10 07:15:00+00:00,-90.57461211086334,0.4226410987755445
T2,2021-09-11 16:09:00+00:00,-91.57461211086334,0.41945123670053036
T2,2021-09-12 08:14:00+00:00,-91.4920615925224,0.4196773464058899
T2,2021-09-12 08:58:00+00:00,-91.01253438860176,0.42199383849999283
T2,2021-09-12 20:31:00+00:00,-92.01253438860176,0.4183790526600721
T2,2021-09-13 13:45:00+00:00,-91.29712921620646,0.4228687107344951
T2,2021-09-13 14:02:00+00:00,-92.29712921620646,0.4165256800734777
T2,2021-09-13 21:38:00+00:00,-93.29712921620646,0.41093616588078036
T2,2021-09-14 12:35:00+00:00,-92.64984497892456,0.41492605342133565
T2,2021-09-15 00:46:00+00:00,-91.94824570623075,0.4192927306808675
T2,2021-09-15 07:33:00+00:00,-91.77099845447732,0.41983389304010627
T2,2021-09-15 10:30:00+00:00,-91.65986819410544,0.420148357657063
T2,2021-09-15 15:38:00+00:00,-91.38978604166682,0.4210797328220921
T2,2021-09-16 09:54:00+00:00,-92.38978604166682,0.41661054867035574
T2,2021-09-17 02:55:00+00:00,-93.38978604166682,0.41304640239190227
T2,2021-09-18 04:27:00+00:00,-93.28961914495306,0.4133218640623205
T2,2021-09-18 05:46:00+00:00,-93.13972078357162,0.4137584949867036
T2,2021-09-19 00:40:00+00:00,-94.13972078357162,0.40922309240542354
T2,2021-09-19 06:14:00+00:00,-95.13972078357162,0.4072376520281548
T2,2021-09-22 08:57:00+00:00,-96.13972078357162,0.40312806857091554
T2,2021-09-22 10:28:00+00:00,-97.13972078357162,0.40033226978500314
T2,2021-09-22 16:13:00+00:00,-96.60303810697638,0.4031104455414657
T2,2021-09-23 05:27:00+00:00,-97.60303810697638,0.3989733801900223
T2,2021-09-23 08:40:00+00:00,-98.60303810697638,0.3951977916578748
T2,2021-09-23 17:16:00+00:00,-98.14617008735745,0.3971893818207739
T2,2021-09-24 09:03:00+00:00,-99.14617008735745,0.39178553324808874
T2,2021-09-24 23:45:00+00:00,-100.14617008735745,0.3871959988242082
T2,2021-09-25 14:18:00+00:00,-101.14617008735745,0.38341237790782373
T2,2021-09-25 16:09:00+00:00,-102.14617008735745,0.37986699800629914
T2,2021-09-26 09:47:00+00:00,-101.41357009326747,0.38404135641371506
T2,2021-09-27 01:35:00+00:00,-101.01699570197631,0.38555345115825007
T2,2021-09-27 03:48:00+00:00,-102.01699570197631,0.38124585899375263
T2,2021-09-27 05:41:00+00:00,-103.01699570197631,0.3784693248699165
T2,2021-09-29 12:39:00+00:00,-104.01699570197631,0.37396722321113446
T2,2021-09-30 00:48:00+00:00,-103.57808738136552,0.37571978607600004
T2,2021-09-30 01:10:00+00:00,-102.98598685765461,0.37898721721658807
T2,2021-09-30 03:57:00+00:00,-102.34547147162849,0.3826284243726048
T2,2021-10-01 00:47:00+00:00,-103.34547147162849,0.3795870169604687
T2,2021-10-01 10:27:00+00:00,-102.7468903501859,0.3829780861579716
T2,2021-10-03 17:52:00+00:00,-101.87173110129321,0.3880055883713372
T2,2021-10-04 16:16:00+00:00,-101.50887390460967,0.38932943300602774
T2,2021-10-04 17:52:00+00:00,-100.92767778193186,0.39256633337252683
T2,2021-10-04 21:39:00+00:00,-101.92767778193186,0.3866778383719389
T2,2021-10-05 09:18:00+00:00,-102.92767778193186,0.3839731361910918
T2,2021-10-05 12:05:00+00:00,-103.92767778193186,0.3794860785528553
T2,2021-10-05 19:47:00+00:00,-103.5768221551877,0.3807148838564863
T2,2021-10-06 12:16:00+00:00,-103.08590006277845,0.38291440561122364
T2,2021-10-06 12:21:00+00:00,-102.86702189582434,0.3835572197954031
T2,2021-10-06 13:11:00+00:00,-102.26940478622413,0.386970042746255
T2,2021-10-08 02:27:00+00:00,-103.26940478622413,0.3839948788423846
T2,2021-10-08 07:47:00+00:00,-102.93126269799866,0.38517020926572554
T2,2021-10-08 08:35:00+00:00,-102.39913772653658,0.38779464862745366
T2,2021-10-09 06:28:00+00:00,-102.00005812802613,0.38933757239677586
T2,2021-10-09 08:35:00+00:00,-103.00005812802613,0.38534521719952464
T2,2021-10-09 10:29:00+00:00,-104.00005812802613,0.38281845305738144
T2,2021-10-10 04:47:00+00:00,-103.72112505502506,0.3837056445711974
T2,2021-10-10 09:12:00+00:00,-104.72112505502506,0.3792232385068454
T2,2021-10-10 20:26:00+00:00,-104.27079066296912,0.3810846036358526
T2,2021-10-11 03:27:00+00:00,-104.06634929142507,0.38167130632450047
T2,2021-10-11 07:47:00+00:00,-105.06634929142507,0.37849511639949
T2,2021-10-11 14:22:00+00:00,-104.69342892314906,0.3798436251534658
T2,2021-10-12 09:57:00+00:00,-105.69342892314906,0.37585898041186305
T2,2021-10-13 15:08:00+00:00,-105.08051015268687,0.37931454577398116
T2,2021-10-13 20:10:00+00:00,-104.55374891752756,0.3818440363879432
T2,2021-10-13 20:12:00+00:00,-105.55374891752756,0.37963006031806185
T2,2021-10-14 01:03:00+00:00,-105.32238569557241,0.38031465549723614
T2,2021-10-14 06:47:00+00:00,-106.32238569557241,0.375311815419025
T2,2021-10-14 11:20:00+00:00,-106.24429761999365,0.3755022683254237
T2,2021-10-15 02:28:00+00:00,-105.65032696161035,0.37879321024442136
T2,2021-10-15 04:28:00+00:00,-105.01970738253263,0.38237632646644887
T2,2021-10-15 07:23:00+00:00,-106.01970738253263,0.3789836854157967
T2,2021-10-16 04:35:00+00:00,-107.01970738253263,0.37525987304999414
T2,2021-10-17 00:22:00+00:00,-108.01970738253263,0.370933988226967
T2,2021-10-17 10:41:00+00:00,-107.82927107587243,0.371456739905566
T2,2021-10-17 13:44:00+00:00,-108.82927107587243,0.3681626866937113
T2,2021-10-18 01:13:00+00:00,-108.38589709287128,0.36991958471714953
T2,2021-10-18 06:35:00+00:00,-109.38589709287128,0.36761786500671756
T2,2021-10-19 00:04:00+00:00,-110.38589709287128,0.36528048439847866
T2,2021-10-19 03:16:00+00:00,-110.00825172755587,0.36660840705596526
T2,2021-10-19 06:38:00+00:00,-111.00825172755587,0.36220673304086476
T2,2021-10-19 13:25:00+00:00,-112.00825172755587,0.35933338871905374
T2,2021-10-20 12:40:00+00:00,-111.89108235582832,0.35961910458810514
T2,2021-10-21 02:02:00+00:00,-112.89108235582832,0.35422481801928357
T2,2021-10-23 04:32:00+00:00,-113.89108235582832,0.35219309499384527
T2,2021-10-23 15:42:00+00:00,-114.89108235582832,0.34916275313037676
T2,2021-10-24 06:51:00+00:00,-115.89108235582832,0.3439253118334211
T2,2021-10-24 20:32:00+00:00,-115.5453601272255,0.34501406481622887
T2,2021-10-24 21:07:00+00:00,-115.26754180004055,0.3458092189276651
T2,2021-10-25 00:58:00+00:00,-114.81989508517272,0.3474882359812861
T2,2021-10-25 07:25:00+00:00,-114.31435102493869,0.3496167259125652
T2,2021-10-25 07:30:00+00:00,-114.12525379845619,0.3501051630243821
T2,2021-10-26 10:03:00+00:00,-115.12525379845619,0.34705862661759396
T2,2021-10-26 12:15:00+00:00,-116.12525379845619,0.3446672572449895
T2,2021-10-28 03:19:00+00:00,-117.12525379845619,0.3420624196768451
T2,2021-10-28 08:44:00+00:00,-116.76134880593526,0.34323480796239786
T2,2021-10-28 09:45:00+00:00,-116.26190757290853,0.34528654040522294
T2,2021-10-29 15:10:00+00:00,-115.86402853525254,0.3466534728165278
T2,2021-10-29 16:03:00+00:00,-115.39198456502328,0.3485103378384868
T2,2021-10-29 17:17:00+00:00,-116.39198456502328,0.3447977050420705
T2,2021-10-30 11:38:00+00:00,-117.39198456502328,0.342388185667539
T2,2021-10-31 00:25:00+00:00,-117.06472857983026,0.34338601578024647
T2,2021-10-31 22:24:00+00:00,-116.88964698189113,0.3438226443954597
T2,2021-11-01 07:14:00+00:00,-116.32248412272027,0.3465217372146624
T2,2021-11-01 14:55:00+00:00,-117.32248412272027,0.3417958241091645
T2,2021-11-02 05:30:00+00:00,-117.23464182591877,0.3419930212368921
T2,2021-11-02 08:08:00+00:00,-118.23464182591877,0.33923694780776825
T2,2021-11-02 09:39:00+00:00,-117.85428545702288,0.34048448048324376
T2,2021-11-03 11:09:00+00:00,-118.85428545702288,0.337701391452922
T2,2021-11-05 03:16:00+00:00,-118.49348732940906,0.33884337321112956
T2,2021-11-05 06:41:00+00:00,-119.49348732940906,0.33656460425171136
T2,2021-11-06 06:24:00+00:00,-120.49348732940906,0.33448947193451634
T2,2021-11-07 01:00:00+00:00,-120.24661511746281,0.3351463519798709
T2,2021-11-07 09:09:00+00:00,-121.24661511746281,0.3305642594541328
T2,2021-11-07 10:05:00+00:00,-120.98177263427665,0.33127770893277264
T2,2021-11-08 00:15:00+00:00,-120.68015188316186,0.33213486950174403
T2,2021-11-08 00:23:00+00:00,-120.29839034122622,0.33336358323285825
T2,2021-11-08 00:37:00+00:00,-119.82437118347741,0.33516346593686364
T2,2021-11-09 07:54:00+00:00,-120.82437118347741,0.33078170461816364
T2,2021-11-09 10:31:00+00:00,-121.82437118347741,0.32840857772971005
T2,2021-11-09 21:58:00+00:00,-121.50420712934374,0.32933515793633394
T2,2021-11-10 14:03:00+00:00,-120.7832453413279,0.33289672890116784
T2,2021-11-11 23:00:00+00:00,-121.7832453413279,0.3309959863157392
T2,2021-11-12 21:49:00+00:00,-122.7832453413279,0.3282615097995273
T2,2021-11-13 01:39:00+00:00,-123.7832453413279,0.32539112578863244
T2,2021-11-13 14:42:00+00:00,-123.25316085168745,0.32759015552132764
T2,2021-11-14 00:11:00+00:00,-123.13779018736055,0.3278461113232171
T2,2021-11-14 00:17:00+00:00,-123.00509054167311,0.3281466292306853
T2,2021-11-14 01:38:00+00:00,-124.00509054167311,0.32530099922955985
T2,2021-11-14 22:34:00+00:00,-123.76735009159866,0.32590883420146943
T2,2021-11-15 00:16:00+00:00,-123.44156986671422,0.3268522854098529
T2,2021-11-15 10:28:00+00:00,-124.44156986671422,0.3241727322705129
T2,2021-11-17 07:58:00+00:00,-125.44156986671422,0.3209527084231668
T2,2021-11-17 14:34:00+00:00,-126.44156986671422,0.3164461433855564
T2,2021-11-18 01:33:00+00:00,-126.01004181042825,0.3178852729290401
T2,2021-11-20 03:41:00+00:00,-127.01004181042825,0.3150593897499702
T2,2021-11-20 18:23:00+00:00,-126.49990811004389,0.3170250070190648
T2,2021-11-22 00:08:00+00:00,-127.49990811004389,0.3122696319137788
T2,2021-11-22 13:37:00+00:00,-126.7677183818164,0.3156992411676486
T2,2021-11-22 16:57:00+00:00,-127.7677183818164,0.31227180905913027
T2,2021-11-23 11:04:00+00:00,-128.7677183818164,0.3075877319232433
T2,2021-11-23 14:50:00+00:00,-128.30404506217624,0.30918086404518474
T2,2021-11-23 15:37:00+00:00,-129.30404506217624,0.3058958630933423
T2,2021-11-25 00:37:00+00:00,-128.71622871992508,0.30850937552784125
T2,2021-11-25 01:48:00+00:00,-129.71622871992508,0.30481993827702025
T2,2021-11-25 10:14:00+00:00,-129.4433735286394,0.30550519730173037
T2,2021-11-25 15:56:00+00:00,-129.12538378828228,0.30635857420225227
T2,2021-11-27 10:03:00+00:00,-130.12538378828228,0.3022119401512265
T2,2021-11-28 08:31:00+00:00,-131.12538378828228,0.3002172505992787
T2,2021-11-28 11:14:00+00:00,-132.12538378828228,0.2971393491653252
T2,2021-11-28 21:41:00+00:00,-131.67710229927286,0.29858576610063103
T2,2021-11-29 09:39:00+00:00,-132.67710229927286,0.29431680604835864
T2,2021-11-29 17:12:00+00:00,-132.38326975222066,0.2950504871699704
T2,2021-11-29 17:19:00+00:00,-131.9886849802592,0.2962025691826852
T2,2021-11-30 11:39:00+00:00,-131.75909933323825,0.29673139088485734
T2,2021-11-30 14:27:00+00:00,-131.33581692098204,0.2980361507817932
T2,2021-11-30 15:23:00+00:00,-132.33581692098204,0.29438728117745033
T2,2021-12-01 08:47:00+00:00,-133.33581692098204,0.29022084756766814
T2,2021-12-01 14:19:00+00:00,-133.01531039471004,0.29104097298805687
T2,2021-12-01 14:45:00+00:00,-132.7454120788429,0.2916855443973083
T2,2021-12-02 15:33:00+00:00,-133.7454120788429,0.28840063083240114
T2,2021-12-02 23:23:00+00:00,-134.7454120788429,0.2854222237791798
T2,2021-12-03 08:28:00+00:00,-135.7454120788429,0.28208454229887925
T2,2021-12-03 13:32:00+00:00,-135.32198738042405,0.2833256215651617
T2,2021-12-04 20:02:00+00:00,-136.32198738042405,0.2810629751370355
T2,2021-12-05 23:26:00+00:00,-137.32198738042405,0.27787765420150357
T2,2021-12-06 14:38:00+00:00,-138.32198738042405,0.273709489388481
T2,2021-12-07 09:06:00+00:00,-137.57246194480774,0.2767867727524743
T2,2021-12-07 20:24:00+00:00,-138.57246194480774,0.27398923428180194
T2,2021-12-09 03:46:00+00:00,-139.57246194480774,0.2698793957675749
T2,2021-12-10 10:52:00+00:00,-140.57246194480774,0.2677240106037433
T2,2021-12-10 13:35:00+00:00,-140.0202360838462,0.2697020964508574
T2,2021-12-10 14:45:00+00:00,-141.0202360838462,0.26565656500409457
T2,2021-12-11 16:07:00+00:00,-140.86229408582193,0.26595508694264647
T2,2021-12-12 00:21:00+00:00,-140.41199656124328,0.2672602965091728
T2,2021-12-12 08:24:00+00:00,-141.41199656124328,0.2655853029237903
T2,2021-12-12 13:58:00+00:00,-140.94682671301166,0.26696918725268304
T2,2021-12-12 14:32:00+00:00,-141.94682671301166,0.26438807205648623
T2,2021-12-14 09:44:00+00:00,-142.94682671301166,0.26177965071508297
T2,2021-12-14 13:25:00+00:00,-143.94682671301166,0.25816913098572075
T2,2021-12-14 20:37:00+00:00,-143.67784941477132,0.2587382317327794
T2,2021-12-15 00:44:00+00:00,-144.67784941477132,0.2563610612203186
T2,2021-12-15 08:32:00+00:00,-144.29272195002085,0.25732305338927125
T2,2021-12-15 18:53:00+00:00,-145.29272195002085,0.25392410635946816
T2,2021-12-16 07:02:00+00:00,-145.19628989954526,0.25408646095887355
T2,2021-12-16 11:11:00+00:00,-146.19628989954526,0.2521429004448724
T2,2021-12-18 10:46:00+00:00,-145.82864559813584,0.25302114047080476
T2,2021-12-19 03:12:00+00:00,-145.54605850849464,0.25361823077321966
T2,2021-12-19 03:36:00+00:00,-145.05600036814383,0.25507841446204244
T2,2021-12-19 07:52:00+00:00,-146.05600036814383,0.25311108850157554
T2,2021-12-20 21:15:00+00:00,-145.7000864266702,0.2539490274022751
T2,2021-12-21 03:34:00+00:00,-145.54464490816395,0.2542290441043405
T2,2021-12-21 04:22:00+00:00,-144.8934308074967,0.25671240717913896
T2,2021-12-21 08:16:00+00:00,-145.8934308074967,0.25470619722114674
T2,2021-12-22 05:20:00+00:00,-146.8934308074967,0.2522388561614842
T2,2021-12-22 17:42:00+00:00,-147.8934308074967,0.24930513058600148
T2,2021-12-22 20:57:00+00:00,-148.8934308074967,0.24799027953388406
T2,2021-12-23 17:26:00+00:00,-148.70877795751056,0.24832675096522427
T2,2021-12-23 18:01:00+00:00,-148.22792463213085,0.2497047411799769
T2,2021-12-23 20:02:00+00:00,-149.22792463213085,0.24720282957888104
T2,2021-12-24 03:01:00+00:00,-150.22792463213085,0.24493090672639506
T2,2021-12-24 10:11:00+00:00,-151.22792463213085,0.24345883312419395
T2,2021-12-24 16:42:00+00:00,-152.22792463213085,0.24174410203119026
T2,2021-12-25 07:32:00+00:00,-153.22792463213085,0.24058266094891387
T2,2021-12-25 22:23:00+00:00,-154.22792463213085,0.23901166863676274
T2,2021-12-26 16:45:00+00:00,-154.0430716428944,0.23933638914752484
T2,2021-12-26 18:11:00+00:00,-155.0430716428944,0.23758197984414642
T2,2021-12-26 21:06:00+00:00,-156.0430716428944,0.23545739034871674
T2,2021-12-27 17:23:00+00:00,-155.75949819412514,0.23601574006339468
T2,2021-12-27 19:17:00+00:00,-156.75949819412514,0.23392222706748927
T2,2021-12-30 08:48:00+00:00,-157.75949819412514,0.23167749215966077
T2,2021-12-30 15:59:00+00:00,-158.75949819412514,0.2293168157596372
T2,2021-12-30 19:53:00+00:00,-159.75949819412514,0.2276204818763826
T2,2021-12-31 05:30:00+00:00,-160.75949819412514,0.2258904076512475
T2,2021-12-31 08:49:00+00:00,-160.11383483947262,0.22807814502706644
T2,2022-01-01 10:28:00+00:00,-161.11383483947262,0.22465697285166045
T2,2022-01-01 17:42:00+00:00,-160.59748428555665,0.22609389730346843
T2,2022-01-02 16:55:00+00:00,-160.36390139396812,0.2265067211343508
T2,2022-01-02 17:09:00+00:00,-161.36390139396812,0.22429981878463684
T2,2022-01-03 00:11:00+00:00,-162.36390139396812,0.22266737824207772
T2,2022-01-03 09:14:00+00:00,-163.36390139396812,0.2214509309158041
T2,2022-01-03 12:12:00+00:00,-163.2177225464832,0.22167807174866208
T2,2022-01-04 09:33:00+00:00,-164.2177225464832,0.22023313979115017
T2,2022-01-04 13:16:00+00:00,-165.2177225464832,0.21848129580864475
T2,2022-01-04 14:48:00+00:00,-164.80003364586094,0.21942018039519323
T2,2022-01-05 05:07:00+00:00,-165.80003364586094,0.21788451148255114
T2,2022-01-05 09:23:00+00:00,-165.8135147887262,0.217867147974303
T2,2022-01-05 17:36:00+00:00,-166.8135147887262,0.21468415445938585
T2,2022-01-06 20:40:00+00:00,-167.8135147887262,0.21270050069008528
T2,2022-01-08 01:54:00+00:00,-168.8135147887262,0.2106919873785302
T2,2022-01-09 00:06:00+00:00,-169.8135147887262,0.20753160756785224
T2,2022-01-09 02:42:00+00:00,-169.3581354446856,0.20857120105098062
T2,2022-01-09 19:25:00+00:00,-169.01845435030313,0.20921399542386182
T2,2022-01-09 21:45:00+00:00,-170.01845435030313,0.2067658093913046
T2,2022-01-10 05:41:00+00:00,-171.01845435030313,0.20549026200127668
T2,2022-01-10 07:21:00+00:00,-172.01845435030313,0.20378050288359606
T2,2022-01-10 17:27:00+00:00,-173.01845435030313,0.20072379534034213
T2,2022-01-11 02:48:00+00:00,-172.66058994786573,0.2013939741536615
T2,2022-01-11 16:40:00+00:00,-172.2346212748401,0.20228931545559364
T2,2022-01-12 09:26:00+00:00,-172.10700738022493,0.2024665964780348
T2,2022-01-12 11:00:00+00:00,-173.10700738022493,0.20075229131047115
T2,2022-01-12 13:30:00+00:00,-172.4604226347431,0.20269934184819927
T2,2022-01-13 09:42:00+00:00,-173.4604226347431,0.20115686984050082
T2,2022-01-13 14:31:00+00:00,-173.0733865312511,0.20191781179985907
T2,2022-01-13 15:10:00+00:00,-174.0733865312511,0.19987794595111028
T2,2022-01-14 15:06:00+00:00,-173.62120409748104,0.2008663686050104
T2,2022-01-15 03:40:00+00:00,-174.62120409748104,0.19982576525366982
T2,2022-01-15 11:08:00+00:00,-175.62120409748104,0.1981680141710407
T2,2022-01-15 20:00:00+00:00,-175.22386033955817,0.198950777322322
T2,2022-01-16 07:29:00+00:00,-176.22386033955817,0.19795607945556928
T2,2022-01-16 23:55:00+00:00,-177.22386033955817,0.1967708287554035
T2,2022-01-18 22:42:00+00:00,-176.83011278394608,0.19753646972176847
T2,2022-01-19 13:09:00+00:00,-176.3745194911388,0.1985268482647773
T2,2022-01-19 15:24:00+00:00,-177.3745194911388,0.1966366380719773
T2,2022-01-19 18:33:00+00:00,-178.3745194911388,0.19405078148742605
T2,2022-01-20 11:05:00+00:00,-178.27836455085014,0.19417445966863384
T2,2022-01-20 14:34:00+00:00,-177.78151064835797,0.195323212995037
T2,2022-01-20 15:10:00+00:00,-177.17897595876013,0.1970885481677352
T2,2022-01-23 08:11:00+00:00,-176.6381597824511,0.1984792196963211
T2,2022-01-23 13:57:00+00:00,-176.25308323906398,0.1992238507241847
T2,2022-01-23 23:12:00+00:00,-175.6651587244197,0.2009267391770412
T2,2022-01-24 18:12:00+00:00,-175.0248636695885,0.20285652513921745
T2,2022-01-24 22:30:00+00:00,-176.0248636695885,0.19981367726212917
T2,2022-01-25 08:02:00+00:00,-175.7377776929814,0.2002957361712162
T2,2022-01-25 13:07:00+00:00,-176.7377776929814,0.19809571205523663
T2,2022-01-26 03:53:00+00:00,-176.2281592905258,0.19932906135868803
T2,2022-01-26 06:34:00+00:00,-177.2281592905258,0.1963391254383077
T2,2022-01-26 08:36:00+00:00,-177.05322863357054,0.19658851737558258
T2,2022-01-27 14:33:00+00:00,-176.82542502752298,0.19693596636480493
T2,2022-01-28 00:05:00+00:00,-176.30714045750398,0.19820537906897817
T2,2022-01-28 06:36:00+00:00,-175.86182472167877,0.19915869689230978
T2,2022-01-28 15:18:00+00:00,-175.2610267802045,0.20095350891910374
T2,2022-01-28 20:21:00+00:00,-174.90961818065946,0.2016057931401452
T2,2022-01-29 01:25:00+00:00,-175.90961818065946,0.19973831076958531
T2,2022-01-29 09:04:00+00:00,-176.90961818065946,0.198174920886718
T2,2022-01-29 12:11:00+00:00,-177.90961818065946,0.1971982348483452
T2,2022-01-30 08:35:00+00:00,-178.90961818065946,0.19566149430229718
T2,2022-01-30 12:14:00+00:00,-179.90961818065946,0.19381424907117914
T2,2022-01-31 00:06:00+00:00,-180.90961818065946,0.19203389957396924
T2,2022-01-31 15:09:00+00:00,-180.43407786035226,0.19307706508875802
T2,2022-01-31 16:57:00+00:00,-179.97605809173126,0.19405459835461075
T2,2022-01-31 19:16:00+00:00,-179.49024641358673,0.19515302171307689
T2,2022-02-01 09:26:00+00:00,-180.49024641358673,0.19222572638738072
T2,2022-02-01 13:32:00+00:00,-181.49024641358673,0.19073367249262196
T2,2022-02-01 16:57:00+00:00,-181.06603327791788,0.19157555175184707
T2,2022-02-02 12:20:00+00:00,-182.06603327791788,0.1904629292993014
T2,2022-02-04 06:06:00+00:00,-181.83282020608675,0.19080997664581484
T2,2022-02-04 13:31:00+00:00,-182.83282020608675,0.18871783733355924
T2,2022-02-04 15:18:00+00:00,-182.24062162811956,0.19035968044531626
T2,2022-02-05 01:08:00+00:00,-183.24062162811956,0.18766711224978813
T2,2022-02-05 14:58:00+00:00,-184.24062162811956,0.18632369448767525
T2,2022-02-05 15:24:00+00:00,-185.24062162811956,0.1846411083003721
T2,2022-02-06 08:20:00+00:00,-186.24062162811956,0.18329494907108076
T2,2022-02-06 13:10:00+00:00,-186.2297784704943,0.18330698670659032
T2,2022-02-06 14:31:00+00:00,-186.22396911355065,0.1833134037871058
T2,2022-02-07 14:32:00+00:00,-186.02128160772153,0.18359258919170363
T2,2022-02-07 15:52:00+00:00,-185.43218513199167,0.18516948059316357
T2,2022-02-08 06:10:00+00:00,-184.94104676723447,0.18624019498198535
T2,2022-02-08 20:48:00+00:00,-184.3978982171246,0.18756672509933695
T2,2022-02-09 08:17:00+00:00,-185.3978982171246,0.18569195985234807
T2,2022-02-09 13:56:00+00:00,-186.3978982171246,0.1838885217163601
T2,2022-02-09 19:29:00+00:00,-186.07509809139125,0.18441365739721707
T2,2022-02-10 09:21:00+00:00,-186.09751654557988,0.18438943204250013
T2,2022-02-10 10:27:00+00:00,-185.84822726660624,0.18475626393796238
T2,2022-02-10 11:31:00+00:00,-185.54266246291962,0.18524331091938773
T2,2022-02-11 14:35:00+00:00,-186.54266246291962,0.18361413998057657
T2,2022-02-12 16:40:00+00:00,-186.04956245456628,0.18468422658767125
T2,2022-02-12 21:24:00+00:00,-187.04956245456628,0.1826293057375452
T2,2022-02-13 09:38:00+00:00,-188.04956245456628,0.18142581542116648
T2,2022-02-13 14:34:00+00:00,-189.04956245456628,0.17983428605732626
T2,2022-02-13 22:55:00+00:00,-190.04956245456628,0.1789008447594392
T2,2022-02-14 08:57:00+00:00,-191.04956245456628,0.1772076738696514
T2,2022-02-14 12:56:00+00:00,-190.76400526127838,0.17763200827046807
T2,2022-02-15 01:33:00+00:00,-190.33740321039048,0.17842375833881083
T2,2022-02-15 08:10:00+00:00,-189.71860680270626,0.1800798780493944
T2,2022-02-15 08:40:00+00:00,-189.42249828714455,0.18053372607841436
T2,2022-02-15 08:48:00+00:00,-190.42249828714455,0.17931541519641128
T2,2022-02-17 03:55:00+00:00,-191.42249828714455,0.1767339272089105
T2,2022-02-19 07:57:00+00:00,-192.42249828714455,0.17542794038152307
T2,2022-02-19 16:56:00+00:00,-193.42249828714455,0.17399510968539267
T2,2022-02-20 23:55:00+00:00,-194.42249828714455,0.17138518304011177
T2,2022-02-21 01:13:00+00:00,-193.9176540594853,0.17243204375198073
T2,2022-02-21 07:09:00+00:00,-194.9176540594853,0.17090541211502097
T2,2022-02-21 18:16:00+00:00,-195.9176540594853,0.16834183093329566
T2,2022-02-22 16:09:00+00:00,-196.9176540594853,0.16581670346929622
T2,2022-02-22 23:44:00+00:00,-196.42504069391902,0.16678118857396315
T2,2022-02-23 05:21:00+00:00,-197.42504069391902,0.16530970107672946
T2,2022-02-23 08:13:00+00:00,-197.3846520063604,0.1653513844447113
T2,2022-02-23 08:25:00+00:00,-196.99972397963205,0.16597134136278033
T2,2022-02-24 19:36:00+00:00,-196.32520233165909,0.16765061030316494
T2,2022-02-27 21:09:00+00:00,-197.32520233165909,0.16513585114861748
T2,2022-02-28 14:54:00+00:00,-196.61361555916028,0.16689847845875777
T2,2022-02-28 20:03:00+00:00,-195.86017544319097,0.16878469859323378
T2,2022-02-28 22:32:00+00:00,-195.35669925287823,0.16981004829829113
T2,2022-03-01 02:05:00+00:00,-196.35669925287823,0.16773136593686416
T2,2022-03-01 12:29:00+00:00,-195.84153634135768,0.16879910004960144
T2,2022-03-01 23:50:00+00:00,-195.53161353676617,0.16925327801923512
T2,2022-03-02 06:24:00+00:00,-196.53161353676617,0.16774752165191248
T2,2022-03-02 15:27:00+00:00,-197.53161353676617,0.1652313088271338
T2,2022-03-02 23:48:00+00:00,-198.53161353676617,0.16374456174677848
T2,2022-03-03 14:31:00+00:00,-199.53161353676617,0.16227891440423212
T2,2022-03-05 16:42:00+00:00,-199.56294137149695,0.16224938220337515
T2,2022-03-05 16:58:00+00:00,-200.56294137149695,0.16087005303552268
T2,2022-03-06 18:40:00+00:00,-201.56294137149695,0.15845700223998985
T2,2022-03-06 23:03:00+00:00,-202.56294137149695,0.15679347010280525
T2,2022-03-07 12:21:00+00:00,-202.33591577576726,0.157069361248414
T2,2022-03-07 12:48:00+00:00,-203.33591577576726,0.1558824869468056
T2,2022-03-07 15:14:00+00:00,-204.33591577576726,0.15423166262458896
T2,2022-03-08 05:09:00+00:00,-205.33591577576726,0.1519181876852201
T2,2022-03-08 08:32:00+00:00,-204.8722741239335,0.15270493858920323
T2,2022-03-08 12:15:00+00:00,-205.8722741239335,0.15152564686630599
T2,2022-03-09 01:47:00+00:00,-205.60327058707352,0.15185971030029383
T2,2022-03-09 03:32:00+00:00,-204.93432343169414,0.15338350211862556
T2,2022-03-09 04:12:00+00:00,-204.22997508564373,0.15500403335905566
T2,2022-03-11 08:31:00+00:00,-205.22997508564373,0.15347964935631697
T2,2022-03-11 11:46:00+00:00,-204.54689025491078,0.15505224366083964
T2,2022-03-11 13:13:00+00:00,-205.54689025491078,0.15272646000592704
T2,2022-03-12 14:35:00+00:00,-206.54689025491078,0.15133965883543718
T2,2022-03-12 17:04:00+00:00,-206.19208827457038,0.15183825144864355
T2,2022-03-13 20:00:00+00:00,-207.19208827457038,0.15053229176351923
T2,2022-03-14 22:48:00+00:00,-206.52276707296667,0.15204360857956903
T2,2022-03-15 18:59:00+00:00,-206.07070239587475,0.15279512681668395
T2,2022-03-15 19:33:00+00:00,-205.75799814557524,0.15321161214718096
T2,2022-03-16 02:07:00+00:00,-205.11923710038388,0.1546795962898398
T2,2022-03-16 03:12:00+00:00,-206.11923710038388,0.1523594023454922
T2,2022-03-16 08:09:00+00:00,-205.61293370580663,0.15329549758881358
T2,2022-03-17 02:25:00+00:00,-206.61293370580663,0.15125419373598223
T2,2022-03-17 05:10:00+00:00,-207.61293370580663,0.14989659219060764
T2,2022-03-17 16:02:00+00:00,-208.61293370580663,0.14839739878356356
T2,2022-03-18 07:49:00+00:00,-209.61293370580663,0.14709575478738457
T2,2022-03-18 16:17:00+00:00,-209.24457825357268,0.1476096736637764
T2,2022-03-18 19:56:00+00:00,-208.98777582020264,0.14791524298934172
T2,2022-03-19 15:30:00+00:00,-208.64103302884112,0.1483856093357458
T2,2022-03-19 22:01:00+00:00,-209.64103302884112,0.14705960306669277
T2,2022-03-20 20:37:00+00:00,-210.64103302884112,0.1460476210891896
T2,2022-03-21 08:46:00+00:00,-210.6188962058987,0.14606742868504474
T2,2022-03-21 22:59:00+00:00,-211.6188962058987,0.1449667146735453
T2,2022-03-22 04:26:00+00:00,-210.9057094757064,0.1465175397319165
T2,2022-03-22 13:51:00+00:00,-211.9057094757064,0.1453663717680425
T2,2022-03-22 14:44:00+00:00,-212.9057094757064,0.14404842404617577
T2,2022-03-23 02:46:00+00:00,-213.9057094757064,0.14311022575264565
T2,2022-03-23 13:12:00+00:00,-214.9057094757064,0.141890828165909
T2,2022-03-23 23:48:00+00:00,-214.68839153003705,0.14212685675927167
T2,2022-03-24 00:31:00+00:00,-215.68839153003705,0.14055642652359812
T2,2022-03-24 05:03:00+00:00,-216.68839153003705,0.13982219333324294
T2,2022-03-24 16:22:00+00:00,-216.0638475828771,0.14113206990111657
T2,2022-03-25 11:42:00+00:00,-215.8620971824141,0.14134576840771143
T2,2022-03-25 12:55:00+00:00,-215.5859465113193,0.14166882664417152
T2,2022-03-25 14:16:00+00:00,-216.5859465113193,0.14054976153258986
T2,2022-03-26 08:37:00+00:00,-217.5859465113193,0.1398477395221682
T2,2022-03-26 19:38:00+00:00,-218.5859465113193,0.13914748640705427
T2,2022-03-26 21:05:00+00:00,-219.5859465113193,0.13810016564762903
T2,2022-03-27 20:35:00+00:00,-219.28628862051704,0.1384541709426178
T2,2022-03-27 20:38:00+00:00,-218.6323559245945,0.1398122665816112
T2,2022-03-28 05:59:00+00:00,-219.6323559245945,0.13875213532908037
T2,2022-03-28 10:35:00+00:00,-220.6323559245945,0.13803698573559964
T2,2022-03-28 14:21:00+00:00,-221.6323559245945,0.13693197851467684
T2,2022-03-29 13:48:00+00:00,-222.6323559245945,0.1358295919486661
T2,2022-03-30 18:58:00+00:00,-223.6323559245945,0.13473575504925253
T2,2022-03-31 08:22:00+00:00,-224.6323559245945,0.13404406141995523
T2,2022-03-31 10:24:00+00:00,-225.6323559245945,0.13329894422897068
T2,2022-03-31 13:11:00+00:00,-226.6323559245945,0.13238823731794835
T2,2022-04-01 14:48:00+00:00,-226.05986157099667,0.13345037014636632
T2,2022-04-01 15:00:00+00:00,-225.76543023612473,0.13378399976988972
T2,2022-04-01 15:10:00+00:00,-225.47266624969825,0.13411578537559093
T2,2022-04-02 00:55:00+00:00,-225.0206831003594,0.13477847215793273
T2,2022-04-02 01:34:00+00:00,-226.0206831003594,0.13275679507556373
T2,2022-04-02 15:38:00+00:00,-227.0206831003594,0.13109625037451728
T2,2022-04-03 06:06:00+00:00,-226.9500233472509,0.13115596596350285
T2,2022-04-03 13:51:00+00:00,-227.9500233472509,0.13025483272013014
T2,2022-04-03 15:39:00+00:00,-228.9500233472509,0.12919974641824178
T2,2022-04-05 12:20:00+00:00,-228.49597729471614,0.12984347921349781
T2,2022-04-05 13:09:00+00:00,-229.49597729471614,0.12875511184030086
T2,2022-04-08 08:02:00+00:00,-229.37764283614504,0.1288586432007869
T2,2022-04-08 09:51:00+00:00,-230.37764283614504,0.12772090433790012
T2,2022-04-08 17:10:00+00:00,-231.37764283614504,0.12584618515861312
T2,2022-04-09 20:46:00+00:00,-232.37764283614504,0.12514318223194407
T2,2022-04-10 09:23:00+00:00,-233.37764283614504,0.12408140771232336
T2,2022-04-10 12:57:00+00:00,-234.37764283614504,0.12317116068155536
T2,2022-04-10 16:08:00+00:00,-235.37764283614504,0.12261809435720165
T2,2022-04-10 17:15:00+00:00,-236.37764283614504,0.12202933895535438
T2,2022-04-12 12:21:00+00:00,-237.37764283614504,0.121276821507081
T2,2022-04-13 10:52:00+00:00,-238.37764283614504,0.12005083397352079
T2,2022-04-13 13:52:00+00:00,-237.9642258923238,0.12055773599072596
T2,2022-04-13 14:15:00+00:00,-237.61913292779477,0.1209383209429282
T2,2022-04-14 02:18:00+00:00,-238.61913292779477,0.12020954429410177
T2,2022-04-14 04:42:00+00:00,-239.61913292779477,0.11958378182858326
T2,2022-04-14 13:40:00+00:00,-240.61913292779477,0.11875981640791297
T2,2022-04-15 11:30:00+00:00,-241.61913292779477,0.11793506666383578
T2,2022-04-16 15:38:00+00:00,-242.61913292779477,0.11616604066387824
T2,2022-04-16 22:01:00+00:00,-242.40529349509333,0.11635534292632539
T2,2022-04-16 22:53:00+00:00,-243.40529349509333,0.1154491309291962
T2,2022-04-17 06:24:00+00:00,-244.40529349509333,0.11485376857849258
T2,2022-04-17 09:48:00+00:00,-245.40529349509333,0.1142595293873872
T2,2022-04-17 13:54:00+00:00,-246.40529349509333,0.11363788307796632
T2,2022-04-18 17:10:00+00:00,-245.8135607301274,0.11462462664676541
T2,2022-04-18 18:16:00+00:00,-245.08806137879506,0.11587202803094947
T2,2022-04-18 23:38:00+00:00,-246.08806137879506,0.1150909070835389
T2,2022-04-19 01:19:00+00:00,-247.08806137879506,0.1139956613319099
T2,2022-04-19 14:03:00+00:00,-246.77234403733345,0.11431076343766008
T2,2022-04-20 07:08:00+00:00,-246.93402101426977,0.11421545090649973
T2,2022-04-20 11:45:00+00:00,-246.59775383825033,0.11456212079409314
T2,2022-04-20 12:13:00+00:00,-247.59775383825033,0.11379303995641209
T2,2022-04-21 01:25:00+00:00,-247.53395502038103,0.11383949781911305
T2,2022-04-21 10:19:00+00:00,-247.19655832752537,0.11418677821936891
T2,2022-04-21 13:22:00+00:00,-246.62408618551646,0.11510280008009587
T2,2022-04-23 16:11:00+00:00,-246.5302113586478,0.11517424098090306
T2,2022-04-23 18:34:00+00:00,-247.5302113586478,0.11472031220268546
T2,2022-04-23 21:54:00+00:00,-247.93002561896807,0.11452400860146733
T2,2022-04-24 13:05:00+00:00,-248.93002561896807,0.11349526723495137
T2,2022-04-24 16:37:00+00:00,-249.93002561896807,0.1118906237302886
T2,2022-04-25 18:48:00+00:00,-249.22609846480873,0.11307206645538224
T2,2022-04-26 14:18:00+00:00,-250.22609846480873,0.11137598545855151
T2,2022-04-27 07:21:00+00:00,-251.22609846480873,0.11065256451224695
T2,2022-04-27 08:34:00+00:00,-252.22609846480873,0.1094113543552283
T2,2022-04-27 14:03:00+00:00,-253.22609846480873,0.10777018403989987
T2,2022-04-28 01:06:00+00:00,-253.065136019734,0.10789404711699611
T2,2022-04-28 07:50:00+00:00,-254.065136019734,0.10705157166234668
T2,2022-04-28 12:51:00+00:00,-255.065136019734,0.1061696620247654
T2,2022-05-01 15:54:00+00:00,-254.6252824985612,0.10666912922949413
T2,2022-05-01 18:20:00+00:00,-255.6252824985612,0.10532008426625027
T2,2022-05-02 00:15:00+00:00,-255.112127990353,0.10598515566841232
T2,2022-05-02 04:51:00+00:00,-255.25251021042686,0.10590699166577368
T2,2022-05-02 13:34:00+00:00,-256.25251021042686,0.10494964037350252
T2,2022-05-02 23:47:00+00:00,-257.25251021042686,0.10395569670330365
T2,2022-05-04 07:41:00+00:00,-257.0418135313688,0.10412194688692983
T2,2022-05-04 08:38:00+00:00,-256.76205977751096,0.10436423788519718
T2,2022-05-04 15:40:00+00:00,-256.5690107800072,0.10451381741758316
T2,2022-05-05 05:15:00+00:00,-256.45567684005914,0.1045938512646125
T2,2022-05-11 06:48:00+00:00,-257.45567684005914,0.10302494349564331
T2,2022-05-12 11:46:00+00:00,-258.45567684005914,0.10147956934320866
T2,2022-05-13 02:21:00+00:00,-257.8195626277733,0.10244785828794659
T2,2022-05-13 03:06:00+00:00,-257.14615429655174,0.10348269690725015
T2,2022-05-13 16:30:00+00:00,-258.14615429655174,0.10193045645364139
T2,2022-05-14 18:13:00+00:00,-257.56646335910824,0.10277268858464916
T2,2022-05-14 18:34:00+00:00,-258.56646335910824,0.10168307338919269
T2,2022-05-15 01:32:00+00:00,-259.56646335910824,0.1001578272883548
T2,2022-05-15 07:00:00+00:00,-259.1788525971698,0.10053762579389977
T2,2022-05-15 07:32:00+00:00,-260.1788525971698,0.09967309607862845
T2,2022-05-15 11:21:00+00:00,-261.1788525971698,0.0987811747869748
T2,2022-05-16 21:08:00+00:00,-260.90521355428905,0.09900412086522005
T2,2022-05-17 03:34:00+00:00,-260.67537739897773,0.09918112710365669
T2,2022-05-17 08:44:00+00:00,-260.13575935991486,0.09987758887052404
T2,2022-05-17 10:39:00+00:00,-261.13575935991486,0.09895229485031125
T2,2022-05-19 15:32:00+00:00,-260.7375163390966,0.09934462617817291
T2,2022-05-19 16:55:00+00:00,-261.7375163390966,0.09785445678550032
T2,2022-05-19 18:10:00+00:00,-261.3913837024306,0.09816479380164396
T2,2022-05-20 01:50:00+00:00,-262.3913837024306,0.09677080219486747
T2,2022-05-20 11:12:00+00:00,-263.3913837024306,0.0959207666479168
T2,2022-05-21 09:09:00+00:00,-264.3913837024306,0.0951856644107092
T2,2022-05-21 15:12:00+00:00,-265.3913837024306,0.09451488689425244
T2,2022-05-22 08:34:00+00:00,-265.59136341794107,0.09442052159090686
T2,2022-05-22 09:15:00+00:00,-265.63186202168805,0.09439850424204276
T2,2022-05-22 22:22:00+00:00,-264.9707585162893,0.09533461197292495
T2,2022-05-23 06:09:00+00:00,-264.92349118352536,0.09536294811510397
T2,2022-05-23 08:16:00+00:00,-265.92349118352536,0.09445453330295518
T2,2022-05-23 10:23:00+00:00,-266.92349118352536,0.09387364701909183
T2,2022-05-25 00:10:00+00:00,-267.92349118352536,0.09293453852192986
T2,2022-05-25 02:23:00+00:00,-267.7314544309858,0.09306687207517458
T2,2022-05-25 06:05:00+00:00,-268.7314544309858,0.09182686596125941
T2,2022-05-25 15:35:00+00:00,-269.7314544309858,0.09074694436928628
T2,2022-05-26 16:45:00+00:00,-270.7314544309858,0.08971441737021273
T2,2022-05-27 12:46:00+00:00,-270.30979652310265,0.0901062835372032
T2,2022-05-28 12:13:00+00:00,-271.30979652310265,0.08960930113354382
T2,2022-05-28 13:17:00+00:00,-271.1763742977721,0.08969195702300926
T2,2022-05-28 20:35:00+00:00,-272.1763742977721,0.0892750794739853
T2,2022-05-29 06:19:00+00:00,-273.1763742977721,0.08879795155671104
T2,2022-05-29 08:21:00+00:00,-273.4948145163228,0.08866946121087892
T2,2022-05-29 08:53:00+00:00,-274.4948145163228,0.0880650174804947
T2,2022-05-30 01:18:00+00:00,-274.79339537020593,0.08794370751872199
T2,2022-05-30 01:37:00+00:00,-274.8147601779186,0.08793268646931558
T2,2022-05-30 02:03:00+00:00,-274.5380647070838,0.08813421256329355
T2,2022-05-31 12:22:00+00:00,-275.5380647070838,0.08761906395071566
T2,2022-05-31 15:53:00+00:00,-275.2419623010395,0.0878398802589733
T2,2022-05-31 16:14:00+00:00,-276.2419623010395,0.08663538003290853
T2,2022-06-01 14:06:00+00:00,-277.2419623010395,0.08589445588017296
T2,2022-06-02 22:07:00+00:00,-276.8392377051028,0.08624143132123469
T2,2022-06-03 04:12:00+00:00,-277.8392377051028,0.08546710288928834
T2,2022-06-03 22:39:00+00:00,-278.8392377051028,0.08500235791027126
T2,2022-06-04 09:34:00+00:00,-279.8392377051028,0.08449311439002585
T2,2022-06-04 17:15:00+00:00,-280.8392377051028,0.08345949962551215
T2,2022-06-04 22:08:00+00:00,-281.0048955889769,0.08338844099053301
T2,2022-06-05 15:21:00+00:00,-280.9689294789201,0.08340707932503667
T2,2022-06-05 16:05:00+00:00,-280.9823045649283,0.08340048410401776
T2,2022-06-05 19:24:00+00:00,-281.9823045649283,0.08268658683335796
T2,2022-06-06 01:49:00+00:00,-281.4417914073611,0.0832693181200511
T2,2022-06-06 03:47:00+00:00,-280.9288211445114,0.08379475650782917
T2,2022-06-06 06:53:00+00:00,-280.553400300397,0.08409650688297662
T2,2022-06-07 19:07:00+00:00,-280.2444152252149,0.08432178972257401
T2,2022-06-07 19:37:00+00:00,-279.83079722874135,0.08467812489285072
T2,2022-06-07 19:49:00+00:00,-279.23285219069004,0.08543260388619855
T2,2022-06-08 14:44:00+00:00,-280.23285219069004,0.08415111482790558
T2,2022-06-09 09:29:00+00:00,-279.93175147649333,0.0843683134885011
T2,2022-06-09 09:53:00+00:00,-280.93175147649333,0.08384315705221196
T2,2022-06-09 17:44:00+00:00,-281.93175147649333,0.08314260354354089
T2,2022-06-10 06:11:00+00:00,-282.93175147649333,0.0826404200746675
T2,2022-06-10 06:19:00+00:00,-283.93175147649333,0.08209884547752844
T2,2022-06-10 12:30:00+00:00,-284.93175147649333,0.08157599395794422
T2,2022-06-12 15:34:00+00:00,-284.30844312670064,0.08233869893059363
T2,2022-06-12 16:39:00+00:00,-285.30844312670064,0.08110361844663473
T2,2022-06-15 22:27:00+00:00,-284.65939854875836,0.08189321640369902
T2,2022-06-16 00:19:00+00:00,-285.65939854875836,0.08083583435279622
T2,2022-06-17 09:42:00+00:00,-286.65939854875836,0.07962329683750427
T2,2022-06-18 00:46:00+00:00,-287.65939854875836,0.07879373547018324
T2,2022-06-19 01:20:00+00:00,-288.65939854875836,0.0776118294381305
T2,2022-06-19 10:19:00+00:00,-287.92024211604115,0.07847233868289266
T2,2022-06-19 18:59:00+00:00,-287.1106198184261,0.07942533301004776
T2,2022-06-19 22:27:00+00:00,-286.3184731352298,0.0803690807216328
T2,2022-06-20 07:23:00+00:00,-287.3184731352298,0.0793996154915501
T2,2022-06-20 08:42:00+00:00,-286.6466355515709,0.08019977017877941
T2,2022-06-20 09:30:00+00:00,-286.117722998428,0.0807392255811006
T2,2022-06-21 06:07:00+00:00,-285.65886942414136,0.08114937677891655
T2,2022-06-21 14:04:00+00:00,-285.04602399336636,0.08189535715045453
T2,2022-06-23 10:10:00+00:00,-284.3720898139681,0.08272323835522033
T2,2022-06-23 19:37:00+00:00,-283.8343455729279,0.08329976720546173
T2,2022-06-23 22:28:00+00:00,-283.5027725888291,0.0835473206713054
T2,2022-06-24 15:10:00+00:00,-284.5027725888291,0.08229411086123581
T2,2022-06-24 23:06:00+00:00,-285.5027725888291,0.08153446718460242
T2,2022-06-25 11:45:00+00:00,-286.5027725888291,0.08065723434745058
T2,2022-06-26 11:54:00+00:00,-286.01180111638996,0.0811233112086995
T2,2022-06-26 12:12:00+00:00,-285.57388449716535,0.08150195987505122
T2,2022-06-26 22:11:00+00:00,-286.57388449716535,0.08082668718751826
T2,2022-06-27 07:29:00+00:00,-286.5157086002593,0.08085659799556472
T2,2022-06-27 11:22:00+00:00,-287.5157086002593,0.08022082061583703
T2,2022-06-28 07:50:00+00:00,-288.5157086002593,0.07975279828279987
T2,2022-06-28 11:07:00+00:00,-289.5157086002593,0.07888251861781471
T2,2022-06-29 23:07:00+00:00,-290.5157086002593,0.07791909835797524
T2,2022-07-01 00:28:00+00:00,-289.71984502744135,0.07884929293812418
T2,2022-07-01 03:55:00+00:00,-290.71984502744135,0.07766655354405232
T2,2022-07-01 08:05:00+00:00,-291.71984502744135,0.0768347837632867
T2,2022-07-01 15:51:00+00:00,-292.71984502744135,0.0756822620068374
T2,2022-07-02 19:29:00+00:00,-293.71984502744135,0.07506672355060698
T2,2022-07-02 23:25:00+00:00,-294.71984502744135,0.0745636728139911
T2,2022-07-03 04:32:00+00:00,-295.71984502744135,0.07416240463357371
T2,2022-07-04 12:02:00+00:00,-294.9098529382804,0.07506346904956894
T2,2022-07-05 00:34:00+00:00,-294.17281451588053,0.07589333896169125
T2,2022-07-05 02:20:00+00:00,-295.17281451588053,0.07498040981814397
T2,2022-07-05 07:23:00+00:00,-296.17281451588053,0.07397382496983904
T2,2022-07-05 18:59:00+00:00,-295.7441316353619,0.07430635973651961
T2,2022-07-06 05:33:00+00:00,-296.7441316353619,0.07319176434047181
T2,2022-07-06 17:00:00+00:00,-296.26810742531154,0.07359012836948069
T2,2022-07-06 22:08:00+00:00,-295.8559263280976,0.07389927474820822
T2,2022-07-07 08:47:00+00:00,-295.6747273504505,0.07399725027852824
T2,2022-07-07 12:22:00+00:00,-296.6747273504505,0.07332550531322328
T2,2022-07-07 14:09:00+00:00,-296.3967486914349,0.07349463372309283
T2,2022-07-08 14:47:00+00:00,-295.9407255124284,0.07386374918084362
T2,2022-07-08 16:42:00+00:00,-296.9407255124284,0.07275579294313096
T2,2022-07-09 11:46:00+00:00,-297.9407255124284,0.07235773712766295
T2,2022-07-13 08:38:00+00:00,-297.5681831035787,0.0726151180761378
T2,2022-07-14 06:30:00+00:00,-298.5681831035787,0.07152589130499573
T2,2022-07-14 15:16:00+00:00,-298.14793430869605,0.07183651041782381
T2,2022-07-14 19:30:00+00:00,-297.62663682883687,0.07230517832884441
T2,2022-07-15 02:53:00+00:00,-298.62663682883687,0.07122060065391174
T2,2022-07-15 09:27:00+00:00,-298.0288445906711,0.07185477042454749
T2,2022-07-15 15:59:00+00:00,-299.0288445906711,0.07096761757800214
T2,2022-07-16 15:07:00+00:00,-298.64165364857786,0.07123625116976591
T2,2022-07-16 16:06:00+00:00,-298.5219475537058,0.0712942861318037
T2,2022-07-16 16:12:00+00:00,-298.3553475611791,0.0713796700897065
T2,2022-07-18 05:07:00+00:00,-297.85849986793517,0.07180194806057294
T2,2022-07-18 05:45:00+00:00,-297.31307872118305,0.07231807799816559
T2,2022-07-18 12:18:00+00:00,-298.31307872118305,0.07123330682819311
T2,2022-07-19 11:46:00+00:00,-299.31307872118305,0.07048043472823085
T2,2022-07-19 21:55:00+00:00,-298.90813225848154,0.07076778408053704
T2,2022-07-20 06:24:00+00:00,-298.6827906099094,0.07089111357089661
T2,2022-07-20 10:33:00+00:00,-299.6827906099094,0.07012476589586168
T2,2022-07-20 19:30:00+00:00,-300.6827906099094,0.06945450240163024
T2,2022-07-21 20:03:00+00:00,-300.397389412425,0.06962068823184375
T2,2022-07-23 05:45:00+00:00,-301.397389412425,0.06907703396694193
T2,2022-07-24 00:13:00+00:00,-300.9168482971252,0.06945987028853531
T2,2022-07-24 01:43:00+00:00,-301.9168482971252,0.06861921293207601
T2,2022-07-24 05:41:00+00:00,-301.4878244293829,0.06892810681764759
T2,2022-07-24 16:28:00+00:00,-302.4878244293829,0.06824979695526338
T2,2022-07-25 22:14:00+00:00,-303.4878244293829,0.06722605000093443
T2,2022-07-27 00:33:00+00:00,-304.4878244293829,0.06664975039429076
T2,2022-07-27 05:47:00+00:00,-304.3818594885093,0.06669707709806175
T2,2022-07-27 11:56:00+00:00,-305.3818594885093,0.0658885917054099
T2,2022-07-27 13:21:00+00:00,-306.3818594885093,0.0654507511935267
T2,2022-07-28 02:45:00+00:00,-306.2026554619823,0.06553636173849678
T2,2022-07-28 02:46:00+00:00,-305.6866227031813,0.06595500462293825
T2,2022-07-28 15:41:00+00:00,-305.28507987052535,0.0662201271561954
T2,2022-07-29 06:58:00+00:00,-306.28507987052535,0.06522682524885247
T2,2022-07-29 10:16:00+00:00,-305.86481744563866,0.06551010493538403
T2,2022-07-29 19:57:00+00:00,-306.86481744563866,0.0647439362220951
T2,2022-07-30 11:44:00+00:00,-306.6334148068778,0.06486071625611868
T2,2022-07-30 12:34:00+00:00,-306.3231092277042,0.06503554574643233
T2,2022-07-30 13:06:00+00:00,-305.8788087663207,0.0653470669391422
T2,2022-07-31 18:28:00+00:00,-306.8788087663207,0.06436686093505507
T2,2022-08-01 14:27:00+00:00,-307.8788087663207,0.06377229196261631
T2,2022-08-02 00:51:00+00:00,-308.8788087663207,0.06313371710514283
T2,2022-08-02 17:37:00+00:00,-309.8788087663207,0.06243732385523974
T2,2022-08-03 06:20:00+00:00,-309.7699562002847,0.06248301515061549
T2,2022-08-03 09:00:00+00:00,-309.3825839108921,0.062719712814508
T2,2022-08-04 14:17:00+00:00,-310.3825839108921,0.06190759774565988
T2,2022-08-05 01:53:00+00:00,-310.24243960980164,0.06196804741088016
T2,2022-08-05 02:30:00+00:00,-309.9144220714319,0.06214926778330466
T2,2022-08-05 05:09:00+00:00,-310.9144220714319,0.06165792775589909
T2,2022-08-06 23:19:00+00:00,-311.9144220714319,0.06094744059851646
T2,2022-08-07 15:33:00+00:00,-312.9144220714319,0.06042565761428433
T2,2022-08-07 21:03:00+00:00,-312.9361005923501,0.060417976276735834
T2,2022-08-07 22:01:00+00:00,-313.9361005923501,0.059962982239181936
T2,2022-08-08 05:28:00+00:00,-313.8716809544375,0.05998771772737227
T2,2022-08-08 06:31:00+00:00,-313.55643294053647,0.06015317332999233
T2,2022-08-08 15:39:00+00:00,-314.55643294053647,0.05948140744277512
T2,2022-08-10 13:02:00+00:00,-313.9327519718573,0.0600378687699598
T2,2022-08-10 20:58:00+00:00,-313.7205872407012,0.06013473293062749
T2,2022-08-10 21:30:00+00:00,-313.3235939611039,0.060371917520548844
T2,2022-08-11 02:44:00+00:00,-314.3235939611039,0.05957400022078987
T2,2022-08-11 07:31:00+00:00,-314.12574835452995,0.059662029123173775
T2,2022-08-12 23:09:00+00:00,-314.0920633438698,0.059674489066659696
T2,2022-08-13 03:26:00+00:00,-313.775420004467,0.059840146799910836
T2,2022-08-13 06:47:00+00:00,-314.775420004467,0.059358610023234865
T2,2022-08-14 07:50:00+00:00,-314.37609845989056,0.05959501928649126
T2,2022-08-15 02:02:00+00:00,-314.0354274295205,0.05977949665307214
T2,2022-08-15 03:23:00+00:00,-315.0354274295205,0.058986148249709276
T2,2022-08-16 18:36:00+00:00,-316.0354274295205,0.05840781587227497
T2,2022-08-17 05:22:00+00:00,-316.0578747613889,0.05840013350921341
T2,2022-08-17 07:25:00+00:00,-317.0578747613889,0.057565545639282546
T2,2022-08-20 08:17:00+00:00,-318.0578747613889,0.057080961417517624
T2,2022-08-21 04:39:00+00:00,-319.0578747613889,0.05676898182018532
T2,2022-08-21 13:17:00+00:00,-320.0578747613889,0.05624117025413802
T2,2022-08-21 20:52:00+00:00,-319.92151032216566,0.0562943718969665
T2,2022-08-22 23:45:00+00:00,-319.74302667107355,0.05636764545632354
T2,2022-08-23 00:04:00+00:00,-319.5322485778933,0.05645783502579342
T2,2022-08-23 00:46:00+00:00,-320.5322485778933,0.05601956424316556
T2,2022-08-23 13:43:00+00:00,-321.5322485778933,0.05553763482513555
T2,2022-08-23 16:24:00+00:00,-322.5322485778933,0.05496488614516302
T2,2022-08-24 06:19:00+00:00,-323.5322485778933,0.05452633962888812
T2,2022-08-24 15:18:00+00:00,-323.28344843498985,0.05463453322427371
T2,2022-08-25 13:09:00+00:00,-324.28344843498985,0.05411375100374319
T2,2022-08-25 20:24:00+00:00,-325.28344843498985,0.053747957334231676
T2,2022-08-26 14:38:00+00:00,-326.28344843498985,0.0529417379742182
T2,2022-08-28 10:08:00+00:00,-327.28344843498985,0.0525628371856592
T2,2022-08-28 16:46:00+00:00,-328.28344843498985,0.052219567621727865
T2,2022-08-29 14:06:00+00:00,-327.8323355252319,0.0524766874627277
T2,2022-08-30 04:18:00+00:00,-327.9134578186483,0.052453097248216014
T2,2022-08-30 04:36:00+00:00,-327.61178335221206,0.05258885100248362
T2,2022-08-31 02:19:00+00:00,-327.1614036824285,0.05284702336651995
T2,2022-09-01 21:15:00+00:00,-326.7684730604243,0.05305194988391912
T2,2022-09-02 04:52:00+00:00,-327.7684730604243,0.05267276147081769
T2,2022-09-02 10:31:00+00:00,-328.7684730604243,0.05231776550647046
T2,2022-09-02 16:53:00+00:00,-329.7684730604243,0.0516668946189967
T2,2022-09-04 00:41:00+00:00,-330.7684730604243,0.05142763817326248
T2,2022-09-04 12:11:00+00:00,-331.7684730604243,0.05100729661470566
T2,2022-09-04 16:43:00+00:00,-331.85260023267483,0.05098358350840253
T2,2022-09-05 00:03:00+00:00,-331.6738235367613,0.051050077144023036
T2,2022-09-05 18:13:00+00:00,-332.6738235367613,0.05059397683856418
T2,2022-09-07 20:31:00+00:00,-332.26001607093514,0.050807948833845464
T2,2022-09-07 20:54:00+00:00,-331.74409195227656,0.05113236622565785
T2,2022-09-08 00:34:00+00:00,-332.74409195227656,0.050732402768427484
T2,2022-09-08 12:31:00+00:00,-333.74409195227656,0.05031482784413757
T2,2022-09-09 04:01:00+00:00,-333.0142512116161,0.050865655012437096
T2,2022-09-09 06:25:00+00:00,-332.2689106082614,0.0514343385823921
T2,2022-09-09 11:56:00+00:00,-333.2689106082614,0.050800064166412334
T2,2022-09-10 06:23:00+00:00,-334.2689106082614,0.050390671863778866
T2,2022-09-10 18:46:00+00:00,-333.93301768592687,0.05054336269978373
T2,2022-09-11 21:50:00+00:00,-334.93301768592687,0.04997722528507557
T2,2022-09-11 23:59:00+00:00,-334.5161292283859,0.05019128771611336
T2,2022-09-12 01:45:00+00:00,-333.9484705112425,0.050586098514645586
T2,2022-09-12 02:11:00+00:00,-334.9484705112425,0.0498273070369259
T2,2022-09-12 12:02:00+00:00,-335.9484705112425,0.049423182792397026
T2,2022-09-13 11:20:00+00:00,-335.7345532616749,0.04950375927951915
T2,2022-09-15 01:09:00+00:00,-336.7345532616749,0.048876745703946796
T2,2022-09-17 00:24:00+00:00,-336.9284919714277,0.048829180996382233
T2,2022-09-17 00:33:00+00:00,-336.70263849225637,0.04891452698995055
T2,2022-09-17 16:16:00+00:00,-336.43817404515505,0.04901989324996681
T2,2022-09-19 14:35:00+00:00,-335.7993385485082,0.049489627967715576
T2,2022-09-19 23:13:00+00:00,-336.7993385485082,0.04904867524862624
T2,2022-09-20 07:42:00+00:00,-337.7993385485082,0.04846006114485997
T2,2022-09-21 10:50:00+00:00,-337.6525303403823,0.04851001715061144
T2,2022-09-21 17:59:00+00:00,-337.1989275468767,0.048751284614046916
T2,2022-09-22 23:09:00+00:00,-336.7421630849835,0.048996863077191324
T2,2022-09-23 22:28:00+00:00,-336.36744563121863,0.049172775282107735
T2,2022-09-23 23:07:00+00:00,-335.86416873599177,0.049471256791208236
T2,2022-09-25 07:44:00+00:00,-336.86416873599177,0.04910473967617476
T2,2022-09-26 23:02:00+00:00,-337.86416873599177,0.04883223719566182
T2,2022-09-27 01:18:00+00:00,-337.4860621199422,0.049010108152566186
T2,2022-09-27 16:08:00+00:00,-338.4860621199422,0.04827495653027769
T2,2022-09-29 17:59:00+00:00,-339.4860621199422,0.04760875930679976
T2,2022-09-29 22:47:00+00:00,-340.4860621199422,0.0472069953801064
T2,2022-09-30 07:25:00+00:00,-340.42855788934105,0.04722425085145519
T2,2022-09-30 15:06:00+00:00,-339.81773555398064,0.04765693525931615
T2,2022-10-03 06:35:00+00:00,-340.81773555398064,0.04727897788745982
T2,2022-10-04 06:30:00+00:00,-340.37145580586844,0.04750726685843544
T2,2022-10-04 06:45:00+00:00,-340.14952304506426,0.047588449730542465
T2,2022-10-04 08:23:00+00:00,-341.14952304506426,0.04716492534146694
T2,2022-10-04 14:01:00+00:00,-340.83889154287834,0.04729225022706817
T2,2022-10-05 18:07:00+00:00,-341.83889154287834,0.04675475797107582
T2,2022-10-06 00:06:00+00:00,-341.5538177155559,0.046866449964786006
T2,2022-10-06 00:48:00+00:00,-341.287607222922,0.04696831281161495
T2,2022-10-06 13:01:00+00:00,-342.287607222922,0.046614794663352686
T2,2022-10-11 13:35:00+00:00,-343.287607222922,0.046232983671973836
T2,2022-10-12 06:47:00+00:00,-343.13779329576454,0.046281791581158985
T2,2022-10-12 22:10:00+00:00,-343.0326934132825,0.04631435559326358
T2,2022-10-13 18:54:00+00:00,-342.45475045677654,0.046694308287635676
T2,2022-10-14 01:40:00+00:00,-341.8274726639166,0.04713366282726253
T2,2022-10-14 01:46:00+00:00,-341.491989951887,0.04727622198863659
T2,2022-10-14 05:34:00+00:00,-342.491989951887,0.046767061660527784
T2,2022-10-14 10:07:00+00:00,-342.48897860081297,0.046767907935194857
T2,2022-10-16 19:31:00+00:00,-342.8095456318941,0.04669989266503323
T2,2022-10-16 21:52:00+00:00,-343.8095456318941,0.04615202775529556
T2,2022-10-17 10:09:00+00:00,-343.4021457518773,0.0463421137101574
T2,2022-10-17 11:13:00+00:00,-343.54210999944024,0.04630802568816942
T2,2022-10-17 13:37:00+00:00,-343.16300374962253,0.04647742045962476
T2,2022-10-17 22:37:00+00:00,-344.16300374962253,0.04613240424112233
T2,2022-10-18 06:06:00+00:00,-345.16300374962253,0.045876578996512436
T2,2022-10-18 07:16:00+00:00,-346.16300374962253,0.04557786957575159
T2,2022-10-20 06:38:00+00:00,-347.16300374962253,0.04527784227519016
T2,2022-10-20 12:44:00+00:00,-348.16300374962253,0.04499247687731567
T2,2022-10-22 17:43:00+00:00,-349.16300374962253,0.04472801918432878
T2,2022-10-23 00:12:00+00:00,-350.16300374962253,0.04455793306655566
T2,2022-10-23 14:33:00+00:00,-351.16300374962253,0.044371838131124317
T2,2022-10-23 17:35:00+00:00,-351.5145303761582,0.04430269626129126
T2,2022-10-24 10:16:00+00:00,-351.7621166574181,0.04425002348323979
T2,2022-10-25 13:13:00+00:00,-351.8863932103154,0.04422071929937453
T2,2022-10-25 13:34:00+00:00,-351.96326029500693,0.04420180874807709
T2,2022-10-25 15:09:00+00:00,-351.6933926623178,0.044299687701953604
T2,2022-10-26 07:29:00+00:00,-351.63803294183504,0.04431524120337459
T2,2022-10-26 08:36:00+00:00,-351.4672862750171,0.04436990731779573
T2,2022-10-26 14:12:00+00:00,-350.9780698810634,0.044624503949537014
T2,2022-10-28 14:12:00+00:00,-351.9780698810634,0.044104727822233035
T2,2022-10-29 03:21:00+00:00,-351.6054569760008,0.04426165838681566
T2,2022-10-29 08:26:00+00:00,-351.3247801744641,0.04436512737782997
T2,2022-10-30 08:27:00+00:00,-352.3247801744641,0.0440671942228555
T2,2022-10-31 10:03:00+00:00,-352.0084913864598,0.04418932540894808
T2,2022-11-01 06:15:00+00:00,-352.07709485384373,0.04417232940046653
T2,2022-11-01 07:26:00+00:00,-353.07709485384373,0.0439074422257748
T2,2022-11-02 17:53:00+00:00,-354.07709485384373,0.04364056481955434
T2,2022-11-02 19:28:00+00:00,-355.07709485384373,0.042985956347261024
T2,2022-11-04 05:23:00+00:00,-354.8806462841428,0.043048915933602536
T2,2022-11-04 06:10:00+00:00,-354.61059499216157,0.043144330836910626
T2,2022-11-04 12:05:00+00:00,-355.61059499216157,0.04278085634347002
T2,2022-11-06 05:47:00+00:00,-356.61059499216157,0.042253598169131275
T2,2022-11-06 11:18:00+00:00,-357.61059499216157,0.041988042728584196
T2,2022-11-08 17:27:00+00:00,-358.61059499216157,0.04135822208765543
T2,2022-11-10 08:24:00+00:00,-359.61059499216157,0.0407378487563406
T2,2022-11-11 06:17:00+00:00,-360.61059499216157,0.04019303392804963
T2,2022-11-11 08:13:00+00:00,-361.61059499216157,0.03972885801925416
T2,2022-11-11 13:02:00+00:00,-361.3038983688042,0.03983414916239359
T2,2022-11-12 16:53:00+00:00,-362.3038983688042,0.03949423426842087
T2,2022-11-21 02:12:00+00:00,-363.3038983688042,0.03890182075439456
T2,2022-11-22 15:53:00+00:00,-362.71757313606236,0.03923215192910111
T2,2022-11-22 21:00:00+00:00,-363.71757313606236,0.03887373919248175
T2,2022-11-23 07:34:00+00:00,-363.1012199293324,0.03923313849961482
T2,2022-11-23 19:03:00+00:00,-362.82368524517193,0.03932343135655845
T2,2022-11-23 19:25:00+00:00,-363.82368524517193,0.03875118446147943
T2,2022-11-24 08:04:00+00:00,-364.82368524517193,0.038341058859458765
T2,2022-11-26 01:21:00+00:00,-364.76415866880956,0.03835559765938157
T2,2022-11-26 06:02:00+00:00,-365.76415866880956,0.03817901700137529
T2,2022-11-26 11:01:00+00:00,-366.76415866880956,0.03796701913543739
T2,2022-11-27 05:37:00+00:00,-367.76415866880956,0.03777060703180359
T2,2022-11-27 19:41:00+00:00,-368.76415866880956,0.0376042090227661
T2,2022-11-27 22:31:00+00:00,-369.76415866880956,0.037416268220697484
T2,2022-11-29 01:46:00+00:00,-369.7425953385201,0.03742120841083657
T2,2022-11-29 04:03:00+00:00,-369.42850791368613,0.03752386803533418
T2,2022-11-30 00:39:00+00:00,-368.93947495687024,0.03773902376618851
T2,2022-11-30 02:20:00+00:00,-368.2676007485601,0.03811936191691811
T2,2022-11-30 22:58:00+00:00,-367.6165846767074,0.038491606675768335
T2,2022-12-02 13:14:00+00:00,-367.4412027954172,0.038540652040733904
T2,2022-12-02 20:59:00+00:00,-367.5193745407827,0.03852391105601327
T2,2022-12-04 02:03:00+00:00,-368.5193745407827,0.038247937132692665
T2,2022-12-04 11:23:00+00:00,-369.5193745407827,0.0379996862438159
T2,2022-12-04 16:30:00+00:00,-369.56827237124435,0.03798907328463223
T2,2022-12-05 00:41:00+00:00,-369.47173830764575,0.038013391269541355
T2,2022-12-05 02:47:00+00:00,-369.1818794410855,0.038106347524066816
T2,2022-12-05 14:00:00+00:00,-370.1818794410855,0.03755006696155488
T2,2022-12-06 23:13:00+00:00,-370.4110368198803,0.037508126119169316
T2,2022-12-07 05:27:00+00:00,-371.4110368198803,0.03721598381556265
T2,2022-12-08 18:27:00+00:00,-370.9514201943454,0.03740562092853292
T2,2022-12-08 18:36:00+00:00,-370.78471754888756,0.03745045203286712
T2,2022-12-09 13:30:00+00:00,-371.78471754888756,0.03690388691368331
T2,2022-12-11 19:34:00+00:00,-372.78471754888756,0.03666360989023409
T2,2022-12-12 20:58:00+00:00,-372.9617765018058,0.03663056875353194
T2,2022-12-12 21:07:00+00:00,-372.8881910011084,0.03664800008845929
T2,2022-12-13 00:21:00+00:00,-373.8881910011084,0.036421936143250795
T2,2022-12-14 18:36:00+00:00,-373.1206038924844,0.03684129127307111
T2,2022-12-14 18:58:00+00:00,-374.1206038924844,0.03647086112984271
T2,2022-12-16 08:50:00+00:00,-375.1206038924844,0.03620112743519321
T2,2022-12-17 21:35:00+00:00,-376.1206038924844,0.03603709897018346
T2,2022-12-18 00:13:00+00:00,-377.1206038924844,0.035819699049461314
T2,2022-12-18 04:13:00+00:00,-377.7251430324682,0.03573884605276484
T2,2022-12-18 05:16:00+00:00,-378.7251430324682,0.03556151241394354
T2,2022-12-19 03:02:00+00:00,-379.7251430324682,0.03528498250210607
T2,2022-12-20 14:46:00+00:00,-380.7251430324682,0.035088396294398944
T2,2022-12-21 14:59:00+00:00,-381.7251430324682,0.03456207034998296
T2,2022-12-23 04:17:00+00:00,-382.7251430324682,0.0343466514300627
T2,2022-12-24 07:28:00+00:00,-383.1759105423572,0.03428271634205132
T2,2022-12-25 16:04:00+00:00,-384.1759105423572,0.03406841772812047
T2,2022-12-26 01:47:00+00:00,-384.3755497769001,0.034034451503397796
T2,2022-12-26 04:02:00+00:00,-384.58807582364744,0.03399871270693718
T2,2022-12-26 13:12:00+00:00,-385.58807582364744,0.03385966275330785
T2,2022-12-26 23:45:00+00:00,-385.8112789602442,0.03382264718553131
T2,2022-12-28 15:36:00+00:00,-386.8112789602442,0.033530608418714
T2,2022-12-29 15:48:00+00:00,-387.8112789602442,0.03333778329331559
T2,2022-12-30 01:37:00+00:00,-388.8112789602442,0.03315434289928222
T2,2022-12-31 01:10:00+00:00,-389.8112789602442,0.032997808524347076
T2,2023-01-01 19:06:00+00:00,-390.3408730079959,0.0329293618914886
T2,2023-01-02 21:56:00+00:00,-390.87380958033435,0.03286077600858232
T2,2023-01-03 06:59:00+00:00,-391.87380958033435,0.03269474058423345
T2,2023-01-04 03:06:00+00:00,-391.9490243449127,0.03268103852448729
T2,2023-01-04 23:00:00+00:00,-392.9490243449127,0.0325560707788514
T2,2023-01-05 19:52:00+00:00,-393.29126113374883,0.03250633950104964
T2,2023-01-06 20:02:00+00:00,-393.54857273119677,0.03246648433835622
T2,2023-01-08 08:35:00+00:00,-394.54857273119677,0.0323508426450477
T2,2023-01-08 16:11:00+00:00,-395.54857273119677,0.032161703864943325
T2,2023-01-08 20:39:00+00:00,-396.10992096683685,0.032092429633883666
T2,2023-01-09 13:44:00+00:00,-395.74483366164054,0.03220298641835501
T2,2023-01-10 05:48:00+00:00,-396.34960634468,0.03213027964491784
T2,2023-01-10 14:08:00+00:00,-396.5072574103859,0.03210406561321372
T2,2023-01-10 20:18:00+00:00,-396.4669374267334,0.03211214640673919
T2,2023-01-11 01:22:00+00:00,-397.4669374267334,0.03195229861892779
T2,2023-01-11 18:09:00+00:00,-397.74527931912525,0.03191061804019183
T2,2023-01-11 20:00:00+00:00,-397.54530747962076,0.03195840384040403
T2,2023-01-12 00:59:00+00:00,-397.0480563747915,0.03214777323562272
T2,2023-01-13 20:39:00+00:00,-396.22655484598147,0.03254391490853626
T2,2023-01-13 21:37:00+00:00,-395.8393284286211,0.032667121748723466
T2,2023-01-14 00:12:00+00:00,-395.0880333393733,0.033035261470968635
T2,2023-01-14 00:38:00+00:00,-394.39665512975927,0.03337785936991758
T2,2023-01-14 09:20:00+00:00,-395.39665512975927,0.032877191479368816
T2,2023-01-14 22:44:00+00:00,-395.3954808667149,0.03287742304305794
T2,2023-01-15 11:07:00+00:00,-396.3954808667149,0.03262634034148798
T2,2023-01-15 15:52:00+00:00,-396.2827307050373,0.032651179660580176
T2,2023-01-16 08:08:00+00:00,-397.2827307050373,0.032161411965671474
T2,2023-01-16 17:25:00+00:00,-396.7678312932919,0.03236592725523843
T2,2023-01-16 19:05:00+00:00,-396.53820162924086,0.032423725755904194
T2,2023-01-17 06:08:00+00:00,-397.53820162924086,0.032218443388853525
T2,2023-01-17 13:07:00+00:00,-398.53820162924086,0.031991175562523545
T2,2023-01-17 14:23:00+00:00,-398.3451420098402,0.03203702988448143
T2,2023-01-18 09:07:00+00:00,-399.3451420098402,0.031646234551170584
T2,2023-01-18 14:21:00+00:00,-398.929395822923,0.0317811460110379
T2,2023-01-20 02:33:00+00:00,-398.9245438432317,0.03178207433791525
T2,2023-01-20 12:33:00+00:00,-399.13886786864697,0.03174846820126497
T2,2023-01-20 16:31:00+00:00,-398.89755681016294,0.031808965547856755
T2,2023-01-21 10:04:00+00:00,-398.3250878678421,0.03206413805851847
T2,2023-01-21 10:26:00+00:00,-399.3250878678421,0.031686189336881596
T2,2023-01-21 15:58:00+00:00,-400.3250878678421,0.03139800290873875
T2,2023-01-22 15:06:00+00:00,-400.1224695485669,0.03144580144088644
T2,2023-01-23 13:51:00+00:00,-401.1224695485669,0.031168219022282697
T2,2023-01-23 18:22:00+00:00,-400.73012145575996,0.031288786103556565
T2,2023-01-23 18:58:00+00:00,-401.73012145575996,0.03106496094347198
T2,2023-01-24 03:22:00+00:00,-402.73012145575996,0.030857090169819922
T2,2023-01-24 13:34:00+00:00,-403.73012145575996,0.030635952751299104
T2,2023-01-24 20:43:00+00:00,-404.73012145575996,0.03042419756900328
T2,2023-01-25 21:32:00+00:00,-404.32080433896937,0.0305505037874718
T2,2023-01-25 22:48:00+00:00,-405.32080433896937,0.030116833212549113
T2,2023-01-27 13:29:00+00:00,-406.32080433896937,0.029883275461230305
T2,2023-01-27 20:17:00+00:00,-407.32080433896937,0.029644443624066045
T2,2023-01-29 01:06:00+00:00,-407.11881314144915,0.029689397603832955
T2,2023-01-29 02:06:00+00:00,-408.11881314144915,0.029272925706149745
T2,2023-01-29 10:00:00+00:00,-408.37376815548856,0.02923729687214852
T2,2023-01-31 08:32:00+00:00,-409.37376815548856,0.029054549852821097
T2,2023-01-31 14:01:00+00:00,-409.03924108798793,0.02914205127242929
T2,2023-01-31 15:37:00+00:00,-408.76456332262734,0.029208168207408496
T2,2023-02-01 19:03:00+00:00,-409.76456332262734,0.028959829943761926
T2,2023-02-01 20:28:00+00:00,-409.23780891505,0.02915294569042118
T2,2023-02-02 00:40:00+00:00,-408.79986218553296,0.029289035727294965
T2,2023-02-02 02:37:00+00:00,-409.79986218553296,0.028849700191385542
T2,2023-02-04 14:25:00+00:00,-410.79986218553296,0.028651481162707288
T2,2023-02-06 22:06:00+00:00,-411.79986218553296,0.02836180857150265
T2,2023-02-07 18:24:00+00:00,-412.79986218553296,0.027985832906017208
T2,2023-02-08 01:12:00+00:00,-412.7110572483947,0.02800217335818279
T2,2023-02-11 12:44:00+00:00,-413.7110572483947,0.02786008927919699
T2,2023-02-12 14:40:00+00:00,-413.380705457873,0.027942429596613968
T2,2023-02-12 16:34:00+00:00,-413.29826496121075,0.027957470385211316
T2,2023-02-12 19:16:00+00:00,-414.29826496121075,0.027726656560868295
T2,2023-02-13 23:36:00+00:00,-414.0825812490409,0.02777233630877791
T2,2023-02-14 01:30:00+00:00,-415.0825812490409,0.027574638047795398
T2,2023-02-14 15:37:00+00:00,-416.0825812490409,0.02720729910913547
T2,2023-02-15 00:00:00+00:00,-417.0825812490409,0.027065996168284187
T2,2023-02-15 11:04:00+00:00,-417.24007726282986,0.02704393268092617
T2,2023-02-15 12:10:00+00:00,-416.80775067329205,0.027167323634497056
T2,2023-02-15 18:43:00+00:00,-416.3219694533535,0.02732108234346503
T2,2023-02-16 13:59:00+00:00,-417.3219694533535,0.026930985692557446
T2,2023-02-16 16:33:00+00:00,-416.84282267588105,0.027079410175693257
T2,2023-02-17 14:50:00+00:00,-417.84282267588105,0.026749817459273954
T2,2023-02-17 21:58:00+00:00,-418.84282267588105,0.026348570197384846
T2,2023-02-18 14:06:00+00:00,-419.84282267588105,0.026183859699720514
T2,2023-02-19 01:24:00+00:00,-420.84282267588105,0.02605228530635826
T2,2023-02-19 05:15:00+00:00,-421.02746130614634,0.026027958640792572
T2,2023-02-19 05:21:00+00:00,-421.21895728988903,0.026002897128451337
T2,2023-02-21 08:25:00+00:00,-420.60474464194766,0.026242466752942534
T2,2023-02-21 08:30:00+00:00,-421.60474464194766,0.02610366481498206
T2,2023-02-22 22:59:00+00:00,-421.2976202076742,0.02617298515551363
T2,2023-02-23 00:20:00+00:00,-420.94504587413724,0.026258376552758634
T2,2023-02-23 02:32:00+00:00,-421.0299487603992,0.026246065376714606
T2,2023-02-23 02:46:00+00:00,-420.78774475529735,0.02629632199950951
T2,2023-02-23 05:34:00+00:00,-421.78774475529735,0.026074172076989498
T2,2023-02-25 22:53:00+00:00,-421.77052991355333,0.026076908322440688
T2,2023-02-26 14:17:00+00:00,-422.77052991355333,0.02595013640947831
T2,2023-02-26 20:33:00+00:00,-422.37833440898766,0.026050454308608813
T2,2023-02-28 19:24:00+00:00,-423.37833440898766,0.02577827895936237
T2,2023-03-01 04:48:00+00:00,-423.05409998642506,0.025852378762384068
T2,2023-03-01 19:49:00+00:00,-424.05409998642506,0.02549451569220053
T2,2023-03-02 00:22:00+00:00,-423.84043334487114,0.025536018441782802
T2,2023-03-02 00:55:00+00:00,-424.84043334487114,0.025325711367706144
T2,2023-03-02 20:46:00+00:00,-424.58298407053536,0.025378316398373218
T2,2023-03-02 20:54:00+00:00,-425.58298407053536,0.025212154956846314
T2,2023-03-04 14:00:00+00:00,-426.58298407053536,0.025099339141107208
T2,2023-03-05 01:16:00+00:00,-426.6260828459453,0.025093126133839384
T2,2023-03-05 13:41:00+00:00,-426.66957809124136,0.025086859906321077
T2,2023-03-05 21:41:00+00:00,-427.66957809124136,0.024904960253426454
T2,2023-03-06 13:55:00+00:00,-428.66957809124136,0.024789736490917712
T2,2023-03-06 16:34:00+00:00,-429.66957809124136,0.02463053979959021
T2,2023-03-10 14:08:00+00:00,-430.66957809124136,0.024261081702596356
T2,2023-03-11 00:29:00+00:00,-430.29351923246327,0.02434868540095593
T2,2023-03-11 01:16:00+00:00,-430.1588978816578,0.024371377954367897
T2,2023-03-11 01:41:00+00:00,-429.7784611461239,0.02446103345743673
T2,2023-03-11 20:32:00+00:00,-429.8328042405826,0.02445348014779721
T2,2023-03-12 18:36:00+00:00,-429.1398565974102,0.024707654869333913
T2,2023-03-12 19:19:00+00:00,-430.1398565974102,0.024409951728805765
T2,2023-03-12 22:18:00+00:00,-429.52972358819335,0.024633351488352783
T2,2023-03-13 14:08:00+00:00,-428.92885407470754,0.024855372937217752
T2,2023-03-14 10:57:00+00:00,-428.57813187868913,0.024935809417583023
T2,2023-03-14 11:18:00+00:00,-428.15377591489926,0.02504593794961924
T2,2023-03-14 18:08:00+00:00,-429.15377591489926,0.024670248880374952
T2,2023-03-15 03:29:00+00:00,-430.15377591489926,0.02430019514716933
T2,2023-03-15 22:34:00+00:00,-431.15377591489926,0.02407787247994145
T2,2023-03-16 09:07:00+00:00,-432.15377591489926,0.023865752368083522
T2,2023-03-17 01:29:00+00:00,-431.50781902128176,0.0240969960770365
T2,2023-03-17 06:34:00+00:00,-430.9183911908596,0.024304250647669456
T2,2023-03-17 06:55:00+00:00,-430.46343067387403,0.024425793118281944
T2,2023-03-17 10:03:00+00:00,-429.9479878954688,0.024581455669210578
T2,2023-03-18 01:19:00+00:00,-430.9479878954688,0.024328244713712786
T2,2023-03-18 07:48:00+00:00,-431.9479878954688,0.024084219670789043
T2,2023-03-18 22:56:00+00:00,-432.9479878954688,0.023722956375727206
T2,2023-03-19 04:20:00+00:00,-433.9479878954688,0.023558849247923033
T2,2023-03-19 12:29:00+00:00,-434.9479878954688,0.023341636925333715
T2,2023-03-19 16:33:00+00:00,-434.4569590952901,0.02347654723723023
T2,2023-03-20 07:41:00+00:00,-434.1259199432682,0.023546147834168075
T2,2023-03-20 10:14:00+00:00,-435.1259199432682,0.023242829222649232
T2,2023-03-21 16:36:00+00:00,-434.503437669295,0.023459852960470505
T2,2023-03-22 13:16:00+00:00,-434.5797893101846,0.02344988308890927
T2,2023-03-22 13:44:00+00:00,-435.5797893101846,0.02329047349928065
T2,2023-03-23 15:15:00+00:00,-434.8618050486627,0.023541306400518793
T2,2023-03-24 08:06:00+00:00,-435.8618050486627,0.02344118909108032
T2,2023-03-26 04:09:00+00:00,-436.8618050486627,0.023276970921785437
T2,2023-03-26 12:00:00+00:00,-436.42218883298307,0.023386370258197443
T2,2023-03-26 13:38:00+00:00,-436.009210423316,0.0234849383102806
T2,2023-03-27 11:11:00+00:00,-436.0388297107989,0.023480890804840053
T2,2023-03-28 12:22:00+00:00,-437.0388297107989,0.02328460139821121
T2,2023-03-29 04:32:00+00:00,-436.5327804372493,0.023427516480920237
T2,2023-03-29 06:27:00+00:00,-436.07885491544266,0.02354418644228252
T2,2023-03-29 08:18:00+00:00,-435.4417622011498,0.023769183886977487
T2,2023-03-29 10:14:00+00:00,-436.4417622011498,0.023541852769816882
T2,2023-03-30 03:06:00+00:00,-437.4417622011498,0.02319124901736734
T2,2023-03-31 01:43:00+00:00,-438.4417622011498,0.023003888136719587
T2,2023-03-31 13:34:00+00:00,-437.878835888751,0.023181388078028085
T2,2023-03-31 14:59:00+00:00,-438.878835888751,0.023017289440692725
T2,2023-04-01 02:01:00+00:00,-438.80043867097345,0.02302901979506006
T2,2023-04-02 00:49:00+00:00,-439.80043867097345,0.022849362730686204
T2,2023-04-02 04:39:00+00:00,-440.80043867097345,0.022728756000920464
T2,2023-04-02 10:02:00+00:00,-441.80043867097345,0.022634295292043482
T2,2023-04-03 08:17:00+00:00,-441.5011296754479,0.02269221952411516
T2,2023-04-04 10:16:00+00:00,-441.10318102813,0.02278208038036776
T2,2023-04-04 11:36:00+00:00,-442.10318102813,0.022609358604993426
T2,2023-04-04 18:05:00+00:00,-441.9715023911969,0.022629899679528713
T2,2023-04-05 00:34:00+00:00,-441.6576858982859,0.022691903463997725
T2,2023-04-05 00:57:00+00:00,-441.18477153133216,0.022813878888014137
T2,2023-04-08 00:18:00+00:00,-442.18477153133216,0.022682913580709667
T2,2023-04-08 03:28:00+00:00,-442.4379827558363,0.02265545629546218
T2,2023-04-08 05:55:00+00:00,-442.8509091586926,0.022615789601483142
T2,2023-04-09 00:48:00+00:00,-443.2137995381729,0.022579712938110775
T2,2023-04-09 02:33:00+00:00,-444.2137995381729,0.022488851931830228
T2,2023-04-09 19:17:00+00:00,-443.9420064248017,0.022539138388115436
T2,2023-04-10 07:36:00+00:00,-444.9420064248017,0.022416492723160004
T2,2023-04-10 09:01:00+00:00,-445.9420064248017,0.022288049851617503
T2,2023-04-10 16:08:00+00:00,-446.9420064248017,0.02212762359448968
T2,2023-04-11 03:04:00+00:00,-447.9420064248017,0.021795709240572333
T2,2023-04-11 13:56:00+00:00,-448.0535417919275,0.021782606552535194
T2,2023-04-11 14:35:00+00:00,-449.0535417919275,0.0216242663398828
T2,2023-04-12 00:23:00+00:00,-449.24089054535455,0.021603824783041077
T2,2023-04-13 01:07:00+00:00,-450.24089054535455,0.02149601783715752
T2,2023-04-13 14:52:00+00:00,-449.816733917335,0.021590877151052647
T2,2023-04-14 15:04:00+00:00,-450.816733917335,0.021267013993786856
T2,2023-04-16 07:35:00+00:00,-451.18486352546114,0.02123273089235726
T2,2023-04-16 17:33:00+00:00,-452.18486352546114,0.021127305675743068
T2,2023-04-16 19:58:00+00:00,-453.18486352546114,0.020937796954772596
T2,2023-04-18 06:17:00+00:00,-453.4453268270572,0.02091187621455921
T2,2023-04-18 09:47:00+00:00,-453.1245562894571,0.020971042054693953
T2,2023-04-18 11:32:00+00:00,-452.9556145649697,0.020996582327721603
T2,2023-04-19 06:09:00+00:00,-453.9556145649697,0.02087841649463694
T2,2023-04-21 13:50:00+00:00,-454.9556145649697,0.0207061841261274
T2,2023-04-22 16:08:00+00:00,-454.76537839422656,0.020735327167530106
T2,2023-04-22 22:39:00+00:00,-454.46191924603414,0.02078944801815485
T2,2023-04-23 00:33:00+00:00,-455.46191924603414,0.02061469093495234
T2,2023-04-23 09:46:00+00:00,-456.46191924603414,0.02047712267579575
T2,2023-04-23 13:13:00+00:00,-457.46191924603414,0.020318315278516134
T2,2023-04-23 17:31:00+00:00,-458.46191924603414,0.020155920899258144
T2,2023-04-24 06:52:00+00:00,-459.46191924603414,0.019898853575841327
T2,2023-04-24 14:36:00+00:00,-460.46191924603414,0.019717470879441226
T2,2023-04-25 00:23:00+00:00,-461.46191924603414,0.01961637841926644
T2,2023-04-25 18:39:00+00:00,-461.10010788192363,0.01968300569371634
T2,2023-04-25 20:38:00+00:00,-460.71633716787113,0.019756443719642566
T2,2023-04-26 01:13:00+00:00,-461.71633716787113,0.019573033676591307
T2,2023-04-26 03:13:00+00:00,-462.71633716787113,0.01947318475133485
T2,2023-04-26 05:15:00+00:00,-462.98880353821556,0.019448204105787195
T2,2023-04-27 00:26:00+00:00,-462.3154978568363,0.01964462290054294
T2,2023-04-27 11:35:00+00:00,-463.3154978568363,0.019518353626462797
T2,2023-04-27 17:34:00+00:00,-463.2868461872799,0.019521802825035798
T2,2023-04-29 02:41:00+00:00,-463.74373999407123,0.019485124678944463
T2,2023-04-29 03:38:00+00:00,-464.74373999407123,0.019400782360965707
T2,2023-04-29 04:35:00+00:00,-465.74373999407123,0.01930985958152939
T2,2023-04-30 08:31:00+00:00,-466.102239649897,0.019279330874868758
T2,2023-04-30 10:36:00+00:00,-467.102239649897,0.019186463875020505
T2,2023-04-30 15:01:00+00:00,-467.03987993419605,0.019194108618002286
T2,2023-05-02 14:26:00+00:00,-466.66768851974257,0.019262280789565604
T2,2023-05-03 12:49:00+00:00,-467.66768851974257,0.01897526969679874
T2,2023-05-03 17:57:00+00:00,-468.66768851974257,0.018800619524733338
T2,2023-05-03 21:42:00+00:00,-468.28248402343536,0.01887119160276097
T2,2023-05-03 22:26:00+00:00,-467.7522448506269,0.018998804454727417
T2,2023-05-04 02:00:00+00:00,-468.01264882720244,0.018975288414199418
T2,2023-05-04 06:21:00+00:00,-469.01264882720244,0.018868256755993497
T2,2023-05-04 10:35:00+00:00,-468.9172109647644,0.0188801832873849
T2,2023-05-05 02:01:00+00:00,-468.3933398241978,0.019004636540820144
T2,2023-05-05 14:46:00+00:00,-467.96772759039146,0.019089002756648835
T2,2023-05-05 15:08:00+00:00,-468.96772759039146,0.018901105877056384
T2,2023-05-06 00:36:00+00:00,-468.90906476992836,0.01890816263177547
T2,2023-05-07 01:54:00+00:00,-469.90906476992836,0.018727926680236172
T2,2023-05-07 08:31:00+00:00,-470.90906476992836,0.018647722429182237
T2,2023-05-09 13:38:00+00:00,-471.90906476992836,0.018484872105598776
T2,2023-05-09 18:53:00+00:00,-472.90906476992836,0.018328038567975793
T2,2023-05-10 01:23:00+00:00,-472.9449404308009,0.018324235725368565
T2,2023-05-10 04:22:00+00:00,-473.9449404308009,0.018242970240881617
T2,2023-05-10 12:23:00+00:00,-474.9449404308009,0.018145160915595093
T2,2023-05-12 21:11:00+00:00,-474.68319966169867,0.01818370195227918
T2,2023-05-13 18:49:00+00:00,-474.210080379388,0.018281524896010738
T2,2023-05-13 18:57:00+00:00,-475.210080379388,0.0181129081182825
T2,2023-05-14 15:05:00+00:00,-475.0368839942934,0.01813563944167212
T2,2023-05-14 15:06:00+00:00,-475.0506846219616,0.01813416040399931
T2,2023-05-15 01:53:00+00:00,-474.59704993070767,0.018224363340518895
T2,2023-05-15 06:21:00+00:00,-474.1991969463093,0.018296502740750266
T2,2023-05-15 13:52:00+00:00,-475.1991969463093,0.018207270088687822
T2,2023-05-16 08:08:00+00:00,-476.1991969463093,0.01806518642016724
T2,2023-05-17 01:38:00+00:00,-476.2418252704542,0.01806076144061549
T2,2023-05-17 18:31:00+00:00,-476.083453687332,0.01808112215461409
T2,2023-05-17 19:11:00+00:00,-475.8332599912992,0.018117267529682506
T2,2023-05-18 07:49:00+00:00,-475.78188191716293,0.018123146177459987
T2,2023-05-18 10:58:00+00:00,-476.78188191716293,0.017997432343820962
T2,2023-05-18 14:44:00+00:00,-477.78188191716293,0.01785558940445337
T2,2023-05-19 15:21:00+00:00,-477.3520940749397,0.01793621852517333
T2,2023-05-20 08:54:00+00:00,-477.94889662539714,0.017896056979466262
T2,2023-05-20 13:07:00+00:00,-478.94889662539714,0.017821375323606503
T2,2023-05-20 15:15:00+00:00,-479.94889662539714,0.017754784117084393
T2,2023-05-22 11:18:00+00:00,-480.94889662539714,0.01763252783675902
T2,2023-05-22 14:09:00+00:00,-481.94889662539714,0.01746535395082588
T2,2023-05-22 22:21:00+00:00,-482.94889662539714,0.017364043314326522
T2,2023-05-23 00:51:00+00:00,-483.94889662539714,0.017281643627356832
T2,2023-05-23 03:20:00+00:00,-483.50822342703424,0.01736321469234264
T2,2023-05-23 13:50:00+00:00,-484.50822342703424,0.017174705273435602
T2,2023-05-25 12:05:00+00:00,-484.5872114386439,0.017167172863718005
T2,2023-05-25 13:37:00+00:00,-485.5872114386439,0.017038772570877544
T2,2023-05-25 19:10:00+00:00,-485.61334630206034,0.01703617268564275
T2,2023-05-26 00:39:00+00:00,-486.61334630206034,0.016961745963125923
T2,2023-05-26 07:54:00+00:00,-486.8958100265609,0.016939364512769606
T2,2023-05-26 08:42:00+00:00,-487.8958100265609,0.016844937273684437
T2,2023-05-27 03:38:00+00:00,-488.2029041554867,0.01682122713317236
T2,2023-05-27 13:55:00+00:00,-489.2029041554867,0.01673328269107412
T2,2023-05-27 18:33:00+00:00,-489.4525197995255,0.016713257504335752
T2,2023-05-28 11:16:00+00:00,-488.97203606471464,0.016805863845536048
T2,2023-05-28 16:12:00+00:00,-489.29840816910746,0.016781089135911385
T2,2023-05-28 18:22:00+00:00,-489.00364226312166,0.01682310992213412
T2,2023-05-29 00:18:00+00:00,-488.83109156148515,0.016844127453300602
T2,2023-05-29 00:59:00+00:00,-489.83109156148515,0.016670846095946577
T2,2023-05-29 10:18:00+00:00,-490.0987341125866,0.016649759033986838
T2,2023-05-31 23:43:00+00:00,-490.27837568965606,0.01663456878752257
T2,2023-06-01 00:33:00+00:00,-491.27837568965606,0.01651712781864262
T2,2023-06-01 14:18:00+00:00,-492.27837568965606,0.016434844228819925
T2,2023-06-01 19:31:00+00:00,-493.27837568965606,0.016209513065777892
T2,2023-06-02 05:21:00+00:00,-493.2178704524394,0.01621576722096331
T2,2023-06-02 06:52:00+00:00,-494.2178704524394,0.016112603021873645
T2,2023-06-02 09:06:00+00:00,-495.2178704524394,0.01604653876138709
T2,2023-06-03 03:28:00+00:00,-496.2178704524394,0.015979944992754094
T2,2023-06-03 10:50:00+00:00,-497.2178704524394,0.01591893131849049
T2,2023-06-03 15:57:00+00:00,-497.3981403911381,0.01590436479363835
T2,2023-06-04 06:42:00+00:00,-498.0136509752711,0.01586806182620731
T2,2023-06-04 09:11:00+00:00,-498.2907143287004,0.015847436985279233
T2,2023-06-04 09:41:00+00:00,-498.68137968886674,0.015820765857442083
T2,2023-06-06 16:57:00+00:00,-498.33198544543404,0.01587166675339535
T2,2023-06-06 17:27:00+00:00,-497.9693277805085,0.015925772913084613
T2,2023-06-06 19:51:00+00:00,-497.39447836504996,0.016054779507984517
T2,2023-06-07 14:15:00+00:00,-498.39447836504996,0.015877415555579845
T2,2023-06-08 09:37:00+00:00,-499.39447836504996,0.015759060809201947
T2,2023-06-08 12:38:00+00:00,-499.3555281965481,0.01576288723983925
T2,2023-06-08 16:48:00+00:00,-500.3555281965481,0.01560073316536544
T2,2023-06-09 06:54:00+00:00,-501.3555281965481,0.01550850958415655
T2,2023-06-09 13:18:00+00:00,-501.24170067566183,0.015520443944904452
T2,2023-06-11 07:42:00+00:00,-502.24170067566183,0.015441441425020422
T2,2023-06-11 12:32:00+00:00,-503.24170067566183,0.015368794198882164
T2,2023-06-11 16:41:00+00:00,-503.37098079103174,0.015358253487427781
T2,2023-06-12 13:25:00+00:00,-504.37098079103174,0.01522360952342388
T2,2023-06-12 16:46:00+00:00,-505.37098079103174,0.015152989085080743
T2,2023-06-12 22:31:00+00:00,-506.37098079103174,0.015076409650974744
T2,2023-06-13 11:19:00+00:00,-507.37098079103174,0.01500779715824706
T2,2023-06-14 10:33:00+00:00,-508.37098079103174,0.014940713888449315
T2,2023-06-14 18:00:00+00:00,-509.37098079103174,0.014857672191663373
T2,2023-06-15 18:05:00+00:00,-510.37098079103174,0.014756473886658638
T2,2023-06-15 20:59:00+00:00,-509.9099319003796,0.014832101480779732
T2,2023-06-16 14:46:00+00:00,-510.9099319003796,0.014643643868592581
T2,2023-06-16 17:30:00+00:00,-510.2141855779804,0.014796467789114033
T2,2023-06-16 18:06:00+00:00,-509.7583628444028,0.014870720740325676
T2,2023-06-17 04:46:00+00:00,-510.12884832500635,0.014846636727396608
T2,2023-06-17 05:41:00+00:00,-510.30548827007107,0.014833283892005927
T2,2023-06-17 15:37:00+00:00,-511.30548827007107,0.01473128386687324
T2,2023-06-18 04:52:00+00:00,-512.305488270071,0.014670077876404045
T2,2023-06-18 05:52:00+00:00,-513.305488270071,0.014577344941793654
T2,2023-06-18 08:03:00+00:00,-514.305488270071,0.014498989981715555
T2,2023-06-19 14:18:00+00:00,-515.305488270071,0.01438992819560517
T2,2023-06-19 18:01:00+00:00,-514.8091626029317,0.014474880589591345
T2,2023-06-19 18:52:00+00:00,-515.8091626029317,0.014309723612910849
T2,2023-06-20 01:07:00+00:00,-515.5451412896224,0.01434047785826694
T2,2023-06-20 11:56:00+00:00,-515.5064603707583,0.01434393480687085
T2,2023-06-20 12:28:00+00:00,-516.5064603707583,0.014259801371320562
T2,2023-06-21 01:11:00+00:00,-515.9044023036258,0.014388579798090209
T2,2023-06-21 14:59:00+00:00,-515.160647748413,0.014549103374608312
T2,2023-06-21 16:29:00+00:00,-514.5807858927785,0.014669404236167615
T2,2023-06-22 02:48:00+00:00,-514.2169497221189,0.01471966735762565
T2,2023-06-22 03:12:00+00:00,-515.2169497221189,0.014611603029162304
T2,2023-06-22 11:03:00+00:00,-516.2169497221189,0.014512033575349165
T2,2023-06-23 10:26:00+00:00,-517.2169497221189,0.014370405765142709
T2,2023-06-23 14:49:00+00:00,-516.8644082675935,0.014417283577443655
T2,2023-06-23 15:16:00+00:00,-516.447230261398,0.014479109270385022
T2,2023-06-24 06:22:00+00:00,-517.447230261398,0.014386908682096243
T2,2023-06-24 12:50:00+00:00,-518.447230261398,0.014305588263788853
T2,2023-06-24 20:49:00+00:00,-519.447230261398,0.0141947914168879
T2,2023-06-25 03:53:00+00:00,-519.6945964712868,0.014177926838246513
T2,2023-06-25 04:17:00+00:00,-519.6709467709045,0.014179984304828749
T2,2023-06-25 04:53:00+00:00,-520.6709467709045,0.014094342878156581
T2,2023-06-26 07:15:00+00:00,-520.584962067007,0.014102286391854025
T2,2023-06-26 12:56:00+00:00,-521.584962067007,0.014035669074954809
T2,2023-06-26 13:40:00+00:00,-521.6730317206598,0.014028862904984776
T2,2023-06-27 00:33:00+00:00,-522.6730317206598,0.013963064062700798
T2,2023-06-27 10:06:00+00:00,-522.4381399463983,0.013988745879744427
T2,2023-06-27 11:50:00+00:00,-522.1989878947162,0.014015088265057955
T2,2023-06-28 14:59:00+00:00,-523.1989878947162,0.013916719838599111
T2,2023-06-29 05:20:00+00:00,-523.6661016504415,0.01389017403774496
T2,2023-06-29 08:29:00+00:00,-523.6100255264464,0.013895117699892122
T2,2023-06-29 10:35:00+00:00,-523.4024140400709,0.013916928696796468
T2,2023-06-30 02:13:00+00:00,-523.6858768259231,0.013898514352782011
T2,2023-06-30 02:38:00+00:00,-523.6010824285073,0.013906229015578003
T2,2023-06-30 04:36:00+00:00,-523.293321169994,0.013943268719403138
T2,2023-07-01 10:42:00+00:00,-524.293321169994,0.013890380569596697
T2,2023-07-02 02:18:00+00:00,-525.293321169994,0.013817347372725181
T2,2023-07-02 03:38:00+00:00,-526.293321169994,0.01374469730709635
T2,2023-07-02 15:23:00+00:00,-527.293321169994,0.013660551644856328
T2,2023-07-03 04:10:00+00:00,-528.293321169994,0.013596713205034592
T2,2023-07-03 07:52:00+00:00,-529.293321169994,0.013525892749360627
T2,2023-07-03 15:01:00+00:00,-529.2595833294024,0.013527978359545568
T2,2023-07-04 04:12:00+00:00,-530.2595833294024,0.013440396540226968
T2,2023-07-04 13:53:00+00:00,-531.2595833294024,0.013379079838170741
T2,2023-07-06 07:38:00+00:00,-530.5934849499864,0.013439118659987273
T2,2023-07-06 08:49:00+00:00,-529.8688007958079,0.013507745363320596
T2,2023-07-06 11:52:00+00:00,-530.8688007958079,0.013342414140116856
T2,2023-07-08 05:05:00+00:00,-531.8688007958079,0.013275447085443802
T2,2023-07-08 18:12:00+00:00,-532.8688007958079,0.013208583753088091
T2,2023-07-09 01:01:00+00:00,-532.8946032293817,0.01320707189449237
T2,2023-07-09 01:36:00+00:00,-533.8946032293817,0.013139793289898625
T2,2023-07-09 12:52:00+00:00,-534.1997530787495,0.013124162034125132
T2,2023-07-10 18:35:00+00:00,-533.5035355184647,0.013187142050371237
T2,2023-07-10 18:56:00+00:00,-533.2391883092729,0.013205191081841582
T2,2023-07-10 19:51:00+00:00,-532.7112920478478,0.013247745651167618
T2,2023-07-11 15:28:00+00:00,-533.7112920478478,0.013163822963316574
T2,2023-07-12 04:10:00+00:00,-534.7112920478478,0.0130971057396396
T2,2023-07-12 10:54:00+00:00,-535.7112920478478,0.013004015748478898
T2,2023-07-12 12:34:00+00:00,-536.7112920478478,0.012927189525543207
T2,2023-07-13 10:36:00+00:00,-536.4700886663991,0.01294312126608257
T2,2023-07-13 10:56:00+00:00,-537.4700886663991,0.012882079755898992
T2,2023-07-13 18:08:00+00:00,-536.3328074166286,0.013034687286393915
T2,2023-07-14 01:12:00+00:00,-537.3328074166286,0.012937321690003506
T2,2023-07-14 15:49:00+00:00,-538.3328074166286,0.01285546269779441
T2,2023-07-16 09:40:00+00:00,-539.3328074166286,0.012806541056527024
T2,2023-07-16 23:24:00+00:00,-540.3328074166286,0.01274362516156164
T2,2023-07-17 08:42:00+00:00,-541.3328074166286,0.012694875191688262
T2,2023-07-17 13:39:00+00:00,-542.3328074166286,0.01262067982879422
T2,2023-07-18 06:18:00+00:00,-543.3328074166286,0.012491742467234808
T2,2023-07-19 08:48:00+00:00,-544.3328074166286,0.012411730946316634
T2,2023-07-19 21:03:00+00:00,-545.3328074166286,0.012330579413085916
T2,2023-07-20 07:27:00+00:00,-544.8862950966665,0.012362428754499862
T2,2023-07-20 12:32:00+00:00,-545.8862950966665,0.012282347143606275
T2,2023-07-21 05:27:00+00:00,-546.8862950966665,0.012206243169253325
T2,2023-07-21 18:38:00+00:00,-546.6631867364599,0.012220016160035131
T2,2023-07-21 19:07:00+00:00,-547.6631867364599,0.0121290891413096
T2,2023-07-22 11:18:00+00:00,-548.6631867364599,0.01205959934584942
T2,2023-07-23 17:56:00+00:00,-548.4139242750632,0.012075029137221792
T2,2023-07-23 18:50:00+00:00,-547.8754155192963,0.012115012201721086
T2,2023-07-26 00:25:00+00:00,-548.8754155192963,0.012028505151801022
T2,2023-07-26 04:38:00+00:00,-549.8754155192963,0.011945247353794342
T2,2023-07-26 06:43:00+00:00,-550.8754155192963,0.011893726446719544
T2,2023-07-26 14:04:00+00:00,-551.8754155192963,0.011823763070775059
T2,2023-07-27 06:44:00+00:00,-552.8754155192963,0.0117704213800357
T2,2023-07-28 14:18:00+00:00,-552.8292965698078,0.011772918070112218
T2,2023-07-28 14:30:00+00:00,-552.5726494489837,0.011788493016266097
T2,2023-07-29 05:45:00+00:00,-553.5726494489837,0.011744944557036572
T2,2023-07-29 12:43:00+00:00,-554.5726494489837,0.011701251571776311
T2,2023-07-29 18:10:00+00:00,-555.5726494489837,0.011660722137747591
T2,2023-07-30 15:55:00+00:00,-556.5726494489837,0.011577581397665501
T2,2023-07-30 18:46:00+00:00,-557.5726494489837,0.011533877616511428
T2,2023-07-31 00:44:00+00:00,-557.773582600143,0.011524414996052343
T2,2023-07-31 13:36:00+00:00,-558.773582600143,0.011473911710244122
T2,2023-08-01 01:23:00+00:00,-559.773582600143,0.011414910037144099
T2,2023-08-01 23:08:00+00:00,-559.0845555754801,0.011468824632349838
T2,2023-08-02 00:00:00+00:00,-558.1562237813152,0.011558104416067057
T2,2023-08-03 18:09:00+00:00,-559.1562237813152,0.01148088488382902
T2,2023-08-03 20:42:00+00:00,-560.1562237813152,0.011425893243309079
T2,2023-08-06 00:01:00+00:00,-561.1562237813152,0.011386473322496267
T2,2023-08-06 08:47:00+00:00,-561.7184047887713,0.011364021741229474
T2,2023-08-06 17:16:00+00:00,-562.7184047887713,0.01132169493994856
T2,2023-08-06 21:52:00+00:00,-563.7184047887713,0.011259387097374942
T2,2023-08-07 02:52:00+00:00,-563.6571291668118,0.011262585092123505
T2,2023-08-07 11:43:00+00:00,-564.6571291668118,0.011218986939436897
T2,2023-08-08 11:57:00+00:00,-563.7342466728728,0.011305369943890784
T2,2023-08-08 13:02:00+00:00,-563.2327940026198,0.011339366552969035
T2,2023-08-08 21:20:00+00:00,-562.3371036667329,0.011422017369597613
T2,2023-08-08 21:21:00+00:00,-561.9561300103896,0.01144617059787124
T2,2023-08-09 05:36:00+00:00,-562.9561300103896,0.011405388994316715
T2,2023-08-09 12:59:00+00:00,-562.3038956478468,0.011454990029128467
T2,2023-08-10 14:13:00+00:00,-563.3038956478468,0.011389908790523437
T2,2023-08-11 07:33:00+00:00,-564.3038956478468,0.01133530307801746
T2,2023-08-11 21:38:00+00:00,-565.3038956478468,0.01129193695851743
T2,2023-08-12 11:25:00+00:00,-566.3038956478468,0.0112542671550539
T2,2023-08-12 16:30:00+00:00,-566.8989124941954,0.011231077321070367
T2,2023-08-13 03:05:00+00:00,-567.8989124941954,0.011192741451589416
T2,2023-08-13 19:45:00+00:00,-568.3794672760876,0.011173255487793242
T2,2023-08-13 20:04:00+00:00,-569.3794672760876,0.011132366631010304
T2,2023-08-14 07:38:00+00:00,-569.9843831507961,0.011109134977635672
T2,2023-08-14 07:48:00+00:00,-570.9843831507961,0.011066996021823514
T2,2023-08-14 09:00:00+00:00,-571.9843831507961,0.011018116380491317
T2,2023-08-15 11:06:00+00:00,-572.9843831507961,0.01096766184724932
T2,2023-08-15 15:42:00+00:00,-573.9843831507961,0.010899739810185102
T2,2023-08-21 10:10:00+00:00,-574.9843831507961,0.010816016149967446
T2,2023-08-21 15:10:00+00:00,-575.9843831507961,0.010734897053142511
T2,2023-08-23 13:09:00+00:00,-576.9843831507961,0.010618916044429164
T2,2023-08-23 14:19:00+00:00,-577.9843831507961,0.010545377651809698
T2,2023-08-23 19:40:00+00:00,-576.8959098692991,0.010658539972746595
T2,2023-08-23 20:00:00+00:00,-577.8959098692991,0.010522544062223667
T2,2023-08-24 09:38:00+00:00,-578.8959098692991,0.010461698693040073
T2,2023-08-25 13:50:00+00:00,-579.8959098692991,0.010409894641097294
T2,2023-08-25 14:18:00+00:00,-580.8959098692991,0.010348788271966877
T2,2023-08-26 00:31:00+00:00,-581.3411332758046,0.010331855023359765
T2,2023-08-27 08:24:00+00:00,-582.3411332758046,0.010294646448479215
T2,2023-08-27 12:07:00+00:00,-583.3411332758046,0.010252935289334736
T2,2023-08-27 17:47:00+00:00,-584.3411332758046,0.01019717078294895
T2,2023-08-28 19:23:00+00:00,-585.3411332758046,0.010127927575990216
T2,2023-08-29 01:49:00+00:00,-586.3411332758046,0.01006981443612826
T2,2023-08-29 14:06:00+00:00,-585.9957340286728,0.010088704828361512
T2,2023-08-31 17:00:00+00:00,-586.9957340286728,0.009937374255936089
T2,2023-09-02 17:47:00+00:00,-587.9957340286728,0.009883517729244777
T2,2023-09-02 23:47:00+00:00,-588.9957340286728,0.009841571260299699
T2,2023-09-03 05:41:00+00:00,-589.9957340286728,0.009808294231190572
T2,2023-09-03 08:25:00+00:00,-590.9957340286728,0.009765769206308941
T2,2023-09-03 09:25:00+00:00,-591.3942981150661,0.009751186281664501
T2,2023-09-04 03:10:00+00:00,-591.3723876292767,0.009752156914229485
T2,2023-09-04 19:22:00+00:00,-592.3723876292767,0.009693910456731103
T2,2023-09-05 15:26:00+00:00,-593.3723876292767,0.009631804151104675
T2,2023-09-06 00:32:00+00:00,-594.3723876292767,0.009587195605570243
T2,2023-09-07 03:50:00+00:00,-594.4776091269244,0.009582889451047995
T2,2023-09-07 04:27:00+00:00,-595.4776091269244,0.009540202218573088
T2,2023-09-07 16:47:00+00:00,-595.4237174932723,0.009542576341753813
T2,2023-09-08 05:42:00+00:00,-596.4237174932723,0.00949933797127386
T2,2023-09-10 01:06:00+00:00,-597.4237174932723,0.009458003872906781
T2,2023-09-11 00:39:00+00:00,-598.4237174932723,0.00935943190678042
T2,2023-09-11 07:41:00+00:00,-599.4237174932723,0.009297530441455133
T2,2023-09-12 03:24:00+00:00,-598.2271816109612,0.009421958461013917
T2,2023-09-14 13:21:00+00:00,-596.7763733203914,0.009627000292743576
T2,2023-09-14 23:36:00+00:00,-597.7763733203914,0.009582617602665594
T2,2023-09-15 11:22:00+00:00,-598.7763733203914,0.009527995669406264
T2,2023-09-15 22:36:00+00:00,-598.5695904227583,0.009537869249071775
T2,2023-09-16 05:20:00+00:00,-599.5695904227583,0.0094536821574575
T2,2023-09-16 19:12:00+00:00,-600.5695904227583,0.009403437206075975
T2,2023-09-17 13:07:00+00:00,-601.5695904227583,0.009366542625064724
T2,2023-09-18 00:27:00+00:00,-602.5695904227583,0.009327001334216253
T2,2023-09-18 07:30:00+00:00,-602.0222374005893,0.009358583420325908
T2,2023-09-18 07:40:00+00:00,-603.0222374005893,0.009304689078770056
T2,2023-09-19 08:24:00+00:00,-603.26049207596,0.009295788358836727
T2,2023-09-19 09:27:00+00:00,-602.6417215813038,0.009333211592912944
T2,2023-09-19 10:13:00+00:00,-603.6417215813038,0.009263775653800465
T2,2023-09-20 02:35:00+00:00,-604.6417215813038,0.009214457030173312
T2,2023-09-20 14:16:00+00:00,-605.6417215813038,0.00915487595440219
T2,2023-09-21 05:28:00+00:00,-606.6417215813038,0.00911211194733718
T2,2023-09-22 06:11:00+00:00,-607.6417215813038,0.009075729036964776
T2,2023-09-22 09:24:00+00:00,-608.6417215813038,0.009026250290974083
T2,2023-09-23 17:07:00+00:00,-609.6417215813038,0.008992586657645336
T2,2023-09-23 18:19:00+00:00,-610.2684830199346,0.008973304412178756
T2,2023-09-24 09:01:00+00:00,-611.008708051039,0.008951521232296299
T2,2023-09-24 09:30:00+00:00,-612.008708051039,0.008918340972260453
T2,2023-09-24 11:19:00+00:00,-612.7546300243808,0.008896569859862398
T2,2023-09-25 16:19:00+00:00,-612.264426256703,0.008922527920344224
T2,2023-09-26 00:30:00+00:00,-613.264426256703,0.00888016297108415
T2,2023-09-26 06:35:00+00:00,-614.264426256703,0.008838707284829128
T2,2023-09-26 17:37:00+00:00,-615.264426256703,0.00879183067760467
T2,2023-09-26 20:47:00+00:00,-616.264426256703,0.008750158140594516
T2,2023-09-27 09:40:00+00:00,-616.5805111025546,0.00873942673891667
T2,2023-09-27 11:19:00+00:00,-616.1818354300846,0.008758979798288283
T2,2023-09-27 11:36:00+00:00,-615.7091352608132,0.008783341426883046
T2,2023-09-28 00:30:00+00:00,-615.2100239798413,0.008809589655292596
T2,2023-09-28 04:13:00+00:00,-616.2100239798413,0.008772562658847233
T2,2023-09-28 08:13:00+00:00,-617.2100239798413,0.008727073273885944
T2,2023-09-29 00:33:00+00:00,-618.2100239798413,0.008688921170320213
T2,2023-09-29 06:48:00+00:00,-618.1163618706141,0.008692757547064672
T2,2023-09-29 07:36:00+00:00,-617.9264902536581,0.008700951615303673
T2,2023-09-30 10:53:00+00:00,-618.3259315393873,0.008687934914683159
T2,2023-09-30 15:15:00+00:00,-618.5398000395791,0.008680392630351055
T2,2023-09-30 20:42:00+00:00,-618.9693457598613,0.008666601018412417
T2,2023-10-01 06:35:00+00:00,-618.8817657502524,0.008670167679604402
T2,2023-10-01 08:23:00+00:00,-619.8817657502524,0.008630512511545707
T2,2023-10-01 10:43:00+00:00,-620.8817657502524,0.008587015743294943
T2,2023-10-02 11:46:00+00:00,-621.8817657502524,0.008531223679802566
T2,2023-10-04 19:00:00+00:00,-621.1119801592665,0.008579196100767423
T2,2023-10-04 19:39:00+00:00,-622.1119801592665,0.008517168668501935
T2,2023-10-05 05:53:00+00:00,-623.1119801592665,0.008482525229676444
T2,2023-10-05 15:25:00+00:00,-624.1119801592665,0.008414787436553647
T2,2023-10-06 04:31:00+00:00,-625.1119801592665,0.008370950735236709
T2,2023-10-06 10:11:00+00:00,-625.2243655874431,0.008366948496725568
T2,2023-10-09 09:45:00+00:00,-626.2243655874431,0.00826894388793191
T2,2023-10-09 18:47:00+00:00,-627.2243655874431,0.008201520962418975
T2,2023-10-10 04:18:00+00:00,-628.2243655874431,0.008164622908384142
T2,2023-10-10 09:04:00+00:00,-629.2243655874431,0.008125880775314918
T2,2023-10-10 10:37:00+00:00,-630.2243655874431,0.008094407903843378
T2,2023-10-11 11:47:00+00:00,-631.2243655874431,0.008044506423501373
T2,2023-10-13 07:19:00+00:00,-631.1629717621634,0.008046795845460229
T2,2023-10-13 14:51:00+00:00,-632.1629717621634,0.007997590037949542
T2,2023-10-13 17:11:00+00:00,-633.1629717621634,0.007955967815222155
T2,2023-10-15 02:26:00+00:00,-634.1629717621634,0.007921842427500716
T2,2023-10-15 03:53:00+00:00,-635.1629717621634,0.007895569235307955
T2,2023-10-15 11:02:00+00:00,-636.1629717621634,0.007866799806363867
T2,2023-10-16 05:16:00+00:00,-636.0594345576844,0.007870659399674181
T2,2023-10-16 13:29:00+00:00,-634.4577937987641,0.008059748933085644
T2,2023-10-16 13:47:00+00:00,-635.4577937987641,0.007938852699089359
T2,2023-10-17 07:50:00+00:00,-634.9446201293412,0.007963476393021966
T2,2023-10-17 08:19:00+00:00,-635.9446201293412,0.007914712289875508
T2,2023-10-17 10:30:00+00:00,-636.9446201293412,0.007854119565515393
T2,2023-10-18 04:56:00+00:00,-636.5749776710768,0.007870122065681932
T2,2023-10-19 01:38:00+00:00,-637.5749776710768,0.0078260596161773
T2,2023-10-19 10:26:00+00:00,-638.5749776710768,0.00777486489610592
T2,2023-10-19 12:25:00+00:00,-639.5749776710768,0.007726979608940136
T2,2023-10-20 02:45:00+00:00,-639.042724230976,0.007752160350232062
T2,2023-10-20 08:27:00+00:00,-637.8281875308637,0.007859880966936635
T2,2023-10-20 12:51:00+00:00,-638.8281875308637,0.007760702849232696
T2,2023-10-21 05:05:00+00:00,-639.8281875308637,0.007726367359685092
T2,2023-10-21 10:01:00+00:00,-639.3097702758652,0.007750662545728936
T2,2023-10-21 14:33:00+00:00,-640.3097702758652,0.0077186947994317655
T2,2023-10-22 05:05:00+00:00,-640.4157569783491,0.007715203951232629
T2,2023-10-22 07:13:00+00:00,-641.4157569783491,0.007663852506175672
T2,2023-10-23 01:26:00+00:00,-640.5730440006581,0.0077140032150401034
T2,2023-10-23 02:07:00+00:00,-641.5730440006581,0.00761889771936055
T2,2023-10-23 07:54:00+00:00,-642.5730440006581,0.007517458592334207
T2,2023-10-24 11:36:00+00:00,-643.5730440006581,0.0074226476090947366
T2,2023-10-25 00:33:00+00:00,-644.5730440006581,0.007369723825904542
T2,2023-10-25 02:27:00+00:00,-645.5730440006581,0.007313521903104719
T2,2023-10-25 11:21:00+00:00,-646.5730440006581,0.007259331075453094
T2,2023-10-26 06:04:00+00:00,-647.5730440006581,0.007198116462265169
T2,2023-10-26 08:11:00+00:00,-648.5730440006581,0.0071469722102739195
T2,2023-10-28 11:21:00+00:00,-647.6675841796906,0.007200103567195507
T2,2023-10-28 22:22:00+00:00,-648.6675841796906,0.007167438673214154
T2,2023-10-29 08:54:00+00:00,-648.8133936185684,0.007163061942648253
T2,2023-10-29 10:36:00+00:00,-649.8133936185684,0.007118586385214117
T2,2023-10-29 12:05:00+00:00,-649.7233788197758,0.007121601258137505
T2,2023-10-30 12:24:00+00:00,-648.921234081016,0.007164457825931755
T2,2023-11-01 08:01:00+00:00,-649.921234081016,0.007131869034093141
T2,2023-11-01 12:51:00+00:00,-649.6520872403325,0.0071418351001081735
T2,2023-11-01 13:31:00+00:00,-650.6520872403325,0.007053952141145088
T2,2023-11-02 11:14:00+00:00,-651.6520872403325,0.007018957081633006
T2,2023-11-03 14:30:00+00:00,-651.1732357126564,0.007038813147167039
T2,2023-11-04 05:03:00+00:00,-652.1732357126564,0.007005624125824547
T2,2023-11-04 06:08:00+00:00,-651.6652438236093,0.007027059139519086
T2,2023-11-04 06:24:00+00:00,-652.6652438236093,0.0069676135050801835
T2,2023-11-04 19:53:00+00:00,-653.6652438236093,0.0069385529383732885
T2,2023-11-05 04:33:00+00:00,-654.6652438236093,0.006903106253447496
T2,2023-11-05 08:20:00+00:00,-655.6652438236093,0.006869777432786413
T2,2023-11-05 11:43:00+00:00,-656.6652438236093,0.006839928532779761
T2,2023-11-06 10:38:00+00:00,-656.2460217063035,0.006856229607539121
T2,2023-11-07 20:57:00+00:00,-654.9705451497415,0.006964696383201237
T2,2023-11-08 11:01:00+00:00,-654.6744372004083,0.00697557319258394
T2,2023-11-08 13:11:00+00:00,-655.6744372004083,0.00693994555865295
T2,2023-11-08 17:35:00+00:00,-656.6744372004083,0.006892837433354546
T2,2023-11-09 02:26:00+00:00,-655.750435167479,0.0069460299882870185
T2,2023-11-09 13:49:00+00:00,-654.8376136365729,0.0069984398514023015
T2,2023-11-09 14:11:00+00:00,-653.8862227095615,0.007055500666049861
T2,2023-11-10 11:31:00+00:00,-653.2392822794683,0.007085816292832465
T2,2023-11-10 20:08:00+00:00,-654.2392822794683,0.007013874679470621
T2,2023-11-11 15:26:00+00:00,-655.2392822794683,0.00697882622075841
T2,2023-11-11 20:04:00+00:00,-656.2392822794683,0.00694384563867025
T2,2023-11-12 00:36:00+00:00,-657.2392822794683,0.006891274325452082
T2,2023-11-12 09:37:00+00:00,-658.2392822794683,0.0068582931673238775
T2,2023-11-12 23:18:00+00:00,-659.2392822794683,0.00681973450103402
T2,2023-11-15 09:30:00+00:00,-658.9018099042336,0.006832174724001808
T2,2023-11-15 18:10:00+00:00,-657.9261525250776,0.006890654054735154
T2,2023-11-16 14:23:00+00:00,-658.9261525250776,0.006787294243914127
T2,2023-11-17 02:46:00+00:00,-659.9261525250776,0.0067400462971298584
T2,2023-11-18 16:03:00+00:00,-659.3795914399012,0.006762823277194716
T2,2023-11-18 19:18:00+00:00,-660.3795914399012,0.006729705707355197
T2,2023-11-19 11:10:00+00:00,-661.3795914399012,0.006685734633073224
T2,2023-11-19 18:23:00+00:00,-661.0800927970407,0.00669631640385283
T2,2023-11-19 20:01:00+00:00,-660.5386377610076,0.006718655720311945
T2,2023-11-20 11:43:00+00:00,-661.5386377610076,0.006681405702139253
T2,2023-11-20 13:39:00+00:00,-662.5386377610076,0.0066454260398812965
T2,2023-11-21 14:11:00+00:00,-663.5386377610076,0.006545744649283077
T2,2023-11-22 11:25:00+00:00,-664.5386377610076,0.006501937375308236
T2,2023-11-22 14:48:00+00:00,-665.5386377610076,0.006450328789358202
T2,2023-11-24 10:33:00+00:00,-664.1974586378503,0.006568331673759229
T2,2023-11-24 16:50:00+00:00,-665.1974586378503,0.006496771727651255
T2,2023-11-25 03:46:00+00:00,-666.1974586378503,0.00646792497946219
T2,2023-11-25 20:37:00+00:00,-667.1974586378503,0.006443436585164585
T2,2023-11-26 09:33:00+00:00,-668.1974586378503,0.006416782192096884
T2,2023-11-26 22:37:00+00:00,-669.1974586378503,0.006381353027433321
T2,2023-11-28 03:49:00+00:00,-670.1974586378503,0.006337663696420077
T2,2023-11-28 15:42:00+00:00,-669.9747518143873,0.006344800355960036
T2,2023-11-28 17:21:00+00:00,-668.8993707095927,0.00641111492281155
T2,2023-11-28 18:50:00+00:00,-669.8993707095927,0.006356948996317526
T2,2023-11-29 08:46:00+00:00,-669.5861749325096,0.0063675559649383085
T2,2023-11-29 09:52:00+00:00,-669.2042196225613,0.006381063812443789
T2,2023-11-30 03:55:00+00:00,-669.0266271110252,0.006386651904919664
T2,2023-11-30 04:51:00+00:00,-670.0266271110252,0.006356929719831939
T2,2023-12-01 01:36:00+00:00,-669.7153457253966,0.006367459871088385
T2,2023-12-01 03:06:00+00:00,-670.7153457253966,0.006333475765209657
T2,2023-12-01 07:15:00+00:00,-670.8054122366258,0.006331023108950906
T2,2023-12-02 14:51:00+00:00,-671.8054122366258,0.00630442308375412
T2,2023-12-02 18:38:00+00:00,-672.8054122366258,0.006276355323413509
T2,2023-12-04 01:15:00+00:00,-671.3993513271911,0.006408729391523121
T2,2023-12-04 01:47:00+00:00,-670.5115054283242,0.0064547058905697705
T2,2023-12-04 06:22:00+00:00,-669.471677463759,0.006517523331074449
T2,2023-12-04 21:13:00+00:00,-670.471677463759,0.006477959504558664
T2,2023-12-05 13:19:00+00:00,-671.471677463759,0.006442823937964982
T2,2023-12-05 16:40:00+00:00,-670.7017633432242,0.0064790627918820875
T2,2023-12-05 17:28:00+00:00,-669.3910249415333,0.006589785186197602
T2,2023-12-07 04:46:00+00:00,-670.3910249415333,0.006559166211751383
T2,2023-12-08 06:27:00+00:00,-671.3910249415333,0.006532963104859812
T2,2023-12-08 17:08:00+00:00,-672.3910249415333,0.006486337231337619
T2,2023-12-08 21:20:00+00:00,-671.9089997146123,0.0065048467905649615
T2,2023-12-09 06:35:00+00:00,-672.9089997146123,0.0064719588813805596
T2,2023-12-10 08:23:00+00:00,-673.9089997146123,0.006434033771616133
T2,2023-12-10 21:28:00+00:00,-674.9089997146123,0.006400245328194068
T2,2023-12-12 04:59:00+00:00,-675.9089997146123,0.0063320033533873455
T2,2023-12-12 11:36:00+00:00,-676.9089997146123,0.006284533060439698
T2,2023-12-13 00:22:00+00:00,-677.9089997146123,0.006229401287809466
T2,2023-12-13 15:01:00+00:00,-677.3247359464626,0.006252504068519929
T2,2023-12-13 19:36:00+00:00,-676.0019641284212,0.006362251719431408
T2,2023-12-14 13:29:00+00:00,-677.0019641284212,0.0062797593611379
T2,2023-12-14 18:57:00+00:00,-678.0019641284212,0.0062079074526624565
T2,2023-12-16 03:46:00+00:00,-677.961378753482,0.0062090629788439
T2,2023-12-16 08:25:00+00:00,-678.961378753482,0.006181680120429155
T2,2023-12-16 12:13:00+00:00,-679.961378753482,0.0061555766680134755
T2,2023-12-17 17:54:00+00:00,-680.961378753482,0.006093678887856373
T2,2023-12-18 14:35:00+00:00,-680.2524138463514,0.0061237505612024845
T2,2023-12-18 21:06:00+00:00,-679.4981717408964,0.006157069100725234
T2,2023-12-19 01:49:00+00:00,-678.4047027226758,0.006223809561078503
T2,2023-12-19 04:43:00+00:00,-679.4047027226758,0.006173470502712723
T2,2023-12-19 08:07:00+00:00,-679.0803643202995,0.0061842087344681825
T2,2023-12-19 11:19:00+00:00,-680.0803643202995,0.006146081483276748
T2,2023-12-20 13:18:00+00:00,-679.0089768600617,0.006209805283544208
T2,2023-12-20 13:46:00+00:00,-678.2541916368415,0.006243631112225738
T2,2023-12-20 15:14:00+00:00,-677.2547748077682,0.006299674197909813
T2,2023-12-21 08:55:00+00:00,-678.2547748077682,0.0062567337484319705
T2,2023-12-21 14:16:00+00:00,-679.2547748077682,0.0062164191424949776
T2,2023-12-21 23:38:00+00:00,-680.2547748077682,0.006169173865096022
T2,2023-12-22 01:36:00+00:00,-679.6651149770886,0.006192352935617519
T2,2023-12-22 01:52:00+00:00,-680.6651149770886,0.006151979476974751
T2,2023-12-22 19:10:00+00:00,-681.6651149770886,0.006113243747603976
T2,2023-12-24 05:36:00+00:00,-682.6651149770886,0.0060736852178517415
T2,2023-12-24 16:00:00+00:00,-683.6651149770886,0.006044681520770494
T2,2023-12-26 05:11:00+00:00,-684.6651149770886,0.0059820723941561025
T2,2023-12-27 10:28:00+00:00,-684.130360986186,0.006001691828899458
T2,2023-12-27 12:43:00+00:00,-685.130360986186,0.005948658687697022
T2,2023-12-28 00:33:00+00:00,-684.3475057512886,0.005983042150655314
T2,2023-12-28 04:41:00+00:00,-685.3475057512886,0.005952701831764481
T2,2023-12-29 13:19:00+00:00,-686.3475057512886,0.0059135425457403894
T2,2023-12-29 15:09:00+00:00,-687.3475057512886,0.005878563352877459
T2,2023-12-30 12:41:00+00:00,-688.3475057512886,0.0058465686141531
T2,2023-12-30 14:06:00+00:00,-687.9243384263415,0.005860668607414963
T2,2023-12-30 17:12:00+00:00,-688.9243384263415,0.005819500399119113
T2,2023-12-31 01:31:00+00:00,-689.9243384263415,0.005779869135039787
T2,2023-12-31 07:29:00+00:00,-689.6242003692349,0.005789040136454767
T2,2023-12-31 08:23:00+00:00,-690.6242003692349,0.005741943322787749
T2,2024-01-01 19:29:00+00:00,-689.7421847212444,0.005782652357589076
T2,2024-01-01 20:01:00+00:00,-689.1387376437294,0.0058051066934059
T2,2024-01-01 21:42:00+00:00,-690.1387376437294,0.005763905809621587
T2,2024-01-02 00:57:00+00:00,-689.2346698230465,0.005806635086816006
T2,2024-01-02 22:23:00+00:00,-690.2346698230465,0.005766660958518706
T2,2024-01-03 02:17:00+00:00,-691.2346698230465,0.005734758212538777
T2,2024-01-04 19:28:00+00:00,-690.100206244642,0.005802306082857677
T2,2024-01-04 19:37:00+00:00,-691.100206244642,0.005754742396158954
T2,2024-01-06 01:21:00+00:00,-692.100206244642,0.005701448089158668
T2,2024-01-06 18:46:00+00:00,-691.6190805265326,0.0057176778924923006
T2,2024-01-06 18:54:00+00:00,-692.6190805265326,0.005688149632623839
T2,2024-01-07 00:50:00+00:00,-692.3511438181805,0.005696056979879431
T2,2024-01-07 15:27:00+00:00,-693.3511438181805,0.005660336398337498
T2,2024-01-08 12:29:00+00:00,-694.3511438181805,0.005604587792548878
T2,2024-01-08 18:38:00+00:00,-693.1525442547407,0.0056799163335703165
T2,2024-01-09 12:56:00+00:00,-694.1525442547407,0.005594717588566761
T2,2024-01-09 21:17:00+00:00,-695.1525442547407,0.0055107968247382596
T2,2024-01-10 18:03:00+00:00,-694.089926218812,0.005566936038804344
T2,2024-01-10 23:25:00+00:00,-695.089926218812,0.0055016359096784935
T2,2024-01-11 11:10:00+00:00,-694.4775126705922,0.0055234565717753445
T2,2024-01-11 13:29:00+00:00,-695.4775126705922,0.005486773243578855
T2,2024-01-11 14:45:00+00:00,-694.200538358776,0.005573856925831742
T2,2024-01-15 14:28:00+00:00,-695.200538358776,0.005534572062917598
T2,2024-01-15 21:24:00+00:00,-696.200538358776,0.005491505164019474
T2,2024-01-16 06:00:00+00:00,-697.200538358776,0.005452606359801255
T2,2024-01-16 09:05:00+00:00,-698.200538358776,0.005424944094374903
T2,2024-01-16 13:31:00+00:00,-699.200538358776,0.005390089628871564
T2,2024-01-17 20:55:00+00:00,-700.200538358776,0.005355275983568615
T2,2024-01-18 05:41:00+00:00,-700.5006542211988,0.0053489966662041925
T2,2024-01-18 10:28:00+00:00,-701.5006542211988,0.005322004919683289
T2,2024-01-19 20:53:00+00:00,-702.5006542211988,0.0052789772996241395
T2,2024-01-20 05:44:00+00:00,-703.5006542211988,0.0052565813484138834
T2,2024-01-20 14:18:00+00:00,-704.5006542211988,0.005225776309882002
T2,2024-01-20 22:22:00+00:00,-705.5006542211988,0.0052021451709668735
T2,2024-01-21 04:01:00+00:00,-706.5006542211988,0.005179273330436527
T2,2024-01-21 22:22:00+00:00,-707.5006542211988,0.005152673439106952
T2,2024-01-22 13:42:00+00:00,-708.5006542211988,0.005099480311993857
T2,2024-01-23 18:33:00+00:00,-709.5006542211988,0.005050130611556929
T2,2024-01-24 00:52:00+00:00,-708.6493543085039,0.005083763942773976
T2,2024-01-24 06:14:00+00:00,-709.6493543085039,0.005056584336470131
T2,2024-01-24 10:41:00+00:00,-708.912787143194,0.005083075973111357
T2,2024-01-24 11:14:00+00:00,-709.912787143194,0.005032844767656391
T2,2024-01-25 08:12:00+00:00,-709.6412229069958,0.005039950751325978
T2,2024-01-25 12:14:00+00:00,-710.6412229069958,0.005005164033542747
T2,2024-01-26 06:53:00+00:00,-711.6412229069958,0.004977134675174243
T2,2024-01-26 09:45:00+00:00,-711.635591521165,0.00497726096855358
T2,2024-01-26 09:56:00+00:00,-712.635591521165,0.004942886104012062
T2,2024-01-27 01:51:00+00:00,-713.635591521165,0.004918159635771125
T2,2024-01-27 13:01:00+00:00,-714.635591521165,0.004896512618638004
T2,2024-01-27 15:42:00+00:00,-715.0382572030586,0.004889138171119668
T2,2024-01-28 15:43:00+00:00,-716.0382572030586,0.004850539050095759
T2,2024-01-29 16:20:00+00:00,-714.9577238757975,0.0049017642330882166
T2,2024-01-30 13:16:00+00:00,-715.9577238757975,0.004854616125196795
T2,2024-01-30 22:30:00+00:00,-716.9577238757975,0.004827097649023097
T2,2024-01-31 20:05:00+00:00,-717.9577238757975,0.004779906252286196
T2,2024-02-01 15:29:00+00:00,-717.0388183022121,0.004816416768661321
T2,2024-02-02 00:19:00+00:00,-716.2466030615325,0.0048448070075431905
T2,2024-02-02 01:02:00+00:00,-717.2466030615325,0.004808897111503753
T2,2024-02-02 08:16:00+00:00,-718.2466030615325,0.0047849350011307905
T2,2024-02-02 12:05:00+00:00,-719.2466030615325,0.004758425602727356
T2,2024-02-03 01:37:00+00:00,-720.2466030615325,0.004726878605075329
T2,2024-02-03 06:35:00+00:00,-721.2466030615325,0.004706648090812368
T2,2024-02-03 18:31:00+00:00,-722.2466030615325,0.004682539916773784
T2,2024-02-04 14:40:00+00:00,-723.2466030615325,0.004662156446981817
T2,2024-02-04 22:25:00+00:00,-724.2466030615325,0.004623503477751937
T2,2024-02-05 07:36:00+00:00,-724.3358856451257,0.004621727931079636
T2,2024-02-05 09:35:00+00:00,-725.3358856451257,0.004591643278115263
T2,2024-02-05 15:02:00+00:00,-726.3358856451257,0.004554459298994403
T2,2024-02-06 15:20:00+00:00,-725.6536316330071,0.004575649865148685
T2,2024-02-06 16:47:00+00:00,-726.6536316330071,0.004543523976375342
T2,2024-02-07 10:52:00+00:00,-727.6536316330071,0.004512485571087981
T2,2024-02-07 14:54:00+00:00,-728.6536316330071,0.00448548104068959
T2,2024-02-07 17:39:00+00:00,-728.0744474792878,0.004501912617579684
T2,2024-02-08 00:25:00+00:00,-727.8377057225704,0.004507344462260016
T2,2024-02-08 10:23:00+00:00,-728.8377057225704,0.004480080879006909
T2,2024-02-08 11:31:00+00:00,-729.8377057225704,0.004450884540244215
T2,2024-02-09 09:00:00+00:00,-728.5946493416209,0.004516569352424705
T2,2024-02-09 11:54:00+00:00,-727.5944194415774,0.004557176240729373
T2,2024-02-09 14:20:00+00:00,-728.5944194415774,0.0045167170284672875
T2,2024-02-10 04:21:00+00:00,-729.5944194415774,0.0044960057879043745
T2,2024-02-10 13:17:00+00:00,-730.5944194415774,0.004476018181152754
T2,2024-02-10 16:45:00+00:00,-731.5944194415774,0.0044527320932247665
T2,2024-02-11 03:13:00+00:00,-731.6448728211626,0.004451747496769473
T2,2024-02-11 05:49:00+00:00,-732.6448728211626,0.004409798378267235
T2,2024-02-11 18:23:00+00:00,-733.6448728211626,0.004375329084853362
T2,2024-02-12 00:25:00+00:00,-733.4368358438484,0.004379893798660027
T2,2024-02-12 01:09:00+00:00,-734.4368358438484,0.0043488528846622135
T2,2024-02-12 14:34:00+00:00,-734.2484591864519,0.004352916618299948
T2,2024-02-13 09:56:00+00:00,-734.057846325985,0.0043570375212496956
T2,2024-02-13 23:46:00+00:00,-733.9306519386156,0.004359696763391659
T2,2024-02-14 07:26:00+00:00,-733.8141885214883,0.004362119259516387
T2,2024-02-14 08:54:00+00:00,-733.2293325637726,0.004378320085039359
T2,2024-02-14 09:10:00+00:00,-731.982537596565,0.004443450024512018
T2,2024-02-15 00:23:00+00:00,-731.8150482337801,0.004447099684153022
T2,2024-02-15 01:22:00+00:00,-732.8150482337801,0.004395022680711891
T2,2024-02-15 15:31:00+00:00,-733.8150482337801,0.00435806592112796
T2,2024-02-16 04:48:00+00:00,-734.8150482337801,0.004333342564028817
T2,2024-02-16 13:59:00+00:00,-734.3827608449349,0.004344080491735711
T2,2024-02-17 05:10:00+00:00,-735.3827608449349,0.004327832441330145
T2,2024-02-17 21:23:00+00:00,-735.1242016058482,0.0043336069246677844
T2,2024-02-18 01:56:00+00:00,-736.1242016058482,0.0042816175198741695
T2,2024-02-18 05:39:00+00:00,-737.1242016058482,0.004261740848200345
T2,2024-02-18 10:32:00+00:00,-738.1242016058482,0.004233769507372786
T2,2024-02-18 16:23:00+00:00,-739.1242016058482,0.004204261560240107
T2,2024-02-19 08:39:00+00:00,-740.1242016058482,0.004182190442759569
T2,2024-02-20 08:18:00+00:00,-741.1242016058482,0.004151281641618316
T2,2024-02-20 13:36:00+00:00,-740.356639982415,0.004174515512813062
T2,2024-02-20 14:08:00+00:00,-741.356639982415,0.004130671910575138
T2,2024-02-21 23:46:00+00:00,-740.9627138266594,0.004139776520605866
T2,2024-02-22 04:34:00+00:00,-741.9627138266594,0.0041167445180457785
T2,2024-02-22 22:28:00+00:00,-742.9627138266594,0.0040798618139750295
T2,2024-02-24 06:37:00+00:00,-743.9627138266594,0.0040609559656544355
T2,2024-02-24 14:06:00+00:00,-744.9627138266594,0.0040440811916527515
T2,2024-02-24 17:10:00+00:00,-745.1192847522382,0.004041442682662663
T2,2024-02-25 02:06:00+00:00,-744.9052202425513,0.00404579586306726
T2,2024-02-25 02:32:00+00:00,-745.9052202425513,0.004024805157609531
T2,2024-02-25 08:54:00+00:00,-746.9052202425513,0.00400672656044446
T2,2024-02-26 01:11:00+00:00,-747.9052202425513,0.0039832786791708
T2,2024-02-26 13:48:00+00:00,-748.9052202425513,0.003958660273033076
T2,2024-02-26 15:07:00+00:00,-748.4644521114176,0.003968716592356525
T2,2024-02-27 02:07:00+00:00,-747.1875286520822,0.004031699400487752
T2,2024-02-27 10:37:00+00:00,-748.1875286520822,0.004001904915697596
T2,2024-02-27 20:38:00+00:00,-749.1875286520822,0.003969109919348214
T2,2024-02-28 07:15:00+00:00,-748.9442619852128,0.0039740491718450455
T2,2024-02-28 07:35:00+00:00,-748.6513760643184,0.003980176350263696
T2,2024-02-28 08:02:00+00:00,-747.7522144007947,0.004009391484800342
T2,2024-02-29 05:19:00+00:00,-748.7522144007947,0.003970113679341811
T2,2024-02-29 08:25:00+00:00,-749.7522144007947,0.003931860936016066
T2,2024-02-29 16:28:00+00:00,-750.7522144007947,0.0038902728129794127
T2,2024-03-01 12:58:00+00:00,-751.7522144007947,0.003862068390440826
T2,2024-03-02 06:53:00+00:00,-752.7522144007947,0.0038374059290547133
T2,2024-03-03 12:09:00+00:00,-752.78155881507,0.003836907275675987
T2,2024-03-03 16:53:00+00:00,-751.947305134791,0.0038615828188330345
T2,2024-03-03 17:34:00+00:00,-752.947305134791,0.003831617411473275
T2,2024-03-04 00:32:00+00:00,-752.4500235413716,0.003843011989729344
T2,2024-03-04 07:40:00+00:00,-752.1991577103119,0.003847965139582391
T2,2024-03-04 07:53:00+00:00,-753.1991577103119,0.003819656695715879
T2,2024-03-05 15:05:00+00:00,-754.1991577103119,0.0037653770628650186
T2,2024-03-06 05:22:00+00:00,-753.0925247793423,0.00380729244808067
T2,2024-03-06 09:56:00+00:00,-754.0925247793423,0.003762688675486584
T2,2024-03-06 18:48:00+00:00,-755.0925247793423,0.0037271475028383258
T2,2024-03-07 14:43:00+00:00,-756.0925247793423,0.0036844404963615254
T2,2024-03-08 07:55:00+00:00,-757.0925247793423,0.0036641720225596332
T2,2024-03-08 15:28:00+00:00,-756.038185560627,0.003700884371842322
T2,2024-03-08 15:32:00+00:00,-757.038185560627,0.003645371106264687
T2,2024-03-09 09:07:00+00:00,-758.038185560627,0.003628557447527626
T2,2024-03-10 04:10:00+00:00,-757.0367763663658,0.003661257568071963
T2,2024-03-10 05:49:00+00:00,-758.0367763663658,0.003631410867108851
T2,2024-03-10 09:49:00+00:00,-759.0367763663658,0.00361059944720314
T2,2024-03-11 07:07:00+00:00,-758.1499435541937,0.003636448938879517
T2,2024-03-12 14:06:00+00:00,-756.6408880057637,0.0037187629905964933
T2,2024-03-13 03:33:00+00:00,-757.6408880057637,0.003697614915543269
T2,2024-03-13 07:09:00+00:00,-757.4123344461066,0.0037019021080277126
T2,2024-03-13 20:33:00+00:00,-758.4123344461066,0.003673539332319519
T2,2024-03-15 02:22:00+00:00,-759.4123344461066,0.0036426370641339362
T2,2024-03-15 19:50:00+00:00,-760.4123344461066,0.003594995485123987
T2,2024-03-15 23:37:00+00:00,-759.3335546259411,0.0036328274640687283
T2,2024-03-17 12:46:00+00:00,-760.3335546259411,0.003597814332277109
T2,2024-03-18 17:08:00+00:00,-761.3335546259411,0.0035438471172929524
T2,2024-03-20 13:30:00+00:00,-762.3335546259411,0.003501193676013094
T2,2024-03-20 20:31:00+00:00,-760.7714530362799,0.0035832319791182744
T2,2024-03-21 09:11:00+00:00,-761.7714530362799,0.0035462654092567932
T2,2024-03-23 09:14:00+00:00,-762.7714530362799,0.0035164147548302754
T2,2024-03-23 12:36:00+00:00,-763.7714530362799,0.0034976958567964444
T2,2024-03-23 14:30:00+00:00,-762.8920442068649,0.0035223628950335323
T2,2024-03-25 05:32:00+00:00,-761.6271476967335,0.003576829705786776
T2,2024-03-25 07:46:00+00:00,-762.6271476967335,0.003554833983836903
T2,2024-03-25 14:00:00+00:00,-761.6077890936942,0.003588040814859314
T2,2024-03-25 15:00:00+00:00,-760.2862927640695,0.0036508412240531057
T2,2024-03-26 00:51:00+00:00,-761.2862927640695,0.003623893821540749
T2,2024-03-26 07:22:00+00:00,-760.5631331924882,0.00364233821241029
T2,2024-03-26 07:51:00+00:00,-761.5631331924882,0.0036042873302695195
T2,2024-03-27 04:53:00+00:00,-762.5631331924882,0.0035814636214997727
T2,2024-03-27 13:45:00+00:00,-763.5631331924882,0.0035331798536545602
T2,2024-03-28 02:32:00+00:00,-764.5631331924882,0.0035060229334262206
T2,2024-03-28 08:33:00+00:00,-763.8104129908011,0.003525037033490939
T2,2024-03-28 13:38:00+00:00,-764.8104129908011,0.0034960543910137467
T2,2024-03-28 15:28:00+00:00,-765.8104129908011,0.003460154220426022
T2,2024-03-30 02:05:00+00:00,-766.8104129908011,0.0034422788089809113
T2,2024-03-30 05:00:00+00:00,-766.8831457451585,0.003441193323281391
T2,2024-03-30 18:08:00+00:00,-767.8831457451585,0.003417502120673558
T2,2024-03-31 01:18:00+00:00,-768.8831457451585,0.0034013394686281746
T2,2024-03-31 05:22:00+00:00,-768.9788310386476,0.0033999438702851676
T2,2024-03-31 13:14:00+00:00,-768.4695024207961,0.003410383359527182
T2,2024-04-01 14:04:00+00:00,-769.4695024207961,0.003385018894432381
T2,2024-04-02 00:32:00+00:00,-770.4695024207961,0.0033589896677112606
T2,2024-04-03 07:55:00+00:00,-771.4695024207961,0.0033380151324346936
T2,2024-04-03 10:29:00+00:00,-772.4695024207961,0.003313028128138081
T2,2024-04-03 15:35:00+00:00,-773.4695024207961,0.00326333270621601
T2,2024-04-04 13:05:00+00:00,-772.5704966717404,0.0032872785480945015
T2,2024-04-04 16:24:00+00:00,-771.5938333794676,0.003315472383301524
T2,2024-04-04 17:57:00+00:00,-770.7957820018419,0.00333525490730392
T2,2024-04-05 19:59:00+00:00,-771.7957820018419,0.003311919481464106
T2,2024-04-06 08:07:00+00:00,-772.7957820018419,0.0032956806047164935
T2,2024-04-06 17:48:00+00:00,-773.7957820018419,0.003271990513530103
T2,2024-04-06 22:51:00+00:00,-773.3884161930051,0.003279511449904088
T2,2024-04-07 03:08:00+00:00,-774.3884161930051,0.003253993437195993
T2,2024-04-07 14:52:00+00:00,-774.013199155156,0.0032607464131916702
T2,2024-04-07 15:36:00+00:00,-775.013199155156,0.0032394429780362908
T2,2024-04-08 01:46:00+00:00,-776.013199155156,0.0032183518947570566
T2,2024-04-08 07:22:00+00:00,-775.6463070887639,0.003224849424845265
T2,2024-04-08 07:35:00+00:00,-775.1029631236457,0.0032356592486594235
T2,2024-04-10 21:28:00+00:00,-776.1029631236457,0.0032141151665277387
T2,2024-04-11 11:57:00+00:00,-777.1029631236457,0.0031834502254745453
T2,2024-04-11 13:42:00+00:00,-778.1029631236457,0.003135698472092427
T2,2024-04-12 03:25:00+00:00,-777.7412046118108,0.0031419209945352114
T2,2024-04-12 07:37:00+00:00,-778.7412046118108,0.0031205376464010378
T2,2024-04-15 17:26:00+00:00,-779.7412046118108,0.003073729581705022
T2,2024-04-17 05:15:00+00:00,-778.7327203180913,0.0031018244199832222
T2,2024-04-18 04:19:00+00:00,-779.7327203180913,0.003075019483705684
T2,2024-04-18 11:21:00+00:00,-778.8668356002426,0.0030961175223292534
T2,2024-04-18 12:06:00+00:00,-779.8668356002426,0.0030692152646006887
T2,2024-04-19 11:40:00+00:00,-778.3174819522192,0.003140544762602359
T2,2024-04-19 12:54:00+00:00,-779.3174819522192,0.0031083058203395897
T2,2024-04-20 06:12:00+00:00,-780.3174819522192,0.003089162934450053
T2,2024-04-20 17:17:00+00:00,-779.2493278674893,0.003120984530180769
T2,2024-04-21 03:10:00+00:00,-778.5844286346874,0.003134952225122615
T2,2024-04-21 11:17:00+00:00,-778.2591188019245,0.003140424715237812
T2,2024-04-21 22:00:00+00:00,-779.2591188019245,0.0031140216474515817
T2,2024-04-22 01:29:00+00:00,-780.2591188019245,0.0030824334137260273
T2,2024-04-22 17:28:00+00:00,-779.2302856778953,0.003111778549261565
T2,2024-04-22 18:51:00+00:00,-780.2302856778953,0.003082758469384631
T2,2024-04-23 01:51:00+00:00,-781.2302856778953,0.0030619431539875793
T2,2024-04-24 05:04:00+00:00,-780.6383017298709,0.00307351201989754
T2,2024-04-24 12:45:00+00:00,-781.6383017298709,0.0030540776080623337
T2,2024-04-25 18:21:00+00:00,-780.6830218673153,0.003079173467007125
T2,2024-04-27 14:44:00+00:00,-781.6830218673153,0.0030627909459828477
T2,2024-04-27 18:15:00+00:00,-782.6830218673153,0.0030322883457287553
T2,2024-04-28 00:26:00+00:00,-782.5981540128216,0.0030334958990392907
T2,2024-04-28 02:52:00+00:00,-782.1962941378462,0.0030403506951291437
T2,2024-04-28 08:41:00+00:00,-783.1962941378462,0.003017893799240445
T2,2024-04-29 22:29:00+00:00,-782.8709328981776,0.0030231629420193838
T2,2024-04-30 00:48:00+00:00,-781.8322835111977,0.0030525151013280406
T2,2024-04-30 01:33:00+00:00,-782.8322835111977,0.003017015567847854
T2,2024-04-30 07:45:00+00:00,-783.8322835111977,0.002999347697624874
T2,2024-05-01 23:00:00+00:00,-784.8322835111977,0.0029712670504560197
T2,2024-05-02 00:33:00+00:00,-785.8322835111977,0.002945618411642838
T2,2024-05-02 12:17:00+00:00,-784.687414074801,0.002981058219386709
T2,2024-05-03 06:17:00+00:00,-785.687414074801,0.0029491673180457234
T2,2024-05-03 20:16:00+00:00,-784.1126879789224,0.0030188292790983085
T2,2024-05-03 20:50:00+00:00,-783.2025358761855,0.0030414850048370544
T2,2024-05-04 10:47:00+00:00,-782.2040712249952,0.0030687335569576594
T2,2024-05-04 17:26:00+00:00,-783.2040712249952,0.0030473617881724736
T2,2024-05-04 20:08:00+00:00,-782.8817945913186,0.0030526222493751495
T2,2024-05-05 00:30:00+00:00,-783.8817945913186,0.003033376033528968
T2,2024-05-05 15:23:00+00:00,-783.1148950247075,0.0030503294656613954
T2,2024-05-05 18:10:00+00:00,-784.1148950247075,0.003024943368386822
T2,2024-05-06 01:37:00+00:00,-785.1148950247075,0.0030087928738947883
T2,2024-05-06 06:11:00+00:00,-784.6354687525901,0.0030173179443622514
T2,2024-05-06 07:11:00+00:00,-785.6354687525901,0.0029980888024902456
T2,2024-05-07 10:18:00+00:00,-786.6354687525901,0.002974471008287644
T2,2024-05-07 15:35:00+00:00,-787.6354687525901,0.002941751959673712
T2,2024-05-08 19:12:00+00:00,-788.6354687525901,0.0029190789016060063
T2,2024-05-09 16:24:00+00:00,-787.6599567407669,0.0029440572042621293
T2,2024-05-09 22:47:00+00:00,-786.8126702244672,0.002963503930707614
T2,2024-05-10 00:16:00+00:00,-787.8126702244672,0.00293734171279602
T2,2024-05-10 07:08:00+00:00,-788.8126702244672,0.002918557616154521
T2,2024-05-10 07:27:00+00:00,-789.8126702244672,0.002900552632920968
T2,2024-05-11 15:30:00+00:00,-790.8126702244672,0.002880409541197474
T2,2024-05-12 16:16:00+00:00,-790.1529436819537,0.0028931509109793537
T2,2024-05-12 16:54:00+00:00,-791.1529436819537,0.002869505805839321
T2,2024-05-13 00:46:00+00:00,-792.1529436819537,0.0028491154615233718
T2,2024-05-13 02:27:00+00:00,-793.1529436819537,0.002829210677259221
T2,2024-05-13 07:53:00+00:00,-792.360785173522,0.0028458854058705466
T2,2024-05-14 00:44:00+00:00,-793.360785173522,0.0028316033933503946
T2,2024-05-15 09:11:00+00:00,-794.360785173522,0.0028082360090591514
T2,2024-05-15 12:30:00+00:00,-793.4843649554304,0.0028279209182111866
T2,2024-05-19 10:33:00+00:00,-791.7991218498698,0.0028994069316684726
T2,2024-05-20 04:37:00+00:00,-791.6246834777372,0.0029018966260453073
T2,2024-05-20 06:49:00+00:00,-792.6246834777372,0.0028853452661840645
T2,2024-05-20 11:52:00+00:00,-793.6246834777372,0.002866059751380449
T2,2024-05-21 01:23:00+00:00,-794.6246834777372,0.0028230688551097423
T2,2024-05-22 16:37:00+00:00,-795.6246834777372,0.0027968022329031175
T2,2024-05-23 08:30:00+00:00,-796.6246834777372,0.002781085526858276
T2,2024-05-24 19:09:00+00:00,-797.6246834777372,0.0027644782662893967
T2,2024-05-25 08:30:00+00:00,-797.6480311531212,0.0027641915993229923
T2,2024-05-25 11:58:00+00:00,-798.6480311531212,0.0027454162304516505
T2,2024-05-26 02:20:00+00:00,-799.6480311531212,0.0027328573496548324
T2,2024-05-26 08:36:00+00:00,-800.6480311531212,0.0027142093035754907
T2,2024-05-26 15:23:00+00:00,-801.6480311531212,0.002700595002006941
T2,2024-05-27 04:51:00+00:00,-802.6480311531212,0.0026742760008317654
T2,2024-05-27 15:36:00+00:00,-801.7415738591039,0.00269419691048165
T2,2024-05-28 11:33:00+00:00,-802.7415738591039,0.0026733538506088232
T2,2024-05-28 23:13:00+00:00,-803.7415738591039,0.002658726958618799
T2,2024-05-30 04:32:00+00:00,-803.5532530039922,0.0026612105618186092
T2,2024-05-30 06:55:00+00:00,-804.5532530039922,0.002646764548162587
T2,2024-05-30 15:05:00+00:00,-805.5532530039922,0.0026201709975012533
T2,2024-05-31 01:17:00+00:00,-806.5532530039922,0.002605536783409526
T2,2024-05-31 12:59:00+00:00,-807.5532530039922,0.0025811666375118946
T2,2024-06-01 09:30:00+00:00,-808.5532530039922,0.0025697323031580303
T2,2024-06-02 01:53:00+00:00,-809.5532530039922,0.0025597463170627054
T2,2024-06-02 18:01:00+00:00,-810.5532530039922,0.0025350007404129214
T2,2024-06-03 06:38:00+00:00,-809.5429906309296,0.0025582539832176886
T2,2024-06-03 12:35:00+00:00,-810.5429906309296,0.002544443377748112
T2,2024-06-03 14:32:00+00:00,-811.5429906309296,0.002520720378302222
T2,2024-06-04 14:02:00+00:00,-810.7935951376952,0.0025342943549883216
T2,2024-06-04 19:37:00+00:00,-811.7935951376952,0.0025126692645887046
T2,2024-06-04 23:25:00+00:00,-812.7935951376952,0.0025006625958300366
T2,2024-06-05 12:26:00+00:00,-813.7935951376952,0.0024847396017644787
T2,2024-06-05 18:49:00+00:00,-814.7935951376952,0.002456754175136591
T2,2024-06-06 09:43:00+00:00,-815.7935951376952,0.0024432044698572343
T2,2024-06-06 12:23:00+00:00,-815.7048801239025,0.002444223584001895
T2,2024-06-07 11:31:00+00:00,-815.4192020939036,0.002447883884329155
T2,2024-06-07 12:30:00+00:00,-816.4192020939036,0.0024337776830606773
T2,2024-06-09 12:52:00+00:00,-816.3380965038554,0.0024347021086395543
T2,2024-06-09 18:44:00+00:00,-817.3380965038554,0.0024241984898463512
T2,2024-06-09 19:41:00+00:00,-818.3380965038554,0.0024129662636877946
T2,2024-06-10 16:26:00+00:00,-819.3380965038554,0.0023971672519280812
T2,2024-06-12 09:55:00+00:00,-819.1120057332479,0.002399912876266065
T2,2024-06-12 12:30:00+00:00,-818.5544771087616,0.0024082486665679115
T2,2024-06-12 19:45:00+00:00,-819.5544771087616,0.002372124936569393
T2,2024-06-13 12:30:00+00:00,-818.8746092256821,0.0023831032601347077
T2,2024-06-14 06:29:00+00:00,-819.8746092256821,0.0023666348766257185
T2,2024-06-14 09:42:00+00:00,-820.8746092256821,0.0023531864149028475
T2,2024-06-14 14:00:00+00:00,-821.8746092256821,0.002339891991066352
T2,2024-06-15 12:38:00+00:00,-822.8746092256821,0.002331216897342446
T2,2024-06-16 07:43:00+00:00,-823.8746092256821,0.002321075563085014
T2,2024-06-16 10:41:00+00:00,-823.9731778625161,0.0023200958561311073
T2,2024-06-16 11:54:00+00:00,-824.9731778625161,0.0023067578534245892
T2,2024-06-17 18:31:00+00:00,-824.0134735830467,0.002325881643436884
T2,2024-06-19 01:30:00+00:00,-825.0134735830467,0.002309588655998188
T2,2024-06-19 04:31:00+00:00,-826.0134735830467,0.002295382451692771
T2,2024-06-19 10:11:00+00:00,-827.0134735830467,0.002284979426423726
T2,2024-06-20 06:11:00+00:00,-826.6839511662178,0.0022890300132440656
T2,2024-06-20 10:56:00+00:00,-826.4397213137593,0.0022918913825392233
T2,2024-06-20 13:03:00+00:00,-827.4397213137593,0.002267532205070468
T2,2024-06-23 14:54:00+00:00,-828.4397213137593,0.002255664722396365
T2,2024-06-25 19:03:00+00:00,-827.1934066534934,0.0022891846847593474
T2,2024-06-25 22:50:00+00:00,-828.1934066534934,0.0022766842947020997
T2,2024-06-26 02:09:00+00:00,-827.8202308509142,0.0022813774724480362
T2,2024-06-27 09:55:00+00:00,-827.6336588934121,0.002283486753875384
T2,2024-06-27 12:32:00+00:00,-828.6336588934121,0.0022671297213153105
T2,2024-06-27 22:36:00+00:00,-829.6336588934121,0.0022578211688507846
T2,2024-06-28 02:48:00+00:00,-830.6336588934121,0.0022437939585103536
T2,2024-06-28 12:30:00+00:00,-831.6336588934121,0.002231187479047921
T2,2024-06-29 07:20:00+00:00,-831.7723510731022,0.002229887216375031
T2,2024-06-29 08:08:00+00:00,-832.7723510731022,0.002218116362119985
T2,2024-06-29 11:17:00+00:00,-833.7723510731022,0.002208949574445816
T2,2024-06-30 18:47:00+00:00,-832.8868998824211,0.0022247199732147783
T2,2024-06-30 20:34:00+00:00,-832.4698806776961,0.0022299867765576474
T2,2024-06-30 20:38:00+00:00,-833.4698806776961,0.002218212577687883
T2,2024-07-01 08:36:00+00:00,-834.4698806776961,0.0021977748312832254
T2,2024-07-01 19:26:00+00:00,-835.4698806776961,0.002182596374951028
T2,2024-07-04 19:55:00+00:00,-836.4698806776961,0.002164208719998836
T2,2024-07-05 18:14:00+00:00,-837.4698806776961,0.002138985348769843
T2,2024-07-06 01:03:00+00:00,-838.4698806776961,0.0021169504234961347
T2,2024-07-06 09:59:00+00:00,-837.8564045565023,0.0021253677143858777
T2,2024-07-06 13:49:00+00:00,-837.2375780998634,0.0021339251972882878
T2,2024-07-08 08:46:00+00:00,-836.0781972577659,0.0021603734731968755
T2,2024-07-08 10:51:00+00:00,-837.0781972577659,0.0021279678710989223
T2,2024-07-09 00:30:00+00:00,-838.0781972577659,0.0021027292840651514
T2,2024-07-09 06:27:00+00:00,-837.24571797073,0.0021162028807920805
T2,2024-07-09 13:04:00+00:00,-838.24571797073,0.00210066074612569
T2,2024-07-09 14:59:00+00:00,-839.24571797073,0.002069150834933805
T2,2024-07-10 12:31:00+00:00,-840.24571797073,0.0020391751573737007
T2,2024-07-11 03:18:00+00:00,-841.24571797073,0.002020240134796687
T2,2024-07-11 11:40:00+00:00,-840.5336852703023,0.0020302767999699853
T2,2024-07-11 12:30:00+00:00,-839.6047749404004,0.00204610000853479
T2,2024-07-12 18:49:00+00:00,-838.6186662197114,0.0020639834710227505
T2,2024-07-13 01:42:00+00:00,-839.6186662197114,0.0020533710916895037
T2,2024-07-13 05:51:00+00:00,-839.7733403683171,0.0020520464606862904
T2,2024-07-13 09:55:00+00:00,-838.9467828628287,0.0020650358816213456
T2,2024-07-14 04:21:00+00:00,-838.7562703865829,0.002066989711605527
T2,2024-07-14 12:52:00+00:00,-839.7562703865829,0.0020504857911315816
T2,2024-07-14 20:39:00+00:00,-838.9077586463776,0.0020640641237940956
T2,2024-07-15 22:11:00+00:00,-837.4420262421422,0.0021094446088540646
T2,2024-07-16 05:39:00+00:00,-838.4420262421422,0.0020778029397212536
T2,2024-07-16 15:42:00+00:00,-837.7139261804185,0.0020884918594834267
T2,2024-07-17 01:17:00+00:00,-836.7754111342651,0.0021050858761819135
T2,2024-07-18 13:34:00+00:00,-837.7754111342651,0.0020909732944084155
T2,2024-07-19 00:02:00+00:00,-838.7754111342651,0.002079246134054884
T2,2024-07-19 05:00:00+00:00,-839.7754111342651,0.002064778653754461
T2,2024-07-19 05:57:00+00:00,-840.7754111342651,0.0020552831526834884
T2,2024-07-19 07:03:00+00:00,-841.7754111342651,0.0020442787240545226
T2,2024-07-20 07:50:00+00:00,-842.7754111342651,0.002034661629085006
T2,2024-07-20 13:35:00+00:00,-843.7754111342651,0.002023941404035211
T2,2024-07-20 15:37:00+00:00,-844.7754111342651,0.0020148512646968363
T2,2024-07-21 12:41:00+00:00,-845.7754111342651,0.002005801455597956
T2,2024-07-21 15:18:00+00:00,-846.7754111342651,0.0019921024218815335
T2,2024-07-21 17:51:00+00:00,-847.7754111342651,0.0019731629594120126
T2,2024-07-22 03:27:00+00:00,-848.7754111342651,0.0019587715986120907
T2,2024-07-22 13:43:00+00:00,-849.7754111342651,0.0019418722419581524
T2,2024-07-22 18:16:00+00:00,-850.7754111342651,0.0019313707095409032
T2,2024-07-23 04:21:00+00:00,-851.7754111342651,0.0019181859675770272
T2,2024-07-24 14:31:00+00:00,-850.9264532339588,0.0019308998149760754
T2,2024-07-25 18:43:00+00:00,-851.9264532339588,0.0019196617451422095
T2,2024-07-26 00:58:00+00:00,-851.5401068237985,0.0019237920548886233
T2,2024-07-26 02:56:00+00:00,-851.1283310619265,0.0019282743291396548
T2,2024-07-26 12:44:00+00:00,-852.1283310619265,0.0019181903871674896
T2,2024-07-27 03:08:00+00:00,-853.1283310619265,0.0019074564100765527
T2,2024-07-27 07:08:00+00:00,-853.1638261517325,0.0019071574975046625
T2,2024-07-27 07:50:00+00:00,-854.1638261517325,0.0018973786664469258
T2,2024-07-28 20:35:00+00:00,-855.1638261517325,0.001886784465593842
T2,2024-07-29 14:55:00+00:00,-856.1638261517325,0.0018621740287305191
T2,2024-07-31 09:15:00+00:00,-857.1638261517325,0.001851336678016857
T2,2024-07-31 13:55:00+00:00,-858.1638261517325,0.0018394560155142953
T2,2024-07-31 17:58:00+00:00,-859.1638261517325,0.0018288940253133011
T2,2024-08-01 22:11:00+00:00,-857.9432905630432,0.0018546296098160826
T2,2024-08-02 12:21:00+00:00,-858.9432905630432,0.0018412649537353377
T2,2024-08-03 12:46:00+00:00,-859.9432905630432,0.001831878619010632
T2,2024-08-07 09:03:00+00:00,-858.1780894173639,0.001880383132565977
T2,2024-08-07 13:47:00+00:00,-859.1780894173639,0.0018608593445485168
T2,2024-08-08 01:44:00+00:00,-857.8774311682307,0.0018919606508090566
T2,2024-08-08 21:45:00+00:00,-856.1654107472899,0.001940546779856079
T2,2024-08-09 14:33:00+00:00,-857.1654107472899,0.0019114385781582378
T2,2024-08-10 02:00:00+00:00,-858.1654107472899,0.0018872566006336274
T2,2024-08-10 09:31:00+00:00,-857.8113929551355,0.0018909043269366877
T2,2024-08-10 10:00:00+00:00,-858.8113929551355,0.0018814381066112515
T2,2024-08-10 11:49:00+00:00,-859.8113929551355,0.0018722952339975825
T2,2024-08-11 00:15:00+00:00,-859.6361620347828,0.0018739109629211344
T2,2024-08-11 09:20:00+00:00,-859.5391509346532,0.0018747694335982613
T2,2024-08-12 13:41:00+00:00,-860.5391509346532,0.0018573323497175357
T2,2024-08-12 18:50:00+00:00,-861.5391509346532,0.0018294723644717726
T2,2024-08-13 16:39:00+00:00,-860.7901954850636,0.0018393147506754418
T2,2024-08-13 17:44:00+00:00,-859.6164022071565,0.0018627975727040246
T2,2024-08-14 13:41:00+00:00,-860.6164022071565,0.0018418979035976382
T2,2024-08-15 14:01:00+00:00,-859.6442734393573,0.0018575525036446255
T2,2024-08-16 06:50:00+00:00,-859.2852994567686,0.0018612040762782233
T2,2024-08-16 07:08:00+00:00,-860.2852994567686,0.0018492561585382494
T2,2024-08-16 11:11:00+00:00,-861.2852994567686,0.0018372322993000475
T2,2024-08-17 09:38:00+00:00,-860.8597963286878,0.001841694163682692
T2,2024-08-17 09:44:00+00:00,-861.8597963286878,0.0018332067361391112
T2,2024-08-17 15:31:00+00:00,-862.8597963286878,0.001820573129689166
T2,2024-08-18 01:23:00+00:00,-863.8597963286878,0.0018129718377295691
T2,2024-08-18 02:58:00+00:00,-863.2466360874103,0.0018201751144610676
T2,2024-08-18 03:06:00+00:00,-864.2466360874103,0.001801650987963593
T2,2024-08-19 13:40:00+00:00,-865.2466360874103,0.0017848526697747437
T2,2024-08-20 00:26:00+00:00,-864.1208098669878,0.0018055096719583636
T2,2024-08-20 14:31:00+00:00,-865.1208098669878,0.0017802935888514408
T2,2024-08-21 06:48:00+00:00,-866.1208098669878,0.0017709565699313924
T2,2024-08-21 13:29:00+00:00,-867.1208098669878,0.0017614416795849205
T2,2024-08-21 14:16:00+00:00,-868.1208098669878,0.0017350200543911466
T2,2024-08-23 11:43:00+00:00,-869.1208098669878,0.0017216980638129012
T2,2024-08-23 13:32:00+00:00,-870.1208098669878,0.001709023462129835
T2,2024-08-23 14:48:00+00:00,-871.1208098669878,0.001687433373668161
T2,2024-08-24 08:56:00+00:00,-870.9187840000682,0.001689137263506583
T2,2024-08-24 17:25:00+00:00,-871.9187840000682,0.001676832546081052
T2,2024-08-24 21:05:00+00:00,-872.9187840000682,0.0016610975349261074
T2,2024-08-25 06:41:00+00:00,-873.9187840000682,0.0016532390935610596
T2,2024-08-25 21:09:00+00:00,-873.6467481971521,0.001655578029522628
T2,2024-08-25 23:13:00+00:00,-873.2612328806457,0.0016591306490727005
T2,2024-08-29 06:34:00+00:00,-872.7671353194702,0.0016640226642833612
T2,2024-08-29 11:33:00+00:00,-872.312920071266,0.0016684166968034542
T2,2024-08-29 15:34:00+00:00,-871.3758590793485,0.00168163438128325
T2,2024-08-30 19:33:00+00:00,-872.3758590793485,0.0016697316827647762
T2,2024-08-31 07:33:00+00:00,-873.3758590793485,0.0016604303876547896
T2,2024-08-31 13:50:00+00:00,-874.3758590793485,0.001653136618034734
T2,2024-09-01 00:25:00+00:00,-875.3758590793485,0.0016464651797797052
T2,2024-09-02 10:23:00+00:00,-874.4357799031676,0.0016595882332235616
T2,2024-09-02 12:10:00+00:00,-875.4357799031676,0.0016485455092055794
T2,2024-09-03 13:38:00+00:00,-876.4357799031676,0.0016295412598407938
T2,2024-09-06 07:14:00+00:00,-877.4357799031676,0.0016152167661505562
T2,2024-09-06 13:39:00+00:00,-878.4357799031676,0.0015990929128761422
T2,2024-09-07 11:03:00+00:00,-879.4357799031676,0.0015904744168546887
T2,2024-09-07 13:42:00+00:00,-880.4357799031676,0.0015813843699519314
T2,2024-09-07 16:37:00+00:00,-881.4357799031676,0.0015724932261537328
T2,2024-09-08 01:40:00+00:00,-882.4357799031676,0.0015647514135288217
T2,2024-09-08 04:15:00+00:00,-882.5992170176158,0.001563689123508108
T2,2024-09-08 09:59:00+00:00,-883.5992170176158,0.0015538673617025004
T2,2024-09-09 00:47:00+00:00,-884.5992170176158,0.001541567714707403
T2,2024-09-09 13:17:00+00:00,-884.2867166096796,0.0015441331487731245
T2,2024-09-09 14:18:00+00:00,-885.2867166096796,0.0015321927840401856
T2,2024-09-10 09:03:00+00:00,-886.2867166096796,0.0015192205231238268
T2,2024-09-10 12:50:00+00:00,-887.2867166096796,0.001511288730949797
T2,2024-09-10 15:35:00+00:00,-888.2867166096796,0.0015016905199297162
T2,2024-09-11 17:15:00+00:00,-887.2257798723755,0.001516936888538752
T2,2024-09-12 02:00:00+00:00,-886.3653219315531,0.001527230271700276
T2,2024-09-12 12:38:00+00:00,-887.3653219315531,0.001506481701348761
T2,2024-09-12 18:31:00+00:00,-888.3653219315531,0.001498217316601847
T2,2024-09-13 11:30:00+00:00,-889.3653219315531,0.0014918887843477161
T2,2024-09-13 15:22:00+00:00,-888.4873058569556,0.001502380430144395
T2,2024-09-13 17:46:00+00:00,-887.3208294220466,0.0015212746665050614
T2,2024-09-14 18:06:00+00:00,-888.3208294220466,0.0015119415739471317
T2,2024-09-15 04:26:00+00:00,-889.3208294220466,0.0015038807651768127
T2,2024-09-15 08:21:00+00:00,-890.3208294220466,0.0014977941036699394
T2,2024-09-15 13:21:00+00:00,-890.2745242487514,0.0014981131224448426
T2,2024-09-16 09:19:00+00:00,-891.2745242487514,0.001486422974072651
T2,2024-09-17 14:11:00+00:00,-890.4686710658938,0.001495437272843587
T2,2024-09-18 16:04:00+00:00,-891.4686710658938,0.0014731638139602508
T2,2024-09-18 20:02:00+00:00,-892.4686710658938,0.001451066356750847
T2,2024-09-18 23:27:00+00:00,-892.0058148467657,0.0014549928985335095
T2,2024-09-18 23:57:00+00:00,-891.4108303656895,0.0014605299266602972
T2,2024-09-19 12:06:00+00:00,-890.1900515008243,0.0014810925290311997
T2,2024-09-20 00:35:00+00:00,-891.1900515008243,0.0014685084633607372
T2,2024-09-20 03:49:00+00:00,-890.620229192736,0.0014737664229110036
T2,2024-09-20 04:06:00+00:00,-890.120710135477,0.0014781754378921552
T2,2024-09-20 05:45:00+00:00,-891.120710135477,0.0014676233055955946
T2,2024-09-21 10:52:00+00:00,-892.120710135477,0.0014616293322029046
T2,2024-09-21 13:07:00+00:00,-893.120710135477,0.0014563475612859107
T2,2024-09-21 14:57:00+00:00,-893.4385759227598,0.0014545527785932186
T2,2024-09-22 18:17:00+00:00,-894.4385759227598,0.0014470362350834333
T2,2024-09-23 01:07:00+00:00,-893.5021982093763,0.0014584843606742684
T2,2024-09-23 04:29:00+00:00,-894.5021982093763,0.0014455049195362343
T2,2024-09-23 11:04:00+00:00,-895.5021982093763,0.001437890916971525
T2,2024-09-24 09:36:00+00:00,-896.5021982093763,0.0014297368734481797
T2,2024-09-24 17:43:00+00:00,-896.1676756948139,0.0014323175527789908
T2,2024-09-24 20:08:00+00:00,-895.497246466605,0.0014388079627987531
T2,2024-09-25 04:59:00+00:00,-896.497246466605,0.00142848643788512
T2,2024-09-26 07:39:00+00:00,-896.2765017584827,0.001430079084766135
T2,2024-09-26 14:10:00+00:00,-895.2820862039601,0.0014427877738795178
T2,2024-09-26 14:57:00+00:00,-896.2820862039601,0.001430673151702988
T2,2024-09-27 03:37:00+00:00,-896.3826275052127,0.0014300577693432742
T2,2024-09-27 05:36:00+00:00,-897.3826275052127,0.001420427402570287
T2,2024-09-27 09:23:00+00:00,-898.3826275052127,0.001412276945910038
T2,2024-09-28 21:13:00+00:00,-899.3826275052127,0.001405331647854553
T2,2024-09-29 00:46:00+00:00,-900.3826275052127,0.0013965740396555606
T2,2024-09-29 03:16:00+00:00,-901.3826275052127,0.0013906873317229538
T2,2024-09-29 14:48:00+00:00,-902.3826275052127,0.0013845790718357346
T2,2024-09-29 17:04:00+00:00,-902.6835606440691,0.001382951743757544
T2,2024-10-01 08:45:00+00:00,-903.6835606440691,0.001376327826005496
T2,2024-10-01 09:45:00+00:00,-904.6835606440691,0.00136969542539561
T2,2024-10-03 07:44:00+00:00,-905.6835606440691,0.0013602937803344052
T2,2024-10-03 20:23:00+00:00,-906.6835606440691,0.0013523316175634253
T2,2024-10-04 12:30:00+00:00,-905.76716591445,0.0013626090827679152
T2,2024-10-04 14:08:00+00:00,-906.76716591445,0.0013529789911602174
T2,2024-10-04 17:35:00+00:00,-907.76716591445,0.0013425150543131823
T2,2024-10-05 13:45:00+00:00,-908.76716591445,0.0013356566849010265
T2,2024-10-05 16:32:00+00:00,-909.76716591445,0.0013303349845985035
T2,2024-10-06 09:47:00+00:00,-909.9366963055253,0.0013294007968297442
T2,2024-10-06 14:39:00+00:00,-909.7121233063893,0.001330911927402948
T2,2024-10-06 19:30:00+00:00,-909.2100643944989,0.0013349206001462997
T2,2024-10-07 11:02:00+00:00,-910.2100643944989,0.0013207733117141926
T2,2024-10-07 14:17:00+00:00,-909.3442285336732,0.0013298343774617784
T2,2024-10-07 15:16:00+00:00,-910.3442285336732,0.0013165545521996577
T2,2024-10-09 07:03:00+00:00,-911.3442285336732,0.0013103363930842063
T2,2024-10-11 10:02:00+00:00,-910.5022962708565,0.0013188972518349456
T2,2024-10-11 15:14:00+00:00,-909.6424222263823,0.0013278361565818482
T2,2024-10-11 15:34:00+00:00,-910.6424222263823,0.0013172382788738189
T2,2024-10-12 00:58:00+00:00,-910.2732910049228,0.001319917554806393
T2,2024-10-12 02:23:00+00:00,-911.2732910049228,0.0013104651801143679
T2,2024-10-12 11:07:00+00:00,-910.8661641404324,0.0013134751725048838
T2,2024-10-13 00:19:00+00:00,-911.8661641404324,0.001307812259841407
T2,2024-10-13 05:46:00+00:00,-912.8661641404324,0.0013019580351389965
T2,2024-10-14 03:27:00+00:00,-912.3307928205891,0.0013062348051202496
T2,2024-10-14 07:50:00+00:00,-911.1279038200356,0.001323948915318944
T2,2024-10-14 14:01:00+00:00,-910.159106156616,0.0013351265976132645
T2,2024-10-15 13:58:00+00:00,-909.037215261077,0.0013504556719503762
T2,2024-10-15 14:16:00+00:00,-910.037215261077,0.0013346682313419179
T2,2024-10-16 04:37:00+00:00,-911.037215261077,0.0013222655100460598
T2,2024-10-16 09:10:00+00:00,-912.037215261077,0.0013148853057632077
T2,2024-10-16 09:55:00+00:00,-913.037215261077,0.0013074475922473783
T2,2024-10-17 01:17:00+00:00,-914.037215261077,0.0013014895449353597
T2,2024-10-18 01:56:00+00:00,-913.3275581194538,0.0013079219809945032
T2,2024-10-18 07:53:00+00:00,-914.3275581194538,0.001300516160796211
T2,2024-10-18 14:06:00+00:00,-913.781766507206,0.001304902551415815
T2,2024-10-19 02:09:00+00:00,-914.781766507206,0.0012991308280699827
T2,2024-10-19 03:58:00+00:00,-915.781766507206,0.0012909206162751417
T2,2024-10-19 09:36:00+00:00,-916.781766507206,0.0012854578274675815
T2,2024-10-20 05:21:00+00:00,-917.781766507206,0.0012798887166785467
T2,2024-10-20 12:57:00+00:00,-918.781766507206,0.0012734061828278999
T2,2024-10-20 14:17:00+00:00,-918.7085875124798,0.0012738407964759636
T2,2024-10-21 00:52:00+00:00,-919.7085875124798,0.0012638596282910364
T2,2024-10-21 05:01:00+00:00,-919.7876514211346,0.0012634277109692404
T2,2024-10-22 06:59:00+00:00,-920.7876514211346,0.0012566624842703846
T2,2024-10-23 00:13:00+00:00,-921.7876514211346,0.0012486421610974937
T2,2024-10-24 09:02:00+00:00,-922.7876514211346,0.001236548236578183
T2,2024-10-24 16:12:00+00:00,-923.7876514211346,0.001229091171313807
T2,2024-10-24 21:17:00+00:00,-923.1958094200343,0.0012337334353069883
T2,2024-10-25 11:49:00+00:00,-923.1776999097037,0.0012338347423705843
T2,2024-10-25 15:47:00+00:00,-924.1776999097037,0.001222213440266193
T2,2024-10-26 20:30:00+00:00,-924.1841970840799,0.0012221778751391361
T2,2024-10-26 21:39:00+00:00,-925.1841970840799,0.001217009538702751
T2,2024-10-27 09:31:00+00:00,-926.1841970840799,0.0012120172943644785
T2,2024-10-27 16:15:00+00:00,-925.6219593921456,0.0012162765432528328
T2,2024-10-27 22:12:00+00:00,-925.1262806285623,0.0012198780430649593
T2,2024-10-28 03:48:00+00:00,-926.1262806285623,0.0012128371892062445
T2,2024-10-28 07:09:00+00:00,-925.7124050153809,0.0012156811685579735
T2,2024-10-28 07:25:00+00:00,-925.1853389114676,0.001219590413284897
T2,2024-10-29 02:20:00+00:00,-924.1792328260777,0.0012306849477894532
T2,2024-10-29 12:13:00+00:00,-925.1792328260777,0.0012232469890720312
T2,2024-10-29 16:10:00+00:00,-924.0219261054476,0.0012383437729979621
T2,2024-10-30 03:53:00+00:00,-925.0219261054476,0.001232842058120592
T2,2024-10-30 08:47:00+00:00,-926.0219261054476,0.0012261304914170093
T2,2024-10-31 13:44:00+00:00,-927.0219261054476,0.0012093676182631677
T2,2024-11-01 12:30:00+00:00,-928.0219261054476,0.0012025889799688319
T2,2024-11-01 13:59:00+00:00,-927.1445575925744,0.0012110350248362189
T2,2024-11-03 22:38:00+00:00,-928.1445575925744,0.001202513208682774
T2,2024-11-04 04:43:00+00:00,-929.1445575925744,0.0011948811966629369
T2,2024-11-04 13:37:00+00:00,-930.1445575925744,0.0011889443653571154
T2,2024-11-05 07:42:00+00:00,-929.8610402956178,0.0011907091552191887
T2,2024-11-05 09:43:00+00:00,-930.8610402956178,0.0011834946081985189
T2,2024-11-05 19:57:00+00:00,-931.8610402956178,0.0011700598906621792
T2,2024-11-06 00:44:00+00:00,-930.8684593965488,0.0011804197811276407
T2,2024-11-06 01:17:00+00:00,-931.8684593965488,0.0011679672128272092
T2,2024-11-06 03:06:00+00:00,-930.4466604549099,0.0011928764310332103
T2,2024-11-07 01:44:00+00:00,-931.4466604549099,0.0011838887771959679
T2,2024-11-08 08:03:00+00:00,-932.4466604549099,0.0011772456593204137
T2,2024-11-08 11:56:00+00:00,-933.4466604549099,0.0011708860870669278
T2,2024-11-08 19:42:00+00:00,-932.4991270485657,0.0011803591886677314
T2,2024-11-09 06:36:00+00:00,-933.4991270485657,0.0011736812664137834
T2,2024-11-10 00:57:00+00:00,-933.2199059880131,0.0011753927179355326
T2,2024-11-10 02:26:00+00:00,-932.640433287544,0.0011797015317763196
T2,2024-11-10 04:53:00+00:00,-931.5678795592725,0.0011919616251960827
T2,2024-11-11 03:50:00+00:00,-930.0481825257284,0.0012191329333847145
T2,2024-11-11 04:27:00+00:00,-931.0481825257284,0.0012098313483959978
T2,2024-11-11 10:07:00+00:00,-930.4255145972865,0.0012147464670839612
T2,2024-11-11 12:21:00+00:00,-931.4255145972865,0.001205473416908025
T2,2024-11-12 08:04:00+00:00,-932.4255145972865,0.0011898681533650962
T2,2024-11-12 10:35:00+00:00,-933.4255145972865,0.0011752379176204319
T2,2024-11-13 01:01:00+00:00,-934.4255145972865,0.0011651423690824275
T2,2024-11-13 11:26:00+00:00,-935.4255145972865,0.0011563651003764584
T2,2024-11-13 13:44:00+00:00,-934.5976849333935,0.0011637040950578457
T2,2024-11-14 14:38:00+00:00,-935.5976849333935,0.001153220097316441
T2,2024-11-15 12:10:00+00:00,-934.4956506796863,0.0011659386842974046
T2,2024-11-15 20:19:00+00:00,-933.6334033827886,0.0011738792421895673
T2,2024-11-15 22:07:00+00:00,-934.6334033827886,0.0011649507010927692
T2,2024-11-16 02:40:00+00:00,-935.6334033827886,0.0011580020813201828
T2,2024-11-16 10:55:00+00:00,-936.6334033827886,0.0011526471497090615
T2,2024-11-16 19:22:00+00:00,-937.6334033827886,0.0011473490689962837
T2,2024-11-17 09:08:00+00:00,-936.8753008110438,0.0011536431039256242
T2,2024-11-18 02:04:00+00:00,-937.8753008110438,0.00114619673279022
T2,2024-11-18 06:56:00+00:00,-937.3546417942952,0.0011498219631640811
T2,2024-11-18 11:12:00+00:00,-938.3546417942952,0.0011348959364302477
T2,2024-11-19 01:14:00+00:00,-939.3546417942952,0.0011277511797102382
T2,2024-11-19 04:49:00+00:00,-940.3546417942952,0.0011212072791564555
T2,2024-11-19 08:12:00+00:00,-941.3546417942952,0.0011147520331972083
T2,2024-11-20 08:53:00+00:00,-940.9658791076985,0.001117169133518083
T2,2024-11-20 14:40:00+00:00,-941.9658791076985,0.0011080889342683267
T2,2024-11-21 02:26:00+00:00,-942.9658791076985,0.0011012188003302376
T2,2024-11-21 04:57:00+00:00,-941.7134584512482,0.001117797783293488
T2,2024-11-21 05:52:00+00:00,-942.7134584512482,0.0011052024294470398
T2,2024-11-22 03:29:00+00:00,-943.7134584512482,0.0010979961014367752
T2,2024-11-22 09:10:00+00:00,-944.7134584512482,0.0010907282592012158
T2,2024-11-22 13:12:00+00:00,-945.7134584512482,0.0010824471359849512
T2,2024-11-24 06:17:00+00:00,-946.7134584512482,0.0010775058901566874
T2,2024-11-24 22:57:00+00:00,-946.1929928052937,0.0010809121518206462
T2,2024-11-25 10:21:00+00:00,-947.1929928052937,0.0010740824382348406
T2,2024-11-27 04:33:00+00:00,-948.1929928052937,0.0010673807657455296
T2,2024-11-27 11:02:00+00:00,-949.1929928052937,0.0010625920656103839
T2,2024-11-27 20:15:00+00:00,-947.9609741537141,0.0010779108575535148
T2,2024-11-28 23:00:00+00:00,-947.7468753723155,0.0010790721215119562
T2,2024-11-29 02:43:00+00:00,-947.2733446205831,0.0010820802884917678
T2,2024-11-29 05:58:00+00:00,-948.2733446205831,0.0010721849192304603
T2,2024-11-29 15:13:00+00:00,-947.490044795842,0.0010783879722341795
T2,2024-11-30 06:14:00+00:00,-948.490044795842,0.0010722043585904657
T2,2024-11-30 22:00:00+00:00,-949.490044795842,0.0010677811600299319
T2,2024-12-01 13:21:00+00:00,-949.1705653607528,0.001069605360945246
T2,2024-12-01 17:06:00+00:00,-950.1705653607528,0.0010634342975424271
T2,2024-12-01 22:15:00+00:00,-951.1705653607528,0.001057166853446829
T2,2024-12-02 02:16:00+00:00,-952.1705653607528,0.0010506810267030947
T2,2024-12-02 15:03:00+00:00,-953.1705653607528,0.0010403118151369594
T2,2024-12-03 06:07:00+00:00,-954.1705653607528,0.0010360615210100012
T2,2024-12-04 02:09:00+00:00,-955.1705653607528,0.0010254386748852879
T2,2024-12-04 06:01:00+00:00,-954.8890495628258,0.0010269482622749875
T2,2024-12-05 02:29:00+00:00,-953.8527711107249,0.001036871760619387
T2,2024-12-05 02:41:00+00:00,-952.7476190529095,0.0010483794777629025
T2,2024-12-05 19:44:00+00:00,-953.7476190529095,0.001032653785596459
T2,2024-12-06 17:43:00+00:00,-952.5375054647162,0.0010468707728876318
T2,2024-12-06 23:21:00+00:00,-953.5375054647162,0.0010327142602079916
T2,2024-12-07 21:41:00+00:00,-954.5375054647162,0.0010268272822488442
T2,2024-12-08 12:20:00+00:00,-955.5375054647162,0.0010210828353949767
T2,2024-12-08 23:49:00+00:00,-955.0258526767512,0.0010242372836033924
T2,2024-12-09 00:16:00+00:00,-956.0258526767512,0.0010156705021945427
T2,2024-12-09 15:08:00+00:00,-957.0258526767512,0.0010065024745687736
T2,2024-12-11 13:30:00+00:00,-955.8564648737329,0.0010192365213661171
T2,2024-12-11 15:21:00+00:00,-955.0994212002438,0.0010248152004765083
T2,2024-12-11 17:57:00+00:00,-956.0994212002438,0.0010155709140185166
T2,2024-12-12 09:38:00+00:00,-957.0994212002438,0.0010100409810922186
T2,2024-12-12 13:20:00+00:00,-956.7045426176226,0.0010122739672123614
T2,2024-12-12 13:32:00+00:00,-957.7045426176226,0.001003410711232727
T2,2024-12-13 11:26:00+00:00,-957.4153807221351,0.001004934771777698
T2,2024-12-13 15:51:00+00:00,-958.4153807221351,0.0009976970565294008
T2,2024-12-14 01:00:00+00:00,-958.3811838970506,0.0009978530246305274
T2,2024-12-14 12:40:00+00:00,-959.3811838970506,0.0009849344000131793
T2,2024-12-15 01:48:00+00:00,-959.429752096677,0.0009847245542413357
T2,2024-12-15 02:34:00+00:00,-960.429752096677,0.0009793412823075537
T2,2024-12-15 06:50:00+00:00,-961.429752096677,0.000971988844318762
T2,2024-12-16 00:55:00+00:00,-962.429752096677,0.0009574090116539805
T2,2024-12-16 11:34:00+00:00,-963.429752096677,0.0009521798663978823
T2,2024-12-16 16:16:00+00:00,-962.2981267426799,0.0009633306623196404
T2,2024-12-17 04:18:00+00:00,-963.2981267426799,0.000957098396798213
T2,2024-12-17 12:11:00+00:00,-964.2981267426799,0.0009510761480081463
T2,2024-12-17 15:13:00+00:00,-965.2981267426799,0.0009405465189756497
T2,2024-12-18 12:29:00+00:00,-966.2981267426799,0.0009351660951839647
T2,2024-12-19 12:37:00+00:00,-967.2981267426799,0.0009287132712575526
T2,2024-12-21 05:47:00+00:00,-967.0544474090299,0.0009298712161125053
T2,2024-12-21 11:25:00+00:00,-968.0544474090299,0.0009218488486190903
T2,2024-12-21 20:34:00+00:00,-969.0544474090299,0.0009159858307841203
T2,2024-12-22 14:05:00+00:00,-970.0544474090299,0.0009105377539113323
T2,2024-12-23 06:06:00+00:00,-971.0544474090299,0.0009039808299323999
T2,2024-12-23 10:19:00+00:00,-970.3524743493314,0.0009083740939017697
T2,2024-12-24 00:25:00+00:00,-971.3524743493314,0.0009009624678931875
T2,2024-12-24 13:54:00+00:00,-970.6871996350675,0.0009049980591054168
T2,2024-12-24 14:52:00+00:00,-969.6592042564482,0.000913599314025763
T2,2024-12-25 06:24:00+00:00,-970.6592042564482,0.000907971346842872
T2,2024-12-25 10:54:00+00:00,-971.6592042564482,0.0009015674493799645
T2,2024-12-25 18:52:00+00:00,-972.6592042564482,0.0008968801005765078
T2,2024-12-26 00:23:00+00:00,-973.6592042564482,0.0008902147714895075
T2,2024-12-27 01:47:00+00:00,-974.6592042564482,0.0008856497446165617
T2,2024-12-27 02:49:00+00:00,-975.6592042564482,0.0008796882858428532
T2,2024-12-28 14:30:00+00:00,-976.6592042564482,0.0008733503401364983
T2,2024-12-29 14:15:00+00:00,-977.6592042564482,0.0008680425116675043
T2,2024-12-30 07:23:00+00:00,-978.6592042564482,0.0008631342539723606
T2,2024-12-30 21:40:00+00:00,-979.6592042564482,0.0008511868192389628
T2,2024-12-31 08:29:00+00:00,-978.9127810262154,0.0008557414213217451
T2,2024-12-31 10:13:00+00:00,-979.9127810262154,0.0008483999674995714
T2,2024-12-31 13:15:00+00:00,-979.3298403098787,0.0008515363451674164
T2,2025-01-01 01:05:00+00:00,-980.3298403098787,0.0008456866644368264
T2,2025-01-01 19:49:00+00:00,-979.5302667827596,0.0008507486821871093
T2,2025-01-02 00:18:00+00:00,-980.5302667827596,0.0008441432988924116
T2,2025-01-02 08:54:00+00:00,-979.5289441355081,0.0008517492994637752
T2,2025-01-03 13:05:00+00:00,-980.5289441355081,0.0008472692904137871
T2,2025-01-03 13:15:00+00:00,-981.5289441355081,0.0008421705827845303
T2,2025-01-03 19:14:00+00:00,-980.3802482837874,0.0008523826040236036
T2,2025-01-04 04:04:00+00:00,-981.3802482837874,0.0008474189358990161
T2,2025-01-04 18:48:00+00:00,-982.3802482837874,0.0008435443103936339
T2,2025-01-04 23:10:00+00:00,-983.3802482837874,0.0008379713944725192
T2,2025-01-05 17:26:00+00:00,-984.3802482837874,0.0008328750391954104
T2,2025-01-05 23:14:00+00:00,-985.3802482837874,0.0008279678411353545
T2,2025-01-06 14:48:00+00:00,-984.3490706881281,0.0008358872743897451
T2,2025-01-07 15:01:00+00:00,-985.3490706881281,0.0008235268119066759
T2,2025-01-10 07:42:00+00:00,-984.8498661918017,0.0008259884604678858
T2,2025-01-10 07:54:00+00:00,-985.8498661918017,0.0008197676276943696
T2,2025-01-11 21:19:00+00:00,-985.7219507993985,0.0008202709885488047
T2,2025-01-12 14:10:00+00:00,-985.6303658655207,0.000820624741352319
T2,2025-01-12 19:22:00+00:00,-986.6303658655207,0.0008132489747457134
T2,2025-01-13 01:42:00+00:00,-987.6303658655207,0.0008014958973798248
T2,2025-01-14 00:44:00+00:00,-988.6303658655207,0.0007956355039247596
T2,2025-01-14 02:50:00+00:00,-989.6303658655207,0.0007909223317047575
T2,2025-01-14 07:36:00+00:00,-990.6303658655207,0.0007872044468116035
T2,2025-01-15 01:56:00+00:00,-989.9898141306362,0.0007905377161288815
T2,2025-01-15 07:40:00+00:00,-990.9898141306362,0.0007859689665105429
T2,2025-01-15 13:30:00+00:00,-990.4111409362715,0.0007888446173695847
T2,2025-01-16 17:48:00+00:00,-991.4111409362715,0.0007836780150684044
T2,2025-01-16 21:19:00+00:00,-992.4111409362715,0.0007782594417754229
T2,2025-01-17 01:35:00+00:00,-992.2998257606201,0.0007786716442763183
T2,2025-01-17 02:15:00+00:00,-991.3580497732983,0.0007848991724324795
T2,2025-01-17 07:55:00+00:00,-992.3580497732983,0.0007807603158741418
T2,2025-01-18 03:27:00+00:00,-993.3580497732983,0.0007769046163519827
T2,2025-01-18 12:36:00+00:00,-994.3580497732983,0.0007717627984153931
T2,2025-01-18 15:39:00+00:00,-993.6385024201397,0.0007756601630236553
T2,2025-01-19 02:27:00+00:00,-993.2894688941066,0.0007771338040934337
T2,2025-01-19 07:35:00+00:00,-994.2894688941066,0.0007727756092389962
T2,2025-01-19 20:16:00+00:00,-995.2894688941066,0.000768423379394639
T2,2025-01-20 06:48:00+00:00,-993.9996068583504,0.0007809661199335361
T2,2025-01-20 15:56:00+00:00,-994.9996068583504,0.0007692516281345331
T2,2025-01-21 14:35:00+00:00,-995.9996068583504,0.0007602410968038732
T2,2025-01-22 13:53:00+00:00,-996.9996068583504,0.0007488374803518151
T2,2025-01-23 21:18:00+00:00,-997.9996068583504,0.0007376049181465379
T2,2025-01-24 14:43:00+00:00,-996.811904109141,0.0007472967957562508
T2,2025-01-24 18:12:00+00:00,-997.811904109141,0.0007414851269717482
T2,2025-01-25 16:42:00+00:00,-998.811904109141,0.0007370404764318521
T2,2025-01-25 23:02:00+00:00,-999.811904109141,0.0007335951537702609
T2,2025-01-26 08:03:00+00:00,-1000.811904109141,0.0007295735232153802
T2,2025-01-26 18:20:00+00:00,-1000.8469900941866,0.0007294604886381809
T2,2025-01-26 19:23:00+00:00,-1001.8469900941866,0.0007261626422507088
T2,2025-01-27 13:26:00+00:00,-1002.8469900941866,0.0007183875535103485
T2,2025-01-27 15:18:00+00:00,-1003.8469900941866,0.0007107207623078298
T2,2025-01-27 21:43:00+00:00,-1004.8469900941866,0.0007036656703693857
T2,2025-01-28 00:31:00+00:00,-1005.8469900941866,0.0006971651298773348
T2,2025-01-28 03:34:00+00:00,-1005.2137456188568,0.0007000678660657946
T2,2025-01-29 12:24:00+00:00,-1006.2137456188568,0.0006966593514162722
T2,2025-01-29 19:02:00+00:00,-1007.2137456188568,0.0006919763374562635
T2,2025-01-30 04:51:00+00:00,-1006.7389157539095,0.000693912323921266
T2,2025-01-30 07:12:00+00:00,-1007.7389157539095,0.0006894260526017583
T2,2025-01-30 17:29:00+00:00,-1008.7389157539095,0.0006828438981349309
T2,2025-01-31 14:27:00+00:00,-1009.7389157539095,0.0006793655942501613
T2,2025-01-31 17:08:00+00:00,-1010.7389157539095,0.0006737327655325153
T2,2025-02-03 19:21:00+00:00,-1009.0990493428355,0.0006903052415160659
T2,2025-02-04 05:02:00+00:00,-1010.0990493428355,0.0006822166968966764
T2,2025-02-04 19:46:00+00:00,-1011.0990493428355,0.0006748870074924084
T2,2025-02-05 01:24:00+00:00,-1012.0990493428355,0.0006685288205482156
T2,2025-02-06 08:36:00+00:00,-1013.0990493428355,0.0006650365453636251
T2,2025-02-06 13:07:00+00:00,-1014.0990493428355,0.0006603273317845759
T2,2025-02-06 14:16:00+00:00,-1015.0990493428355,0.0006551174420828804
T2,2025-02-09 01:25:00+00:00,-1014.9929096542751,0.000655447386183401
T2,2025-02-09 02:27:00+00:00,-1015.9929096542751,0.0006519987134449288
T2,2025-02-09 20:53:00+00:00,-1016.9929096542751,0.0006472245842204032
T2,2025-02-10 01:10:00+00:00,-1017.9929096542751,0.000642767385585535
T2,2025-02-11 05:55:00+00:00,-1016.916035903183,0.0006495056626164117
T2,2025-02-11 12:01:00+00:00,-1017.916035903183,0.000646992362806717
T2,2025-02-12 13:30:00+00:00,-1018.916035903183,0.0006426962107321697
T2,2025-02-13 06:46:00+00:00,-1019.916035903183,0.0006346086314336221
T2,2025-02-14 05:31:00+00:00,-1020.916035903183,0.0006299885277645418
T2,2025-02-14 12:17:00+00:00,-1021.916035903183,0.0006269291604566876
T2,2025-02-14 15:15:00+00:00,-1022.916035903183,0.0006227140464981294
T2,2025-02-15 06:43:00+00:00,-1023.916035903183,0.0006201747193730022
T2,2025-02-15 14:31:00+00:00,-1024.916035903183,0.0006165763339022777
T2,2025-02-16 02:48:00+00:00,-1025.916035903183,0.0006141828650794641
T2,2025-02-16 06:43:00+00:00,-1026.916035903183,0.0006116555025131126
T2,2025-02-17 15:31:00+00:00,-1027.916035903183,0.0006080205165934275
T2,2025-02-17 22:15:00+00:00,-1028.916035903183,0.0006051015151401416
T2,2025-02-18 14:36:00+00:00,-1029.916035903183,0.0006014020317930571
T2,2025-02-19 00:23:00+00:00,-1030.916035903183,0.000598547470293358
T2,2025-02-19 09:55:00+00:00,-1030.7380558457278,0.0005990728921746642
T2,2025-02-19 14:41:00+00:00,-1031.7380558457278,0.0005950172938833636
T2,2025-02-20 02:55:00+00:00,-1031.8628819997832,0.000594703168440401
T2,2025-02-20 05:01:00+00:00,-1032.8628819997832,0.0005921062233235429
T2,2025-02-20 09:10:00+00:00,-1033.0823002930485,0.000591580176217187
T2,2025-02-21 07:29:00+00:00,-1034.0823002930485,0.0005890422081323233
T2,2025-02-21 09:17:00+00:00,-1034.1256799161176,0.0005889298318992035
T2,2025-02-21 13:01:00+00:00,-1033.8840419451292,0.0005896571288660003
T2,2025-02-22 16:57:00+00:00,-1034.8840419451292,0.0005870064688325343
T2,2025-02-22 23:01:00+00:00,-1035.8840419451292,0.0005848549547159925
T2,2025-02-24 01:41:00+00:00,-1036.8840419451292,0.000580898959592004
T2,2025-02-24 09:46:00+00:00,-1037.8840419451292,0.0005772656390622126
T2,2025-02-26 11:59:00+00:00,-1038.8840419451292,0.0005736011736735694
T2,2025-02-27 10:59:00+00:00,-1038.3661198278708,0.0005754025099759095
T2,2025-03-01 02:44:00+00:00,-1037.4138264833568,0.0005801024697112825
T2,2025-03-01 06:34:00+00:00,-1038.4138264833568,0.0005746973443209943
T2,2025-03-01 13:15:00+00:00,-1039.4138264833568,0.0005710460297796407
T2,2025-03-02 08:01:00+00:00,-1040.4138264833568,0.0005672663368681343
T2,2025-03-02 16:54:00+00:00,-1038.7381100811863,0.0005815249994444718
T2,2025-03-03 14:56:00+00:00,-1039.7381100811863,0.0005728021244528047
T2,2025-03-05 00:42:00+00:00,-1040.7381100811863,0.0005645074605879759
T2,2025-03-05 08:35:00+00:00,-1040.4771629170073,0.000565268664181064
T2,2025-03-05 10:26:00+00:00,-1039.5077772671502,0.0005700466697443166
T2,2025-03-05 14:36:00+00:00,-1040.5077772671502,0.0005620290782057524
T2,2025-03-06 06:43:00+00:00,-1041.5077772671502,0.0005573279833614127
T2,2025-03-06 12:07:00+00:00,-1042.5077772671502,0.0005530935610266928
T2,2025-03-07 12:43:00+00:00,-1043.5077772671502,0.0005487685602440749
T2,2025-03-07 13:59:00+00:00,-1044.5077772671502,0.0005405370318404138
T2,2025-03-07 15:28:00+00:00,-1045.5077772671502,0.0005324289763628076
T2,2025-03-08 22:12:00+00:00,-1046.5077772671502,0.0005285264630954073
T2,2025-03-10 10:26:00+00:00,-1047.5077772671502,0.0005205985661489762
T2,2025-03-10 12:32:00+00:00,-1048.5077772671502,0.0005147759976733432
T2,2025-03-11 13:07:00+00:00,-1049.5077772671502,0.0005101947163922679
T2,2025-03-12 12:30:00+00:00,-1048.4033026857371,0.0005158493582506933
T2,2025-03-13 01:51:00+00:00,-1047.7247792581684,0.0005182295920211488
T2,2025-03-14 10:46:00+00:00,-1047.001637175808,0.0005208671050227181
T2,2025-03-14 14:00:00+00:00,-1048.001637175808,0.0005161615495237669
T2,2025-03-16 11:02:00+00:00,-1049.001637175808,0.0005102706361378635
T2,2025-03-17 05:14:00+00:00,-1050.001637175808,0.0005066964554703397
T2,2025-03-17 23:30:00+00:00,-1051.001637175808,0.0005025963005797867
T2,2025-03-18 09:16:00+00:00,-1052.001637175808,0.000499751290968639
T2,2025-03-19 10:31:00+00:00,-1051.7790459551975,0.0005003137177255574
T2,2025-03-19 13:19:00+00:00,-1051.1976049757773,0.0005021565761701003
T2,2025-03-19 14:30:00+00:00,-1052.1976049757773,0.0004979612616198713
T2,2025-03-20 09:17:00+00:00,-1053.1976049757773,0.0004951843132409555
T2,2025-03-21 21:38:00+00:00,-1054.1976049757773,0.0004927453435637513
T2,2025-03-21 23:32:00+00:00,-1055.1976049757773,0.0004905889338676863
T2,2025-03-22 01:35:00+00:00,-1056.1976049757773,0.0004885273900062866
T2,2025-03-22 08:33:00+00:00,-1057.1976049757773,0.00048626636997631874
T2,2025-03-22 09:59:00+00:00,-1058.1976049757773,0.00048407579964477606
T2,2025-03-23 04:08:00+00:00,-1059.1976049757773,0.0004820409776237331
T2,2025-03-23 11:06:00+00:00,-1059.0561560956319,0.0004823706634678915
T2,2025-03-23 17:37:00+00:00,-1060.0561560956319,0.000479256820053716
T2,2025-03-24 01:08:00+00:00,-1061.0561560956319,0.00047556887743807174
T2,2025-03-24 04:00:00+00:00,-1060.4692030286003,0.0004773440948704815
T2,2025-03-24 08:29:00+00:00,-1059.9158136745473,0.00047898507014200366
T2,2025-03-25 14:41:00+00:00,-1059.0920059807117,0.0004819998862373876
T2,2025-03-25 20:37:00+00:00,-1060.0920059807117,0.00047825447326823586
T2,2025-03-26 07:32:00+00:00,-1059.519497676696,0.0004799781609564122
T2,2025-03-27 11:47:00+00:00,-1060.519497676696,0.00047629462887333003
T2,2025-03-28 02:31:00+00:00,-1061.519497676696,0.00047313416660406957
T2,2025-03-30 02:47:00+00:00,-1061.0206080554367,0.000474547249017639
T2,2025-03-30 10:23:00+00:00,-1062.0206080554367,0.00047232034221522776
T2,2025-03-30 12:42:00+00:00,-1063.0206080554367,0.0004699526668172398
T2,2025-03-31 13:32:00+00:00,-1064.0206080554367,0.00046555276199111955
T2,2025-04-01 07:18:00+00:00,-1063.581323729401,0.0004667303195977932
T2,2025-04-01 08:29:00+00:00,-1063.251593124845,0.00046755831912462877
T2,2025-04-01 12:43:00+00:00,-1064.251593124845,0.0004641550271222436
T2,2025-04-02 09:11:00+00:00,-1063.8953218087015,0.0004650591034998245
T2,2025-04-02 11:00:00+00:00,-1064.8953218087015,0.00046201505107308405
T2,2025-04-02 13:31:00+00:00,-1065.8953218087015,0.0004590665078475111
T2,2025-04-04 01:50:00+00:00,-1066.8953218087015,0.00045533167625948055
T2,2025-04-04 07:11:00+00:00,-1066.5300629301667,0.0004562459389496083
T2,2025-04-04 08:03:00+00:00,-1065.8260921194305,0.0004584729902439458
T2,2025-04-06 01:40:00+00:00,-1066.8260921194305,0.00045647914506726124
T2,2025-04-07 14:17:00+00:00,-1065.2177100574208,0.000467492038096376
T2,2025-04-07 22:50:00+00:00,-1064.3183165710295,0.0004709251125094295
T2,2025-04-07 23:01:00+00:00,-1065.3183165710295,0.00046767578543336486
T2,2025-04-08 03:52:00+00:00,-1066.3183165710295,0.00046197718313442556
T2,2025-04-08 13:35:00+00:00,-1067.3183165710295,0.0004576201068330413
T2,2025-04-09 11:00:00+00:00,-1068.3183165710295,0.000450859602050357
T2,2025-04-09 14:59:00+00:00,-1069.3183165710295,0.00044447210260245123
T2,2025-04-09 17:23:00+00:00,-1068.0989035610567,0.0004507118263443189
T2,2025-04-10 06:42:00+00:00,-1069.0989035610567,0.00044826290437146633
T2,2025-04-10 07:28:00+00:00,-1070.0989035610567,0.0004457896346039295
T2,2025-04-11 08:01:00+00:00,-1071.0989035610567,0.0004431251023033648
T2,2025-04-11 13:39:00+00:00,-1070.1569608934635,0.000446670238792305
T2,2025-04-12 02:48:00+00:00,-1071.1569608934635,0.00044124637342721836
T2,2025-04-12 13:22:00+00:00,-1072.1569608934635,0.0004386374219492256
T2,2025-04-13 01:31:00+00:00,-1070.9328213230613,0.00044485676272244996
T2,2025-04-14 00:22:00+00:00,-1070.1306511309049,0.0004475339758128506
T2,2025-04-14 09:23:00+00:00,-1071.1306511309049,0.0004448941869915782
T2,2025-04-14 15:02:00+00:00,-1072.1306511309049,0.00044007811692942843
T2,2025-04-15 13:47:00+00:00,-1071.1520977354178,0.00044386681478157046
T2,2025-04-15 13:55:00+00:00,-1072.1520977354178,0.0004394377891991598
T2,2025-04-16 15:22:00+00:00,-1071.1896133558746,0.0004431012182582336
T2,2025-04-16 17:30:00+00:00,-1072.1896133558746,0.00044006830687659326
T2,2025-04-16 21:41:00+00:00,-1073.1896133558746,0.0004375603057418127
T2,2025-04-17 08:50:00+00:00,-1074.1896133558746,0.0004352487670221068
T2,2025-04-17 10:12:00+00:00,-1075.1896133558746,0.0004331836260404666
T2,2025-04-17 13:18:00+00:00,-1076.1896133558746,0.0004307547415367923
T2,2025-04-18 22:14:00+00:00,-1077.1896133558746,0.0004287466592492957
T2,2025-04-19 09:09:00+00:00,-1076.591893759473,0.0004303889676623424
T2,2025-04-19 20:04:00+00:00,-1077.591893759473,0.00042798458114258426
T2,2025-04-19 21:32:00+00:00,-1078.591893759473,0.00042613903214308173
T2,2025-04-20 00:40:00+00:00,-1079.591893759473,0.0004243269807611421
T2,2025-04-21 00:26:00+00:00,-1078.9204032954885,0.0004262543599245182
T2,2025-04-21 14:31:00+00:00,-1077.5576425697152,0.00043444612044812354
T2,2025-04-22 14:38:00+00:00,-1076.2280199140541,0.00044218960328629506
T2,2025-04-23 00:52:00+00:00,-1077.2280199140541,0.0004370130604602513
T2,2025-04-23 10:00:00+00:00,-1078.2280199140541,0.00043321171138744745
T2,2025-04-23 13:36:00+00:00,-1079.2280199140541,0.0004307878760734508
T2,2025-04-24 14:12:00+00:00,-1080.2280199140541,0.00042791299303644704
T2,2025-04-24 17:22:00+00:00,-1081.2280199140541,0.00042469901772300954
T2,2025-04-25 02:16:00+00:00,-1082.2280199140541,0.0004216791730002434
T2,2025-04-25 04:27:00+00:00,-1083.2280199140541,0.000419813238682752
T2,2025-04-25 11:15:00+00:00,-1083.062357749351,0.00042015395385767626
T2,2025-04-25 12:53:00+00:00,-1084.062357749351,0.0004174333347023763
T2,2025-04-26 05:00:00+00:00,-1085.062357749351,0.0004144260428433261
T2,2025-04-26 07:57:00+00:00,-1086.062357749351,0.0004127147525919988
T2,2025-04-27 01:14:00+00:00,-1085.7845684123258,0.00041331298595492013
T2,2025-04-27 22:14:00+00:00,-1086.7845684123258,0.000411151349034622
T2,2025-04-28 10:21:00+00:00,-1087.7845684123258,0.0004088338330702466
T2,2025-04-28 13:39:00+00:00,-1088.7845684123258,0.00040517781372999674
T2,2025-04-29 22:23:00+00:00,-1089.7845684123258,0.00040178578461748214
T2,2025-04-30 06:57:00+00:00,-1090.7845684123258,0.00039953294061259077
T2,2025-04-30 12:21:00+00:00,-1091.7845684123258,0.00039783151265692556
T2,2025-04-30 21:54:00+00:00,-1092.7845684123258,0.00039556084132546143
T2,2025-05-01 05:44:00+00:00,-1092.5880457691735,0.0003959481939772902
T2,2025-05-01 06:23:00+00:00,-1093.5880457691735,0.00039404945447753454
T2,2025-05-01 09:52:00+00:00,-1093.373643607889,0.0003944746489175992
T2,2025-05-02 14:36:00+00:00,-1092.8043148630175,0.0003958853457700429
T2,2025-05-02 15:26:00+00:00,-1093.8043148630175,0.0003929423407056006
T2,2025-05-02 16:58:00+00:00,-1094.8043148630175,0.0003901523617959748
T2,2025-05-05 22:39:00+00:00,-1094.2679526001125,0.00039143720518789447
T2,2025-05-05 23:26:00+00:00,-1095.2679526001125,0.00038927750839238266
T2,2025-05-06 20:29:00+00:00,-1096.2679526001125,0.00038752878662122085
T2,2025-05-07 00:07:00+00:00,-1095.0773111797455,0.0003926519159516841
T2,2025-05-07 02:08:00+00:00,-1096.0773111797455,0.0003897695734899528
T2,2025-05-07 06:39:00+00:00,-1097.0773111797455,0.00038790787971010706
T2,2025-05-07 12:27:00+00:00,-1098.0773111797455,0.00038611932534246405
T2,2025-05-08 15:24:00+00:00,-1096.7794073737343,0.00039253376560444896
T2,2025-05-08 21:18:00+00:00,-1095.381190068499,0.00040072979179848177
T2,2025-05-08 22:11:00+00:00,-1096.381190068499,0.00039515168235713103
T2,2025-05-09 08:00:00+00:00,-1097.381190068499,0.0003923894244268578
T2,2025-05-09 14:20:00+00:00,-1098.381190068499,0.0003891185553734523
T2,2025-05-10 00:21:00+00:00,-1099.381190068499,0.00038735186621687305
T2,2025-05-10 01:49:00+00:00,-1100.381190068499,0.000385711087551334
T2,2025-05-10 06:14:00+00:00,-1101.381190068499,0.00038417631005956967
T2,2025-05-11 12:08:00+00:00,-1100.9489134769728,0.0003851282601846447
T2,2025-05-11 22:05:00+00:00,-1101.9489134769728,0.0003819063816857942
T2,2025-05-12 01:01:00+00:00,-1101.646835506508,0.00038251697151553887
T2,2025-05-13 11:33:00+00:00,-1101.3086012197061,0.0003832166360873756
T2,2025-05-13 21:11:00+00:00,-1102.3086012197061,0.00038084519809068035
T2,2025-05-14 13:01:00+00:00,-1103.3086012197061,0.00037907450037307926
T2,2025-05-15 01:06:00+00:00,-1104.3086012197061,0.0003774784573208548
T2,2025-05-15 18:36:00+00:00,-1105.3086012197061,0.0003752943595263098
T2,2025-05-16 03:16:00+00:00,-1106.3086012197061,0.0003727684428103733
T2,2025-05-16 14:06:00+00:00,-1107.3086012197061,0.00037066030952649225
T2,2025-05-16 20:37:00+00:00,-1108.3086012197061,0.0003674838920015612
T2,2025-05-18 00:21:00+00:00,-1109.3086012197061,0.0003658697653617245
T2,2025-05-18 13:41:00+00:00,-1108.823006589293,0.000366924029893125
T2,2025-05-18 16:55:00+00:00,-1108.0006292506512,0.00036922670398054146
T2,2025-05-19 00:30:00+00:00,-1109.0006292506512,0.0003658652064173931
T2,2025-05-20 00:15:00+00:00,-1108.3160594513347,0.00036757625514054535
T2,2025-05-20 03:17:00+00:00,-1109.3160594513347,0.00036490554991164736
T2,2025-05-20 06:19:00+00:00,-1110.3160594513347,0.0003628151034486532
T2,2025-05-20 07:37:00+00:00,-1111.3160594513347,0.0003600249651996627
T2,2025-05-21 00:18:00+00:00,-1112.3160594513347,0.0003580178965610601
T2,2025-05-21 07:23:00+00:00,-1113.3160594513347,0.0003546663423672797
T2,2025-05-21 12:48:00+00:00,-1114.3160594513347,0.00035288993650714614
T2,2025-05-22 03:46:00+00:00,-1113.4044623214413,0.0003555460332141858
T2,2025-05-22 04:16:00+00:00,-1114.4044623214413,0.0003531697018132594
T2,2025-05-22 12:14:00+00:00,-1115.4044623214413,0.0003507347562933223
T2,2025-05-24 10:45:00+00:00,-1114.9270640017878,0.000351723001519237
T2,2025-05-24 18:52:00+00:00,-1115.9270640017878,0.00034984451871272694
T2,2025-05-25 22:10:00+00:00,-1115.331544396138,0.000351177569806657
T2,2025-05-26 07:07:00+00:00,-1114.1608049570302,0.00035563297642712013
T2,2025-05-26 09:40:00+00:00,-1115.1608049570302,0.0003540443849937675
T2,2025-05-26 16:18:00+00:00,-1116.1608049570302,0.0003512367711006017
T2,2025-05-27 12:42:00+00:00,-1117.1608049570302,0.0003494046431979822
T2,2025-05-27 14:26:00+00:00,-1118.1608049570302,0.00034611745745649175
T2,2025-05-29 02:22:00+00:00,-1119.1608049570302,0.0003439929023856256
T2,2025-05-29 08:05:00+00:00,-1120.1608049570302,0.00034227202882903087
T2,2025-05-29 08:55:00+00:00,-1119.803826405478,0.00034294031371370407
T2,2025-05-31 21:36:00+00:00,-1119.459838860438,0.00034358047439918206
T2,2025-05-31 21:39:00+00:00,-1120.459838860438,0.000342129473825372
T2,2025-06-01 00:13:00+00:00,-1121.459838860438,0.00034002866292215215
T2,2025-06-01 16:09:00+00:00,-1121.276629823728,0.0003403368034320662
T2,2025-06-01 18:27:00+00:00,-1122.276629823728,0.00033765578995632065
T2,2025-06-02 03:21:00+00:00,-1123.276629823728,0.0003352859213541438
T2,2025-06-02 08:27:00+00:00,-1122.854197902973,0.00033609273878917607
T2,2025-06-02 23:44:00+00:00,-1122.3324570015855,0.0003371587328674637
T2,2025-06-03 02:46:00+00:00,-1123.3324570015855,0.0003351913363080803
T2,2025-06-03 14:53:00+00:00,-1122.6443432153083,0.0003367713040302258
T2,2025-06-04 03:29:00+00:00,-1123.6443432153083,0.00033540134073219434
T2,2025-06-04 11:25:00+00:00,-1124.6443432153083,0.0003334958783325482
T2,2025-06-05 03:24:00+00:00,-1125.6443432153083,0.0003317894520464238
T2,2025-06-05 12:20:00+00:00,-1125.5740997658688,0.0003318979839001077
T2,2025-06-05 13:07:00+00:00,-1125.2227526839454,0.0003325336119711772
T2,2025-06-06 06:21:00+00:00,-1126.2227526839454,0.00033082439050671113
T2,2025-06-06 15:15:00+00:00,-1125.4938784215526,0.0003325291101386428
T2,2025-06-06 15:36:00+00:00,-1126.4938784215526,0.00032989768335202644
T2,2025-06-07 03:12:00+00:00,-1126.708776178225,0.0003296100436677334
T2,2025-06-07 06:59:00+00:00,-1126.3062594509897,0.0003303563882580409
T2,2025-06-08 09:14:00+00:00,-1127.3062594509897,0.00032830434569741315
T2,2025-06-08 13:48:00+00:00,-1126.9966538085241,0.00032884471267754167
T2,2025-06-08 15:17:00+00:00,-1127.9966538085241,0.00032741037885649385
T2,2025-06-08 16:27:00+00:00,-1128.9966538085241,0.0003260014785602405
T2,2025-06-09 09:29:00+00:00,-1128.8740260668162,0.0003261928377146218
T2,2025-06-09 09:46:00+00:00,-1128.3804051980308,0.00032715339878474324
T2,2025-06-09 19:24:00+00:00,-1127.3357477161444,0.00033036822564196436
T2,2025-06-10 13:42:00+00:00,-1128.3357477161444,0.00032862026695179423
T2,2025-06-10 19:48:00+00:00,-1129.3357477161444,0.0003261906967797689
T2,2025-06-11 16:11:00+00:00,-1130.3357477161444,0.0003233932346124122
T2,2025-06-12 18:21:00+00:00,-1131.3357477161444,0.00032139091851474014
T2,2025-06-14 00:20:00+00:00,-1132.3357477161444,0.000319748574666479
T2,2025-06-15 01:17:00+00:00,-1133.3357477161444,0.0003182336424779058
T2,2025-06-15 05:59:00+00:00,-1133.1947223718976,0.0003184505932141897
T2,2025-06-15 14:47:00+00:00,-1133.071299272805,0.0003186388122230458
T2,2025-06-16 05:29:00+00:00,-1132.4125185591965,0.00032004528425317853
T2,2025-06-16 18:24:00+00:00,-1131.654101616546,0.00032180213561729343
T2,2025-06-16 19:08:00+00:00,-1131.4716108649684,0.00032209250076776564
T2,2025-06-19 18:49:00+00:00,-1132.4716108649684,0.00031982795432236724
T2,2025-06-20 07:51:00+00:00,-1132.031902574922,0.00032063791999231434
T2,2025-06-21 13:45:00+00:00,-1133.031902574922,0.00031911468021484247
T2,2025-06-23 00:59:00+00:00,-1134.031902574922,0.00031710252669154144
T2,2025-06-23 09:25:00+00:00,-1135.031902574922,0.000314691014250274
T2,2025-06-23 13:10:00+00:00,-1136.031902574922,0.0003131390136954604
T2,2025-06-25 00:13:00+00:00,-1135.185084285563,0.0003152054451392534
T2,2025-06-25 01:19:00+00:00,-1136.185084285563,0.00031333050637069777
T2,2025-06-25 03:03:00+00:00,-1137.185084285563,0.00031149913451884113
T2,2025-06-25 08:23:00+00:00,-1138.185084285563,0.00031002687054386657
T2,2025-06-26 09:12:00+00:00,-1139.185084285563,0.0003078475714650038
T2,2025-06-26 21:08:00+00:00,-1140.185084285563,0.0003059273338681028
T2,2025-06-27 04:49:00+00:00,-1140.4947601060614,0.00030555872490614086
T2,2025-06-27 07:28:00+00:00,-1141.4947601060614,0.00030418896844674873
T2,2025-06-27 17:28:00+00:00,-1142.4947601060614,0.00030236250873062
T2,2025-06-28 03:55:00+00:00,-1143.1417699511192,0.00030169834583187316
T2,2025-06-28 06:24:00+00:00,-1143.7497551336392,0.00030106629480183437
T2,2025-06-28 15:56:00+00:00,-1144.313837859081,0.00030047109299077135
T2,2025-06-29 02:04:00+00:00,-1145.313837859081,0.0002992006783933224
T2,2025-06-29 07:59:00+00:00,-1145.8863476009026,0.0002986022946781303
T2,2025-06-29 08:31:00+00:00,-1146.3985970102785,0.00029805514872251166
T2,2025-06-30 04:51:00+00:00,-1147.3985970102785,0.0002962865892203708
T2,2025-07-02 08:00:00+00:00,-1146.9447778078204,0.0002970680837212985
T2,2025-07-02 15:01:00+00:00,-1146.3392528724212,0.0002982273110550834
T2,2025-07-03 00:22:00+00:00,-1147.3392528724212,0.0002968558051834237
T2,2025-07-03 09:41:00+00:00,-1146.712143291238,0.00029807435825058616
T2,2025-07-05 20:08:00+00:00,-1147.712143291238,0.0002968484319200266
T2,2025-07-06 00:12:00+00:00,-1148.712143291238,0.000295711385626935
T2,2025-07-06 12:47:00+00:00,-1149.3468984466379,0.0002950711713435897
T2,2025-07-06 13:23:00+00:00,-1149.811952966359,0.0002945709117105872
T2,2025-07-06 18:49:00+00:00,-1150.811952966359,0.00029293373751308884
T2,2025-07-07 02:08:00+00:00,-1150.6830006529917,0.0002931151658055131
T2,2025-07-08 13:37:00+00:00,-1151.6830006529917,0.00029174597562615977
T2,2025-07-08 14:11:00+00:00,-1152.6830006529917,0.00028943908021046745
T2,2025-07-08 20:11:00+00:00,-1153.6830006529917,0.00028761267163794196
T2,2025-07-09 01:20:00+00:00,-1154.6830006529917,0.0002863822378234022
T2,2025-07-09 11:03:00+00:00,-1155.081021759513,0.00028595507788144474
T2,2025-07-09 14:29:00+00:00,-1156.081021759513,0.000284337736489811
T2,2025-07-10 02:43:00+00:00,-1157.081021759513,0.00028288350375660907
T2,2025-07-10 08:09:00+00:00,-1158.081021759513,0.000281574189151992
T2,2025-07-10 16:26:00+00:00,-1157.6379610822084,0.00028229426078225006
T2,2025-07-11 05:47:00+00:00,-1157.0020320958681,0.0002834769347254196
T2,2025-07-11 20:58:00+00:00,-1158.0020320958681,0.0002820264923327345
T2,2025-07-12 00:35:00+00:00,-1159.0020320958681,0.00027992438780730024
T2,2025-07-12 02:51:00+00:00,-1160.0020320958681,0.0002787930097922486
T2,2025-07-12 07:12:00+00:00,-1160.21994565327,0.00027854685241591147
T2,2025-07-12 11:41:00+00:00,-1161.21994565327,0.0002771815208957064
T2,2025-07-13 12:26:00+00:00,-1161.1323323101292,0.0002772956378468054
T2,2025-07-14 02:23:00+00:00,-1160.386851089205,0.0002787764293637806
T2,2025-07-14 03:43:00+00:00,-1159.441867684682,0.0002810203747395427
T2,2025-07-16 01:15:00+00:00,-1160.441867684682,0.0002794413819654483
T2,2025-07-16 13:42:00+00:00,-1161.441867684682,0.00027771023760316666
T2,2025-07-17 20:05:00+00:00,-1162.441867684682,0.00027577498990883606
T2,2025-07-17 21:20:00+00:00,-1161.8230469129057,0.00027688534288547396
T2,2025-07-17 21:39:00+00:00,-1162.8230469129057,0.0002746923529989935
T2,2025-07-18 02:17:00+00:00,-1163.8230469129057,0.0002725320318995876
T2,2025-07-18 06:28:00+00:00,-1164.8230469129057,0.0002707191113794463
T2,2025-07-19 11:13:00+00:00,-1165.8230469129057,0.00026956260730282797
T2,2025-07-20 09:59:00+00:00,-1166.8230469129057,0.0002684784539972036
T2,2025-07-20 14:08:00+00:00,-1167.0367769943941,0.00026824551523568915
T2,2025-07-21 06:23:00+00:00,-1166.4307374088182,0.000269293546794291
T2,2025-07-21 09:41:00+00:00,-1167.4307374088182,0.00026750251432317376
T2,2025-07-21 14:08:00+00:00,-1168.4307374088182,0.00026570245253908545
T2,2025-07-22 07:56:00+00:00,-1169.4307374088182,0.00026432145901725463
T2,2025-07-22 13:22:00+00:00,-1170.4307374088182,0.00026302458098926375
T2,2025-07-22 16:51:00+00:00,-1171.4307374088182,0.00026103230764491466
T2,2025-07-24 00:29:00+00:00,-1171.2859403226582,0.0002612153931685011
T2,2025-07-24 15:20:00+00:00,-1172.2859403226582,0.00025955869902855505
T2,2025-07-25 23:38:00+00:00,-1172.09909487462,0.0002597990659078565
T2,2025-07-26 00:11:00+00:00,-1173.09909487462,0.0002585026419379831
T2,2025-07-26 07:58:00+00:00,-1174.09909487462,0.00025760738144673263
T2,2025-07-26 10:42:00+00:00,-1174.1945479640963,0.0002575019277791313
T2,2025-07-26 15:17:00+00:00,-1175.1945479640963,0.0002562976868444502
T2,2025-07-28 11:28:00+00:00,-1176.1945479640963,0.00025454418760258374
T2,2025-07-29 13:43:00+00:00,-1177.1945479640963,0.000253021314927481
T2,2025-07-30 04:34:00+00:00,-1178.1945479640963,0.0002518807664558011
T2,2025-07-30 08:12:00+00:00,-1179.1945479640963,0.00025083986188818733
T2,2025-07-30 09:21:00+00:00,-1180.1945479640963,0.0002497687312702802
T2,2025-07-31 00:41:00+00:00,-1180.2065853382735,0.000249755302843861
T2,2025-07-31 17:26:00+00:00,-1181.2065853382735,0.00024752147201779855
T2,2025-08-03 11:11:00+00:00,-1181.4218642026083,0.00024730531108397256
T2,2025-08-03 18:26:00+00:00,-1181.2744912158419,0.00024748209985443726
T2,2025-08-03 22:15:00+00:00,-1182.2744912158419,0.00024601390952350296
T2,2025-08-04 02:07:00+00:00,-1183.2744912158419,0.00024466149216047694
T2,2025-08-04 12:27:00+00:00,-1184.2744912158419,0.00024365392021992918
T2,2025-08-04 14:06:00+00:00,-1183.679267936878,0.00024458168386066786
T2,2025-08-06 14:55:00+00:00,-1183.1726351350758,0.0002453273457835088
T2,2025-08-07 02:54:00+00:00,-1184.1726351350758,0.00024292371479795247
T2,2025-08-07 10:02:00+00:00,-1184.0093351104965,0.00024311780753422726
T2,2025-08-07 10:40:00+00:00,-1183.3456176340565,0.000244202965778571
T2,2025-08-07 13:45:00+00:00,-1184.3456176340565,0.00024295055468459879
T2,2025-08-08 01:04:00+00:00,-1185.3456176340565,0.0002409843091793052
T2,2025-08-09 10:08:00+00:00,-1185.2133856213948,0.00024113762740536534
T2,2025-08-10 03:08:00+00:00,-1184.7950871873065,0.00024171071105328438
T2,2025-08-10 14:26:00+00:00,-1184.1164488616398,0.00024282629925184875
T2,2025-08-11 02:13:00+00:00,-1183.2234434852367,0.00024458663546028046
T2,2025-08-11 07:39:00+00:00,-1184.2234434852367,0.0002430030475953499
T2,2025-08-11 11:04:00+00:00,-1185.2234434852367,0.00024168262385930393
T2,2025-08-13 13:27:00+00:00,-1184.1862332785258,0.00024402238794503123
T2,2025-08-13 22:48:00+00:00,-1182.9347964176511,0.000247688464392368
T2,2025-08-14 04:59:00+00:00,-1183.9347964176511,0.0002457612572822073
T2,2025-08-15 09:56:00+00:00,-1184.9347964176511,0.00024424609281192773
T2,2025-08-16 05:19:00+00:00,-1185.9347964176511,0.00024312599673992125
T2,2025-08-17 16:52:00+00:00,-1186.9347964176511,0.00024164662726201274
T2,2025-08-18 16:37:00+00:00,-1187.9347964176511,0.00024024903964579654
T2,2025-08-18 22:47:00+00:00,-1188.9347964176511,0.00023886982799200315
T2,2025-08-21 01:16:00+00:00,-1189.9347964176511,0.0002376610209815788
T2,2025-08-21 01:55:00+00:00,-1189.7247634271164,0.0002379116271675388
T2,2025-08-21 02:07:00+00:00,-1190.7247634271164,0.00023653939414615172
T2,2025-08-22 03:53:00+00:00,-1191.7247634271164,0.00023536649087419883
T2,2025-08-24 19:37:00+00:00,-1192.7247634271164,0.00023183599351108585
T2,2025-08-26 12:54:00+00:00,-1193.7247634271164,0.0002302478969828498
T2,2025-08-26 19:21:00+00:00,-1193.386371052248,0.0002306692820129069
T2,2025-08-26 23:20:00+00:00,-1194.386371052248,0.00022928975327419831
T2,2025-08-27 06:19:00+00:00,-1195.386371052248,0.00022757421325817753
T2,2025-08-27 20:21:00+00:00,-1196.386371052248,0.00022561085556184577
T2,2025-08-28 04:38:00+00:00,-1195.8435391032808,0.00022636613400855494
T2,2025-08-28 16:59:00+00:00,-1196.8435391032808,0.00022483390404885826
T2,2025-08-31 04:15:00+00:00,-1197.8435391032808,0.00022358427550174116
T2,2025-08-31 15:13:00+00:00,-1198.8435391032808,0.00022245690767955904
T2,2025-09-01 10:33:00+00:00,-1199.8435391032808,0.00022071233047700267
T2,2025-09-02 03:16:00+00:00,-1199.1152036115488,0.0002218483266246298
T2,2025-09-02 07:13:00+00:00,-1200.1152036115488,0.00022082236985102813
T2,2025-09-04 15:12:00+00:00,-1201.1152036115488,0.0002179801268835336
T2,2025-09-04 22:57:00+00:00,-1200.8640127542994,0.00021826149161142117
T2,2025-09-04 23:36:00+00:00,-1201.8640127542994,0.00021592799712003967
T2,2025-09-05 07:01:00+00:00,-1201.2950836818009,0.00021669942843316527
T2,2025-09-05 12:30:00+00:00,-1200.6376973163442,0.0002176529241443283
T2,2025-09-05 20:08:00+00:00,-1201.6376973163442,0.00021639981676103423
T2,2025-09-07 04:09:00+00:00,-1202.6376973163442,0.00021556213006482244
T2,2025-09-07 08:22:00+00:00,-1202.583953434776,0.000215615622558497
T2,2025-09-07 09:46:00+00:00,-1203.583953434776,0.00021435244304073787
T2,2025-09-08 09:20:00+00:00,-1203.2181314694233,0.00021478365439376137
T2,2025-09-08 13:39:00+00:00,-1204.2181314694233,0.00021371485924018654
T2,2025-09-08 17:06:00+00:00,-1205.2181314694233,0.00021208873383253402
T2,2025-09-09 06:14:00+00:00,-1204.7323379114462,0.00021270020446015187
T2,2025-09-09 14:02:00+00:00,-1205.7323379114462,0.000211630171683526
T2,2025-09-10 07:50:00+00:00,-1205.3853708285667,0.00021202935804624125
T2,2025-09-10 08:54:00+00:00,-1206.3853708285667,0.0002109197437165717
T2,2025-09-10 12:30:00+00:00,-1205.8934650628541,0.00021153799070198863
T2,2025-09-11 01:37:00+00:00,-1206.8934650628541,0.0002106268435418719
T2,2025-09-11 05:21:00+00:00,-1207.8934650628541,0.00020960753009109241
T2,2025-09-11 12:13:00+00:00,-1207.949405007153,0.0002095562782082549
T2,2025-09-12 00:17:00+00:00,-1208.949405007153,0.00020849294354396747
T2,2025-09-12 01:49:00+00:00,-1209.949405007153,0.0002072718842868321
T2,2025-09-12 09:20:00+00:00,-1210.949405007153,0.00020631711651589177
T2,2025-09-14 02:10:00+00:00,-1211.2010361560385,0.00020610991460756585
T2,2025-09-14 09:20:00+00:00,-1211.6820376868743,0.00020575081936730584
T2,2025-09-14 10:29:00+00:00,-1212.6820376868743,0.00020497932720497505
T2,2025-09-14 21:10:00+00:00,-1213.6820376868743,0.00020417928715232514
T2,2025-09-15 07:43:00+00:00,-1214.6820376868743,0.00020255103958811708
T2,2025-09-16 05:14:00+00:00,-1214.2400275246898,0.00020306744816790608
T2,2025-09-16 17:31:00+00:00,-1213.5456575614821,0.00020403796359586164
T2,2025-09-16 21:25:00+00:00,-1214.5456575614821,0.00020302614754596715
T2,2025-09-17 03:28:00+00:00,-1215.5456575614821,0.00020203855113440304
T2,2025-09-17 05:56:00+00:00,-1215.3261237736272,0.00020226241975264967
T2,2025-09-17 08:22:00+00:00,-1216.3261237736272,0.00020118100772908558
T2,2025-09-18 03:10:00+00:00,-1216.0875005223604,0.00020142593594431633
T2,2025-09-18 06:12:00+00:00,-1217.0875005223604,0.00020019127163217672
T2,2025-09-18 13:45:00+00:00,-1218.0875005223604,0.00019912331823500773
T2,2025-09-20 08:55:00+00:00,-1219.0875005223604,0.00019830953644202085
T2,2025-09-20 16:18:00+00:00,-1220.0875005223604,0.00019754865556621785
T2,2025-09-21 08:11:00+00:00,-1221.0875005223604,0.00019682082552537116
T2,2025-09-23 14:18:00+00:00,-1222.0875005223604,0.00019582882533031662
T2,2025-09-24 13:41:00+00:00,-1222.0198371721342,0.00019589044773816937
T2,2025-09-24 15:13:00+00:00,-1223.0198371721342,0.00019465543415775848
T2,2025-09-24 21:44:00+00:00,-1224.0198371721342,0.00019384764478028526
T2,2025-09-26 14:15:00+00:00,-1225.0198371721342,0.00019256870530843902
T2,2025-09-26 19:02:00+00:00,-1226.0198371721342,0.0001913428842714268
T2,2025-09-27 00:24:00+00:00,-1227.0198371721342,0.00019058627069373907
T2,2025-09-27 22:02:00+00:00,-1227.750552147321,0.00019012796570265917
T2,2025-09-28 01:03:00+00:00,-1228.750552147321,0.00018938120187428177
T2,2025-09-28 09:11:00+00:00,-1229.750552147321,0.00018868217126635323
T2,2025-09-28 16:38:00+00:00,-1230.750552147321,0.00018784031112179078
T2,2025-09-30 00:49:00+00:00,-1229.6539708676178,0.00018988926357166796
T2,2025-09-30 17:46:00+00:00,-1230.6539708676178,0.00018900049113938278
T2,2025-09-30 19:51:00+00:00,-1230.4860958548786,0.00018915611824216373
T2,2025-09-30 21:20:00+00:00,-1231.4860958548786,0.00018797014408717769
T3,2021-01-05 04:00:00+00:00,-1.0,0.985
T3,2021-01-10 12:00:00+00:00,-2.0,0.970225
T3,2021-01-12 13:00:00+00:00,-3.0,0.955671625
T3,2021-01-14 15:00:00+00:00,-1.1550135546345066,0.9821196429151813
T3,2021-02-03 00:00:00+00:00,0.5295752325213476,1.0069366589866877
T3,2021-02-08 12:00:00+00:00,2.2765444311466787,1.0333229689099344
T3,2021-02-20 12:00:00+00:00,4.054496710923947,1.0608809528347287
T3,2021-03-05 00:00:00+00:00,3.0544967109239467,1.0449677385422078
T3,2021-03-15 09:00:00+00:00,2.0544967109239467,1.0292932224640747
T3,2021-03-17 09:00:00+00:00,1.0544967109239467,1.0138538241271136
T3,2021-03-20 23:00:00+00:00,0.0544967109239467,0.9986460167652068
T3,2021-04-13 08:00:00+00:00,1.848621510745816,1.0255214505390335
T3,2021-04-16 04:00:00+00:00,0.8486215107458159,1.010138628780948
T3,2021-05-08 08:00:00+00:00,2.4831986576340235,1.034905871547863
T3,2021-06-04 12:00:00+00:00,1.4831986576340235,1.019382283474645
T3,2021-06-20 10:00:00+00:00,0.4831986576340235,1.0040915492225253
T3,2021-07-06 17:00:00+00:00,-0.5168013423659765,0.9890301759841874
T3,2021-07-10 17:00:00+00:00,-1.5168013423659765,0.9774029621169177
T3,2021-07-22 09:00:00+00:00,-2.5168013423659765,0.9637767603387243
T3,2021-07-24 11:00:00+00:00,-0.8939457432062377,0.9872378180165603
T3,2021-08-05 12:00:00+00:00,-1.8939457432062377,0.9724292507463119
T3,2021-08-13 20:00:00+00:00,-0.05731368806652726,0.9992191717454545
T3,2021-08-20 14:00:00+00:00,1.6623314606571007,1.02499370776351
T3,2021-08-24 16:00:00+00:00,0.6623314606571007,1.0096188021470573
T3,2021-08-26 05:00:00+00:00,-0.3376685393428993,0.9944745201148515
T3,2021-09-07 15:00:00+00:00,-1.3376685393428993,0.9795574023131287
T3,2021-09-20 02:00:00+00:00,-2.337668539342899,0.9648640412784317
T3,2021-10-02 23:30:00+00:00,-3.337668539342899,0.9535108774114431
T3,2021-10-03 17:45:00+00:00,-2.1395744249387154,0.9663130749600639
T3,2021-10-04 08:30:00+00:00,-3.1395744249387154,0.9587893456684036
T3,2021-10-05 08:30:00+00:00,-2.289577522259803,0.9651577828827673
T3,2021-10-06 18:45:00+00:00,-3.289577522259803,0.9532066697373492
T3,2021-10-07 01:15:00+00:00,-4.289577522259803,0.938908569691289
T3,2021-10-07 05:00:00+00:00,-5.289577522259803,0.9283072595010062
T3,2021-10-07 22:30:00+00:00,-6.289577522259803,0.9143826506084911
T3,2021-10-10 20:15:00+00:00,-4.78024621890572,0.9350842459756002
T3,2021-10-11 07:00:00+00:00,-3.50954425188579,0.9497255830516625
T3,2021-10-12 14:45:00+00:00,-4.5095442518857904,0.9354796993058876
T3,2021-10-13 05:30:00+00:00,-5.5095442518857904,0.9222055417665918
T3,2021-10-14 19:15:00+00:00,-6.5095442518857904,0.9083724586400929
T3,2021-10-15 20:15:00+00:00,-4.763870353685122,0.9321582900034785
T3,2021-10-16 02:00:00+00:00,-5.763870353685122,0.9239805847938499
T3,2021-10-19 14:15:00+00:00,-6.763870353685122,0.9101208760219421
T3,2021-10-20 05:30:00+00:00,-7.763870353685122,0.9035155675789885
T3,2021-10-21 14:15:00+00:00,-8.763870353685121,0.8899628340653037
T3,2021-10-30 14:15:00+00:00,-9.763870353685121,0.8766133915543242
T3,2021-11-03 12:30:00+00:00,-10.763870353685121,0.8651941949344913
T3,2021-11-06 11:00:00+00:00,-11.763870353685121,0.852216282010474
T3,2021-11-10 14:15:00+00:00,-10.17384205793552,0.8725420020479017
T3,2021-11-15 21:00:00+00:00,-11.17384205793552,0.8594538720171832
T3,2021-11-22 02:15:00+00:00,-12.17384205793552,0.8465620639369253
T3,2021-11-29 08:15:00+00:00,-13.17384205793552,0.840831610708151
T3,2021-11-30 03:30:00+00:00,-14.17384205793552,0.8282191365475288
T3,2021-11-30 14:15:00+00:00,-12.728988481133092,0.8461689672747825
T3,2021-12-01 20:45:00+00:00,-13.728988481133092,0.8334764327656609
T3,2021-12-09 14:45:00+00:00,-14.728988481133092,0.8209742862741759
T3,2021-12-12 09:45:00+00:00,-15.728988481133092,0.8129251213318661
T3,2021-12-13 01:45:00+00:00,-16.728988481133094,0.8007312445118882
T3,2021-12-16 11:30:00+00:00,-15.776652648629607,0.8072722746330601
T3,2021-12-20 00:00:00+00:00,-16.776652648629607,0.7951631905135641
T3,2021-12-22 13:15:00+00:00,-17.776652648629607,0.7832357426558607
T3,2021-12-24 11:15:00+00:00,-17.101911653922325,0.786819347955238
T3,2021-12-25 06:00:00+00:00,-18.101911653922325,0.7812558992367131
T3,2021-12-26 02:30:00+00:00,-19.101911653922325,0.7695370607481624
T3,2022-01-02 18:15:00+00:00,-20.101911653922325,0.7605933620813605
T3,2022-01-05 11:30:00+00:00,-21.101911653922325,0.7520339173423648
T3,2022-01-11 14:15:00+00:00,-22.101911653922325,0.7429111970773213
T3,2022-01-13 01:45:00+00:00,-23.101911653922325,0.7339296362654963
T3,2022-01-15 12:30:00+00:00,-24.101911653922325,0.727184132147678
T3,2022-01-17 05:00:00+00:00,-25.101911653922325,0.7162763701654628
T3,2022-02-01 09:00:00+00:00,-23.361146706469746,0.7349794021335518
T3,2022-02-01 09:45:00+00:00,-24.361146706469746,0.7239547111015485
T3,2022-02-02 14:30:00+00:00,-25.361146706469746,0.7170725030945205
T3,2022-02-07 16:00:00+00:00,-23.513951705414545,0.7369410942411757
T3,2022-02-08 06:00:00+00:00,-22.155327017458017,0.7509695987773175
T3,2022-02-09 13:00:00+00:00,-20.698152648652187,0.7673840035436782
T3,2022-02-10 02:45:00+00:00,-21.698152648652187,0.755873243490523
T3,2022-02-11 00:15:00+00:00,-22.698152648652187,0.7445351448381651
T3,2022-02-14 19:00:00+00:00,-23.698152648652187,0.7333671176655926
T3,2022-02-15 01:30:00+00:00,-22.317413798003706,0.7480614711491068
T3,2022-02-16 02:30:00+00:00,-23.317413798003706,0.7408456295094928
T3,2022-02-16 13:45:00+00:00,-24.317413798003706,0.7319652483674262
T3,2022-02-16 19:00:00+00:00,-23.632994472198845,0.7353873001774548
T3,2022-02-27 00:30:00+00:00,-24.632994472198845,0.7250440917971513
T3,2022-02-28 22:30:00+00:00,-22.87431108369389,0.7441709367998111
T3,2022-03-01 10:00:00+00:00,-23.87431108369389,0.7346633979957348
T3,2022-03-02 15:00:00+00:00,-22.427274104450404,0.7506096745586822
T3,2022-03-03 15:30:00+00:00,-23.427274104450404,0.7394204727253256
T3,2022-03-14 22:45:00+00:00,-22.14812272913161,0.7512117452711101
T3,2022-03-16 02:00:00+00:00,-20.630275212136734,0.7683151185055672
T3,2022-03-16 16:15:00+00:00,-21.630275212136734,0.7585097861302953
T3,2022-03-18 00:45:00+00:00,-22.630275212136734,0.7495931053469074
T3,2022-03-19 20:30:00+00:00,-21.80941722762872,0.7542825221439953
T3,2022-03-22 19:45:00+00:00,-22.80941722762872,0.746668254974566
T3,2022-03-22 23:30:00+00:00,-23.80941722762872,0.7366504404627799
T3,2022-03-24 06:15:00+00:00,-22.980337171600013,0.7413377329746886
T3,2022-03-24 15:30:00+00:00,-21.68027914091068,0.7537116770213963
T3,2022-03-25 08:00:00+00:00,-22.68027914091068,0.7457466890092072
T3,2022-03-27 20:30:00+00:00,-21.27069851340874,0.7615145402969735
T3,2022-03-28 13:30:00+00:00,-20.38138057722001,0.7669939885766719
T3,2022-03-29 15:45:00+00:00,-21.38138057722001,0.7573887758357966
T3,2022-03-31 14:00:00+00:00,-22.38138057722001,0.7460279441982596
T3,2022-04-14 19:00:00+00:00,-23.38138057722001,0.7348375250352857
T3,2022-04-16 01:15:00+00:00,-22.88554522982057,0.7370143563175198
T3,2022-04-21 08:45:00+00:00,-21.60254861355076,0.7488658091475366
T3,2022-04-27 14:00:00+00:00,-22.60254861355076,0.7376328220103235
T3,2022-04-28 08:45:00+00:00,-21.779142571168972,0.7422717647075763
T3,2022-05-03 11:15:00+00:00,-22.779142571168972,0.7332438869179954
T3,2022-05-16 06:15:00+00:00,-23.779142571168972,0.7222452286142255
T3,2022-05-17 18:15:00+00:00,-24.779142571168972,0.7114115501850121
T3,2022-05-18 13:15:00+00:00,-25.779142571168972,0.7007403769322369
T3,2022-05-20 06:30:00+00:00,-26.779142571168972,0.6902292712782533
T3,2022-05-20 14:30:00+00:00,-27.779142571168972,0.6804955838586274
T3,2022-05-23 06:00:00+00:00,-27.25922772806663,0.6826437217865697
T3,2022-05-26 06:00:00+00:00,-28.25922772806663,0.6734274188373273
T3,2022-05-29 01:30:00+00:00,-29.25922772806663,0.6681800114832755
T3,2022-05-29 08:15:00+00:00,-28.835417358945687,0.6697945482175625
T3,2022-05-30 02:00:00+00:00,-27.451348713564222,0.6833202019419277
T3,2022-05-30 20:15:00+00:00,-26.417075201535233,0.6898967327448785
T3,2022-05-31 13:30:00+00:00,-27.417075201535233,0.6824648069928393
T3,2022-06-01 11:15:00+00:00,-28.417075201535233,0.6772740093212098
T3,2022-06-05 20:45:00+00:00,-29.417075201535233,0.6719159401821486
T3,2022-06-06 03:00:00+00:00,-27.94462662591228,0.6867563652180421
T3,2022-06-08 12:15:00+00:00,-28.94462662591228,0.6791582799622919
T3,2022-06-08 18:30:00+00:00,-29.94462662591228,0.6689709057628576
T3,2022-06-20 09:30:00+00:00,-28.351935775125092,0.6849528633786274
T3,2022-06-21 13:30:00+00:00,-26.71751435769101,0.7017453878262099
T3,2022-06-21 20:00:00+00:00,-27.71751435769101,0.6912192070088167
T3,2022-06-26 11:45:00+00:00,-26.21707236254372,0.7067762218995431
T3,2022-06-26 13:00:00+00:00,-27.21707236254372,0.69617457857105
T3,2022-06-26 17:15:00+00:00,-28.21707236254372,0.6898952227898935
T3,2022-07-05 00:30:00+00:00,-26.84879158058159,0.7033236643878952
T3,2022-07-07 14:30:00+00:00,-25.586497956569424,0.7141385871118404
T3,2022-07-10 02:30:00+00:00,-26.586497956569424,0.7034265083051628
T3,2022-07-15 00:30:00+00:00,-27.586497956569424,0.6975976174605361
T3,2022-07-16 16:45:00+00:00,-26.021041096936507,0.7139785020932937
T3,2022-07-17 13:00:00+00:00,-27.021041096936507,0.7032688245618944
T3,2022-07-17 17:45:00+00:00,-28.021041096936507,0.693716012049604
T3,2022-07-18 08:15:00+00:00,-26.316620253443897,0.7114517725056326
T3,2022-07-18 17:30:00+00:00,-27.316620253443897,0.7007799959180482
T3,2022-07-19 06:45:00+00:00,-28.316620253443897,0.6902682959792774
T3,2022-07-20 12:15:00+00:00,-27.11403982844365,0.6996231389857577
T3,2022-07-31 18:30:00+00:00,-28.11403982844365,0.6891287919009713
T3,2022-08-06 08:30:00+00:00,-29.11403982844365,0.6851473356769607
T3,2022-08-14 07:15:00+00:00,-27.979758604476768,0.6932144687058329
T3,2022-08-24 01:15:00+00:00,-28.979758604476768,0.6828162516752454
T3,2022-08-24 16:00:00+00:00,-27.824530154274996,0.6912074461178485
T3,2022-08-25 16:45:00+00:00,-28.824530154274996,0.6836810745680546
T3,2022-08-26 15:00:00+00:00,-29.824530154274996,0.6734258584495337
T3,2022-08-30 14:00:00+00:00,-30.824530154274996,0.6633244705727908
T3,2022-09-02 17:15:00+00:00,-31.824530154274996,0.6533746035141988
T3,2022-09-05 01:45:00+00:00,-32.824530154274996,0.6453879330329478
T3,2022-09-08 07:15:00+00:00,-33.824530154274996,0.6372342142163991
T3,2022-09-12 01:45:00+00:00,-32.32185093656657,0.6515975933741353
T3,2022-09-17 16:15:00+00:00,-31.191057786743322,0.6592154157004964
T3,2022-09-20 13:15:00+00:00,-32.19105778674332,0.6493271844649889
T3,2022-09-24 21:15:00+00:00,-33.19105778674332,0.645138508470854
T3,2022-09-29 07:30:00+00:00,-34.19105778674332,0.6354614308437911
T3,2022-09-29 12:00:00+00:00,-35.19105778674332,0.6291126400230128
T3,2022-09-30 02:15:00+00:00,-36.19105778674332,0.6224763384120372
T3,2022-10-02 10:15:00+00:00,-37.19105778674332,0.6131391933358566
T3,2022-10-02 21:15:00+00:00,-38.19105778674332,0.6061789046863794
T3,2022-10-04 01:45:00+00:00,-39.19105778674332,0.6005016494564904
T3,2022-10-04 14:00:00+00:00,-38.163258620755535,0.6062066779166323
T3,2022-10-07 12:30:00+00:00,-39.163258620755535,0.5971135777478828
T3,2022-10-17 11:00:00+00:00,-38.19993331224539,0.6020998818300345
T3,2022-10-24 14:15:00+00:00,-39.19993331224539,0.5978295794820883
T3,2022-10-26 08:30:00+00:00,-38.08091047109463,0.6046536426929957
T3,2022-10-27 20:15:00+00:00,-39.08091047109463,0.5955838380526007
T3,2022-10-29 10:15:00+00:00,-37.53044418522707,0.6094353279722232
T3,2022-10-30 08:30:00+00:00,-38.53044418522707,0.6038026117752479
T3,2022-10-30 16:45:00+00:00,-39.53044418522707,0.5976612095336793
T3,2022-10-31 13:45:00+00:00,-40.53044418522707,0.5886962913906741
T3,2022-11-05 00:30:00+00:00,-39.562297341224905,0.5936599965422767
T3,2022-11-05 14:30:00+00:00,-40.562297341224905,0.5871392036071211
T3,2022-11-21 19:15:00+00:00,-41.562297341224905,0.5783321155530143
T3,2022-11-24 01:45:00+00:00,-40.27583775741601,0.587702258541143
T3,2022-11-25 20:15:00+00:00,-39.824266910405065,0.5892424803050054
T3,2022-11-27 23:00:00+00:00,-40.824266910405065,0.5855718117403932
T3,2022-11-30 00:30:00+00:00,-39.722597128446736,0.5920251871508804
T3,2022-12-01 08:00:00+00:00,-40.722597128446736,0.5881566285021501
T3,2022-12-02 13:30:00+00:00,-41.722597128446736,0.582562095476921
T3,2022-12-03 20:45:00+00:00,-42.722597128446736,0.5792853734839094
T3,2022-12-12 00:00:00+00:00,-43.722597128446736,0.5750816010859998
T3,2022-12-14 14:30:00+00:00,-42.72687518985965,0.5802055514325355
T3,2022-12-22 14:30:00+00:00,-43.72687518985965,0.5715024681610474
T3,2022-12-23 13:30:00+00:00,-44.72687518985965,0.5661160079068595
T3,2022-12-25 05:15:00+00:00,-45.72687518985965,0.5629713204659216
T3,2022-12-26 23:45:00+00:00,-45.43163528682692,0.5638474925112991
T3,2022-12-31 21:45:00+00:00,-46.43163528682692,0.5608836502148009
T3,2023-01-05 07:15:00+00:00,-47.43163528682692,0.5582376812815683
T3,2023-01-05 13:30:00+00:00,-48.43163528682692,0.5550254992948391
T3,2023-01-07 06:00:00+00:00,-49.43163528682692,0.5518085739749563
T3,2023-01-08 15:45:00+00:00,-49.52518103505355,0.5515869986572302
T3,2023-01-10 14:00:00+00:00,-49.04455337161873,0.5531550125595224
T3,2023-01-13 10:00:00+00:00,-48.27796748243101,0.5562445260743892
T3,2023-01-14 09:15:00+00:00,-49.27796748243101,0.5498938112177877
T3,2023-01-18 16:30:00+00:00,-50.27796748243101,0.5416454040495209
T3,2023-01-22 15:15:00+00:00,-51.27796748243101,0.5350999847104458
T3,2023-01-23 07:15:00+00:00,-52.27796748243101,0.5315700843332957
T3,2023-01-26 14:00:00+00:00,-51.36846358438979,0.5355542034826519
T3,2023-01-27 00:15:00+00:00,-52.36846358438979,0.5318861536133058
T3,2023-01-30 22:30:00+00:00,-53.36846358438979,0.5239078613091063
T3,2023-02-02 14:45:00+00:00,-54.36846358438979,0.5189176743900921
T3,2023-02-03 13:30:00+00:00,-55.36846358438979,0.5127241295965873
T3,2023-02-06 23:00:00+00:00,-56.36846358438979,0.5050332676526385
T3,2023-02-07 18:15:00+00:00,-57.36846358438979,0.49745776863784885
T3,2023-02-08 08:30:00+00:00,-58.36846358438979,0.49493178974633134
T3,2023-02-15 07:15:00+00:00,-58.38337640234709,0.4948988712381484
T3,2023-02-19 15:15:00+00:00,-57.27654523982525,0.5004101911143858
T3,2023-02-21 16:15:00+00:00,-58.27654523982525,0.49290403824767
T3,2023-02-26 18:45:00+00:00,-57.37544474448019,0.4965362316568764
T3,2023-02-27 05:45:00+00:00,-58.37544474448019,0.49164696617158354
T3,2023-02-27 13:30:00+00:00,-57.76912273906899,0.4935691087107421
T3,2023-03-02 03:00:00+00:00,-58.76912273906899,0.4882430619283036
T3,2023-03-05 21:30:00+00:00,-59.76912273906899,0.4845595927586856
T3,2023-03-07 14:15:00+00:00,-60.76912273906899,0.4806385755082527
T3,2023-03-12 22:15:00+00:00,-59.18766223172656,0.49204023939032704
T3,2023-03-15 11:15:00+00:00,-60.18766223172656,0.48465963579947213
T3,2023-03-16 00:30:00+00:00,-61.18766223172656,0.4783924288793876
T3,2023-03-17 10:00:00+00:00,-59.5845781319894,0.4898959783219553
T3,2023-03-22 19:00:00+00:00,-60.5845781319894,0.48254753864712596
T3,2023-03-24 21:15:00+00:00,-61.5845781319894,0.47530932556741906
T3,2023-03-26 20:30:00+00:00,-62.5845781319894,0.4720983014760859
T3,2023-03-27 13:30:00+00:00,-63.5845781319894,0.46798458182329605
T3,2023-03-29 08:30:00+00:00,-61.946345287044196,0.4794845975163592
T3,2023-03-30 09:00:00+00:00,-62.946345287044196,0.47597124282663494
T3,2023-03-31 07:15:00+00:00,-63.946345287044196,0.46883167418423544
T3,2023-03-31 14:45:00+00:00,-62.67345125274872,0.47620736710443257
T3,2023-04-09 06:00:00+00:00,-63.67345125274872,0.4713031110311879
T3,2023-04-10 16:00:00+00:00,-62.27031970423792,0.4812226149911751
T3,2023-04-14 00:00:00+00:00,-61.14105032327565,0.48683117155205663
T3,2023-04-30 15:00:00+00:00,-60.34442442026189,0.489727337759993
T3,2023-05-08 01:00:00+00:00,-61.34442442026189,0.4823814276935931
T3,2023-05-24 03:00:00+00:00,-62.34442442026189,0.47514570627818925
T3,2023-06-05 15:00:00+00:00,-63.34442442026189,0.4680185206840164
T3,2023-06-23 15:00:00+00:00,-62.1640966389251,0.4740749519396421
T3,2023-06-25 18:00:00+00:00,-63.1640966389251,0.4674360258106842
T3,2023-06-28 07:00:00+00:00,-64.1640966389251,0.46042448542352393
T3,2023-07-02 15:00:00+00:00,-65.1640966389251,0.45722642682979786
T3,2023-07-11 15:00:00+00:00,-64.30059688861628,0.4603483006349634
T3,2023-08-13 05:00:00+00:00,-65.30059688861628,0.45834658070574585
T3,2023-08-13 22:00:00+00:00,-66.30059688861628,0.4555148705443443
T3,2023-08-30 14:00:00+00:00,-67.30059688861628,0.4503208948349063
T3,2023-09-14 18:00:00+00:00,-66.2060360426069,0.4552129807505316
T3,2023-09-17 17:00:00+00:00,-67.2060360426069,0.45234980162258487
T3,2023-09-28 14:00:00+00:00,-66.31559891883659,0.4556120504496464
T3,2023-09-29 14:00:00+00:00,-67.31559891883659,0.4488943957493287
T3,2023-09-30 15:00:00+00:00,-66.92443571214137,0.4498751981730618
T3,2023-10-01 22:00:00+00:00,-65.85197603705596,0.4545496593996945
T3,2023-10-06 12:00:00+00:00,-66.85197603705596,0.4479758187111886
T3,2023-10-18 09:00:00+00:00,-67.85197603705596,0.44125618143052076
T3,2023-10-20 03:00:00+00:00,-66.40767701046101,0.4508157695303073
T3,2023-10-23 01:00:00+00:00,-64.76142538427493,0.4619481124358012
T3,2023-10-26 10:00:00+00:00,-65.76142538427493,0.4550188907492642
T3,2023-11-01 20:00:00+00:00,-64.36767496237233,0.4644194638049419
T3,2023-11-08 21:00:00+00:00,-62.81658508417302,0.4752248087481408
T3,2023-11-10 11:00:00+00:00,-61.790508501714896,0.4797241135103174
T3,2023-11-14 15:00:00+00:00,-62.790508501714896,0.4725282518076626
T3,2023-11-20 17:00:00+00:00,-61.33634359611678,0.4828352618178976
T3,2023-12-02 19:00:00+00:00,-59.64953231397011,0.49505204132368763
T3,2023-12-05 16:00:00+00:00,-58.29952941981911,0.5042919030320575
T3,2023-12-11 02:00:00+00:00,-59.29952941981911,0.49672752448657664
T3,2023-12-14 13:00:00+00:00,-60.29952941981911,0.489276611619278
T3,2023-12-24 05:00:00+00:00,-61.29952941981911,0.48502271803906455
T3,2024-02-07 20:00:00+00:00,-59.54490111798799,0.4977882368606005
T3,2024-02-11 03:00:00+00:00,-58.298558686372,0.5051859806262905
T3,2024-02-12 06:00:00+00:00,-59.298558686372,0.4976081909168961
T3,2024-02-14 09:00:00+00:00,-57.88680895570823,0.5081456643594413
T3,2024-02-23 23:00:00+00:00,-58.88680895570823,0.5005234793940497
T3,2024-02-26 08:00:00+00:00,-59.88680895570823,0.494329265528072
T3,2024-03-03 07:00:00+00:00,-60.88680895570823,0.4884556525207829
T3,2024-03-04 08:00:00+00:00,-59.332684092711965,0.49984246863158704
T3,2024-03-11 15:00:00+00:00,-57.54470071130226,0.5132481190401282
T3,2024-04-02 02:00:00+00:00,-58.54470071130226,0.5055493972545263
T3,2024-04-08 12:00:00+00:00,-56.79629815575697,0.5188079551262392
T3,2024-04-12 13:00:00+00:00,-57.79629815575697,0.5110258357993457
T3,2024-04-25 12:00:00+00:00,-58.79629815575697,0.5033604482623555
T3,2024-05-06 12:00:00+00:00,-59.79629815575697,0.4958100415384201
T3,2024-05-07 18:00:00+00:00,-60.79629815575697,0.4883728909153438
T3,2024-05-17 14:00:00+00:00,-59.05269360424464,0.5011458288468723
T3,2024-06-07 12:00:00+00:00,-57.37152408142029,0.513783495256091
T3,2024-07-02 14:00:00+00:00,-58.37152408142029,0.5083567422004971
T3,2024-07-27 13:00:00+00:00,-56.67689656439483,0.5212788720574728
T3,2024-07-29 02:00:00+00:00,-55.389262382925416,0.5297462878492243
T3,2024-08-11 12:00:00+00:00,-56.389262382925416,0.5228235140557719
T3,2024-08-23 18:00:00+00:00,-54.822369353221895,0.5351116418548583
T3,2024-08-26 00:00:00+00:00,-55.822369353221895,0.5295207589098134
T3,2024-09-11 04:00:00+00:00,-56.822369353221895,0.5215779475261663
T3,2024-09-15 17:00:00+00:00,-57.822369353221895,0.5164914491831732
T3,2024-09-17 15:00:00+00:00,-56.259642085851496,0.5285984782482062
T3,2024-10-17 11:00:00+00:00,-57.259642085851496,0.5206695010744831
T3,2024-10-22 00:00:00+00:00,-58.259642085851496,0.5128594585583658
T3,2024-10-28 12:00:00+00:00,-57.003652251642954,0.5206397696655858
T3,2024-11-10 04:00:00+00:00,-55.389666106000014,0.5332443502922506
T3,2024-12-16 00:00:00+00:00,-53.51434546318492,0.5482444123587643
T3,2025-01-17 16:00:00+00:00,-51.83534889321619,0.5620519196765875
T3,2025-01-19 22:00:00+00:00,-52.83534889321619,0.5536211408814387
T3,2025-01-21 16:00:00+00:00,-51.32156972820192,0.5661920431071049
T3,2025-01-27 01:00:00+00:00,-52.32156972820192,0.5576991624604983
T3,2025-02-01 20:00:00+00:00,-53.32156972820192,0.5493336750235909
T3,2025-02-16 07:00:00+00:00,-54.32156972820192,0.5457130120249722
T3,2025-03-07 15:00:00+00:00,-55.32156972820192,0.5375273168445976
T3,2025-03-22 13:00:00+00:00,-56.32156972820192,0.5339831452466224
T3,2025-03-23 13:00:00+00:00,-55.57319527085919,0.5368523624547117
T3,2025-03-26 18:00:00+00:00,-56.57319527085919,0.528799577017891
T3,2025-03-27 13:00:00+00:00,-57.57319527085919,0.5220339577460875
T3,2025-04-02 21:00:00+00:00,-58.57319527085919,0.5142034483798962
T3,2025-04-04 10:00:00+00:00,-59.57319527085919,0.5064903966541977
T3,2025-04-13 19:00:00+00:00,-60.57319527085919,0.4988930407043847
T3,2025-04-15 13:00:00+00:00,-59.432815171520865,0.5048406434542242
T3,2025-04-17 03:00:00+00:00,-60.432815171520865,0.500909444138266
T3,2025-04-21 14:00:00+00:00,-58.90398965486764,0.5123964912342335
T3,2025-04-25 14:00:00+00:00,-57.50301796309212,0.5231642859219975
T3,2025-04-27 22:00:00+00:00,-58.50301796309212,0.5176953355841472
T3,2025-04-29 22:00:00+00:00,-59.50301796309212,0.5115238877216677
T3,2025-05-01 13:00:00+00:00,-58.2482004995907,0.5192644969669855
T3,2025-05-04 22:00:00+00:00,-59.2482004995907,0.5151093503146603
T3,2025-05-08 20:00:00+00:00,-57.627331133334536,0.5276332248076175
T3,2025-05-10 23:00:00+00:00,-56.777227381309935,0.531138618090462
T3,2025-05-14 15:00:00+00:00,-57.777227381309935,0.524097950500753
T3,2025-05-23 04:00:00+00:00,-58.777227381309935,0.5170220895411424
T3,2025-05-26 06:00:00+00:00,-57.451462126147945,0.5261580864022821
T3,2025-05-28 14:00:00+00:00,-58.451462126147945,0.5182657151062479
T3,2025-06-09 10:00:00+00:00,-57.220364480911336,0.525722732026645
T3,2025-06-27 01:00:00+00:00,-58.220364480911336,0.5182929492092706
T3,2025-06-28 15:00:00+00:00,-57.89473680648894,0.5191987567047022
T3,2025-06-30 14:00:00+00:00,-58.89473680648894,0.5141932936134602
T3,2025-07-09 19:00:00+00:00,-57.32617437744841,0.5262914578378604
T3,2025-07-14 02:00:00+00:00,-56.12305080453756,0.5334320941857437
T3,2025-07-25 03:00:00+00:00,-57.12305080453756,0.5254306127729576
T3,2025-08-24 19:00:00+00:00,-58.12305080453756,0.5175491535813632
T3,2025-09-06 15:00:00+00:00,-59.12305080453756,0.5147837305297921
T3,2025-09-10 08:00:00+00:00,-58.1664834118962,0.5190247212293413
T3,2025-09-15 08:00:00+00:00,-59.1664834118962,0.5112393504109012
T3,2025-09-16 13:00:00+00:00,-60.1664834118962,0.5071792272122188
T4,2021-01-25 21:00:00+00:00,-1.0,0.9867419714354946
T4,2021-01-30 08:00:00+00:00,0.6939447739066669,1.0118142675211073
T4,2021-02-01 06:00:00+00:00,2.509792319694901,1.0393737743381832
T4,2021-02-15 02:00:00+00:00,1.5097923196949008,1.025822000892346
T4,2021-02-16 21:00:00+00:00,2.1118336226765644,1.0350858091030133
T4,2021-02-22 13:00:00+00:00,1.1118336226765644,1.020601253891098
T4,2021-03-15 08:00:00+00:00,1.3712923696423667,1.0245733127283927
T4,2021-03-21 10:00:00+00:00,2.0450531760200676,1.0337380383625385
T4,2021-03-24 20:00:00+00:00,1.0450531760200676,1.01964731624899
T4,2021-03-28 22:00:00+00:00,1.2707004076735116,1.0228155081451842
T4,2021-03-31 07:00:00+00:00,0.27070040767351156,1.0161432033749032
T4,2021-04-06 14:00:00+00:00,-0.7292995923264884,1.0078111140781825
T4,2021-04-06 15:00:00+00:00,-1.7292995923264884,1.0005584749543288
T4,2021-04-10 21:00:00+00:00,-1.7146668233830853,1.0007023769190662
T4,2021-05-04 15:00:00+00:00,-2.7146668233830855,0.989505589300182
T4,2021-05-10 18:00:00+00:00,-3.7146668233830855,0.9746630054606792
T4,2021-06-04 05:00:00+00:00,-4.7146668233830855,0.9638743879398048
T4,2021-07-01 21:00:00+00:00,-3.803045974881613,0.9770547077505427
T4,2021-07-02 08:00:00+00:00,-2.712441669016804,0.992664151717181
T4,2021-07-05 11:00:00+00:00,-3.712441669016804,0.9827604040421567
T4,2021-07-06 10:00:00+00:00,-4.712441669016804,0.9748312892042098
T4,2021-07-12 10:00:00+00:00,-5.712441669016804,0.9671941545218163
T4,2021-07-18 00:00:00+00:00,-4.110011653523433,0.98727037124305
T4,2021-07-24 19:00:00+00:00,-5.110011653523433,0.9769196563827898
T4,2021-07-30 08:00:00+00:00,-6.110011653523433,0.962265861537048
T4,2021-08-02 20:00:00+00:00,-7.110011653523433,0.9514471853281583
T4,2021-08-13 00:00:00+00:00,-5.976197294459066,0.9633122601334978
T4,2021-08-14 10:00:00+00:00,-6.976197294459066,0.9539163878854515
T4,2021-08-29 02:00:00+00:00,-7.976197294459066,0.9457595568112458
T4,2021-08-31 20:00:00+00:00,-8.976197294459066,0.9363512538894412
T4,2021-09-03 00:00:00+00:00,-9.976197294459066,0.9252042484041926
T4,2021-09-12 20:00:00+00:00,-10.976197294459066,0.9148330808627498
T4,2021-09-13 14:00:00+00:00,-11.976197294459066,0.9050381146683864
T4,2021-09-28 06:00:00+00:00,-12.976197294459066,0.8960145108375231
T4,2021-09-28 23:00:00+00:00,-13.976197294459066,0.8825742931749603
T4,2021-09-30 01:00:00+00:00,-10.257501861974736,0.9181794621989157
T4,2021-10-03 21:00:00+00:00,-11.257501861974736,0.9108091565433107
T4,2021-10-08 14:00:00+00:00,-11.13691821787696,0.912371804033688
T4,2021-10-10 11:00:00+00:00,-11.03417586432515,0.9136972014348751
T4,2021-10-18 13:00:00+00:00,-10.607800351073251,0.9195408731331544
T4,2021-10-21 14:00:00+00:00,-11.607800351073251,0.9118062188428134
T4,2021-10-23 16:00:00+00:00,-10.990263481475239,0.9202523282137762
T4,2021-10-28 18:00:00+00:00,-11.990263481475239,0.9111605289681117
T4,2021-11-02 05:00:00+00:00,-11.299341539671303,0.9203780344397718
T4,2021-11-08 21:00:00+00:00,-10.295070779935706,0.9298561710270579
T4,2021-11-10 20:00:00+00:00,-11.295070779935706,0.9164982856243558
T4,2021-11-14 17:00:00+00:00,-10.950577513206015,0.9190992605641779
T4,2021-11-15 15:00:00+00:00,-11.950577513206015,0.909287133342194
T4,2021-11-22 02:00:00+00:00,-12.950577513206015,0.8956478263420611
T4,2021-11-22 03:00:00+00:00,-13.950577513206015,0.8909364004577137
T4,2021-11-22 04:00:00+00:00,-14.950577513206015,0.8870531808255169
T4,2021-11-30 02:00:00+00:00,-15.09232925737877,0.8854739766897579
T4,2021-11-30 03:00:00+00:00,-16.092329257378772,0.8765239287481343
T4,2021-12-09 09:00:00+00:00,-17.092329257378772,0.8657506513657371
T4,2021-12-17 14:00:00+00:00,-18.092329257378772,0.852992365086477
T4,2021-12-19 11:00:00+00:00,-17.818289730393644,0.8559657149142348
T4,2021-12-31 17:00:00+00:00,-17.937759934104584,0.854431778939279
T4,2022-01-10 17:00:00+00:00,-18.937759934104584,0.8440356956874123
T4,2022-01-14 14:00:00+00:00,-18.61483256488421,0.8481241290884588
T4,2022-01-17 17:00:00+00:00,-19.61483256488421,0.8389876378480129
T4,2022-01-28 15:00:00+00:00,-18.98475531402256,0.8469170432134456
T4,2022-02-02 21:00:00+00:00,-19.98475531402256,0.8342132875652439
T4,2022-02-07 01:00:00+00:00,-19.33522002728746,0.8393820592400585
T4,2022-02-08 18:00:00+00:00,-19.160916468351378,0.8409629800194747
T4,2022-02-10 15:00:00+00:00,-15.520558626402229,0.8843609686910635
T4,2022-02-10 18:00:00+00:00,-15.436875653708531,0.8854710580129788
T4,2022-02-17 13:00:00+00:00,-16.436875653708533,0.8771187053956914
T4,2022-02-21 00:00:00+00:00,-16.36638186635726,0.8778495115307923
T4,2022-02-21 21:00:00+00:00,-17.36638186635726,0.8646817688578303
T4,2022-03-03 03:00:00+00:00,-18.36638186635726,0.8517115423249628
T4,2022-03-10 06:00:00+00:00,-17.967167425298044,0.85638516883481
T4,2022-03-10 08:00:00+00:00,-18.967167425298044,0.8440023888664181
T4,2022-03-11 15:00:00+00:00,-19.967167425298044,0.8366953529099971
T4,2022-03-16 03:00:00+00:00,-20.967167425298044,0.8267311636908073
T4,2022-03-16 04:00:00+00:00,-21.967167425298044,0.8219220458304777
T4,2022-03-21 03:00:00+00:00,-22.017315190360623,0.8214081999503743
T4,2022-04-01 02:00:00+00:00,-23.017315190360623,0.8160441003484842
T4,2022-04-04 18:00:00+00:00,-23.119412055246265,0.8152545700724223
T4,2022-04-08 18:00:00+00:00,-24.119412055246265,0.8039265176279997
T4,2022-04-14 19:00:00+00:00,-25.119412055246265,0.795099537475045
T4,2022-04-23 16:00:00+00:00,-24.917704080126416,0.7975052062408873
T4,2022-05-01 19:00:00+00:00,-25.917704080126416,0.7919381950022125
T4,2022-05-05 15:00:00+00:00,-26.917704080126416,0.7856502703622477
T4,2022-05-11 20:00:00+00:00,-27.917704080126416,0.7738655163068139
T4,2022-05-23 19:00:00+00:00,-28.917704080126416,0.7697894094961356
T4,2022-06-01 21:00:00+00:00,-28.63780224279342,0.7717932473189656
T4,2022-06-07 01:00:00+00:00,-29.63780224279342,0.7650570119848263
T4,2022-06-08 04:00:00+00:00,-29.633845242603286,0.7650892306705381
T4,2022-06-08 19:00:00+00:00,-28.992758312051972,0.7690433806001475
T4,2022-06-19 20:00:00+00:00,-25.417528903835937,0.8102859782578803
T4,2022-07-01 12:00:00+00:00,-25.110121564975465,0.8140222961022635
T4,2022-07-03 05:00:00+00:00,-24.16054860706652,0.8256168994949685
T4,2022-07-03 18:00:00+00:00,-23.323481152778395,0.835983355039131
T4,2022-07-04 15:00:00+00:00,-23.193635314330407,0.8374285512993654
T4,2022-07-06 19:00:00+00:00,-21.28241012050734,0.8614362694784169
T4,2022-07-11 03:00:00+00:00,-21.290880328240213,0.8613442672526215
T4,2022-07-18 02:00:00+00:00,-20.235316285451542,0.8726474326854985
T4,2022-07-28 12:00:00+00:00,-21.235316285451542,0.8658415187948779
T4,2022-08-01 14:00:00+00:00,-20.736019538126424,0.8723261966053778
T4,2022-08-02 07:00:00+00:00,-21.736019538126424,0.8592413036562971
T4,2022-08-09 11:00:00+00:00,-22.736019538126424,0.8529339048505323
T4,2022-08-15 06:00:00+00:00,-23.736019538126424,0.8456893914317716
T4,2022-08-26 15:00:00+00:00,-24.736019538126424,0.833004050560295
T4,2022-09-06 02:00:00+00:00,-25.736019538126424,0.8258610293636365
T4,2022-09-06 03:00:00+00:00,-26.736019538126424,0.8203006054065555
T4,2022-09-12 03:00:00+00:00,-27.736019538126424,0.8088236851967296
T4,2022-09-21 21:00:00+00:00,-28.736019538126424,0.7976859134152836
T4,2022-09-26 12:00:00+00:00,-28.31235707960964,0.8005255136785545
T4,2022-09-27 17:00:00+00:00,-27.94725350767481,0.8049096345455896
T4,2022-09-30 20:00:00+00:00,-28.94725350767481,0.7969258660581781
T4,2022-10-01 11:00:00+00:00,-29.94725350767481,0.7860280787100454
T4,2022-10-13 18:00:00+00:00,-29.68247644569425,0.7891499117897716
T4,2022-10-14 15:00:00+00:00,-30.68247644569425,0.7817165352688711
T4,2022-10-16 21:00:00+00:00,-31.68247644569425,0.7773876861344995
T4,2022-10-16 23:00:00+00:00,-30.649237441967884,0.7812560083808169
T4,2022-10-17 04:00:00+00:00,-30.98456940783313,0.7799625379823492
T4,2022-10-27 21:00:00+00:00,-30.417821156029376,0.7838676423525534
T4,2022-10-31 13:00:00+00:00,-31.417821156029376,0.7773596224889178
T4,2022-11-07 08:00:00+00:00,-31.582427572431257,0.7762621455998122
T4,2022-11-08 17:00:00+00:00,-32.58242757243126,0.7646182134158152
T4,2022-11-08 18:00:00+00:00,-33.58242757243126,0.7570428330551532
T4,2022-11-11 15:00:00+00:00,-33.24910635243965,0.7608279096656511
T4,2022-11-11 17:00:00+00:00,-33.18303978035058,0.7615818890447704
T4,2022-11-14 00:00:00+00:00,-34.18303978035058,0.7501581607090989
T4,2022-11-28 20:00:00+00:00,-34.276061938289025,0.7494098233013655
T4,2022-12-01 22:00:00+00:00,-34.26019863958381,0.7495618729270601
T4,2022-12-16 09:00:00+00:00,-35.26019863958381,0.7459282659982505
T4,2022-12-27 01:00:00+00:00,-35.66861288362895,0.7446339581387021
T4,2023-01-02 03:00:00+00:00,-35.19943090193348,0.7493354663771097
T4,2023-01-06 16:00:00+00:00,-34.36279452336465,0.7535839624783326
T4,2023-02-05 16:00:00+00:00,-35.36279452336465,0.7436967009853069
T4,2023-03-03 00:00:00+00:00,-36.36279452336465,0.7364231180369482
T4,2023-04-03 20:00:00+00:00,-37.36279452336465,0.7309934512537718
T4,2023-04-05 15:00:00+00:00,-38.36279452336465,0.7248993359563853
T4,2023-04-14 15:00:00+00:00,-39.36279452336465,0.7197702882685721
T4,2023-04-16 19:00:00+00:00,-40.36279452336465,0.7155448287865656
T4,2023-04-26 19:00:00+00:00,-41.36279452336465,0.7106643105691817
T4,2023-04-30 20:00:00+00:00,-42.36279452336465,0.7066862785650327
T4,2023-04-30 22:00:00+00:00,-42.3986737087507,0.7065226430573345
T4,2023-05-03 14:00:00+00:00,-41.91631908452857,0.7102272832049619
T4,2023-05-06 17:00:00+00:00,-41.487080807052585,0.7145606116790413
T4,2023-05-10 17:00:00+00:00,-42.487080807052585,0.7102677533945702
T4,2023-05-16 07:00:00+00:00,-41.85615437482723,0.7152070190273695
T4,2023-05-18 17:00:00+00:00,-42.85615437482723,0.707203155002426
T4,2023-05-22 15:00:00+00:00,-42.80936039363928,0.7074800597144346
T4,2023-05-24 03:00:00+00:00,-43.80936039363928,0.7014473480568737
T4,2023-06-01 02:00:00+00:00,-44.80936039363928,0.6980612396821391
T4,2023-06-10 17:00:00+00:00,-44.79502605163672,0.6982113334103641
T4,2023-06-10 18:00:00+00:00,-45.79502605163672,0.6877381634092087
T4,2023-06-17 18:00:00+00:00,-45.4392556057151,0.6896914001140294
T4,2023-06-30 13:00:00+00:00,-46.4392556057151,0.6851416883108024
T4,2023-07-04 20:00:00+00:00,-46.205932659966656,0.6861540891343086
T4,2023-07-04 22:00:00+00:00,-46.41962629216352,0.6851824140734798
T4,2023-07-05 10:00:00+00:00,-47.41962629216352,0.6810585715554133
T4,2023-07-18 16:00:00+00:00,-48.41962629216352,0.6708426929820821
T4,2023-07-24 01:00:00+00:00,-49.41962629216352,0.6682258724515164
T4,2023-07-24 02:00:00+00:00,-50.41962629216352,0.6656862387883716
T4,2023-07-27 01:00:00+00:00,-50.42089805808759,0.6656810986170582
T4,2023-07-28 18:00:00+00:00,-50.616990410963794,0.665030938506173
T4,2023-07-30 16:00:00+00:00,-51.076580615774496,0.6635973088098666
T4,2023-07-31 17:00:00+00:00,-52.076580615774496,0.6593747975049313
T4,2023-07-31 19:00:00+00:00,-53.076580615774496,0.6558667694435122
T4,2023-07-31 20:00:00+00:00,-54.076580615774496,0.653560274861177
T4,2023-08-02 17:00:00+00:00,-54.39425175323979,0.6524380307275712
T4,2023-08-13 22:00:00+00:00,-55.39425175323979,0.6494103677346995
T4,2023-08-15 15:00:00+00:00,-55.02826046110012,0.6507627341529068
T4,2023-08-15 19:00:00+00:00,-56.02826046110012,0.6466494756620996
T4,2023-08-24 17:00:00+00:00,-57.02826046110012,0.6391766354598458
T4,2023-08-27 17:00:00+00:00,-58.02826046110012,0.6366043739999415
T4,2023-08-29 01:00:00+00:00,-57.32935525536054,0.6398623185417603
T4,2023-08-29 10:00:00+00:00,-58.32935525536054,0.636365768824584
T4,2023-08-31 19:00:00+00:00,-59.32935525536054,0.632235146603838
T4,2023-08-31 20:00:00+00:00,-60.32935525536054,0.6278072806822442
T4,2023-08-31 21:00:00+00:00,-61.32935525536054,0.6243594942532681
T4,2023-09-06 23:00:00+00:00,-61.472865471158805,0.6233638854600049
T4,2023-09-07 15:00:00+00:00,-61.1070762910887,0.6248781809868588
T4,2023-09-18 02:00:00+00:00,-60.25460514415188,0.6287912820314204
T4,2023-09-21 13:00:00+00:00,-61.25460514415188,0.6256423925335621
T4,2023-09-24 18:00:00+00:00,-62.25460514415188,0.6232584658197899
T4,2023-09-24 19:00:00+00:00,-63.25460514415188,0.6209095768541497
T4,2023-09-27 14:00:00+00:00,-64.25460514415188,0.617932399325118
T4,2023-10-03 21:00:00+00:00,-63.58179425288443,0.6207550161599927
T4,2023-10-05 15:00:00+00:00,-64.58179425288444,0.6167410802337111
T4,2023-10-08 14:00:00+00:00,-64.49203704993357,0.6175714345483112
T4,2023-10-14 03:00:00+00:00,-63.77628200142688,0.620000620837941
T4,2023-11-01 14:00:00+00:00,-64.77628200142688,0.6160288962854049
T4,2023-11-02 16:00:00+00:00,-65.77628200142688,0.6104975832506385
T4,2023-11-03 00:00:00+00:00,-66.77628200142688,0.6055505697068121
T4,2023-11-03 01:00:00+00:00,-67.77628200142688,0.6019716405615034
T4,2023-11-05 14:00:00+00:00,-68.1550297961313,0.6007821319008682
T4,2023-11-09 16:00:00+00:00,-69.1550297961313,0.596009825497045
T4,2023-11-21 14:00:00+00:00,-70.1550297961313,0.5929750963403059
T4,2023-11-21 15:00:00+00:00,-71.1550297961313,0.5889941686953054
T4,2023-11-24 16:00:00+00:00,-72.1550297961313,0.5835938172315368
T4,2023-12-26 05:00:00+00:00,-73.1550297961313,0.579299035986872
T4,2023-12-28 15:00:00+00:00,-72.94209622851236,0.5799971641279795
T4,2024-01-12 16:00:00+00:00,-73.94209622851236,0.574197795594646
T4,2024-01-22 18:00:00+00:00,-74.94209622851236,0.5655848286607263
T4,2024-01-28 14:00:00+00:00,-74.87593223266181,0.5659354606618247
T4,2024-01-28 16:00:00+00:00,-75.26929722274795,0.5644271917429609
T4,2024-02-01 14:00:00+00:00,-74.93732810524472,0.566426813157547
T4,2024-02-01 15:00:00+00:00,-75.93732810524472,0.5633032574213304
T4,2024-02-12 07:00:00+00:00,-75.16218463118001,0.5662450533609502
T4,2024-03-05 19:00:00+00:00,-76.16218463118001,0.5628263267832482
T4,2024-03-12 18:00:00+00:00,-72.72147884577726,0.5797357816206209
T4,2024-03-14 19:00:00+00:00,-72.28537847771862,0.5835281264367435
T4,2024-03-15 02:00:00+00:00,-73.28537847771862,0.5787580651381065
T4,2024-04-09 17:00:00+00:00,-74.28537847771862,0.5755892447686464
T4,2024-04-24 15:00:00+00:00,-73.99003754945505,0.577159485370545
T4,2024-04-30 03:00:00+00:00,-73.27545768774883,0.5809718889848627
T4,2024-05-01 23:00:00+00:00,-72.97185363362843,0.5836176702972496
T4,2024-05-05 01:00:00+00:00,-73.97185363362843,0.5791672433890759
T4,2024-05-14 13:00:00+00:00,-73.03936280895458,0.5834925987646521
T4,2024-05-14 15:00:00+00:00,-72.97105431171585,0.5840904613032252
T4,2024-05-17 19:00:00+00:00,-72.78362194880137,0.5855246536183661
T4,2024-05-23 19:00:00+00:00,-72.64686239596551,0.5862328825083148
T4,2024-05-28 03:00:00+00:00,-73.64686239596551,0.580562138531773
T4,2024-06-02 14:00:00+00:00,-73.23186110594702,0.5818395535283438
T4,2024-06-02 19:00:00+00:00,-74.23186110594702,0.5780982367927202
T4,2024-06-07 18:00:00+00:00,-75.23186110594702,0.5734809576795955
T4,2024-06-09 13:00:00+00:00,-76.23186110594702,0.5711925339926449
T4,2024-06-11 01:00:00+00:00,-77.23186110594702,0.5677782670389497
T4,2024-06-18 01:00:00+00:00,-78.23186110594702,0.5601051347976224
T4,2024-07-03 03:00:00+00:00,-79.23186110594702,0.5570125577765562
T4,2024-07-03 05:00:00+00:00,-79.42610350295593,0.5562728144911795
T4,2024-07-03 08:00:00+00:00,-80.42610350295593,0.5535535852389079
T4,2024-07-08 14:00:00+00:00,-81.42610350295593,0.5472071305971365
T4,2024-07-08 16:00:00+00:00,-82.42610350295593,0.5416856532621904
T4,2024-07-09 05:00:00+00:00,-80.71991029954532,0.5553518504596072
T4,2024-07-10 12:00:00+00:00,-81.71991029954532,0.5497107367220696
T4,2024-07-23 16:00:00+00:00,-82.71991029954532,0.5414650756712386
T4,2024-07-27 19:00:00+00:00,-83.71991029954532,0.538058886786273
T4,2024-07-29 02:00:00+00:00,-83.35834689251608,0.5409770228506051
T4,2024-07-29 15:00:00+00:00,-84.35834689251608,0.5365360083385506
T4,2024-08-02 15:00:00+00:00,-85.35834689251608,0.5296891457468806
T4,2024-08-02 19:00:00+00:00,-86.35834689251608,0.5225980982445819
T4,2024-08-09 15:00:00+00:00,-85.59875168812005,0.5268247854756953
T4,2024-08-09 17:00:00+00:00,-85.0633182121707,0.5307126124184544
T4,2024-08-15 06:00:00+00:00,-86.0633182121707,0.5227519232321776
T4,2024-08-18 03:00:00+00:00,-87.0633182121707,0.5184964564215581
T4,2024-08-22 03:00:00+00:00,-86.97030313642543,0.5191389589345033
T4,2024-09-05 07:00:00+00:00,-86.8963557020235,0.5195374579152551
T4,2024-09-05 12:00:00+00:00,-87.8963557020235,0.5150287910052724
T4,2024-09-06 14:00:00+00:00,-88.8963557020235,0.5092099049232531
T4,2024-09-16 14:00:00+00:00,-89.8963557020235,0.5045893265083355
T4,2024-09-23 00:00:00+00:00,-90.8963557020235,0.4982564365011763
T4,2024-10-08 00:00:00+00:00,-91.21632709426459,0.49739548314695936
T4,2024-10-08 06:00:00+00:00,-92.21632709426459,0.49373376026622134
T4,2024-10-08 07:00:00+00:00,-93.21632709426459,0.4904434948968388
T4,2024-10-15 14:00:00+00:00,-94.21632709426459,0.4874661541226569
T4,2024-10-21 13:00:00+00:00,-95.21632709426459,0.48381455150151503
T4,2024-10-30 14:00:00+00:00,-94.83124278274718,0.4855090897707571
T4,2024-10-31 02:00:00+00:00,-94.47095266014317,0.4868088724917264
T4,2024-11-05 20:00:00+00:00,-94.51404522848595,0.48666046193091905
T4,2024-11-13 23:00:00+00:00,-92.98086918065322,0.49508453477433495
T4,2024-11-14 01:00:00+00:00,-92.92607674008106,0.49549143812358226
T4,2024-11-14 21:00:00+00:00,-93.92607674008106,0.4906660722305474
T4,2024-11-18 11:00:00+00:00,-94.92607674008106,0.4869093908027599
T4,2024-11-19 12:00:00+00:00,-94.4323535392165,0.49051536774713206
T4,2024-12-02 17:00:00+00:00,-95.4323535392165,0.48545285440510383
T4,2024-12-04 01:00:00+00:00,-94.73476445660202,0.49053255357545933
T4,2024-12-05 22:00:00+00:00,-95.73476445660202,0.48317456527182745
T4,2024-12-06 00:00:00+00:00,-94.85939835420434,0.4886528375019763
T4,2024-12-16 13:00:00+00:00,-94.8953313862384,0.4884624439697724
T4,2024-12-18 07:00:00+00:00,-94.58375889190926,0.4898164554288486
T4,2024-12-18 16:00:00+00:00,-95.58375889190926,0.4849612910213861
T4,2024-12-18 19:00:00+00:00,-96.58375889190926,0.4794180873350433
T4,2024-12-27 16:00:00+00:00,-96.64267125348121,0.4792125548511817
T4,2024-12-27 17:00:00+00:00,-97.64267125348121,0.4762336232889767
T4,2024-12-31 08:00:00+00:00,-97.10717215900931,0.4800589633994016
T4,2025-01-07 15:00:00+00:00,-98.10717215900931,0.47503930948314416
T4,2025-01-12 15:00:00+00:00,-97.35724182400448,0.47981181611582774
T4,2025-01-16 17:00:00+00:00,-97.39240402677797,0.47955874751025707
T4,2025-01-19 23:00:00+00:00,-98.39240402677797,0.4754569955747331
T4,2025-01-20 17:00:00+00:00,-99.39240402677797,0.46969963760011885
T4,2025-01-20 22:00:00+00:00,-100.39240402677797,0.4645261818432764
T4,2025-01-21 00:00:00+00:00,-101.39240402677797,0.45755828911562724
T4,2025-01-27 00:00:00+00:00,-102.39240402677797,0.45354361537197635
T4,2025-01-27 01:00:00+00:00,-103.39240402677797,0.44982383424711664
T4,2025-01-30 03:00:00+00:00,-99.45080851039727,0.47509884503883065
T4,2025-02-21 16:00:00+00:00,-98.88848065105972,0.4774619816246234
T4,2025-03-03 22:00:00+00:00,-98.53043820352221,0.47978921459003804
T4,2025-03-04 00:00:00+00:00,-98.13179943043217,0.4816335538477456
T4,2025-03-26 20:00:00+00:00,-97.70496461384286,0.4835525920768001
T4,2025-04-02 08:00:00+00:00,-97.58901259627837,0.4841121726094736
T4,2025-04-02 21:00:00+00:00,-98.58901259627837,0.4790057838896975
T4,2025-04-21 17:00:00+00:00,-99.58901259627837,0.4729784392452599
T4,2025-04-25 14:00:00+00:00,-99.33410765348383,0.4739078863565505
T4,2025-05-02 16:00:00+00:00,-99.59863137189785,0.4726820663271496
T4,2025-05-12 14:00:00+00:00,-100.59863137189785,0.4699492738699655
T4,2025-05-19 14:00:00+00:00,-99.75961180109731,0.475259546559083
T4,2025-05-20 00:00:00+00:00,-98.1756643323578,0.48133843425305006
T4,2025-05-20 17:00:00+00:00,-97.01795853346013,0.4862226148580874
T4,2025-05-20 21:00:00+00:00,-96.91001216989883,0.4869977499799551
T4,2025-05-21 17:00:00+00:00,-97.91001216989883,0.4830867163502424
T4,2025-05-21 19:00:00+00:00,-96.278231627685,0.48793050997650755
T4,2025-05-24 03:00:00+00:00,-95.45227035575172,0.49131375387188025
T4,2025-06-04 00:00:00+00:00,-96.45227035575172,0.4888300278802005
T4,2025-06-04 12:00:00+00:00,-97.45227035575172,0.4851186284283843
T4,2025-06-05 13:00:00+00:00,-98.45227035575172,0.4821307556542124
T4,2025-06-13 00:00:00+00:00,-99.45227035575172,0.47838415885161095
T4,2025-06-20 14:00:00+00:00,-100.45227035575172,0.475116499549368
T4,2025-06-23 18:00:00+00:00,-97.71056866946633,0.4887309677476417
T4,2025-06-29 17:00:00+00:00,-98.12990428400488,0.48794681769380316
T4,2025-06-30 14:00:00+00:00,-99.12990428400488,0.48575579972642985
T4,2025-07-01 05:00:00+00:00,-100.12990428400488,0.4805251509606335
T4,2025-07-04 07:00:00+00:00,-101.12990428400488,0.47378682694942853
T4,2025-07-07 14:00:00+00:00,-100.97561518806602,0.47422821166120754
T4,2025-07-07 16:00:00+00:00,-101.97561518806602,0.47216159107827194
T4,2025-07-14 17:00:00+00:00,-101.51899525328305,0.4738929106835406
T4,2025-07-15 01:00:00+00:00,-102.51899525328305,0.470964670013276
T4,2025-07-28 14:00:00+00:00,-103.51899525328305,0.4689334272537502
T4,2025-07-30 18:00:00+00:00,-104.51899525328305,0.465460647699335
T4,2025-08-07 05:00:00+00:00,-104.80348763367034,0.46440499027284776
T4,2025-08-24 19:00:00+00:00,-105.80348763367034,0.46094926885281867
T4,2025-08-24 20:00:00+00:00,-106.80348763367034,0.45661783300969483
T4,2025-08-24 23:00:00+00:00,-106.47118357408051,0.4585259326067351
T4,2025-09-01 23:00:00+00:00,-105.11674766522057,0.46338866934433054
T4,2025-09-04 22:00:00+00:00,-104.82015606794353,0.46545022712834433
T4,2025-09-07 08:00:00+00:00,-103.91022546301546,0.4684462297228406
T4,2025-09-09 03:00:00+00:00,-103.80493521892694,0.46873202792648616
T4,2025-09-09 15:00:00+00:00,-104.80493521892694,0.46503900952153476
T4,2025-09-15 14:00:00+00:00,-105.09275480180403,0.4644452746281263
T4,2025-09-24 17:00:00+00:00,-104.88049666889316,0.4651370247245406
T5,2021-01-21 08:00:00+00:00,-1.0,0.985
T5,2021-01-27 08:00:00+00:00,-2.0,0.970225
T5,2021-01-29 08:00:00+00:00,-0.09269364410646763,0.9979827446372019
T5,2021-02-04 08:00:00+00:00,1.7721537531333498,1.0258990274946058
T5,2021-02-08 12:00:00+00:00,3.6261462527586046,1.0544291640298236
T5,2021-04-13 08:00:00+00:00,5.573352766501868,1.0852270340770196
T5,2021-04-13 18:00:00+00:00,4.573352766501868,1.0704168294606538
T5,2021-04-14 15:00:00+00:00,3.573352766501868,1.0543605770187439
T5,2021-04-16 06:00:00+00:00,2.573352766501868,1.0385451683634628
T5,2021-04-18 01:00:00+00:00,1.573352766501868,1.0229669908380108
T5,2021-04-22 21:00:00+00:00,0.5733527665018681,1.0076224859754406
T5,2021-04-23 01:00:00+00:00,-0.42664723349813194,0.9925081486858089
T5,2021-04-28 01:00:00+00:00,1.4348745104388654,1.0202217811830083
T5,2021-04-29 04:00:00+00:00,0.4348745104388654,1.0049184544652632
T5,2021-04-29 18:00:00+00:00,-0.5651254895611346,0.9898446776482842
T5,2021-04-30 15:00:00+00:00,1.2149664191086282,1.0162748951711074
T5,2021-05-04 14:00:00+00:00,0.21496641910862824,1.0010307717435407
T5,2021-05-05 16:00:00+00:00,1.90921963461433,1.0264707658012404
T5,2021-05-06 19:00:00+00:00,0.90921963461433,1.0110737043142217
T5,2021-05-07 17:00:00+00:00,2.5660543874914374,1.0362014350796418
T5,2021-05-09 12:00:00+00:00,1.5660543874914374,1.020658413553447
T5,2021-05-10 03:00:00+00:00,3.0603903869365565,1.043536512711089
T5,2021-05-10 20:00:00+00:00,2.0603903869365565,1.0278834650204225
T5,2021-05-12 19:00:00+00:00,1.0603903869365565,1.0124652130451162
T5,2021-05-12 22:00:00+00:00,0.06039038693655652,0.9972782348494394
T5,2021-05-13 09:00:00+00:00,-0.9396096130634435,0.9823190613266979
T5,2021-05-16 18:00:00+00:00,-1.9396096130634435,0.9675842754067974
T5,2021-05-17 16:00:00+00:00,-2.9396096130634435,0.9530705112756954
T5,2021-05-18 13:00:00+00:00,-3.9396096130634435,0.93877445360656
T5,2021-05-19 01:00:00+00:00,-4.9396096130634435,0.9246928368024616
T5,2021-05-19 11:00:00+00:00,-5.9396096130634435,0.9108224442504247
T5,2021-05-23 16:00:00+00:00,-6.9396096130634435,0.8971601075866683
T5,2021-05-24 19:00:00+00:00,-5.066800297968462,0.9223632546859671
T5,2021-05-25 10:00:00+00:00,-6.066800297968462,0.9085278058656776
T5,2021-05-28 05:00:00+00:00,-7.066800297968462,0.8948998887776924
T5,2021-06-08 02:00:00+00:00,-8.066800297968463,0.881476390446027
T5,2021-06-09 23:00:00+00:00,-6.193502602070582,0.9062454058141909
T5,2021-06-10 10:00:00+00:00,-4.588608817593087,0.9280618200992281
T5,2021-06-10 14:00:00+00:00,-5.588608817593087,0.9141408927977397
T5,2021-06-12 02:00:00+00:00,-6.588608817593087,0.9004287794057736
T5,2021-06-12 10:00:00+00:00,-7.588608817593087,0.886922347714687
T5,2021-06-13 17:00:00+00:00,-5.864665427534142,0.9098574064972615
T5,2021-06-14 14:00:00+00:00,-4.208814335413898,0.9324562322005943
T5,2021-06-15 18:00:00+00:00,-2.639501350328131,0.9544059672988423
T5,2021-06-16 10:00:00+00:00,-3.639501350328131,0.9400898777893597
T5,2021-06-17 17:00:00+00:00,-4.639501350328131,0.9259885296225193
T5,2021-06-18 14:00:00+00:00,-5.639501350328131,0.9120987016781815
T5,2021-06-20 10:00:00+00:00,-6.639501350328131,0.8984172211530088
T5,2021-06-21 06:00:00+00:00,-7.639501350328131,0.8849409628357137
T5,2021-06-22 12:00:00+00:00,-8.639501350328132,0.871666848393178
T5,2021-07-20 09:00:00+00:00,-9.639501350328132,0.8585918456672803
T5,2021-07-21 11:00:00+00:00,-7.889588822959634,0.8811287550667245
T5,2021-07-23 22:00:00+00:00,-6.330962454668479,0.9017290127393228
T5,2021-07-25 23:00:00+00:00,-4.806917034117788,0.9223431523259688
T5,2021-07-26 07:00:00+00:00,-5.806917034117788,0.9085080050410792
T5,2021-07-26 21:00:00+00:00,-6.806917034117788,0.894880384965463
T5,2021-07-27 12:00:00+00:00,-5.286010128583352,0.9152958313222823
T5,2021-07-28 01:00:00+00:00,-3.660244292777781,0.9376166817055678
T5,2021-07-28 17:00:00+00:00,-4.660244292777781,0.9235524314799842
T5,2021-07-30 08:00:00+00:00,-5.660244292777781,0.9096991450077845
T5,2021-07-31 14:00:00+00:00,-6.660244292777781,0.8960536578326677
T5,2021-08-01 16:00:00+00:00,-7.660244292777781,0.8826128529651777
T5,2021-08-01 23:00:00+00:00,-8.660244292777781,0.8693736601707
T5,2021-08-03 04:00:00+00:00,-9.660244292777781,0.8563330552681394
T5,2021-08-03 12:00:00+00:00,-10.660244292777781,0.8434880594391173
T5,2021-08-05 12:00:00+00:00,-11.660244292777781,0.8308357385475306
T5,2021-08-07 04:00:00+00:00,-9.822854669611262,0.8537342730159774
T5,2021-08-07 16:00:00+00:00,-10.822854669611262,0.8409282589207377
T5,2021-08-20 16:00:00+00:00,-8.966433365993506,0.8643450159408576
T5,2021-08-22 15:00:00+00:00,-9.966433365993506,0.8513798407017447
T5,2021-08-24 23:00:00+00:00,-10.966433365993506,0.8386091430912185
T5,2021-09-07 15:00:00+00:00,-11.966433365993506,0.8260300059448502
T5,2021-09-08 08:00:00+00:00,-12.966433365993506,0.8136395558556775
T5,2021-09-20 12:00:00+00:00,-13.966433365993506,0.8014349625178423
T5,2021-09-21 00:00:00+00:00,-14.966433365993506,0.7894134380800747
T5,2021-09-21 14:00:00+00:00,-15.966433365993506,0.7775722365088735
T5,2021-09-22 18:00:00+00:00,-14.40982041916337,0.7957279216655543
T5,2021-09-24 07:00:00+00:00,-12.848870302986377,0.8143592955420911
T5,2021-09-24 09:00:00+00:00,-13.848870302986377,0.8021439061089597
T5,2021-10-01 10:00:00+00:00,-12.003520331499018,0.8243474496229636
T5,2021-10-14 00:00:00+00:00,-10.129963912593311,0.8475143714577084
T5,2021-10-15 20:00:00+00:00,-8.322203116956773,0.8704959202746052
T5,2021-10-17 20:00:00+00:00,-9.322203116956773,0.8574384814704861
T5,2021-11-19 00:00:00+00:00,-10.322203116956773,0.8445769042484288
T5,2021-11-20 12:00:00+00:00,-11.322203116956773,0.8319082506847023
T5,2021-11-22 00:00:00+00:00,-12.322203116956773,0.8194296269244318
T5,2021-11-29 16:00:00+00:00,-10.542140060352123,0.8413091730200644
T5,2021-12-03 16:00:00+00:00,-11.542140060352123,0.8286895354247634
T5,2022-01-05 20:00:00+00:00,-12.542140060352123,0.816259192393392
T5,2022-01-10 12:00:00+00:00,-13.542140060352123,0.804015304507491
T5,2022-01-21 00:00:00+00:00,-14.542140060352123,0.7919550749398787
T5,2022-02-04 16:00:00+00:00,-12.657868803924119,0.8143389477012511
T5,2022-02-07 12:00:00+00:00,-11.13646618082928,0.8329230088680657
T5,2022-02-17 16:00:00+00:00,-12.13646618082928,0.8204291637350447
T5,2022-02-20 08:00:00+00:00,-13.13646618082928,0.808122726279019
T5,2022-02-22 00:00:00+00:00,-14.13646618082928,0.7960008853848337
T5,2022-04-10 17:00:00+00:00,-12.981581960743075,0.8057761185722464
T5,2022-04-11 09:00:00+00:00,-13.981581960743075,0.7961904793859915
T5,2022-04-13 14:00:00+00:00,-12.522778382594455,0.8136127621892337
T5,2022-04-14 13:00:00+00:00,-13.522778382594455,0.8014085707563953
T5,2022-04-18 04:00:00+00:00,-14.522778382594455,0.7893874421950493
T5,2022-04-18 17:00:00+00:00,-13.22416586295867,0.8025216271640853
T5,2022-04-21 11:00:00+00:00,-11.594861996316592,0.8221349010171202
T5,2022-04-22 14:00:00+00:00,-12.594861996316592,0.8098028775018633
T5,2022-04-25 06:00:00+00:00,-13.594861996316592,0.7976558343393353
T5,2022-04-25 18:00:00+00:00,-11.95308794691268,0.8172993940769445
T5,2022-04-26 13:00:00+00:00,-12.95308794691268,0.8075436013403371
T5,2022-04-28 15:00:00+00:00,-11.318111313737754,0.8273483251172578
T5,2022-04-29 02:00:00+00:00,-12.318111313737754,0.8168450851645473
T5,2022-04-29 09:00:00+00:00,-13.318111313737754,0.8057139420802568
T5,2022-04-30 23:00:00+00:00,-14.318111313737754,0.7936282329490529
T5,2022-05-02 04:00:00+00:00,-12.853842548417756,0.811059508440804
T5,2022-05-03 18:00:00+00:00,-13.853842548417756,0.7988936158141919
T5,2022-05-04 08:00:00+00:00,-12.370527964715352,0.8166687740816511
T5,2022-05-04 19:00:00+00:00,-11.01041066464896,0.8322683677218721
T5,2022-05-06 10:00:00+00:00,-12.01041066464896,0.819784342206044
T5,2022-05-07 20:00:00+00:00,-13.01041066464896,0.8074875770729534
T5,2022-05-07 22:00:00+00:00,-14.01041066464896,0.795375263416859
T5,2022-05-08 17:00:00+00:00,-15.01041066464896,0.7834446344656062
T5,2022-05-09 10:00:00+00:00,-16.01041066464896,0.771692964948622
T5,2022-05-11 12:00:00+00:00,-17.01041066464896,0.7601175704743927
T5,2022-06-13 08:00:00+00:00,-18.01041066464896,0.7487158069172768
T5,2022-06-18 06:00:00+00:00,-19.01041066464896,0.7374850698135176
T5,2022-07-19 15:00:00+00:00,-17.080883175536876,0.7588300355387415
T5,2022-07-20 20:00:00+00:00,-18.080883175536876,0.7474475850056603
T5,2022-07-21 11:00:00+00:00,-19.080883175536876,0.7362358712305754
T5,2022-07-22 03:00:00+00:00,-20.080883175536876,0.7251923331621168
T5,2022-07-22 16:00:00+00:00,-21.080883175536876,0.714314448164685
T5,2022-07-23 11:00:00+00:00,-22.080883175536876,0.7035997314422148
T5,2022-07-25 02:00:00+00:00,-23.080883175536876,0.6930457354705816
T5,2022-07-25 14:00:00+00:00,-24.080883175536876,0.6832792434841568
T5,2022-07-26 00:00:00+00:00,-25.080883175536876,0.6730300548318945
T5,2022-07-27 18:00:00+00:00,-23.313363596742374,0.6908739618173823
T5,2022-07-28 20:00:00+00:00,-21.610775397238744,0.7085180696384011
T5,2022-08-01 06:00:00+00:00,-22.610775397238744,0.6978902985938251
T5,2022-08-04 18:00:00+00:00,-23.610775397238744,0.6874219441149177
T5,2022-08-05 06:00:00+00:00,-22.066427064326266,0.7033462281159376
T5,2022-08-05 13:00:00+00:00,-23.066427064326266,0.6927960346941986
T5,2022-08-08 06:00:00+00:00,-21.543270217527333,0.7086245900493928
T5,2022-08-08 19:00:00+00:00,-22.543270217527333,0.6979952211986519
T5,2022-08-09 10:00:00+00:00,-23.543270217527333,0.6875252928806721
T5,2022-08-10 12:00:00+00:00,-22.08880092181145,0.7025250593085172
T5,2022-08-17 13:00:00+00:00,-23.08880092181145,0.6919871834188894
T5,2022-08-19 00:00:00+00:00,-24.08880092181145,0.6816073756676061
T5,2022-08-19 21:00:00+00:00,-25.08880092181145,0.671383265032592
T5,2022-08-26 23:00:00+00:00,-26.08880092181145,0.6613125160571032
T5,2022-08-27 15:00:00+00:00,-27.08880092181145,0.6513928283162466
T5,2022-08-28 23:00:00+00:00,-28.08880092181145,0.6416219358915028
T5,2022-08-29 16:00:00+00:00,-26.608690772505646,0.6558670029814567
T5,2022-08-30 14:00:00+00:00,-27.608690772505646,0.6460289979367349
T5,2022-09-01 07:00:00+00:00,-28.608690772505646,0.6363385629676839
T5,2022-09-03 19:00:00+00:00,-29.608690772505646,0.6267934845231686
T5,2022-09-06 17:00:00+00:00,-30.608690772505646,0.6173915822553211
T5,2022-09-09 04:00:00+00:00,-28.827932885959612,0.6338829561931456
T5,2022-09-12 01:00:00+00:00,-27.072989506666367,0.6505693866514155
T5,2022-09-13 12:00:00+00:00,-28.072989506666367,0.6408108458516443
T5,2022-09-16 13:00:00+00:00,-29.072989506666367,0.6311986831638696
T5,2022-09-19 02:00:00+00:00,-30.072989506666367,0.6217307029164115
T5,2022-09-20 09:00:00+00:00,-31.072989506666367,0.6124047423726654
T5,2022-09-21 17:00:00+00:00,-29.48992036344484,0.6269469281348559
T5,2022-09-22 08:00:00+00:00,-27.916282451327277,0.6417457399598356
T5,2022-09-23 13:00:00+00:00,-28.916282451327277,0.632119553860438
T5,2022-09-24 07:00:00+00:00,-29.916282451327277,0.6232655195203721
T5,2022-09-25 21:00:00+00:00,-30.916282451327277,0.6139165367275665
T5,2022-09-27 01:00:00+00:00,-29.300775092679004,0.6287933369677552
T5,2022-09-27 16:00:00+00:00,-30.300775092679004,0.6193614369132389
T5,2022-09-28 02:00:00+00:00,-31.300775092679004,0.6100710153595402
T5,2022-11-05 00:00:00+00:00,-29.4417349663841,0.6270832128211832
T5,2022-11-07 07:00:00+00:00,-30.4417349663841,0.6176769646288655
T5,2022-11-09 10:00:00+00:00,-31.4417349663841,0.6084118101594325
T5,2022-11-09 15:00:00+00:00,-32.441734966384104,0.599285633007041
T5,2022-11-10 15:00:00+00:00,-30.6870232826476,0.6150592355390341
T5,2022-11-11 14:00:00+00:00,-31.6870232826476,0.6058333470059486
T5,2022-11-13 09:00:00+00:00,-32.6870232826476,0.5967458468008594
T5,2022-11-13 21:00:00+00:00,-33.6870232826476,0.5890940165918485
T5,2023-01-14 00:00:00+00:00,-31.767997193862524,0.6060513183906526
T5,2023-01-14 09:00:00+00:00,-32.76799719386253,0.5969605486147929
T5,2023-01-20 20:00:00+00:00,-31.06546858646154,0.6122056847873899
T5,2023-01-23 07:00:00+00:00,-32.06546858646154,0.6067583121303954
T5,2023-01-23 14:00:00+00:00,-33.06546858646154,0.5976569374484395
T5,2023-01-25 01:00:00+00:00,-34.06546858646154,0.5886920833867129
T5,2023-01-25 15:00:00+00:00,-35.06546858646154,0.5798617021359121
T5,2023-01-26 06:00:00+00:00,-36.06546858646154,0.573512934898702
T5,2023-01-27 01:00:00+00:00,-37.06546858646154,0.5668997198022641
T5,2023-01-27 17:00:00+00:00,-35.84496257074377,0.5748764469677804
T5,2023-01-27 22:00:00+00:00,-36.84496257074377,0.5669385281619611
T5,2023-01-28 07:00:00+00:00,-37.84496257074377,0.5619574943353556
T5,2023-01-29 01:00:00+00:00,-37.028499314828565,0.5654412661832806
T5,2023-01-30 19:00:00+00:00,-38.028499314828565,0.5569596471905314
T5,2023-02-09 19:00:00+00:00,-39.028499314828565,0.5486052524826734
T5,2023-02-13 17:00:00+00:00,-40.028499314828565,0.5403761736954333
T5,2023-02-14 14:00:00+00:00,-38.69912493962723,0.5500023694709621
T5,2023-02-16 15:00:00+00:00,-36.837721375916615,0.5653590150297002
T5,2023-02-16 23:00:00+00:00,-37.837721375916615,0.5568786298042547
T5,2023-02-17 20:00:00+00:00,-36.175658858107106,0.5707621362677562
T5,2023-02-19 18:00:00+00:00,-37.175658858107106,0.5622007042237398
T5,2023-02-19 23:00:00+00:00,-38.175658858107106,0.5559063085506081
T5,2023-02-22 15:00:00+00:00,-39.175658858107106,0.5475677139223489
T5,2023-02-23 02:00:00+00:00,-37.63528897037988,0.5602195661926131
T5,2023-02-24 15:00:00+00:00,-38.63528897037988,0.5523354615506816
T5,2023-02-25 10:00:00+00:00,-39.63528897037988,0.5471269946650816
T5,2023-02-25 20:00:00+00:00,-40.63528897037988,0.5424877459822465
T5,2023-02-27 13:00:00+00:00,-39.559344850867255,0.548164142862572
T5,2023-03-03 01:00:00+00:00,-40.559344850867255,0.5399416807196334
T5,2023-03-07 15:00:00+00:00,-41.559344850867255,0.531842555508839
T5,2023-03-09 16:00:00+00:00,-42.559344850867255,0.5238649171762064
T5,2023-03-12 18:00:00+00:00,-40.90899548871311,0.5368333191549567
T5,2023-03-13 15:00:00+00:00,-39.059219331964044,0.5517286412637762
T5,2023-03-14 12:00:00+00:00,-37.33800547258831,0.5659732860231425
T5,2023-03-17 10:00:00+00:00,-35.563170406732716,0.5810409245387133
T5,2023-03-17 22:00:00+00:00,-33.9485520505861,0.5951133146752023
T5,2023-04-11 01:00:00+00:00,-32.1448790632935,0.6112141618260697
T5,2023-04-12 02:00:00+00:00,-33.1448790632935,0.6038855140382214
T5,2023-04-12 12:00:00+00:00,-32.00665232509103,0.6110532453853564
T5,2023-04-14 00:00:00+00:00,-30.597596547137822,0.623968366976066
T5,2023-04-14 12:00:00+00:00,-31.597596547137822,0.6181279850940986
T5,2023-04-17 00:00:00+00:00,-32.597596547137826,0.6101259547948147
T5,2023-04-17 07:00:00+00:00,-33.597596547137826,0.6051929417671598
T5,2023-04-17 11:00:00+00:00,-34.597596547137826,0.5986144491673292
T5,2023-04-18 01:00:00+00:00,-35.597596547137826,0.5907790328363712
T5,2023-04-19 08:00:00+00:00,-36.597596547137826,0.5819173473438256
T5,2023-04-19 21:00:00+00:00,-37.597596547137826,0.5741871405602352
T5,2023-04-21 19:00:00+00:00,-38.597596547137826,0.5655743334518317
T5,2023-04-22 22:00:00+00:00,-37.263450930714626,0.5757580194925961
T5,2023-04-23 15:00:00+00:00,-38.263450930714626,0.5706896702865856
T5,2023-04-26 09:00:00+00:00,-36.60634643437981,0.5848750565662416
T5,2023-04-26 19:00:00+00:00,-37.60634643437981,0.576101930717748
T5,2023-05-01 01:00:00+00:00,-38.60634643437981,0.5674604017569818
T5,2023-05-01 15:00:00+00:00,-39.60634643437981,0.5597916049429073
T5,2023-05-05 16:00:00+00:00,-37.88354670535646,0.574257737322485
T5,2023-05-06 08:00:00+00:00,-38.88354670535646,0.5656438712626477
T5,2023-05-07 23:00:00+00:00,-39.88354670535646,0.5577223354072992
T5,2023-05-10 17:00:00+00:00,-40.88354670535646,0.5493565003761897
T5,2023-05-11 17:00:00+00:00,-41.88354670535646,0.5411161528705468
T5,2023-05-12 19:00:00+00:00,-42.88354670535646,0.5334468838033506
T5,2023-06-14 20:00:00+00:00,-43.88354670535646,0.5254451805463003
T5,2023-06-16 15:00:00+00:00,-42.43495769419192,0.5368624922639313
T5,2023-06-18 23:00:00+00:00,-43.43495769419192,0.5301979326492177
T5,2023-06-20 18:00:00+00:00,-41.756317118835014,0.5435481090899474
T5,2023-06-21 15:00:00+00:00,-40.0584051942898,0.5573915613297648
T5,2023-07-13 19:00:00+00:00,-38.39829179316233,0.5712715593393483
T5,2023-07-14 07:00:00+00:00,-39.39829179316233,0.5662399102388292
T5,2023-07-14 17:00:00+00:00,-40.39829179316233,0.5610782840205858
T5,2023-07-16 02:00:00+00:00,-41.39829179316233,0.5550411646838384
T5,2023-07-16 18:00:00+00:00,-42.39829179316233,0.5520671245823147
T5,2023-07-17 10:00:00+00:00,-43.39829179316233,0.5450726336189201
T5,2023-07-17 18:00:00+00:00,-44.39829179316233,0.5369950876873267
T5,2023-07-18 16:00:00+00:00,-45.39829179316233,0.5289401613720168
T5,2023-07-20 14:00:00+00:00,-46.39829179316233,0.521069901396845
T5,2023-07-24 09:00:00+00:00,-47.39829179316233,0.5146751768678902
T5,2023-07-26 03:00:00+00:00,-46.655651654042174,0.5174069421929295
T5,2023-07-26 20:00:00+00:00,-45.74450200789417,0.5212977977161471
T5,2023-07-27 15:00:00+00:00,-46.74450200789417,0.5167671176355528
T5,2023-08-01 02:00:00+00:00,-47.74450200789417,0.5119361729711304
T5,2023-08-01 12:00:00+00:00,-48.74450200789417,0.5089774972330275
T5,2023-08-02 14:00:00+00:00,-49.74450200789417,0.5042797535540032
T5,2023-08-04 20:00:00+00:00,-50.74450200789417,0.4980257113177932
T5,2023-08-07 16:00:00+00:00,-51.74450200789417,0.49150673630875313
T5,2023-08-08 11:00:00+00:00,-51.207028350069855,0.4931299447785843
T5,2023-08-09 16:00:00+00:00,-52.207028350069855,0.48827758569723245
T5,2023-08-10 14:00:00+00:00,-53.207028350069855,0.4844048684955361
T5,2023-08-11 16:00:00+00:00,-54.207028350069855,0.4803786024264568
T5,2023-08-13 22:00:00+00:00,-55.207028350069855,0.4774145812914554
T5,2023-08-15 19:00:00+00:00,-56.207028350069855,0.47410785795344457
T5,2023-08-17 13:00:00+00:00,-57.207028350069855,0.46872898679783753
T5,2023-08-18 16:00:00+00:00,-58.207028350069855,0.46169805199586994
T5,2023-08-29 16:00:00+00:00,-56.426528378444004,0.4740288525230453
T5,2023-08-31 16:00:00+00:00,-57.426528378444004,0.4669184197351996
T5,2023-09-01 14:00:00+00:00,-58.426528378444004,0.4614363348181178
T5,2023-09-11 14:00:00+00:00,-59.426528378444004,0.45451478979584603
T5,2023-09-12 03:00:00+00:00,-58.37455733442183,0.4590471199906439
T5,2023-09-12 16:00:00+00:00,-57.02737970462704,0.4675600378068947
T5,2023-09-13 12:00:00+00:00,-55.97105439270525,0.47226335322090235
T5,2023-10-01 22:00:00+00:00,-54.28542637105081,0.484204258347747
T5,2023-10-02 07:00:00+00:00,-53.159999992314724,0.4898036476050425
T5,2023-10-02 21:00:00+00:00,-54.159999992314724,0.4824565928909669
T5,2023-10-03 20:00:00+00:00,-55.159999992314724,0.4752197439976024
T5,2023-10-11 15:00:00+00:00,-56.159999992314724,0.4680914478376384
T5,2023-10-16 05:00:00+00:00,-54.68518281213401,0.4784466874751376
T5,2023-10-18 09:00:00+00:00,-55.68518281213401,0.47135571278544675
T5,2023-10-19 01:00:00+00:00,-56.68518281213401,0.46625287633143
T5,2023-10-19 10:00:00+00:00,-55.89983739531714,0.46896194980222866
T5,2023-10-20 03:00:00+00:00,-54.51622278762294,0.4784219630894835
T5,2023-10-21 18:00:00+00:00,-53.1442960232874,0.48781320633207376
T5,2023-10-22 21:00:00+00:00,-54.1442960232874,0.4835224015740833
T5,2023-10-23 19:00:00+00:00,-52.50109403024334,0.49544027618330316
T5,2023-11-09 14:00:00+00:00,-50.65555204627268,0.5091556136369977
T5,2023-11-11 22:00:00+00:00,-51.65555204627268,0.5032524743164719
T5,2023-11-13 11:00:00+00:00,-52.65555204627268,0.4982813439129224
T5,2023-11-13 21:00:00+00:00,-53.65555204627268,0.4908071237542286
T5,2023-11-15 18:00:00+00:00,-52.00684679756786,0.5029450679697582
T5,2023-11-19 23:00:00+00:00,-50.504765250306754,0.5142770355580085
T5,2023-11-21 23:00:00+00:00,-51.504765250306754,0.5065628800246383
T5,2023-11-22 19:00:00+00:00,-50.00615181435074,0.5179500090970608
T5,2023-11-23 11:00:00+00:00,-51.00615181435074,0.5137303495571142
T5,2023-11-24 15:00:00+00:00,-49.636327535082415,0.5237656355764535
T5,2023-11-25 11:00:00+00:00,-50.636327535082415,0.5195156074583966
T5,2023-11-26 12:00:00+00:00,-51.636327535082415,0.5156113829647957
T5,2023-12-01 09:00:00+00:00,-50.00178232155254,0.5282532347357951
T5,2023-12-02 19:00:00+00:00,-48.8393641713419,0.5348414628636172
T5,2023-12-04 05:00:00+00:00,-47.2422183246515,0.5476547601793739
T5,2023-12-05 16:00:00+00:00,-45.83445431843516,0.5592192900675774
T5,2023-12-11 02:00:00+00:00,-46.83445431843516,0.5508310007165638
T5,2023-12-13 02:00:00+00:00,-47.83445431843516,0.5437059847357815
T5,2023-12-13 19:00:00+00:00,-46.37769153520477,0.5555867443895223
T5,2023-12-14 11:00:00+00:00,-45.45478157847656,0.5598648404751736
T5,2023-12-15 13:00:00+00:00,-46.45478157847656,0.5543021472020155
T5,2023-12-16 00:00:00+00:00,-47.45478157847656,0.5477218856600541
T5,2023-12-17 14:00:00+00:00,-48.45478157847656,0.5395060573751532
T5,2023-12-18 10:00:00+00:00,-49.45478157847656,0.5314134665145259
T5,2023-12-18 21:00:00+00:00,-47.84522696147706,0.5442435514929884
T5,2023-12-19 14:00:00+00:00,-48.84522696147706,0.5372621578061092
T5,2023-12-20 13:00:00+00:00,-47.54728648977687,0.5461881895632318
T5,2023-12-24 22:00:00+00:00,-48.54728648977687,0.5379953667197833
T5,2023-12-25 13:00:00+00:00,-47.37008403358235,0.5449125303202567
T5,2023-12-26 05:00:00+00:00,-48.37008403358235,0.5380288612198715
T5,2023-12-26 09:00:00+00:00,-49.37008403358235,0.5312007654509847
T5,2023-12-28 14:00:00+00:00,-50.37008403358235,0.52323275396922
T5,2023-12-29 16:00:00+00:00,-51.37008403358235,0.5153842626596817
T5,2023-12-29 22:00:00+00:00,-52.37008403358235,0.5076534987197865
T5,2023-12-31 09:00:00+00:00,-51.2209629147934,0.5138145778159013
T5,2024-01-02 00:00:00+00:00,-49.59020756905316,0.5263831658582896
T5,2024-01-03 11:00:00+00:00,-50.59020756905316,0.5184874183704152
T5,2024-01-08 15:00:00+00:00,-48.91742533492054,0.531497166501485
T5,2024-01-09 21:00:00+00:00,-47.193752067936735,0.5452390783621288
T5,2024-01-12 16:00:00+00:00,-48.193752067936735,0.5370604921866968
T5,2024-01-13 10:00:00+00:00,-49.193752067936735,0.5307077003848214
T5,2024-01-14 20:00:00+00:00,-50.193752067936735,0.5236006706001897
T5,2024-01-18 19:00:00+00:00,-51.193752067936735,0.5157466605411868
T5,2024-01-22 19:00:00+00:00,-52.193752067936735,0.508010460633069
T5,2024-01-23 09:00:00+00:00,-53.193752067936735,0.500390303723573
T5,2024-01-24 10:00:00+00:00,-51.6476582778657,0.5119950588415546
T5,2024-01-24 21:00:00+00:00,-52.6476582778657,0.5043151329589313
T5,2024-01-25 15:00:00+00:00,-53.6476582778657,0.49858191333264057
T5,2024-01-26 11:00:00+00:00,-52.49797680179714,0.5046398363858399
T5,2024-01-30 12:00:00+00:00,-50.79603563135306,0.5175228460927083
T5,2024-01-30 23:00:00+00:00,-51.79603563135306,0.5097600034013177
T5,2024-01-31 09:00:00+00:00,-52.79603563135306,0.5048582537593159
T5,2024-02-01 01:00:00+00:00,-53.79603563135306,0.49728537995292615
T5,2024-02-01 12:00:00+00:00,-54.79603563135306,0.4928675452635298
T5,2024-02-07 20:00:00+00:00,-53.278974617098214,0.5040831973351916
T5,2024-02-09 09:00:00+00:00,-51.558342513923485,0.51709332331528
T5,2024-02-09 18:00:00+00:00,-50.15300921088167,0.527993650335813
T5,2024-02-11 03:00:00+00:00,-48.73675728221116,0.5392102307200212
T5,2024-02-12 10:00:00+00:00,-49.73675728221116,0.5311319064797279
T5,2024-02-12 14:00:00+00:00,-48.60614056896292,0.537339136575473
T5,2024-02-15 00:00:00+00:00,-46.83955822555781,0.5515779440418946
T5,2024-02-17 13:00:00+00:00,-47.83955822555781,0.5433042748812662
T5,2024-02-20 13:00:00+00:00,-46.448967000707555,0.5544453022770146
T5,2024-02-26 19:00:00+00:00,-44.72288187269019,0.5688005991354063
T5,2024-02-28 14:00:00+00:00,-42.96872266443194,0.583767101264949
T5,2024-02-28 17:00:00+00:00,-43.96872266443194,0.5750105947459748
T5,2024-03-04 14:00:00+00:00,-42.21602931215214,0.5901278534495007
T5,2024-03-05 05:00:00+00:00,-43.21602931215214,0.5812759356477581
T5,2024-03-06 05:00:00+00:00,-41.633955064898565,0.5950702609728064
T5,2024-03-11 09:00:00+00:00,-39.85470171351937,0.6109519723149358
T5,2024-03-12 16:00:00+00:00,-40.85470171351937,0.6017876927302117
T5,2024-03-13 08:00:00+00:00,-39.585092863057014,0.6111881521688058
T5,2024-03-14 13:00:00+00:00,-40.585092863057014,0.6020203298862737
T5,2024-03-15 03:00:00+00:00,-41.585092863057014,0.5929900249379796
T5,2024-03-15 09:00:00+00:00,-42.585092863057014,0.5840951745639099
T5,2024-03-16 10:00:00+00:00,-43.585092863057014,0.5772980147033403
T5,2024-03-16 18:00:00+00:00,-44.585092863057014,0.5686385444827902
T5,2024-03-16 23:00:00+00:00,-45.585092863057014,0.5601089663155483
T5,2024-03-19 07:00:00+00:00,-46.585092863057014,0.5517073318208151
T5,2024-03-19 23:00:00+00:00,-47.585092863057014,0.5434317218435029
T5,2024-03-20 20:00:00+00:00,-45.93061477272119,0.5569181600042561
T5,2024-03-25 17:00:00+00:00,-44.09025722293853,0.5722920881098796
T5,2024-03-26 13:00:00+00:00,-45.09025722293853,0.5662989853848336
T5,2024-03-27 14:00:00+00:00,-46.09025722293853,0.5578045006040611
T5,2024-03-29 07:00:00+00:00,-47.09025722293853,0.5494374330950001
T5,2024-04-01 06:00:00+00:00,-48.09025722293853,0.5411958715985752
T5,2024-04-01 14:00:00+00:00,-49.09025722293853,0.5330779335245965
T5,2024-04-07 16:00:00+00:00,-47.34150584177519,0.5470612451123791
T5,2024-04-09 17:00:00+00:00,-48.34150584177519,0.5388553264356933
T5,2024-04-10 12:00:00+00:00,-49.34150584177519,0.5307724965391579
T5,2024-04-12 17:00:00+00:00,-50.34150584177519,0.5228109090910705
T5,2024-04-14 17:00:00+00:00,-51.34150584177519,0.5149687454547045
T5,2024-04-16 04:00:00+00:00,-52.34150584177519,0.5072442142728839
T5,2024-04-17 15:00:00+00:00,-53.34150584177519,0.49963555105879065
T5,2024-04-19 02:00:00+00:00,-54.34150584177519,0.4921410177929088
T5,2024-04-27 01:00:00+00:00,-55.34150584177519,0.48475890252601517
T5,2024-04-30 09:00:00+00:00,-56.34150584177519,0.4774875189881249
T5,2024-05-01 07:00:00+00:00,-57.34150584177519,0.47032520620330304
T5,2024-05-03 13:00:00+00:00,-55.61024446883263,0.4825390441366183
T5,2024-05-04 01:00:00+00:00,-54.109405470935336,0.49340224536834315
T5,2024-05-04 10:00:00+00:00,-52.826512474034814,0.5013345417209177
T5,2024-05-05 15:00:00+00:00,-51.55758826868697,0.5091542804751228
T5,2024-05-06 15:00:00+00:00,-52.55758826868697,0.5015169662679959
T5,2024-05-07 23:00:00+00:00,-53.55758826868697,0.49399421177397596
T5,2024-05-08 07:00:00+00:00,-54.55758826868697,0.48751160898089363
T5,2024-05-08 13:00:00+00:00,-55.55758826868697,0.4820739767044249
T5,2024-05-08 23:00:00+00:00,-56.55758826868697,0.47484286705385853
T5,2024-05-09 11:00:00+00:00,-57.55758826868697,0.46842704414570796
T5,2024-05-09 22:00:00+00:00,-56.066700048829915,0.47890262957539736
T5,2024-05-10 14:00:00+00:00,-57.066700048829915,0.4717190901317664
T5,2024-05-15 18:00:00+00:00,-55.3099337248434,0.4841495933106421
T5,2024-05-16 16:00:00+00:00,-56.3099337248434,0.4768873494109825
T5,2024-05-17 14:00:00+00:00,-55.103758468980125,0.48339902751506075
T5,2024-05-20 23:00:00+00:00,-53.39450381455167,0.4957928080809553
T5,2024-05-23 18:00:00+00:00,-54.39450381455167,0.488355915959741
T5,2024-06-18 14:00:00+00:00,-55.39450381455167,0.48103057722034487
T5,2024-06-23 23:00:00+00:00,-56.39450381455167,0.47381511856203967
T5,2024-06-24 16:00:00+00:00,-57.39450381455167,0.46670789178360905
T5,2024-06-25 14:00:00+00:00,-55.90652467714738,0.47712466587714825
T5,2024-07-03 00:00:00+00:00,-56.90652467714738,0.47101484542102484
T5,2024-07-03 10:00:00+00:00,-57.90652467714738,0.46394962273970947
T5,2024-07-15 00:00:00+00:00,-56.04292177412124,0.4769188906966435
T5,2024-07-19 16:00:00+00:00,-54.333350992793385,0.4891487897056176
T5,2024-07-23 16:00:00+00:00,-55.333350992793385,0.4818115578600333
T5,2024-08-02 20:00:00+00:00,-56.333350992793385,0.4745843844921328
T5,2024-11-06 20:00:00+00:00,-54.37771083724161,0.4885061286847923
T5,2024-11-11 08:00:00+00:00,-52.58398754763358,0.5016498009868648
T5,2024-11-21 08:00:00+00:00,-50.75293499598742,0.5154280082088117
T5,2024-11-24 12:00:00+00:00,-51.75293499598742,0.5076965880856795
T5,2024-12-16 16:00:00+00:00,-49.889835046754214,0.521884930398004
T5,2024-12-18 04:00:00+00:00,-50.889835046754214,0.5140566564420339
T5,2024-12-18 20:00:00+00:00,-51.889835046754214,0.5063458065954034
T5,2024-12-20 08:00:00+00:00,-52.889835046754214,0.49875061949647237
T5,2025-01-20 04:00:00+00:00,-51.026380030551955,0.5126916096524927
T5,2025-01-27 00:00:00+00:00,-52.026380030551955,0.5050012355077054
T5,2025-02-03 00:00:00+00:00,-53.026380030551955,0.49742621697508976
T5,2025-02-25 08:00:00+00:00,-54.026380030551955,0.4899648237204634
T5,2025-03-02 12:00:00+00:00,-52.54557981145409,0.500847923995196
T5,2025-03-09 20:00:00+00:00,-53.54557981145409,0.493335205135268
T5,2025-04-22 20:00:00+00:00,-51.6494081643726,0.5073669285625374
T5,2025-05-08 00:00:00+00:00,-49.955065778930795,0.5202617279430614
T5,2025-05-22 00:00:00+00:00,-48.17300389091565,0.5341688069004648
T5,2025-05-23 08:00:00+00:00,-49.17300389091565,0.5261562747969578
T5,2025-05-29 20:00:00+00:00,-50.17300389091565,0.5182639306750034
T5,2025-06-05 16:00:00+00:00,-51.17300389091565,0.5104899717148784
T5,2025-06-09 08:00:00+00:00,-49.820254345649786,0.5200778737159161
T5,2025-06-13 00:00:00+00:00,-50.820254345649786,0.5122767056101774
T5,2025-06-20 16:00:00+00:00,-51.820254345649786,0.5045925550260247
T5,2025-06-21 16:00:00+00:00,-52.820254345649786,0.49759612463180547
T5,2025-07-01 12:00:00+00:00,-53.820254345649786,0.4901321827623284
T5,2025-07-04 16:00:00+00:00,-54.820254345649786,0.48278020002089345
T5,2025-07-09 16:00:00+00:00,-53.30646608396974,0.493742605017341
T5,2025-07-10 20:00:00+00:00,-51.773191334409056,0.5050982510531721
T5,2025-07-25 04:00:00+00:00,-52.773191334409056,0.4975217772873745
T5,2025-08-01 20:00:00+00:00,-53.773191334409056,0.49005895062806387
T5,2025-08-02 16:00:00+00:00,-54.773191334409056,0.4827080663686429
T5,2025-08-11 00:00:00+00:00,-53.11420867778133,0.49472013102344115
T5,2025-08-18 00:00:00+00:00,-54.11420867778133,0.48729932905808954
T5,2025-08-19 16:00:00+00:00,-55.11420867778133,0.4799898391222182
T5,2025-08-22 12:00:00+00:00,-56.11420867778133,0.4727899915353849
T5,2025-08-29 12:00:00+00:00,-57.11420867778133,0.4656981416623541
T5,2025-09-01 00:00:00+00:00,-58.11420867778133,0.45871266953741885
T5,2025-09-30 20:00:00+00:00,-57.199084523976715,0.46500935519066716
T6,2021-01-05 00:00:00+00:00,1.0061741585152089,1.0150926123777282
T6,2021-01-10 22:00:00+00:00,1.9239068745216859,1.029066367880061
T6,2021-01-11 08:00:00+00:00,2.8005656477227268,1.0425984687741836
T6,2021-01-11 17:00:00+00:00,3.371621410033656,1.0515291967247342
T6,2021-01-16 01:00:00+00:00,4.47016062738444,1.0688563876366066
T6,2021-01-17 11:00:00+00:00,4.789971488217533,1.0739838658581617
T6,2021-01-21 10:00:00+00:00,3.8707778011569727,1.059175878015636
T6,2021-01-22 04:00:00+00:00,4.575191881058898,1.0703673540391365
T6,2021-01-26 23:00:00+00:00,4.914692574739809,1.0758182109269818
T6,2021-01-28 06:00:00+00:00,5.813609964030885,1.090324286389756
T6,2021-02-01 01:00:00+00:00,6.147297620221921,1.0957817027239594
T6,2021-02-11 09:00:00+00:00,6.261653216208852,1.0976613342692578
T6,2021-02-23 06:00:00+00:00,5.180683239079487,1.0798632500582455
T6,2021-02-28 16:00:00+00:00,4.103608139814634,1.062416842799511
T6,2021-03-04 08:00:00+00:00,4.202166420458374,1.06398749245981
T6,2021-03-05 14:00:00+00:00,4.529231140314792,1.0692073840270915
T6,2021-03-17 21:00:00+00:00,5.594653945965935,1.0862947529907876
T6,2021-03-21 20:00:00+00:00,5.9212426809516145,1.0916163274288002
T6,2021-03-24 08:00:00+00:00,6.232953689544261,1.0967203598250856
T6,2021-03-26 08:00:00+00:00,6.767748759717218,1.1055181694519773
T6,2021-04-04 12:00:00+00:00,6.8628943389659955,1.1070959469510155
T6,2021-04-18 12:00:00+00:00,6.274503698587333,1.0973248735532086
T6,2021-04-25 22:00:00+00:00,5.247509185084919,1.0804206741831754
T6,2021-04-30 04:00:00+00:00,5.333169504990981,1.0818089118919303
T6,2021-05-12 00:00:00+00:00,5.874327583501046,1.090590356373048
T6,2021-05-13 00:00:00+00:00,4.53521085071628,1.0686839394505552
T6,2021-05-16 23:00:00+00:00,4.8044750242127146,1.0730003139158313
T6,2021-05-17 05:00:00+00:00,4.8887657287842154,1.0743569732028124
T6,2021-05-19 13:00:00+00:00,2.6345860058564985,1.0380300676401157
T6,2021-05-21 21:00:00+00:00,1.66536314634389,1.0229388305838425
T6,2021-05-23 16:00:00+00:00,0.6634686675803136,1.0075656790867202
T6,2021-05-23 20:00:00+00:00,1.0739721556864423,1.013769817473137
T6,2021-05-25 13:00:00+00:00,1.1948446115703115,1.0156078701862208
T6,2021-05-28 13:00:00+00:00,1.505185085659827,1.0203356336050604
T6,2021-05-30 06:00:00+00:00,2.0468538585097895,1.0286258928633096
T6,2021-06-07 21:00:00+00:00,1.141909388127619,1.014663153155731
T6,2021-06-13 16:00:00+00:00,1.4155800195415198,1.0188284057426793
T6,2021-06-16 18:00:00+00:00,1.5060301373083496,1.0202107029819336
T6,2021-06-20 11:00:00+00:00,0.3261199901510532,1.0021543485716307
T6,2021-06-22 13:00:00+00:00,-0.6924838158143405,0.9868423750673331
T6,2021-06-23 21:00:00+00:00,-0.5984589796248692,0.988234190457241
T6,2021-06-27 22:00:00+00:00,0.30585025518980924,1.0016392300260923
T6,2021-07-03 07:00:00+00:00,0.39519879900877986,1.002981655125614
T6,2021-07-05 19:00:00+00:00,0.5015674045853218,1.0045819415267325
T6,2021-07-09 14:00:00+00:00,0.7684145698073372,1.008602989176677
T6,2021-07-20 04:00:00+00:00,-0.4038281239449455,0.990868076902291
T6,2021-07-27 11:00:00+00:00,-0.14448584756292693,0.9947226866421626
T6,2021-08-05 19:00:00+00:00,0.7503051956408305,1.0080737208993475
T6,2021-08-13 06:00:00+00:00,0.8515579203679263,1.00960477406385
T6,2021-08-18 15:00:00+00:00,0.9351705099771133,1.0108710091084692
T6,2021-08-25 15:00:00+00:00,1.0399027660681783,1.0124590711294839
T6,2021-09-08 07:00:00+00:00,0.22706488085714094,1.0001145947758894
T6,2021-09-11 16:00:00+00:00,0.3462881722035359,1.0019031490815806
T6,2021-09-21 01:00:00+00:00,-0.9296262553178013,0.9827280088381969
T6,2021-09-22 01:00:00+00:00,-0.3615045069735118,0.9911026461561178
T6,2021-09-26 09:00:00+00:00,0.18080793156975516,0.999164955549372
T6,2021-09-30 01:00:00+00:00,0.44175173350717584,1.0030758440833274
T6,2021-10-22 09:00:00+00:00,0.5395984453245064,1.0045480591790314
T6,2021-10-28 08:00:00+00:00,0.8126487167579051,1.0086624409824323
T6,2021-11-14 00:00:00+00:00,1.0701951572322594,1.0125591023021603
T6,2021-12-04 05:00:00+00:00,0.13762917499171856,0.998394929694935
T6,2021-12-10 00:00:00+00:00,0.21948399573672728,0.9996207812649787
T6,2021-12-29 16:00:00+00:00,0.3245131368126838,1.0011956209458477
T6,2022-01-22 00:00:00+00:00,-0.586519199166439,0.9875137971660122
T6,2022-02-22 00:00:00+00:00,-1.783433793202375,0.9697842520314146
T6,2022-02-24 16:00:00+00:00,-1.4376585911061721,0.9748141622174528
T6,2022-04-11 16:00:00+00:00,-2.4430364572975423,0.9601133134823031
T6,2022-05-05 20:00:00+00:00,-3.5723807648149117,0.94384883590501
T6,2022-05-12 00:00:00+00:00,-3.018547487332987,0.9516898593185616
T6,2022-06-13 04:00:00+00:00,-4.484494729522952,0.9307629524482386
T6,2022-06-18 20:00:00+00:00,-5.44466623239213,0.9173575715052309
T6,2022-07-01 00:00:00+00:00,-4.499690380807539,0.9303607827903417
T6,2022-07-14 00:00:00+00:00,-3.9713939389189017,0.9377333771586547
T6,2022-07-27 18:00:00+00:00,-3.4390159558279794,0.9452218062187862
T6,2022-08-19 22:00:00+00:00,-4.517584112415195,0.9299295141022946
T6,2022-09-19 13:00:00+00:00,-4.218269760395189,0.9341046328513617
T6,2022-09-22 04:00:00+00:00,-4.130993502711067,0.9353275102009718
T6,2022-10-14 01:00:00+00:00,-3.6001012356155604,0.9427758823364827
T6,2022-11-08 16:00:00+00:00,-3.0485143892740076,0.9505762239726555
T6,2022-11-09 16:00:00+00:00,-4.2446871718426795,0.9335204228695606
T6,2022-11-10 13:00:00+00:00,-3.269418363733904,0.9471769231219185
T6,2022-11-14 06:00:00+00:00,-2.9748519488963194,0.9513620207788323
T6,2022-11-23 02:00:00+00:00,-2.692320223143237,0.955393870082031
T6,2023-01-11 23:00:00+00:00,-1.7897332001267934,0.9683287617171135
T6,2023-02-15 12:00:00+00:00,-1.5011780619700188,0.9725200053113903
T6,2023-02-17 16:00:00+00:00,-1.3658094861198895,0.9744947350329618
T6,2023-02-23 02:00:00+00:00,-1.251867071583792,0.9761602792788974
T6,2023-02-26 20:00:00+00:00,-1.1637995487449708,0.9774497995442435
T6,2023-03-09 21:00:00+00:00,-2.571095351425527,0.9568163845408001
T6,2023-03-23 14:00:00+00:00,-2.148412508546716,0.9628828325837611
T6,2023-04-18 11:00:00+00:00,-2.0637886093106004,0.9641050760807723
T6,2023-04-26 12:00:00+00:00,-1.52921458033448,0.9718358591039248
T6,2023-05-03 22:00:00+00:00,-1.2706493379560189,0.9756051037208441
T6,2023-06-05 17:00:00+00:00,-2.3429358459449032,0.9599131808731698
T6,2023-06-15 21:00:00+00:00,-2.2243885857196153,0.9616201070378696
T6,2025-04-04 08:00:00+00:00,-2.1292716653841515,0.9629921021845811
T6,2025-04-09 17:00:00+00:00,-1.1839128509711996,0.976647698264735
T6,2025-06-09 10:00:00+00:00,-0.6531493198299845,0.9844232329799139
T6,2025-06-23 22:00:00+00:00,-0.11923660343983045,0.9923071742158821
