start,rule,multiple,max_dd,btc_per_1k,utilization,longest_underwater_days,round_trips
2018-01-01 00:00:00+00:00,B1,2.107224486980119,0.8118477145881705,0.07285477261948513,1.0,,
2018-01-01 00:00:00+00:00,B2,4.400331225312278,0.6117640848398388,0.15213620231320465,0.654197777556155,,
2018-01-01 00:00:00+00:00,S2,6.156899362079141,0.6287833182195979,0.2128674499735732,0.6290801183592251,,
2018-01-01 00:00:00+00:00,L1 g=3% N=5 tp=g,1.5263940492937846,0.7092876551428232,0.007009613614450362,0.7609908616008014,1042.5416666666667,91.0
2018-01-01 00:00:00+00:00,L1 g=3% N=5 tp=2g,1.47360870870629,0.6979333401322773,0.007133239356744868,0.7614417164682445,1042.7916666666667,40.0
2018-01-01 00:00:00+00:00,L1 g=3% N=10 tp=g,1.4566886115933058,0.6291412746121895,0.003504806807225181,0.6736088870841408,1042.5416666666667,152.0
2018-01-01 00:00:00+00:00,L1 g=3% N=10 tp=2g,1.421519700956133,0.6454906903794797,0.003566619678372434,0.701764307497534,1042.7916666666667,71.0
2018-01-01 00:00:00+00:00,L1 g=5% N=5 tp=g,1.4989714618334298,0.6398444003088319,0.006921084184221192,0.6945374023695483,1042.75,51.0
2018-01-01 00:00:00+00:00,L1 g=5% N=5 tp=2g,1.408369751231082,0.6961322951070859,0.00743215166771247,0.7759988685702007,1043.2916666666667,20.0
2018-01-01 00:00:00+00:00,L1 g=5% N=10 tp=g,1.6849918513921431,0.5176694980373718,0.003460542092110596,0.5441365213424273,1042.75,137.0
2018-01-01 00:00:00+00:00,L1 g=5% N=10 tp=2g,1.5919474719226212,0.5575473290550491,0.003716075833856235,0.6051722456813464,1043.2916666666667,59.0
2018-01-01 00:00:00+00:00,L1 g=8% N=5 tp=g,1.4300731646793103,0.6485101913176602,0.006921084184221192,0.7208038173458643,1042.8333333333333,27.0
2018-01-01 00:00:00+00:00,L1 g=8% N=5 tp=2g,1.5252469789318972,0.6588631277035295,0.00756512256800234,0.7338200986871879,1043.5833333333333,16.0
2018-01-01 00:00:00+00:00,L1 g=8% N=10 tp=g,1.839008480739325,0.4709953439139649,0.003460542092110596,0.47095730073005393,1042.8333333333333,105.0
2018-01-01 00:00:00+00:00,L1 g=8% N=10 tp=2g,1.8165380535428908,0.5006409331407681,0.00378256128400117,0.5063210904705122,1043.5833333333333,51.0
2018-01-01 00:00:00+00:00,L2 80% S2 + 20% L1,5.262517859941742,0.6001315568883339,,,,
2018-02-05 00:00:00+00:00,B1,4.512105548576499,0.7210838037342595,0.12215791976254753,1.0,,
2018-02-05 00:00:00+00:00,B2,5.706271591281461,0.6058278537567057,0.15448802331562894,0.6634138508402027,,
2018-02-05 00:00:00+00:00,S2,7.704174981699718,0.6287833182195979,0.1724226344785943,0.6579364298623963,,
2018-02-05 00:00:00+00:00,L1 g=3% N=5 tp=g,2.358531155725776,0.4955258516318478,0.02055994311484439,0.5184183490703724,496.0,237.0
2018-02-05 00:00:00+00:00,L1 g=3% N=5 tp=2g,2.1500745579546985,0.5460735149451136,0.021072113529091364,0.5935295134758197,496.625,100.0
2018-02-05 00:00:00+00:00,L1 g=3% N=10 tp=g,2.28256084814601,0.4712486951361238,0.010279971557422196,0.4999189007917902,496.0,432.0
2018-02-05 00:00:00+00:00,L1 g=3% N=10 tp=2g,2.1253116696426493,0.49809840525561666,0.010536056764545682,0.5447441700701959,496.625,192.0
2018-02-05 00:00:00+00:00,L1 g=5% N=5 tp=g,2.259039757507413,0.5124979517861754,0.015511227508538577,0.5579072389334958,496.5833333333333,130.0
2018-02-05 00:00:00+00:00,L1 g=5% N=5 tp=2g,2.2773551874105955,0.4984954966527094,0.016048664347693857,0.5411428659007304,496.0416666666667,65.0
2018-02-05 00:00:00+00:00,L1 g=5% N=10 tp=g,2.2003652780859597,0.4486185588106585,0.007755613754269288,0.45998573268686926,496.5833333333333,242.0
2018-02-05 00:00:00+00:00,L1 g=5% N=10 tp=2g,2.2105701303557383,0.44158046660851513,0.008024332173846929,0.44724871135533123,496.0416666666667,123.0
2018-02-05 00:00:00+00:00,L1 g=8% N=5 tp=g,2.206261083763345,0.4870646513955821,0.01010201344589474,0.5170096169746273,496.6666666666667,78.0
2018-02-05 00:00:00+00:00,L1 g=8% N=5 tp=2g,2.3137697595690634,0.489468860062913,0.0158209975072029,0.49799901947462194,496.5416666666667,42.0
2018-02-05 00:00:00+00:00,L1 g=8% N=10 tp=g,1.969133495719227,0.4134119000266908,0.00505100672294737,0.3854470020278824,496.6666666666667,124.0
2018-02-05 00:00:00+00:00,L1 g=8% N=10 tp=2g,2.0367120094372937,0.4038222976447309,0.00791049875360145,0.3617844359122605,496.5416666666667,66.0
2018-02-05 00:00:00+00:00,L2 80% S2 + 20% L1,6.603413040976967,0.5826560116704944,,,,
2018-03-05 00:00:00+00:00,B1,4.1978147305716975,0.7195983935742978,0.08677816431423718,1.0,,
2018-03-05 00:00:00+00:00,B2,7.454760153113803,0.603053073204616,0.1541064680103295,0.6683540913507213,,
2018-03-05 00:00:00+00:00,S2,9.619798544577101,0.6287833182195979,0.15518037103073484,0.6796257668303807,,
2018-03-05 00:00:00+00:00,L1 g=3% N=5 tp=g,2.0900965386853305,0.7035117354070359,0.018487293306078696,0.8276178503618146,496.0,203.0
2018-03-05 00:00:00+00:00,L1 g=3% N=5 tp=2g,2.022501793743036,0.7035117354070359,0.018862275166594417,0.8358194515084482,496.625,94.0
2018-03-05 00:00:00+00:00,L1 g=3% N=10 tp=g,2.167359529189552,0.6048216177871139,0.013353721957427659,0.6740984876916478,496.0,402.0
2018-03-05 00:00:00+00:00,L1 g=3% N=10 tp=2g,2.0311565278433426,0.6267408991451786,0.011495928266050146,0.7197851506671089,496.625,181.0
2018-03-05 00:00:00+00:00,L1 g=5% N=5 tp=g,2.155295932202273,0.6709996200174696,0.01503946596085954,0.7787084381715023,496.5833333333333,123.0
2018-03-05 00:00:00+00:00,L1 g=5% N=5 tp=2g,2.078885661542592,0.6903700921633602,0.011404990128534954,0.7797640427317649,496.0416666666667,57.0
2018-03-05 00:00:00+00:00,L1 g=5% N=10 tp=g,2.1298092259907273,0.5298529904563147,0.00751973298042977,0.5511219973087441,496.5833333333333,232.0
2018-03-05 00:00:00+00:00,L1 g=5% N=10 tp=2g,2.0418537878881087,0.5541029695848857,0.005702495064267477,0.5564382731680971,496.0416666666667,108.0
2018-03-05 00:00:00+00:00,L1 g=8% N=5 tp=g,2.098906080067052,0.6050185553655296,0.007460353011773673,0.6662227944264378,496.6666666666667,72.0
2018-03-05 00:00:00+00:00,L1 g=8% N=5 tp=2g,2.0684685497360054,0.6407369790027642,0.008109541334762422,0.7046228636175669,496.875,34.0
2018-03-05 00:00:00+00:00,L1 g=8% N=10 tp=g,1.8997797510531942,0.4645758660299526,0.0037301765058868363,0.43739483334771034,496.6666666666667,116.0
2018-03-05 00:00:00+00:00,L1 g=8% N=10 tp=2g,1.977365926129558,0.4693168611377633,0.004054770667381211,0.4388808764102715,496.875,62.0
2018-03-05 00:00:00+00:00,L2 80% S2 + 20% L1,8.121800680859828,0.5912447406496357,,,,
2018-04-02 00:00:00+00:00,B1,8.61240959216167,0.6743998377939983,0.14666800167304042,1.0,,
2018-04-02 00:00:00+00:00,B2,9.14413666000825,0.5939820579632344,0.1557232312974536,0.6743255728848598,,
2018-04-02 00:00:00+00:00,S2,11.179033482252727,0.628783318219598,0.13966233392766136,0.6998640482257763,,
2018-04-02 00:00:00+00:00,L1 g=3% N=5 tp=g,2.6005487276882353,0.5349134270151152,0.006678581214317572,0.5927711995524326,496.0,272.0
2018-04-02 00:00:00+00:00,L1 g=3% N=5 tp=2g,2.5142765366316895,0.5224244235618352,0.01017357373842536,0.5990117343981131,496.625,128.0
2018-04-02 00:00:00+00:00,L1 g=3% N=10 tp=g,2.4652182498556527,0.5212877545391049,0.003339290607158786,0.5607770295813762,496.0,485.0
2018-04-02 00:00:00+00:00,L1 g=3% N=10 tp=2g,2.3635669156472803,0.507194715536236,0.00508678686921268,0.5682774728903889,496.625,229.0
2018-04-02 00:00:00+00:00,L1 g=5% N=5 tp=g,2.648632126712096,0.5211360508085755,0.0068537028495308586,0.5723485696519756,496.5833333333333,165.0
2018-04-02 00:00:00+00:00,L1 g=5% N=5 tp=2g,2.5325436953478895,0.5198767759469236,0.010393651771827075,0.5693860664792241,496.0416666666667,77.0
2018-04-02 00:00:00+00:00,L1 g=5% N=10 tp=g,2.3065828170362495,0.43656743872912884,0.0034268514247654293,0.4634307402818779,496.5833333333333,261.0
2018-04-02 00:00:00+00:00,L1 g=5% N=10 tp=2g,2.2586637444696214,0.42767119128108166,0.005196825885913537,0.44139469867974945,496.0416666666667,127.0
2018-04-02 00:00:00+00:00,L1 g=8% N=5 tp=g,2.47418470599272,0.453771618895744,0.0033389834395150335,0.5097504977934312,496.6666666666667,93.0
2018-04-02 00:00:00+00:00,L1 g=8% N=5 tp=2g,2.4494637902270138,0.47340220588440807,0.0072395924490545605,0.5148474542367257,496.875,45.0
2018-04-02 00:00:00+00:00,L1 g=8% N=10 tp=g,2.0349409665362077,0.37561442804289535,0.0016694917197575168,0.3583601950394276,496.6666666666667,131.0
2018-04-02 00:00:00+00:00,L1 g=8% N=10 tp=2g,2.0412545031574756,0.39695770574388856,0.0036197962245272802,0.3626243409667159,496.875,65.0
2018-04-02 00:00:00+00:00,L2 80% S2 + 20% L1,9.404543349209431,0.5878259953218683,,,,
2018-05-07 00:00:00+00:00,B1,5.832864070012457,0.6570507207688204,0.10343116586845293,1.0,,
2018-05-07 00:00:00+00:00,B2,8.838076232815986,0.5765436845379897,0.15672104095380873,0.6802524902904573,,
2018-05-07 00:00:00+00:00,S2,10.745678859968613,0.6284771156692537,0.125631208345565,0.7208347503978468,,
2018-05-07 00:00:00+00:00,L1 g=3% N=5 tp=g,2.3921760463881,0.6352322455646653,0.016539883050126446,0.7411596250220766,496.0,249.0
2018-05-07 00:00:00+00:00,L1 g=3% N=5 tp=2g,2.264763797299611,0.6466147087173009,0.016539883050126446,0.767822207414195,496.625,113.0
2018-05-07 00:00:00+00:00,L1 g=3% N=10 tp=g,2.4594434338624125,0.5534174968975942,0.008269941525063223,0.6042954033661185,496.0,492.0
2018-05-07 00:00:00+00:00,L1 g=3% N=10 tp=2g,2.283014267385317,0.5883423029460455,0.010080507647871533,0.6559102197105297,496.625,222.0
2018-05-07 00:00:00+00:00,L1 g=5% N=5 tp=g,2.5467511838818413,0.5922101986787428,0.009908505811199153,0.6699766732064708,496.5833333333333,160.0
2018-05-07 00:00:00+00:00,L1 g=5% N=5 tp=2g,2.369029129756264,0.6309511429705239,0.010393651771827075,0.709064668188625,496.0416666666667,70.0
2018-05-07 00:00:00+00:00,L1 g=5% N=10 tp=g,2.270170199730538,0.4636651392229981,0.004954252905599576,0.4958594209012665,496.5833333333333,259.0
2018-05-07 00:00:00+00:00,L1 g=5% N=10 tp=2g,2.1867415853310668,0.4893543508336806,0.005196825885913537,0.5042030365793083,496.0416666666667,121.0
2018-05-07 00:00:00+00:00,L1 g=8% N=5 tp=g,2.3829358138427663,0.528116911248834,0.010163478629744784,0.5823512380217475,496.6666666666667,89.0
2018-05-07 00:00:00+00:00,L1 g=8% N=5 tp=2g,2.4100572766965187,0.5825219871869824,0.007400790324431088,0.6087030188313353,497.0833333333333,44.0
2018-05-07 00:00:00+00:00,L1 g=8% N=10 tp=g,1.9658021562344006,0.4236956194160063,0.005081739314872392,0.39453792573187957,496.6666666666667,124.0
2018-05-07 00:00:00+00:00,L1 g=8% N=10 tp=2g,2.053203507196624,0.4471575981112397,0.003700395162215544,0.39038694829657905,497.0833333333333,66.0
2018-05-07 00:00:00+00:00,L2 80% S2 + 20% L1,9.050577127920997,0.5905606446611191,,,,
2018-06-04 00:00:00+00:00,B1,5.083750997150023,0.6334142876781379,0.12953291204580106,1.0,,
2018-06-04 00:00:00+00:00,B2,6.140548395225022,0.5623124722818382,0.1564598886998152,0.6862117886056299,,
2018-06-04 00:00:00+00:00,S2,8.590554599698073,0.62828731445333,0.1257459976718403,0.7351912331854918,,
2018-06-04 00:00:00+00:00,L1 g=3% N=5 tp=g,2.433393671775105,0.5188133344384538,0.016539883050126446,0.5779650879405979,496.0,300.0
2018-06-04 00:00:00+00:00,L1 g=3% N=5 tp=2g,2.2364612887654722,0.5107782998279142,0.016539883050126446,0.6048431173864208,496.625,134.0
2018-06-04 00:00:00+00:00,L1 g=3% N=10 tp=g,2.4060474841575035,0.422302540451007,0.017900329139344553,0.4828000911518516,496.0,560.0
2018-06-04 00:00:00+00:00,L1 g=3% N=10 tp=2g,2.216093468288918,0.4233621337650165,0.017900329139344553,0.5066297142937928,496.625,255.0
2018-06-04 00:00:00+00:00,L1 g=5% N=5 tp=g,2.466687243477783,0.48230376613659653,0.017413837949489995,0.5528849444726115,496.5833333333333,179.0
2018-06-04 00:00:00+00:00,L1 g=5% N=5 tp=2g,2.337107341734834,0.4877518961573486,0.018266464299133506,0.5600096060766174,496.0416666666667,82.0
2018-06-04 00:00:00+00:00,L1 g=5% N=10 tp=g,2.1244218226941696,0.42629394964682665,0.019959353032989034,0.4401798090296215,496.5833333333333,269.0
2018-06-04 00:00:00+00:00,L1 g=5% N=10 tp=2g,2.054708850885335,0.43186862207951593,0.020936614356261082,0.441862055962607,496.0416666666667,125.0
2018-06-04 00:00:00+00:00,L1 g=8% N=5 tp=g,2.2611560627570375,0.4369031613115163,0.01849746865677024,0.4888612597386952,496.6666666666667,97.0
2018-06-04 00:00:00+00:00,L1 g=8% N=5 tp=2g,2.329176261967434,0.43186062481052445,0.0206352607017387,0.4716526531894096,496.875,48.0
2018-06-04 00:00:00+00:00,L1 g=8% N=10 tp=g,1.9795703924037786,0.34778784187559164,0.014171932595767833,0.35313410443264215,496.6666666666667,141.0
2018-06-04 00:00:00+00:00,L1 g=8% N=10 tp=2g,2.0283135459573223,0.34681617729513625,0.015809813179713184,0.3432334191799879,496.875,70.0
2018-06-04 00:00:00+00:00,L2 80% S2 + 20% L1,7.297328044297293,0.5896268519978236,,,,
2018-07-02 00:00:00+00:00,B1,5.263406339868748,0.6334142876781379,0.15709461391431312,1.0,,
2018-07-02 00:00:00+00:00,B2,5.18661342612629,0.5469898118018794,0.15480260901164247,0.6904036995991605,,
2018-07-02 00:00:00+00:00,S2,7.857951321750613,0.6275156618767754,0.125854395522237,0.7459898546148188,,
2018-07-02 00:00:00+00:00,L1 g=3% N=5 tp=g,2.3800455542487593,0.49968917023925663,0.016539883050126446,0.5318212247712584,496.0,307.0
2018-07-02 00:00:00+00:00,L1 g=3% N=5 tp=2g,2.1675345331954134,0.5322269888115592,0.016539883050126446,0.5715201941906565,496.625,137.0
2018-07-02 00:00:00+00:00,L1 g=3% N=10 tp=g,2.2594671450124224,0.43932532393229906,0.017900329139344553,0.4878590181967408,496.0,547.0
2018-07-02 00:00:00+00:00,L1 g=3% N=10 tp=2g,2.0595880188105125,0.45469298432396354,0.017900329139344553,0.5235096012591238,496.625,246.0
2018-07-02 00:00:00+00:00,L1 g=5% N=5 tp=g,2.359725615897275,0.4853998509372812,0.017413837949489995,0.5353688964800355,496.5833333333333,178.0
2018-07-02 00:00:00+00:00,L1 g=5% N=5 tp=2g,2.271559971711808,0.45552320318700856,0.018266464299133506,0.5214835225211618,496.0416666666667,84.0
2018-07-02 00:00:00+00:00,L1 g=5% N=10 tp=g,1.9912709163367668,0.4337511960051882,0.019959353032989034,0.443142715414413,496.5833333333333,265.0
2018-07-02 00:00:00+00:00,L1 g=5% N=10 tp=2g,1.9148184702757338,0.4316492144735905,0.020936614356261082,0.4344483802997308,496.0416666666667,123.0
2018-07-02 00:00:00+00:00,L1 g=8% N=5 tp=g,2.1549417479829978,0.4369031613115161,0.01849746865677024,0.4771961006851544,496.6666666666667,97.0
2018-07-02 00:00:00+00:00,L1 g=8% N=5 tp=2g,2.2260808603223294,0.4673662317015562,0.021094728580126725,0.481062404731548,497.0833333333333,48.0
2018-07-02 00:00:00+00:00,L1 g=8% N=10 tp=g,1.9322688346064933,0.34778784187559164,0.01998856570940525,0.35194403433291804,496.6666666666667,146.0
2018-07-02 00:00:00+00:00,L1 g=8% N=10 tp=2g,2.0126309850545163,0.38716557710268684,0.016161836903783786,0.34719081474466634,497.0833333333333,74.0
2018-07-02 00:00:00+00:00,L2 80% S2 + 20% L1,6.684615240667845,0.589714494026478,,,,
2018-08-06 00:00:00+00:00,B1,5.813031270923455,0.6334142876781381,0.14225847565035132,1.0,,
2018-08-06 00:00:00+00:00,B2,6.253425699638122,0.5314140778607943,0.1530359576892365,0.6963515039769655,,
2018-08-06 00:00:00+00:00,S2,8.771829135087245,0.6267488948020647,0.1261925655998792,0.7597953850254152,,
2018-08-06 00:00:00+00:00,L1 g=3% N=5 tp=g,2.6285183394537994,0.42200720989026386,0.016539883050126446,0.47793569969781985,496.0,329.0
2018-08-06 00:00:00+00:00,L1 g=3% N=5 tp=2g,2.4610637279405845,0.42737592181947515,0.016539883050126446,0.4960084468028373,496.625,151.0
2018-08-06 00:00:00+00:00,L1 g=3% N=10 tp=g,2.392673812089115,0.41534145344689155,0.017900329139344553,0.4568465793841305,496.0,548.0
2018-08-06 00:00:00+00:00,L1 g=3% N=10 tp=2g,2.190805406581559,0.4276023595652215,0.017900329139344553,0.48962314652890526,496.625,246.0
2018-08-06 00:00:00+00:00,L1 g=5% N=5 tp=g,2.5358198343649367,0.4404021434879264,0.017413837949489995,0.4928707240556822,496.5833333333333,183.0
2018-08-06 00:00:00+00:00,L1 g=5% N=5 tp=2g,2.385018739557871,0.4456689402244812,0.018266464299133506,0.5082161151256539,496.0416666666667,83.0
2018-08-06 00:00:00+00:00,L1 g=5% N=10 tp=g,2.14317128505289,0.3980325230713361,0.019959353032989034,0.4278106215491542,496.5833333333333,266.0
2018-08-06 00:00:00+00:00,L1 g=5% N=10 tp=2g,2.078064673012229,0.3877059856493479,0.020936614356261082,0.42378013006638604,496.0416666666667,124.0
2018-08-06 00:00:00+00:00,L1 g=8% N=5 tp=g,2.228336896670175,0.4371657600368266,0.01849746865677024,0.47638093659588165,496.6666666666667,93.0
2018-08-06 00:00:00+00:00,L1 g=8% N=5 tp=2g,2.235906990407824,0.4320926650020501,0.0206352607017387,0.49484825002219623,497.2083333333333,44.0
2018-08-06 00:00:00+00:00,L1 g=8% N=10 tp=g,2.080848772830216,0.3083043836240137,0.014171932595767833,0.3327167853846655,496.6666666666667,151.0
2018-08-06 00:00:00+00:00,L1 g=8% N=10 tp=2g,2.1002739557406005,0.3079368486121452,0.012949301289690355,0.3392674136829025,497.2083333333333,74.0
2018-08-06 00:00:00+00:00,L2 80% S2 + 20% L1,7.446097565080374,0.5888871657119947,,,,
2018-09-03 00:00:00+00:00,B1,6.739212914335064,0.6334142876781372,0.13684614654593827,1.0,,
2018-09-03 00:00:00+00:00,B2,7.414059897615056,0.5314140778607941,0.15054955825646282,0.7010716825168799,,
2018-09-03 00:00:00+00:00,S2,9.77044882596432,0.6247072506762797,0.1256332734020122,0.76656257402809,,
2018-09-03 00:00:00+00:00,L1 g=3% N=5 tp=g,2.6469659542948825,0.4698956829260703,0.016539883050126446,0.5227742202846817,496.0,309.0
2018-09-03 00:00:00+00:00,L1 g=3% N=5 tp=2g,2.447867986435426,0.4866943629280974,0.016539883050126446,0.5592617431375713,496.625,138.0
2018-09-03 00:00:00+00:00,L1 g=3% N=10 tp=g,2.4847688424639367,0.44036381315612194,0.01585516837179205,0.4856179443021027,496.0,529.0
2018-09-03 00:00:00+00:00,L1 g=3% N=10 tp=2g,2.2649504390568875,0.46610835770848025,0.017900329139344553,0.5321495633576876,496.625,233.0
2018-09-03 00:00:00+00:00,L1 g=5% N=5 tp=g,2.633394405859566,0.4608882454177826,0.017413837949489995,0.5089705149185316,496.5833333333333,178.0
2018-09-03 00:00:00+00:00,L1 g=5% N=5 tp=2g,2.5000989974420094,0.4637745005015723,0.018266464299133506,0.5232686129398736,496.0416666666667,81.0
2018-09-03 00:00:00+00:00,L1 g=5% N=10 tp=g,2.279541066589477,0.40339556624319517,0.010732649646348465,0.43342004993967137,496.5833333333333,271.0
2018-09-03 00:00:00+00:00,L1 g=5% N=10 tp=2g,2.1776047726145666,0.41774789971575643,0.011258147811457831,0.4408874561491804,496.0416666666667,124.0
2018-09-03 00:00:00+00:00,L1 g=8% N=5 tp=g,2.338309576846854,0.4460726017802408,0.014156848851027816,0.4933593498552128,496.6666666666667,91.0
2018-09-03 00:00:00+00:00,L1 g=8% N=5 tp=2g,2.3387987192401853,0.45511996992026427,0.015792986174308056,0.50861359891849,496.875,43.0
2018-09-03 00:00:00+00:00,L1 g=8% N=10 tp=g,2.1660136062813335,0.30194166670636857,0.007078424425513908,0.33017650488944117,496.6666666666667,153.0
2018-09-03 00:00:00+00:00,L1 g=8% N=10 tp=2g,2.160009402088243,0.31628464549161384,0.007896493087154028,0.3405721778685099,496.875,74.0
2018-09-03 00:00:00+00:00,L2 80% S2 + 20% L1,8.272267274089351,0.5871802906934316,,,,
2018-10-01 00:00:00+00:00,B1,6.608434915436162,0.6334142876781382,0.15079453806093365,1.0,,
2018-10-01 00:00:00+00:00,B2,6.501445579635045,0.5314140778607941,0.14835320245333147,0.7061574748968481,,
2018-10-01 00:00:00+00:00,S2,9.076757803193786,0.6207936484991728,0.1256764777826781,0.7737875764544369,,
2018-10-01 00:00:00+00:00,L1 g=3% N=5 tp=g,2.5288216189786614,0.48286495501138516,0.016539883050126446,0.5143089705902306,496.0,304.0
2018-10-01 00:00:00+00:00,L1 g=3% N=5 tp=2g,2.369862047322052,0.48508437196272447,0.016539883050126446,0.5321672881298861,496.625,139.0
2018-10-01 00:00:00+00:00,L1 g=3% N=10 tp=g,2.3645801076174786,0.45317009266875685,0.017900329139344553,0.4923621336720612,496.0,521.0
2018-10-01 00:00:00+00:00,L1 g=3% N=10 tp=2g,2.1678851882856263,0.4619145908398802,0.017900329139344553,0.5261572515558057,496.625,233.0
2018-10-01 00:00:00+00:00,L1 g=5% N=5 tp=g,2.5002262287331583,0.4784016635177196,0.017413837949489995,0.5146311931701896,496.5833333333333,174.0
2018-10-01 00:00:00+00:00,L1 g=5% N=5 tp=2g,2.381378116806872,0.46921089717334097,0.018266464299133506,0.5161556601490292,496.0416666666667,80.0
2018-10-01 00:00:00+00:00,L1 g=5% N=10 tp=g,2.2312292484523177,0.41113400917142995,0.01747228719205354,0.438484982637241,496.5833333333333,274.0
2018-10-01 00:00:00+00:00,L1 g=5% N=10 tp=2g,2.1374338083516573,0.41660602781129374,0.015849378327455168,0.43637417858476935,496.0416666666667,126.0
2018-10-01 00:00:00+00:00,L1 g=8% N=5 tp=g,2.2517672541070386,0.4573801538319767,0.01849746865677024,0.49467565092182414,496.6666666666667,91.0
2018-10-01 00:00:00+00:00,L1 g=8% N=5 tp=2g,2.412113752574978,0.4260252981058311,0.021094728580126725,0.4836864524779207,497.0833333333333,47.0
2018-10-01 00:00:00+00:00,L1 g=8% N=10 tp=g,2.110448678413559,0.3154926319281922,0.011607766831506003,0.33953633900093694,496.6666666666667,151.0
2018-10-01 00:00:00+00:00,L1 g=8% N=10 tp=2g,2.1808407883534415,0.2893183642327698,0.010547364290063362,0.3079736909194943,497.0833333333333,77.0
2018-10-01 00:00:00+00:00,L2 80% S2 + 20% L1,7.707652092245493,0.5842408391935066,,,,
2018-11-05 00:00:00+00:00,B1,9.45889871818058,0.633414287678137,0.15406624607082203,1.0,,
2018-11-05 00:00:00+00:00,B2,8.914990113841924,0.5314140778607939,0.14520707975846767,0.7125354218260935,,
2018-11-05 00:00:00+00:00,S2,11.247847549402882,0.6151459477206228,0.11280352070062397,0.7819158295048889,,
2018-11-05 00:00:00+00:00,L1 g=3% N=5 tp=g,2.811073732540584,0.46935721534144326,0.009362184686490096,0.5225824282533444,496.0,313.0
2018-11-05 00:00:00+00:00,L1 g=3% N=5 tp=2g,2.6614398840827023,0.47503310087039297,0.009620261441977645,0.5423125042479086,496.625,142.0
2018-11-05 00:00:00+00:00,L1 g=3% N=10 tp=g,2.6243238306464893,0.41971916494283157,0.004681092343245048,0.4854172501136043,496.0,545.0
2018-11-05 00:00:00+00:00,L1 g=3% N=10 tp=2g,2.44420110926459,0.431086261330342,0.004810130720988823,0.5194484718679653,496.625,245.0
2018-11-05 00:00:00+00:00,L1 g=5% N=5 tp=g,2.7943531830014527,0.4517642955685328,0.006211613035021232,0.5128432381189967,496.5833333333333,183.0
2018-11-05 00:00:00+00:00,L1 g=5% N=5 tp=2g,2.6455018162774335,0.4517642955685328,0.009564710489823516,0.5237433908982029,496.0416666666667,84.0
2018-11-05 00:00:00+00:00,L1 g=5% N=10 tp=g,2.4256705666241087,0.3465957188218092,0.003105806517510616,0.42528886820628403,496.5833333333333,289.0
2018-11-05 00:00:00+00:00,L1 g=5% N=10 tp=2g,2.304671967344309,0.3707761203967246,0.004782355244911758,0.43220668171549054,496.0416666666667,133.0
2018-11-05 00:00:00+00:00,L1 g=8% N=5 tp=g,2.4894851535151212,0.4129003975987885,0.0031095894708704406,0.4886784793477864,496.6666666666667,95.0
2018-11-05 00:00:00+00:00,L1 g=8% N=5 tp=2g,2.6436934192485313,0.4129003975987885,0.006478960707391396,0.47858801365582304,497.0833333333333,52.0
2018-11-05 00:00:00+00:00,L1 g=8% N=10 tp=g,2.1945726661618066,0.3169326148886422,0.0015547947354352203,0.3196827248307709,496.6666666666667,151.0
2018-11-05 00:00:00+00:00,L1 g=8% N=10 tp=2g,2.28080449128802,0.2926543565538908,0.003239480353695698,0.3020923570852552,497.0833333333333,81.0
2018-11-05 00:00:00+00:00,L2 80% S2 + 20% L1,9.483412152847128,0.5782775016936629,,,,
2018-12-03 00:00:00+00:00,B1,13.56503623111883,0.6334142876781377,0.24017270843480817,1.0,,
2018-12-03 00:00:00+00:00,B2,7.942958590450024,0.5314140778607946,0.14063227293691968,0.7160380896454139,,
2018-12-03 00:00:00+00:00,S2,10.591095016137796,0.6080830951261715,0.09970856781237673,0.7817370749225407,,
2018-12-03 00:00:00+00:00,L1 g=3% N=5 tp=g,3.1601813960943166,0.31186381040093547,0.01572161922064172,0.37438466001040305,496.0,385.0
2018-12-03 00:00:00+00:00,L1 g=3% N=5 tp=2g,2.9004671568723657,0.34266359954773773,0.01572161922064172,0.4136184633779356,496.625,171.0
2018-12-03 00:00:00+00:00,L1 g=3% N=10 tp=g,2.8359220706137465,0.3351455390642577,0.011356023205623629,0.3433101271881057,496.0,628.0
2018-12-03 00:00:00+00:00,L1 g=3% N=10 tp=2g,2.603294436005126,0.3630154871313287,0.011356023205623629,0.38211467763003,496.625,281.0
2018-12-03 00:00:00+00:00,L1 g=5% N=5 tp=g,3.049269872035681,0.335338109465236,0.01309428675803645,0.37514181589912554,496.5833333333333,213.0
2018-12-03 00:00:00+00:00,L1 g=5% N=5 tp=2g,2.863403164068324,0.33490731933694395,0.016809630198260588,0.39861607961131335,496.0416666666667,97.0
2018-12-03 00:00:00+00:00,L1 g=5% N=10 tp=g,2.478033134483181,0.32246770587015405,0.006547143379018225,0.31965669842089955,496.5833333333333,304.0
2018-12-03 00:00:00+00:00,L1 g=5% N=10 tp=2g,2.3644470229534664,0.32540347367568057,0.008404815099130294,0.32222933720320424,496.0416666666667,141.0
2018-12-03 00:00:00+00:00,L1 g=8% N=5 tp=g,2.684572849679844,0.32759218793307265,0.006489578026164397,0.35132795415473184,496.6666666666667,109.0
2018-12-03 00:00:00+00:00,L1 g=8% N=5 tp=2g,2.777276437702593,0.32610321040402324,0.010146850600615692,0.36059595953744683,497.0833333333333,57.0
2018-12-03 00:00:00+00:00,L1 g=8% N=10 tp=g,2.2294115429726213,0.3077673128993358,0.0032447890130821986,0.24846098806996902,496.6666666666667,157.0
2018-12-03 00:00:00+00:00,L1 g=8% N=10 tp=2g,2.268465348504059,0.29606817776140204,0.005073425300307846,0.23735770104874723,497.0833333333333,81.0
2018-12-03 00:00:00+00:00,L2 80% S2 + 20% L1,8.968482639806874,0.5680619409527354,,,,
2019-01-07 00:00:00+00:00,B1,10.795918990058642,0.6334142876781372,0.2505882110327567,1.0,,
2019-01-07 00:00:00+00:00,B2,5.599383257698544,0.5314140778607943,0.1299694296266505,0.7124238498194508,,
2019-01-07 00:00:00+00:00,S2,8.30861207722535,0.587983288442335,0.08989140910164814,0.7526495024983698,,
2019-01-07 00:00:00+00:00,L1 g=3% N=5 tp=g,2.841920234341407,0.33073877691791476,0.01572161922064172,0.3728593594215078,496.0,368.0
2019-01-07 00:00:00+00:00,L1 g=3% N=5 tp=2g,2.584688286014299,0.3643973201770472,0.01572161922064172,0.41093540759642655,496.625,162.0
2019-01-07 00:00:00+00:00,L1 g=3% N=10 tp=g,2.499973067718034,0.36308456504000275,0.017014761095954723,0.36012886302308816,496.0,588.0
2019-01-07 00:00:00+00:00,L1 g=3% N=10 tp=2g,2.265151970895646,0.3960881185893651,0.017014761095954723,0.4008805441454141,496.625,259.0
2019-01-07 00:00:00+00:00,L1 g=5% N=5 tp=g,2.7454918075407817,0.35379799138339063,0.016809630198260588,0.37648461645819603,496.5833333333333,204.0
2019-01-07 00:00:00+00:00,L1 g=5% N=5 tp=2g,2.5595062451250667,0.3510024223892474,0.016809630198260588,0.391820287257257,496.0416666666667,93.0
2019-01-07 00:00:00+00:00,L1 g=5% N=10 tp=g,2.323227039233122,0.333856594035868,0.016866051428072848,0.32464387192170824,496.5833333333333,301.0
2019-01-07 00:00:00+00:00,L1 g=5% N=10 tp=2g,2.196698417303118,0.33674135790954507,0.016866051428072848,0.3246013646033954,496.0416666666667,139.0
2019-01-07 00:00:00+00:00,L1 g=8% N=5 tp=g,2.436571741102375,0.3516165987482096,0.01849746865677024,0.36082208537719346,496.6666666666667,104.0
2019-01-07 00:00:00+00:00,L1 g=8% N=5 tp=2g,2.536484227021586,0.339799383654397,0.018467205745926005,0.3656430981460271,497.0833333333333,55.0
2019-01-07 00:00:00+00:00,L1 g=8% N=10 tp=g,2.117470615197162,0.3207534261200895,0.00924873432838512,0.2513161273525228,496.6666666666667,153.0
2019-01-07 00:00:00+00:00,L1 g=8% N=10 tp=2g,2.1638953735657536,0.3031404615901281,0.009233602872963003,0.23904232149764165,497.0833333333333,80.0
2019-01-07 00:00:00+00:00,L2 80% S2 + 20% L1,7.111535069626904,0.5474564152310697,,,,
2019-02-04 00:00:00+00:00,B1,10.781509918583154,0.6334142876781377,0.2889585820226775,1.0,,
2019-02-04 00:00:00+00:00,B2,4.4954831268670725,0.5314140778607941,0.1204848337251346,0.7073148324867159,,
2019-02-04 00:00:00+00:00,S2,7.248362542954221,0.5412115073187522,0.08474492732650614,0.721442022181757,,
2019-02-04 00:00:00+00:00,L1 g=3% N=5 tp=g,2.7381529472197443,0.3331825608255883,0.01572161922064172,0.3520208537979673,496.0,366.0
2019-02-04 00:00:00+00:00,L1 g=3% N=5 tp=2g,2.4939635379777423,0.36439732017704707,0.01572161922064172,0.3815976437455959,496.625,162.0
2019-02-04 00:00:00+00:00,L1 g=3% N=10 tp=g,2.3924191005308972,0.3653203129947923,0.017014761095954723,0.35404123847490504,496.0,585.0
2019-02-04 00:00:00+00:00,L1 g=3% N=10 tp=2g,2.1611237698785906,0.3977188756680884,0.017014761095954723,0.39200225702660596,496.625,258.0
2019-02-04 00:00:00+00:00,L1 g=5% N=5 tp=g,2.65848176799657,0.3516100573832841,0.016809630198260588,0.3594393793529933,496.5833333333333,205.0
2019-02-04 00:00:00+00:00,L1 g=5% N=5 tp=2g,2.4625029121399646,0.3510024223892474,0.016809630198260588,0.38009954770469406,496.0416666666667,93.0
2019-02-04 00:00:00+00:00,L1 g=5% N=10 tp=g,2.2253140549403954,0.3326596504549738,0.019266823571819372,0.3215995164593267,496.5833333333333,303.0
2019-02-04 00:00:00+00:00,L1 g=5% N=10 tp=2g,2.088946168253472,0.33674135790954507,0.019266823571819372,0.32468024501110404,496.0416666666667,139.0
2019-02-04 00:00:00+00:00,L1 g=8% N=5 tp=g,2.329828398724751,0.3516165987482096,0.01849746865677024,0.3551881258553281,496.6666666666667,104.0
2019-02-04 00:00:00+00:00,L1 g=8% N=5 tp=2g,2.3982632620191735,0.34708814878651884,0.018467205745926005,0.35711639534939965,497.0833333333333,54.0
2019-02-04 00:00:00+00:00,L1 g=8% N=10 tp=g,2.07130576194044,0.3207534261200895,0.014171932595767833,0.25129888073900286,496.6666666666667,156.0
2019-02-04 00:00:00+00:00,L1 g=8% N=10 tp=2g,2.0978253637079507,0.30680483868668895,0.016931323294065298,0.2368867833731853,497.0833333333333,80.0
2019-02-04 00:00:00+00:00,L2 80% S2 + 20% L1,6.243752845351456,0.5016321257108256,,,,
2019-03-04 00:00:00+00:00,B1,11.142268935229541,0.6334142876781381,0.26245510282257367,1.0,,
2019-03-04 00:00:00+00:00,B2,4.704417020472731,0.5314140778607941,0.11081210299318624,0.700120846681928,,
2019-03-04 00:00:00+00:00,S2,6.930303875614197,0.4764065513283312,0.0776001484425726,0.6824240977710275,,
2019-03-04 00:00:00+00:00,L1 g=3% N=5 tp=g,2.7577852670560303,0.34515215897903373,0.01572161922064172,0.3562362543385057,496.0,356.0
2019-03-04 00:00:00+00:00,L1 g=3% N=5 tp=2g,2.5280812821567413,0.3749673707945046,0.01572161922064172,0.38706831909502054,496.625,158.0
2019-03-04 00:00:00+00:00,L1 g=3% N=10 tp=g,2.449308449029248,0.37282175120116046,0.017014761095954723,0.36140611796673827,496.0,575.0
2019-03-04 00:00:00+00:00,L1 g=3% N=10 tp=2g,2.2252558305482997,0.40437843411446306,0.017014761095954723,0.40053349151499595,496.625,254.0
2019-03-04 00:00:00+00:00,L1 g=5% N=5 tp=g,2.6961892044991314,0.362543696888491,0.016809630198260588,0.36388705132839994,496.5833333333333,200.0
2019-03-04 00:00:00+00:00,L1 g=5% N=5 tp=2g,2.470263597117141,0.368722634700432,0.016809630198260588,0.38913574342910934,496.0416666666667,89.0
2019-03-04 00:00:00+00:00,L1 g=5% N=10 tp=g,2.312629930460348,0.3385793508493019,0.016866051428072848,0.3287960890460794,496.5833333333333,301.0
2019-03-04 00:00:00+00:00,L1 g=5% N=10 tp=2g,2.15851831814919,0.346396834956172,0.019266823571819372,0.33441489843637984,496.0416666666667,136.0
2019-03-04 00:00:00+00:00,L1 g=8% N=5 tp=g,2.409273353752753,0.35533935393511484,0.01849746865677024,0.3622460193990538,496.6666666666667,103.0
2019-03-04 00:00:00+00:00,L1 g=8% N=5 tp=2g,2.3468380482101447,0.383469856623477,0.01800124859825481,0.38895327618836617,497.2083333333333,50.0
2019-03-04 00:00:00+00:00,L1 g=8% N=10 tp=g,2.1588386372724484,0.32269858785308825,0.011607766831506003,0.25645028925364705,496.6666666666667,159.0
2019-03-04 00:00:00+00:00,L1 g=8% N=10 tp=2g,2.135779298566205,0.32530430311516634,0.013791750996196657,0.274014006984003,497.2083333333333,79.0
2019-03-04 00:00:00+00:00,L2 80% S2 + 20% L1,6.006769086583427,0.4429703320673527,,,,
2019-04-01 00:00:00+00:00,B1,11.085167077490706,0.6334142876781375,0.24357469264107245,1.0,,
2019-04-01 00:00:00+00:00,B2,4.630520164639517,0.5314140778607941,0.1017465517647092,0.6924347750255145,,
2019-04-01 00:00:00+00:00,S2,6.396330779141426,0.3866199801504202,0.0704930621061786,0.6335288131868021,,
2019-04-01 00:00:00+00:00,L1 g=3% N=5 tp=g,2.7830709544395758,0.34982587202562,0.01572161922064172,0.36200626132348696,496.0,352.0
2019-04-01 00:00:00+00:00,L1 g=3% N=5 tp=2g,2.552767419203039,0.38048573391633267,0.01572161922064172,0.3937770706470928,496.625,156.0
2019-04-01 00:00:00+00:00,L1 g=3% N=10 tp=g,2.489928880804623,0.3756906412361729,0.017014761095954723,0.36904646198594526,496.0,571.0
2019-04-01 00:00:00+00:00,L1 g=3% N=10 tp=2g,2.265576487155052,0.4077925521018946,0.017014761095954723,0.40927739558507226,496.625,252.0
2019-04-01 00:00:00+00:00,L1 g=5% N=5 tp=g,2.7281946775133927,0.36708072078170717,0.016809630198260588,0.3700095395844076,496.5833333333333,198.0
2019-04-01 00:00:00+00:00,L1 g=5% N=5 tp=2g,2.521639542277293,0.368722634700432,0.016809630198260588,0.3911502363317809,496.0416666666667,89.0
2019-04-01 00:00:00+00:00,L1 g=5% N=10 tp=g,2.3603813593838114,0.34099119249998266,0.01458531789151365,0.33690169742592463,496.5833333333333,301.0
2019-04-01 00:00:00+00:00,L1 g=5% N=10 tp=2g,2.2179794488375086,0.346396834956172,0.016866051428072848,0.3411129993054567,496.0416666666667,137.0
2019-04-01 00:00:00+00:00,L1 g=8% N=5 tp=g,2.4501316642892994,0.35914178231220806,0.01849746865677024,0.3691133415807735,496.6666666666667,102.0
2019-04-01 00:00:00+00:00,L1 g=8% N=5 tp=2g,2.518018634980072,0.3546964591854196,0.018467205745926005,0.3705640467889769,497.0833333333333,53.0
2019-04-01 00:00:00+00:00,L1 g=8% N=10 tp=g,2.2026317908800577,0.3246674858225036,0.00924873432838512,0.2614040056016516,496.6666666666667,161.0
2019-04-01 00:00:00+00:00,L1 g=8% N=10 tp=2g,2.2568040835722676,0.3105588901192057,0.01158877586472883,0.24757435505749284,497.0833333333333,84.0
2019-04-01 00:00:00+00:00,L2 80% S2 + 20% L1,5.589140895189904,0.3727803495013968,,,,
2019-05-06 00:00:00+00:00,B1,6.326768924256025,0.6334142876781372,0.17308494834362365,1.0,,
2019-05-06 00:00:00+00:00,B2,3.395808039591179,0.5310887951801977,0.09290101569287466,0.6869013885736962,,
2019-05-06 00:00:00+00:00,S2,5.099568200509764,0.375832138871241,0.06411097418509923,0.5651780324608874,,
2019-05-06 00:00:00+00:00,L1 g=3% N=5 tp=g,2.456484038425759,0.3932815974140613,0.01572161922064172,0.4029947726383779,496.0,321.0
2019-05-06 00:00:00+00:00,L1 g=3% N=5 tp=2g,2.2571579506946704,0.42158929919521115,0.01572161922064172,0.4337394929595827,496.625,143.0
2019-05-06 00:00:00+00:00,L1 g=3% N=10 tp=g,2.244640092378841,0.40086155583851735,0.017014761095954723,0.3972035815285846,496.0,540.0
2019-05-06 00:00:00+00:00,L1 g=3% N=10 tp=2g,2.0357764224819976,0.4319527154096662,0.017014761095954723,0.4382295165474398,496.625,239.0
2019-05-06 00:00:00+00:00,L1 g=5% N=5 tp=g,2.446803519094198,0.4009698110626493,0.016809630198260588,0.4044876269714686,496.5833333333333,185.0
2019-05-06 00:00:00+00:00,L1 g=5% N=5 tp=2g,2.253047981141213,0.39893255239022274,0.016809630198260588,0.42386795414417944,496.0416666666667,83.0
2019-05-06 00:00:00+00:00,L1 g=5% N=10 tp=g,2.1354476665638438,0.3582250210125312,0.019266823571819372,0.3597576772603396,496.5833333333333,288.0
2019-05-06 00:00:00+00:00,L1 g=5% N=10 tp=2g,1.9956485959608918,0.3619649133823436,0.019266823571819372,0.3631453787630838,496.0416666666667,131.0
2019-05-06 00:00:00+00:00,L1 g=8% N=5 tp=g,2.1903855365598854,0.3837825484418418,0.01849746865677024,0.39830467905275346,496.6666666666667,96.0
2019-05-06 00:00:00+00:00,L1 g=8% N=5 tp=2g,2.257644257834497,0.3796635903228831,0.018467205745926005,0.39934732124151706,497.0833333333333,50.0
2019-05-06 00:00:00+00:00,L1 g=8% N=10 tp=g,2.0624324911873884,0.3370045894252972,0.01695906929605243,0.2751684273508975,496.6666666666667,156.0
2019-05-06 00:00:00+00:00,L1 g=8% N=10 tp=2g,2.1008067150063394,0.32239326235625665,0.016931323294065298,0.260922299398612,497.0833333333333,81.0
2019-05-06 00:00:00+00:00,L2 80% S2 + 20% L1,4.50674409372058,0.359987953396832,,,,
2019-06-03 00:00:00+00:00,B1,3.4872562057943135,0.6334142876781379,0.11451416021985346,1.0,,
2019-06-03 00:00:00+00:00,B2,2.691459010179816,0.5760170589535885,0.08838185384967906,0.6885666839054959,,
2019-06-03 00:00:00+00:00,S2,4.60141846382598,0.3758446902764775,0.06593566562280138,0.5560988142130028,,
2019-06-03 00:00:00+00:00,L1 g=3% N=5 tp=g,2.086167691317003,0.4816673860965657,0.01572161922064172,0.48863078815015903,496.0,275.0
2019-06-03 00:00:00+00:00,L1 g=3% N=5 tp=2g,1.9276058044568465,0.5037316747831895,0.01572161922064172,0.516801623975145,496.625,123.0
2019-06-03 00:00:00+00:00,L1 g=3% N=10 tp=g,1.9860996808745586,0.45122932736476706,0.017014761095954723,0.4473718875925395,496.0,488.0
2019-06-03 00:00:00+00:00,L1 g=3% N=10 tp=2g,1.8151580414177013,0.47437663044238354,0.017014761095954723,0.48322787209117746,496.625,219.0
2019-06-03 00:00:00+00:00,L1 g=5% N=5 tp=g,2.1482975390198162,0.4653187829832933,0.016809630198260588,0.4677888051763056,496.5833333333333,165.0
2019-06-03 00:00:00+00:00,L1 g=5% N=5 tp=2g,1.9931413750451403,0.44785724231048796,0.016809630198260588,0.47282458339195,496.0416666666667,75.0
2019-06-03 00:00:00+00:00,L1 g=5% N=10 tp=g,1.9199326231402782,0.38756617322960596,0.019266823571819372,0.39157104927808306,496.5833333333333,268.0
2019-06-03 00:00:00+00:00,L1 g=5% N=10 tp=2g,1.7994332395264887,0.3850378716301387,0.019266823571819372,0.38878855381700067,496.0416666666667,123.0
2019-06-03 00:00:00+00:00,L1 g=8% N=5 tp=g,1.9521345610964629,0.4224261704942899,0.01849746865677024,0.439290054627852,496.6666666666667,88.0
2019-06-03 00:00:00+00:00,L1 g=8% N=5 tp=2g,1.909232397677244,0.43728103518419403,0.01800124859825481,0.45028860763584094,496.875,43.0
2019-06-03 00:00:00+00:00,L1 g=8% N=10 tp=g,1.8888057375019907,0.3549903888302903,0.02328149659348441,0.29542531505969616,496.6666666666667,148.0
2019-06-03 00:00:00+00:00,L1 g=8% N=10 tp=2g,1.829444524427364,0.3412461544701084,0.0226569384003439,0.2956372647902489,496.875,72.0
2019-06-03 00:00:00+00:00,L2 80% S2 + 20% L1,4.06512129568884,0.36089212784023017,,,,
2019-07-01 00:00:00+00:00,B1,1.8359204864140102,0.7190587661047629,0.09206203757828296,1.0,,
2019-07-01 00:00:00+00:00,B2,1.6975013855409717,0.719058766104763,0.0851210264830713,0.6934383624052782,,
2019-07-01 00:00:00+00:00,S2,3.8103261059361304,0.43965605799316343,0.06947175871178635,0.5508847115670759,,
2019-07-01 00:00:00+00:00,L1 g=3% N=5 tp=g,1.9184964829100295,0.499007015052078,0.01572161922064172,0.496615867070696,472.0833333333333,276.0
2019-07-01 00:00:00+00:00,L1 g=3% N=5 tp=2g,1.7730367010593393,0.5059393495040991,0.01572161922064172,0.5164688483194733,473.0416666666667,124.0
2019-07-01 00:00:00+00:00,L1 g=3% N=10 tp=g,1.8203517965630518,0.42461266902526873,0.017014761095954723,0.43430702944300875,472.0833333333333,489.0
2019-07-01 00:00:00+00:00,L1 g=3% N=10 tp=2g,1.659660246343774,0.4246183915692324,0.017014761095954723,0.45207367571456614,473.0416666666667,222.0
2019-07-01 00:00:00+00:00,L1 g=5% N=5 tp=g,1.9785531522627473,0.4779037670016957,0.016809630198260588,0.47023759116811736,468.9166666666667,166.0
2019-07-01 00:00:00+00:00,L1 g=5% N=5 tp=2g,1.6591032911969268,0.5106158795707108,0.016809630198260588,0.5284550943469662,482.625,67.0
2019-07-01 00:00:00+00:00,L1 g=5% N=10 tp=g,1.714205161645183,0.38735111528617894,0.019266823571819372,0.3607002804004434,468.9166666666667,267.0
2019-07-01 00:00:00+00:00,L1 g=5% N=10 tp=2g,1.5084149114736902,0.41496924803170676,0.019266823571819372,0.4161695972299241,482.625,114.0
2019-07-01 00:00:00+00:00,L1 g=8% N=5 tp=g,1.742042338733772,0.4237776062458326,0.01849746865677024,0.43687868901244603,475.6666666666667,87.0
2019-07-01 00:00:00+00:00,L1 g=8% N=5 tp=2g,1.7293241096875216,0.4546380961437768,0.018467205745926005,0.4760025561087343,484.25,43.0
2019-07-01 00:00:00+00:00,L1 g=8% N=10 tp=g,1.6519457842998093,0.3409140815675731,0.02328149659348441,0.27643107858547955,475.6666666666667,149.0
2019-07-01 00:00:00+00:00,L1 g=8% N=10 tp=2g,1.6346585481036053,0.35435803036589586,0.023243406740823883,0.2952932498757644,484.25,74.0
2019-07-01 00:00:00+00:00,L2 80% S2 + 20% L1,3.3911019170779415,0.4246916271966733,,,,
2019-08-05 00:00:00+00:00,B1,2.068256739566032,0.7190587661047634,0.09142282491369537,1.0,,
2019-08-05 00:00:00+00:00,B2,1.8536957922268404,0.7190587661047632,0.08193862135876168,0.7026832690725228,,
2019-08-05 00:00:00+00:00,S2,3.9579876183014226,0.4388376884072862,0.07533601781841084,0.555141410738759,,
2019-08-05 00:00:00+00:00,L1 g=3% N=5 tp=g,1.8691514884954223,0.5580974761486208,0.01572161922064172,0.5282843836150534,441.2916666666667,261.0
2019-08-05 00:00:00+00:00,L1 g=3% N=5 tp=2g,1.7450893162899046,0.5606875886944436,0.01572161922064172,0.5454694936776568,441.3333333333333,118.0
2019-08-05 00:00:00+00:00,L1 g=3% N=10 tp=g,1.798424909525317,0.45446580817666227,0.017014761095954723,0.4369672967311641,441.2916666666667,470.0
2019-08-05 00:00:00+00:00,L1 g=3% N=10 tp=2g,1.6668949080906896,0.4595513480668809,0.017014761095954723,0.450847344412904,441.3333333333333,216.0
2019-08-05 00:00:00+00:00,L1 g=5% N=5 tp=g,1.9928419968562265,0.47183339218041187,0.016809630198260588,0.4674743080095879,376.375,162.0
2019-08-05 00:00:00+00:00,L1 g=5% N=5 tp=2g,1.6844957962290046,0.5271048398863256,0.016809630198260588,0.5241458600713622,441.6666666666667,66.0
2019-08-05 00:00:00+00:00,L1 g=5% N=10 tp=g,1.7191442887925499,0.3923247228660295,0.019266823571819372,0.3512001207463773,376.375,258.0
2019-08-05 00:00:00+00:00,L1 g=5% N=10 tp=2g,1.5305594631285453,0.4140258749247985,0.019266823571819372,0.38631700270037994,441.6666666666667,111.0
2019-08-05 00:00:00+00:00,L1 g=8% N=5 tp=g,1.7916297977847822,0.4367049143193732,0.01849746865677024,0.4056821560264199,477.2916666666667,87.0
2019-08-05 00:00:00+00:00,L1 g=8% N=5 tp=2g,1.7788304408350275,0.4333658906017789,0.018467205745926005,0.40641000039353203,442.5833333333333,43.0
2019-08-05 00:00:00+00:00,L1 g=8% N=10 tp=g,1.681049165358902,0.3287513331781796,0.02328149659348441,0.25690584511910364,477.2916666666667,144.0
2019-08-05 00:00:00+00:00,L1 g=8% N=10 tp=2g,1.617838123581212,0.314314928503045,0.023243406740823883,0.2596985191571635,442.5833333333333,69.0
2019-08-05 00:00:00+00:00,L2 80% S2 + 20% L1,3.510218952399648,0.4244443509126571,,,,
2019-09-02 00:00:00+00:00,B1,2.0688215690356806,0.719058766104763,0.10276560016191974,1.0,,
2019-09-02 00:00:00+00:00,B2,1.5945624626145831,0.7190587661047629,0.07920749228394666,0.7109546219404363,,
2019-09-02 00:00:00+00:00,S2,3.706167529248044,0.4377672038963588,0.07947570593291452,0.5564544279691593,,
2019-09-02 00:00:00+00:00,L1 g=3% N=5 tp=g,2.0332316082466995,0.4514590069416399,0.01572161922064172,0.4466943485304996,324.75,293.0
2019-09-02 00:00:00+00:00,L1 g=3% N=5 tp=2g,1.8637577200360143,0.47360677658535655,0.01572161922064172,0.4806971068608707,326.4166666666667,131.0
2019-09-02 00:00:00+00:00,L1 g=3% N=10 tp=g,1.8825909699895713,0.4038307377976046,0.017014761095954723,0.3574457176573447,324.75,509.0
2019-09-02 00:00:00+00:00,L1 g=3% N=10 tp=2g,1.7778058244350352,0.4126131960870447,0.017014761095954723,0.3785700662697715,326.4166666666667,242.0
2019-09-02 00:00:00+00:00,L1 g=5% N=5 tp=g,2.1000584594727445,0.42459938554352805,0.016809630198260588,0.39298237093286525,327.6666666666667,177.0
2019-09-02 00:00:00+00:00,L1 g=5% N=5 tp=2g,1.7409655029700046,0.44721019426308084,0.016809630198260588,0.4369340036042957,332.0,71.0
2019-09-02 00:00:00+00:00,L1 g=5% N=10 tp=g,1.6857708034933414,0.35274881351393894,0.019266823571819372,0.3000762043496462,327.6666666666667,261.0
2019-09-02 00:00:00+00:00,L1 g=5% N=10 tp=2g,1.4825557868628862,0.36373767354510844,0.019266823571819372,0.3329185987902225,332.0,111.0
2019-09-02 00:00:00+00:00,L1 g=8% N=5 tp=g,1.7475190144707944,0.388867382266758,0.01849746865677024,0.35026538960880627,505.2916666666667,87.0
2019-09-02 00:00:00+00:00,L1 g=8% N=5 tp=2g,1.859428071592525,0.35405355647062886,0.018467205745926005,0.33353310198165176,329.25,47.0
2019-09-02 00:00:00+00:00,L1 g=8% N=10 tp=g,1.6648717671535058,0.27001654077637394,0.02328149659348441,0.2239994874762916,505.2916666666667,149.0
2019-09-02 00:00:00+00:00,L1 g=8% N=10 tp=2g,1.654883493231505,0.24306188049412836,0.023243406740823883,0.2197835875747955,329.25,75.0
2019-09-02 00:00:00+00:00,L2 80% S2 + 20% L1,3.3020881840971037,0.4230196520870103,,,,
2019-10-07 00:00:00+00:00,B1,2.5391405442137507,0.726602990292752,0.12720718013041402,1.0,,
2019-10-07 00:00:00+00:00,B2,1.5015611029357698,0.726602990292751,0.07522598705032284,0.7207625499458218,,
2019-10-07 00:00:00+00:00,S2,3.5726958786471923,0.44905278742204713,0.08437596766939195,0.5514794047021154,,
2019-10-07 00:00:00+00:00,L1 g=3% N=5 tp=g,2.1660819076099815,0.41030304300406206,0.01572161922064172,0.37312327731239414,331.8333333333333,314.0
2019-10-07 00:00:00+00:00,L1 g=3% N=5 tp=2g,2.0637081942681483,0.4205845671336569,0.01572161922064172,0.39125270337057527,331.8333333333333,148.0
2019-10-07 00:00:00+00:00,L1 g=3% N=10 tp=g,1.869691617753331,0.3889775918496089,0.017014761095954723,0.3159289554399611,331.8333333333333,506.0
2019-10-07 00:00:00+00:00,L1 g=3% N=10 tp=2g,1.7579608392305062,0.3906022321196614,0.017014761095954723,0.3333877954811623,331.8333333333333,239.0
2019-10-07 00:00:00+00:00,L1 g=5% N=5 tp=g,2.1184398332847927,0.4004125529906013,0.016809630198260588,0.3353886937064858,351.375,179.0
2019-10-07 00:00:00+00:00,L1 g=5% N=5 tp=2g,1.9347970593735855,0.3995176940081273,0.016809630198260588,0.36368656575623515,351.375,81.0
2019-10-07 00:00:00+00:00,L1 g=5% N=10 tp=g,1.6550654210385605,0.33604700990816705,0.019266823571819372,0.2752351227804909,351.375,256.0
2019-10-07 00:00:00+00:00,L1 g=5% N=10 tp=2g,1.52844082435134,0.34226145308524447,0.019266823571819372,0.3026045977255538,351.375,116.0
2019-10-07 00:00:00+00:00,L1 g=8% N=5 tp=g,1.8384172887062247,0.3477189187238259,0.01849746865677024,0.31791705061092485,540.2916666666666,93.0
2019-10-07 00:00:00+00:00,L1 g=8% N=5 tp=2g,1.8469732406643722,0.32454131852141344,0.01800124859825481,0.30010086123297297,351.375,47.0
2019-10-07 00:00:00+00:00,L1 g=8% N=10 tp=g,1.678392761212153,0.24173969259089678,0.02328149659348441,0.21695953537098445,540.2916666666666,151.0
2019-10-07 00:00:00+00:00,L1 g=8% N=10 tp=2g,1.5930939933550985,0.24922540150660943,0.0226569384003439,0.21487530028638094,351.375,72.0
2019-10-07 00:00:00+00:00,L2 80% S2 + 20% L1,3.189169787125466,0.43367292170402716,,,,
2019-11-04 00:00:00+00:00,B1,2.195700899409117,0.7266029902927518,0.10865600046957648,1.0,,
2019-11-04 00:00:00+00:00,B2,1.4419117975420692,0.7266029902927515,0.0713541489157201,0.7274801829931886,,
2019-11-04 00:00:00+00:00,S2,3.479837212440613,0.4476237514670861,0.0880438139640529,0.5486266440800674,,
2019-11-04 00:00:00+00:00,L1 g=3% N=5 tp=g,2.0632960031726033,0.4514354109865917,0.01572161922064172,0.391820193746513,359.8333333333333,300.0
2019-11-04 00:00:00+00:00,L1 g=3% N=5 tp=2g,1.9758105718019374,0.4535615483756239,0.01572161922064172,0.39898752726642506,359.8333333333333,141.0
2019-11-04 00:00:00+00:00,L1 g=3% N=10 tp=g,1.8479534374529942,0.40799771097608994,0.017014761095954723,0.31351108967653235,359.8333333333333,501.0
2019-11-04 00:00:00+00:00,L1 g=3% N=10 tp=2g,1.7396389037495945,0.4032060827409103,0.017014761095954723,0.3260728639756603,359.8333333333333,236.0
2019-11-04 00:00:00+00:00,L1 g=5% N=5 tp=g,2.0798703188691587,0.44320515877014843,0.016809630198260588,0.33889948738092807,379.375,176.0
2019-11-04 00:00:00+00:00,L1 g=5% N=5 tp=2g,1.8406003229045145,0.4278957923405379,0.016809630198260588,0.3699637097361857,379.375,76.0
2019-11-04 00:00:00+00:00,L1 g=5% N=10 tp=g,1.6190947370788769,0.372485943163959,0.019266823571819372,0.27864894034121146,379.375,249.0
2019-11-04 00:00:00+00:00,L1 g=5% N=10 tp=2g,1.454521630539059,0.36160760968247374,0.019266823571819372,0.3061121495929447,379.375,108.0
2019-11-04 00:00:00+00:00,L1 g=8% N=5 tp=g,1.7783079370194708,0.3693595699580907,0.01849746865677024,0.30623619418395587,568.2916666666666,89.0
2019-11-04 00:00:00+00:00,L1 g=8% N=5 tp=2g,1.7881177276466373,0.34174712109607375,0.01800124859825481,0.31272009938587114,379.375,45.0
2019-11-04 00:00:00+00:00,L1 g=8% N=10 tp=g,1.6678160939741595,0.2478131822195747,0.02328149659348441,0.21171307404824258,568.2916666666666,149.0
2019-11-04 00:00:00+00:00,L1 g=8% N=10 tp=2g,1.5670413948763469,0.25308281544349054,0.0226569384003439,0.22416018095641044,379.375,70.0
2019-11-04 00:00:00+00:00,L2 80% S2 + 20% L1,3.1076887173682657,0.4325172027751233,,,,
2019-12-02 00:00:00+00:00,B1,2.2951561273237724,0.7662925431645933,0.13518914456855052,1.0,,
2019-12-02 00:00:00+00:00,B2,1.143311491535884,0.7662030830687898,0.06734326291621621,0.7342243097054966,,
2019-12-02 00:00:00+00:00,S2,3.010426838589633,0.48849827343790286,0.09116612931442152,0.5390701522099194,,
2019-12-02 00:00:00+00:00,L1 g=3% N=5 tp=g,2.1223710172569206,0.41452244661684745,0.01572161922064172,0.3224231509818797,387.8333333333333,319.0
2019-12-02 00:00:00+00:00,L1 g=3% N=5 tp=2g,1.9367049053118754,0.4192931419460526,0.01572161922064172,0.34739807179619603,387.8333333333333,142.0
2019-12-02 00:00:00+00:00,L1 g=3% N=10 tp=g,1.787387115293397,0.40749984884802815,0.017014761095954723,0.27778432980250006,387.8333333333333,499.0
2019-12-02 00:00:00+00:00,L1 g=3% N=10 tp=2g,1.6266735662338545,0.41914462305813016,0.017014761095954723,0.30342205406394673,387.8333333333333,226.0
2019-12-02 00:00:00+00:00,L1 g=5% N=5 tp=g,2.083923428873826,0.4074956564311043,0.016809630198260588,0.2836870486591627,407.375,182.0
2019-12-02 00:00:00+00:00,L1 g=5% N=5 tp=2g,1.7862976530305437,0.43338420452742066,0.016809630198260588,0.32948357492409486,407.375,76.0
2019-12-02 00:00:00+00:00,L1 g=5% N=10 tp=g,1.5424485544823594,0.36791178551013237,0.019266823571819372,0.2613959302409628,407.375,246.0
2019-12-02 00:00:00+00:00,L1 g=5% N=10 tp=2g,1.3529406257024472,0.38443042647137926,0.019266823571819372,0.2966081156567228,407.375,104.0
2019-12-02 00:00:00+00:00,L1 g=8% N=5 tp=g,1.6715240609435473,0.38862168142108033,0.01849746865677024,0.28751313535614403,596.2916666666666,86.0
2019-12-02 00:00:00+00:00,L1 g=8% N=5 tp=2g,1.57170429009042,0.39002497577568185,0.01800124859825481,0.30864780658212115,407.375,40.0
2019-12-02 00:00:00+00:00,L1 g=8% N=10 tp=g,1.5828117909667445,0.2659811763193066,0.02328149659348441,0.20346330860224873,596.2916666666666,147.0
2019-12-02 00:00:00+00:00,L1 g=8% N=10 tp=2g,1.4133537024327416,0.29436181457852295,0.0226569384003439,0.22807852619185054,407.375,65.0
2019-12-02 00:00:00+00:00,L2 80% S2 + 20% L1,2.7168311817681787,0.4713223653711083,,,,
2020-01-06 00:00:00+00:00,B1,2.2859552211469993,0.7662925431645935,0.1358112875974417,1.0,,
2020-01-06 00:00:00+00:00,B2,1.0399110044092414,0.765293165471499,0.061782335537046686,0.7404329175062123,,
2020-01-06 00:00:00+00:00,S2,2.637278578568716,0.48634369844714187,0.09283320727484634,0.5162586727188656,,
2020-01-06 00:00:00+00:00,L1 g=3% N=5 tp=g,2.0500589093665176,0.4400261030687096,0.01572161922064172,0.3284462596535184,422.8333333333333,307.0
2020-01-06 00:00:00+00:00,L1 g=3% N=5 tp=2g,1.8409591887128154,0.4539492453822539,0.01572161922064172,0.36184669122819624,422.8333333333333,134.0
2020-01-06 00:00:00+00:00,L1 g=3% N=10 tp=g,1.7463593983052779,0.42219472304225125,0.017014761095954723,0.2838101499520236,422.8333333333333,486.0
2020-01-06 00:00:00+00:00,L1 g=3% N=10 tp=2g,1.577468624914135,0.43752921923248167,0.017014761095954723,0.312986972180006,422.8333333333333,218.0
2020-01-06 00:00:00+00:00,L1 g=5% N=5 tp=g,1.9940658033899001,0.4419462485752913,0.016809630198260588,0.2969529562749032,442.375,173.0
2020-01-06 00:00:00+00:00,L1 g=5% N=5 tp=2g,1.7445110210150647,0.4491019689823722,0.016809630198260588,0.3328167352846598,442.375,74.0
2020-01-06 00:00:00+00:00,L1 g=5% N=10 tp=g,1.5056243383403936,0.38871187122565554,0.019266823571819372,0.2719541478382666,442.375,239.0
2020-01-06 00:00:00+00:00,L1 g=5% N=10 tp=2g,1.3304666702217618,0.39168492689404244,0.019266823571819372,0.30331821309169277,442.375,102.0
2020-01-06 00:00:00+00:00,L1 g=8% N=5 tp=g,1.6531560664867277,0.3942160193122175,0.01849746865677024,0.2901127506098319,631.2916666666666,85.0
2020-01-06 00:00:00+00:00,L1 g=8% N=5 tp=2g,1.6718844516236226,0.39462256979256205,0.018467205745926005,0.2972792620487325,442.4166666666667,43.0
2020-01-06 00:00:00+00:00,L1 g=8% N=10 tp=g,1.5715857461735174,0.2669689541012207,0.02328149659348441,0.2092387283697473,631.2916666666666,146.0
2020-01-06 00:00:00+00:00,L1 g=8% N=10 tp=2g,1.514884794306622,0.28113713436177534,0.023243406740823883,0.218847813601128,442.4166666666667,71.0
2020-01-06 00:00:00+00:00,L2 80% S2 + 20% L1,2.4109477305230516,0.46788480796203247,,,,
2020-02-03 00:00:00+00:00,B1,2.515255867180917,0.7662925431645934,0.10708256171546768,1.0,,
2020-02-03 00:00:00+00:00,B2,1.3624503287013203,0.7637907225582586,0.05800390859278103,0.7460731346278355,,
2020-02-03 00:00:00+00:00,S2,3.0679690375432416,0.48458368976861477,0.09488368145857212,0.5122416341682484,,
2020-02-03 00:00:00+00:00,L1 g=3% N=5 tp=g,2.068364357736005,0.4761537120014825,0.01572161922064172,0.3444310426026935,450.8333333333333,292.0
2020-02-03 00:00:00+00:00,L1 g=3% N=5 tp=2g,1.8521615162402836,0.4948504338473634,0.01572161922064172,0.3834298039071413,450.8333333333333,126.0
2020-02-03 00:00:00+00:00,L1 g=3% N=10 tp=g,1.8164508013855207,0.43996393012059776,0.017014761095954723,0.2934090740430281,450.8333333333333,471.0
2020-02-03 00:00:00+00:00,L1 g=3% N=10 tp=2g,1.6440084675733684,0.4576005773282861,0.017014761095954723,0.3252389779977661,450.8333333333333,210.0
2020-02-03 00:00:00+00:00,L1 g=5% N=5 tp=g,2.077432299682483,0.4530871245935162,0.016809630198260588,0.30126017651954246,470.375,170.0
2020-02-03 00:00:00+00:00,L1 g=5% N=5 tp=2g,1.8170737474825747,0.4719006298980185,0.016809630198260588,0.3433126299326055,470.375,72.0
2020-02-03 00:00:00+00:00,L1 g=5% N=10 tp=g,1.6050891003607204,0.38835889101605936,0.019266823571819372,0.2794245269553046,470.375,233.0
2020-02-03 00:00:00+00:00,L1 g=5% N=10 tp=2g,1.4390574014389717,0.39831848404782877,0.019266823571819372,0.3127482156162365,470.375,100.0
2020-02-03 00:00:00+00:00,L1 g=8% N=5 tp=g,1.682237923199706,0.428862356051374,0.01849746865677024,0.31778399690496467,659.2916666666666,79.0
2020-02-03 00:00:00+00:00,L1 g=8% N=5 tp=2g,1.660173469598392,0.401390226705327,0.019472464872034134,0.32306665714194044,660.1666666666666,38.0
2020-02-03 00:00:00+00:00,L1 g=8% N=10 tp=g,1.6263000883491454,0.2802851140423652,0.02328149659348441,0.2328900742370726,659.2916666666666,134.0
2020-02-03 00:00:00+00:00,L1 g=8% N=10 tp=2g,1.5582674050487064,0.29574764428468403,0.024508657535639494,0.24457116954380353,660.1666666666666,62.0
2020-02-03 00:00:00+00:00,L2 80% S2 + 20% L1,2.7753930501067376,0.4656743343946722,,,,
2020-03-02 00:00:00+00:00,B1,2.76792862546858,0.7662925431645937,0.11714131532049768,1.0,,
2020-03-02 00:00:00+00:00,B2,1.3007862929133558,0.7619515492503849,0.05505048645427005,0.7531650108929852,,
2020-03-02 00:00:00+00:00,S2,2.982917756856906,0.4826958031451082,0.09800378677045452,0.519012961404814,,
2020-03-02 00:00:00+00:00,L1 g=3% N=5 tp=g,2.1233816413873243,0.4202816901657894,0.01572161922064172,0.3138938153818553,477.8333333333333,301.0
2020-03-02 00:00:00+00:00,L1 g=3% N=5 tp=2g,2.041278827719896,0.42575805200650796,0.01572161922064172,0.3220493468499063,477.8333333333333,142.0
2020-03-02 00:00:00+00:00,L1 g=3% N=10 tp=g,1.8231080426067368,0.3718570758920283,0.017014761095954723,0.277308258816088,477.8333333333333,472.0
2020-03-02 00:00:00+00:00,L1 g=3% N=10 tp=2g,1.7284443810517944,0.3744758166459533,0.017014761095954723,0.29190410436152586,477.8333333333333,224.0
2020-03-02 00:00:00+00:00,L1 g=5% N=5 tp=g,2.0986376409301566,0.3927633501441482,0.016809630198260588,0.2807920129778567,497.375,172.0
2020-03-02 00:00:00+00:00,L1 g=5% N=5 tp=2g,1.8784383419427801,0.3839271144793117,0.016809630198260588,0.30604099282973246,497.375,75.0
2020-03-02 00:00:00+00:00,L1 g=5% N=10 tp=g,1.7233897768157134,0.2857838782801153,0.019266823571819372,0.24775082719430558,497.375,254.0
2020-03-02 00:00:00+00:00,L1 g=5% N=10 tp=2g,1.55382634320614,0.31882160845937546,0.019266823571819372,0.2712929358313215,497.375,111.0
2020-03-02 00:00:00+00:00,L1 g=8% N=5 tp=g,1.763209337825147,0.3402543044611619,0.01849746865677024,0.28095935567572045,686.2916666666666,84.0
2020-03-02 00:00:00+00:00,L1 g=8% N=5 tp=2g,1.7657560043389742,0.3402543044611619,0.018467205745926005,0.2964570945988842,497.4166666666667,42.0
2020-03-02 00:00:00+00:00,L1 g=8% N=10 tp=g,1.6647799092254452,0.2754592092947038,0.02328149659348441,0.21979785517143072,686.2916666666666,136.0
2020-03-02 00:00:00+00:00,L1 g=8% N=10 tp=2g,1.6383150228006096,0.2859024352355649,0.023243406740823883,0.22733396231548048,497.4166666666667,68.0
2020-03-02 00:00:00+00:00,L2 80% S2 + 20% L1,2.7310121608486675,0.4605896414611561,,,,
2020-04-06 00:00:00+00:00,B1,4.156180818844745,0.7662925431645937,0.14753920282047273,1.0,,
2020-04-06 00:00:00+00:00,B2,1.3760273232950733,0.7589433441846487,0.048847242982699365,0.7535777196718132,,
2020-04-06 00:00:00+00:00,S2,2.8148457410504384,0.4797600541940388,0.09414189190887341,0.502775008689644,,
2020-04-06 00:00:00+00:00,L1 g=3% N=5 tp=g,2.2654588376622384,0.2646407623429683,0.01572161922064172,0.26941084481623295,512.7916666666666,313.0
2020-04-06 00:00:00+00:00,L1 g=3% N=5 tp=2g,2.147718044429376,0.2777476001680065,0.01572161922064172,0.2802460130793752,512.7916666666666,145.0
2020-04-06 00:00:00+00:00,L1 g=3% N=10 tp=g,1.8832990586049574,0.2983187551498442,0.017014761095954723,0.24968792142225701,512.7916666666666,466.0
2020-04-06 00:00:00+00:00,L1 g=3% N=10 tp=2g,1.764821257654562,0.31642818338546164,0.017014761095954723,0.2660792016145278,512.7916666666666,217.0
2020-04-06 00:00:00+00:00,L1 g=5% N=5 tp=g,2.2233970244103913,0.26125365684538804,0.016809630198260588,0.24258894444116474,532.3333333333334,177.0
2020-04-06 00:00:00+00:00,L1 g=5% N=5 tp=2g,1.9744417923728037,0.29922990192863885,0.016809630198260588,0.2739513650241295,532.3333333333334,76.0
2020-04-06 00:00:00+00:00,L1 g=5% N=10 tp=g,1.6756484863247256,0.30089091802305523,0.019266823571819372,0.25289699367136836,532.3333333333334,229.0
2020-04-06 00:00:00+00:00,L1 g=5% N=10 tp=2g,1.5095765039417939,0.34061390511988954,0.019266823571819372,0.2821761036680885,532.3333333333334,98.0
2020-04-06 00:00:00+00:00,L1 g=8% N=5 tp=g,1.8001783544406273,0.2992948235218258,0.01849746865677024,0.26703335853881943,721.25,81.0
2020-04-06 00:00:00+00:00,L1 g=8% N=5 tp=2g,1.7098812635923977,0.3330166648837801,0.01800124859825481,0.2849496359778787,532.3333333333334,38.0
2020-04-06 00:00:00+00:00,L1 g=8% N=10 tp=g,1.608357639703381,0.29917397703865345,0.02328149659348441,0.24111053715610115,721.25,119.0
2020-04-06 00:00:00+00:00,L1 g=8% N=10 tp=2g,1.4928572230257846,0.32298290412140007,0.0226569384003439,0.25809836184204016,532.3333333333334,54.0
2020-04-06 00:00:00+00:00,L2 80% S2 + 20% L1,2.587006290105296,0.4563383512910554,,,,
2020-05-04 00:00:00+00:00,B1,3.2610656099772064,0.7662925431645932,0.11234919155607238,1.0,,
2020-05-04 00:00:00+00:00,B2,1.2875827207053463,0.7561773108812742,0.04435938893416642,0.752448783492757,,
2020-05-04 00:00:00+00:00,S2,2.3785802410987213,0.47319865005224526,0.08194608729155774,0.48487830680924204,,
2020-05-04 00:00:00+00:00,L1 g=3% N=5 tp=g,2.138344727387973,0.27854630052276264,0.01572161922064172,0.2863657942501695,540.7916666666666,289.0
2020-05-04 00:00:00+00:00,L1 g=3% N=5 tp=2g,2.0326734871912775,0.291606019551643,0.01572161922064172,0.2979586974699337,540.7916666666666,134.0
2020-05-04 00:00:00+00:00,L1 g=3% N=10 tp=g,1.82757915903225,0.30738290196101303,0.017014761095954723,0.26198711354451554,540.7916666666666,442.0
2020-05-04 00:00:00+00:00,L1 g=3% N=10 tp=2g,1.71513613459994,0.32563140202371754,0.017014761095954723,0.2795775310217646,540.7916666666666,206.0
2020-05-04 00:00:00+00:00,L1 g=5% N=5 tp=g,2.0933154730449313,0.27586436294638084,0.016809630198260588,0.2543636541505639,560.3333333333334,162.0
2020-05-04 00:00:00+00:00,L1 g=5% N=5 tp=2g,1.8708118733799595,0.313930401629962,0.016809630198260588,0.2911755454994002,560.3333333333334,70.0
2020-05-04 00:00:00+00:00,L1 g=5% N=10 tp=g,1.6199072191958863,0.3118507775068017,0.019266823571819372,0.26670754387707307,560.3333333333334,214.0
2020-05-04 00:00:00+00:00,L1 g=5% N=10 tp=2g,1.4670610529992645,0.351371905720418,0.019266823571819372,0.2993565389297456,560.3333333333334,92.0
2020-05-04 00:00:00+00:00,L1 g=8% N=5 tp=g,1.737633748141688,0.31013708152946984,0.01849746865677024,0.28310614783212296,749.25,76.0
2020-05-04 00:00:00+00:00,L1 g=8% N=5 tp=2g,1.7388179793012415,0.32346220711141804,0.018467205745926005,0.28772124880124705,560.375,38.0
2020-05-04 00:00:00+00:00,L1 g=8% N=10 tp=g,1.5890994859671763,0.3055316414986634,0.02328149659348441,0.2560969544638207,749.25,114.0
2020-05-04 00:00:00+00:00,L1 g=8% N=10 tp=2g,1.5609301455273423,0.31748823388466907,0.023243406740823883,0.2594491082501613,560.375,56.0
2020-05-04 00:00:00+00:00,L2 80% S2 + 20% L1,2.226845636718154,0.4474086311694533,,,,
2020-06-01 00:00:00+00:00,B1,2.8777710133020236,0.7662925431645933,0.10576016160402286,1.0,,
2020-06-01 00:00:00+00:00,B2,1.122126034229941,0.7516807890651511,0.04123894158766568,0.7527185451140559,,
2020-06-01 00:00:00+00:00,S2,2.0281602223054995,0.4669246276926544,0.07453635187733712,0.4865674294660645,,
2020-06-01 00:00:00+00:00,L1 g=3% N=5 tp=g,2.001663854040903,0.29027908588892704,0.01572161922064172,0.29848026000483513,568.7916666666666,270.0
2020-06-01 00:00:00+00:00,L1 g=3% N=5 tp=2g,1.875621392260395,0.3069200180328525,0.01572161922064172,0.3089172159974439,568.7916666666666,123.0
2020-06-01 00:00:00+00:00,L1 g=3% N=10 tp=g,1.7213703689190472,0.3177270866187878,0.017014761095954723,0.27518893186709925,568.7916666666666,417.0
2020-06-01 00:00:00+00:00,L1 g=3% N=10 tp=2g,1.6017760356991546,0.3382581425131507,0.017014761095954723,0.29264295095776277,568.7916666666666,192.0
2020-06-01 00:00:00+00:00,L1 g=5% N=5 tp=g,1.965134592870699,0.28670264264498,0.016809630198260588,0.26695220055503904,588.3333333333334,152.0
2020-06-01 00:00:00+00:00,L1 g=5% N=5 tp=2g,1.7222672948825708,0.33014993373902146,0.016809630198260588,0.30807001773375914,588.3333333333334,64.0
2020-06-01 00:00:00+00:00,L1 g=5% N=10 tp=g,1.5360934355039753,0.31972285611790097,0.019266823571819372,0.2802684161243294,588.3333333333334,204.0
2020-06-01 00:00:00+00:00,L1 g=5% N=10 tp=2g,1.3730654201457766,0.36283163441091093,0.019266823571819372,0.31628489310074265,588.3333333333334,86.0
2020-06-01 00:00:00+00:00,L1 g=8% N=5 tp=g,1.6570171311263782,0.3170278749799563,0.01849746865677024,0.29282207223362944,777.25,73.0
2020-06-01 00:00:00+00:00,L1 g=8% N=5 tp=2g,1.6103282600225417,0.3379937429352923,0.018467205745926005,0.3003591077618514,588.375,35.0
2020-06-01 00:00:00+00:00,L1 g=8% N=10 tp=g,1.523310347410931,0.3094776160656457,0.02328149659348441,0.2677287441324209,777.25,111.0
2020-06-01 00:00:00+00:00,L1 g=8% N=10 tp=2g,1.4712461439266913,0.3259164490344719,0.023243406740823883,0.2730343831556971,588.375,53.0
2020-06-01 00:00:00+00:00,L2 80% S2 + 20% L1,1.9297468649451948,0.44131446562898635,,,,
2020-07-06 00:00:00+00:00,B1,3.360962679887231,0.7662925431645933,0.11017812206951072,1.0,,
2020-07-06 00:00:00+00:00,B2,1.1607853188738022,0.7415188133069474,0.03805253397329142,0.7498527200017961,,
2020-07-06 00:00:00+00:00,S2,2.097717040824561,0.46007311163897946,0.06876676303915878,0.496946085968102,,
2020-07-06 00:00:00+00:00,L1 g=3% N=5 tp=g,2.0158147261198938,0.29459888458171857,0.01572161922064172,0.277964484750897,603.7916666666666,264.0
2020-07-06 00:00:00+00:00,L1 g=3% N=5 tp=2g,1.8573222079904756,0.31597104731249437,0.01572161922064172,0.30001571100403046,603.7916666666666,117.0
2020-07-06 00:00:00+00:00,L1 g=3% N=10 tp=g,1.7586031319699036,0.32042188372365876,0.017014761095954723,0.2702868881661625,603.7916666666666,411.0
2020-07-06 00:00:00+00:00,L1 g=3% N=10 tp=2g,1.6111015322542974,0.34585757491042113,0.017014761095954723,0.29465657075988855,603.7916666666666,184.0
2020-07-06 00:00:00+00:00,L1 g=5% N=5 tp=g,2.010828011100715,0.2878241323643227,0.016809630198260588,0.2624611148088886,623.3333333333334,151.0
2020-07-06 00:00:00+00:00,L1 g=5% N=5 tp=2g,1.7383054545565029,0.3359354148730711,0.016809630198260588,0.30349294834737395,623.3333333333334,62.0
2020-07-06 00:00:00+00:00,L1 g=5% N=10 tp=g,1.5947245970519188,0.3205252880986287,0.019266823571819372,0.2855360911249923,623.3333333333334,203.0
2020-07-06 00:00:00+00:00,L1 g=5% N=10 tp=2g,1.4168689524156786,0.36681948096495576,0.019266823571819372,0.32351815692816455,623.3333333333334,84.0
2020-07-06 00:00:00+00:00,L1 g=8% N=5 tp=g,1.686603816081588,0.3217944098312179,0.01849746865677024,0.2962389166527941,812.25,71.0
2020-07-06 00:00:00+00:00,L1 g=8% N=5 tp=2g,1.6569537964064125,0.34783293959073536,0.01800124859825481,0.31168692458914016,623.3333333333334,35.0
2020-07-06 00:00:00+00:00,L1 g=8% N=10 tp=g,1.584334063860415,0.31216538277304284,0.02328149659348441,0.27809038702741146,812.25,109.0
2020-07-06 00:00:00+00:00,L1 g=8% N=10 tp=2g,1.4982782515963124,0.33178091846260316,0.0226569384003439,0.2951922345459981,623.3333333333334,51.0
2020-07-06 00:00:00+00:00,L2 80% S2 + 20% L1,1.9971185520700325,0.4335317970955537,,,,
2020-08-03 00:00:00+00:00,B1,2.6341964218783422,0.7662925431645936,0.09025544847954009,1.0,,
2020-08-03 00:00:00+00:00,B2,1.0447157459895318,0.7290243423846108,0.035795086275565914,0.7427324144599569,,
2020-08-03 00:00:00+00:00,S2,1.6952457788572985,0.445010700837436,0.058084190982504925,0.480597742509265,,
2020-08-03 00:00:00+00:00,L1 g=3% N=5 tp=g,1.9079406365327836,0.30510966163115283,0.01572161922064172,0.29158554129557607,631.7916666666666,250.0
2020-08-03 00:00:00+00:00,L1 g=3% N=5 tp=2g,1.7781773449559979,0.3239316301373143,0.01572161922064172,0.31410856211994437,631.7916666666666,112.0
2020-08-03 00:00:00+00:00,L1 g=3% N=10 tp=g,1.6925938559570934,0.32683895324534673,0.017014761095954723,0.28167835960002824,631.7916666666666,397.0
2020-08-03 00:00:00+00:00,L1 g=3% N=10 tp=2g,1.571139107839064,0.34879614354353017,0.017014761095954723,0.3062331583796705,631.7916666666666,181.0
2020-08-03 00:00:00+00:00,L1 g=5% N=5 tp=g,1.9014923461387432,0.29832676886173726,0.016809630198260588,0.27499023614165563,651.3333333333334,142.0
2020-08-03 00:00:00+00:00,L1 g=5% N=5 tp=2g,1.6571261723074946,0.34500408840900776,0.016809630198260588,0.32116992699116503,651.3333333333334,59.0
2020-08-03 00:00:00+00:00,L1 g=5% N=10 tp=g,1.5257319477971498,0.3279326177106854,0.019266823571819372,0.29983994815064635,651.3333333333334,194.0
2020-08-03 00:00:00+00:00,L1 g=5% N=10 tp=2g,1.3619544945173918,0.37296836855740956,0.019266823571819372,0.3403324664152655,651.3333333333334,81.0
2020-08-03 00:00:00+00:00,L1 g=8% N=5 tp=g,1.630856868781266,0.32670646288514216,0.01849746865677024,0.3060535361324508,840.25,69.0
2020-08-03 00:00:00+00:00,L1 g=8% N=5 tp=2g,1.615160918922141,0.3431321454590254,0.018467205745926005,0.3126045885695132,651.375,34.0
2020-08-03 00:00:00+00:00,L1 g=8% N=10 tp=g,1.5379541833350414,0.3149002441929183,0.02328149659348441,0.2900333984828654,840.25,107.0
2020-08-03 00:00:00+00:00,L1 g=8% N=10 tp=2g,1.5013410824860691,0.3288261818600474,0.023243406740823883,0.2954098550519351,651.375,52.0
2020-08-03 00:00:00+00:00,L2 80% S2 + 20% L1,1.6613430126452688,0.4191025758654927,,,,
2020-09-07 00:00:00+00:00,B1,2.5098401520114337,0.7662925431645932,0.09743187203435696,1.0,,
2020-09-07 00:00:00+00:00,B2,0.8710212743565311,0.7120317296510426,0.033813003299949296,0.7329744045034341,,
2020-09-07 00:00:00+00:00,S2,1.3646479011086603,0.4316259508415138,0.052975564824802084,0.48459325146683346,,
2020-09-07 00:00:00+00:00,L1 g=3% N=5 tp=g,1.837003731056759,0.30725756222942535,0.01572161922064172,0.26755960707259263,666.7916666666666,247.0
2020-09-07 00:00:00+00:00,L1 g=3% N=5 tp=2g,1.6892674192451493,0.32890347173557133,0.01572161922064172,0.28813926665056044,666.7916666666666,109.0
2020-09-07 00:00:00+00:00,L1 g=3% N=10 tp=g,1.605512408115811,0.33122176800371206,0.017014761095954723,0.2763364171279756,666.7916666666666,387.0
2020-09-07 00:00:00+00:00,L1 g=3% N=10 tp=2g,1.460275442992992,0.35791929559974567,0.017014761095954723,0.30212647195251646,666.7916666666666,172.0
2020-09-07 00:00:00+00:00,L1 g=5% N=5 tp=g,1.8245310723557995,0.3007656285778514,0.016809630198260588,0.2617351311728197,686.3333333333334,140.0
2020-09-07 00:00:00+00:00,L1 g=5% N=5 tp=2g,1.5601948760414144,0.3513268685915486,0.016809630198260588,0.3056227969209221,686.3333333333334,57.0
2020-09-07 00:00:00+00:00,L1 g=5% N=10 tp=g,1.4500374181577371,0.32962542515542304,0.019266823571819372,0.30115021219639265,686.3333333333334,192.0
2020-09-07 00:00:00+00:00,L1 g=5% N=10 tp=2g,1.2762749536364106,0.37718344569050744,0.019266823571819372,0.3420724251447069,686.3333333333334,79.0
2020-09-07 00:00:00+00:00,L1 g=8% N=5 tp=g,1.5518071884971651,0.3292191571972798,0.01849746865677024,0.30294802510693175,875.25,68.0
2020-09-07 00:00:00+00:00,L1 g=8% N=5 tp=2g,1.4765836095693075,0.36402898630909497,0.01800124859825481,0.31562955171545204,686.3333333333334,32.0
2020-09-07 00:00:00+00:00,L1 g=8% N=10 tp=g,1.4503522577070247,0.31628572392860477,0.02328149659348441,0.2971826037245043,875.25,106.0
2020-09-07 00:00:00+00:00,L1 g=8% N=10 tp=2g,1.343295859651461,0.34107166850730986,0.0226569384003439,0.3147447870998539,686.3333333333334,48.0
2020-09-07 00:00:00+00:00,L2 80% S2 + 20% L1,1.3817258045184757,0.40697359996499116,,,,
2020-10-05 00:00:00+00:00,B1,2.602300605649711,0.7662925431645936,0.09368015004551031,1.0,,
2020-10-05 00:00:00+00:00,B2,0.8917176482496548,0.692191091397378,0.03210091981875426,0.7164823304654804,,
2020-10-05 00:00:00+00:00,S2,1.3419805511785683,0.4179289484752938,0.048309922043451775,0.4827106310531932,,
2020-10-05 00:00:00+00:00,L1 g=3% N=5 tp=g,1.8232098534373897,0.31313597276235694,0.01572161922064172,0.26939432730872187,694.7916666666666,239.0
2020-10-05 00:00:00+00:00,L1 g=3% N=5 tp=2g,1.6976389175938027,0.3323036981953794,0.01572161922064172,0.28925774108770663,694.7916666666666,107.0
2020-10-05 00:00:00+00:00,L1 g=3% N=10 tp=g,1.6170938188540565,0.33477174084621775,0.017014761095954723,0.2819965363314877,694.7916666666666,379.0
2020-10-05 00:00:00+00:00,L1 g=3% N=10 tp=2g,1.494621780036508,0.35791929559974567,0.017014761095954723,0.3055359407519618,694.7916666666666,172.0
2020-10-05 00:00:00+00:00,L1 g=5% N=5 tp=g,1.839092855920722,0.3032446929561434,0.016809630198260588,0.26549117116219223,714.3333333333334,138.0
2020-10-05 00:00:00+00:00,L1 g=5% N=5 tp=2g,1.554786637123198,0.35788572645694783,0.016809630198260588,0.3167751171337268,714.3333333333334,55.0
2020-10-05 00:00:00+00:00,L1 g=5% N=10 tp=g,1.4792445774833376,0.33133580002727925,0.019266823571819372,0.3094554968190057,714.3333333333334,190.0
2020-10-05 00:00:00+00:00,L1 g=5% N=10 tp=2g,1.2954971017204424,0.3814948846766446,0.019266823571819372,0.3557142966232382,714.3333333333334,77.0
2020-10-05 00:00:00+00:00,L1 g=8% N=5 tp=g,1.557794063041321,0.3343623077891331,0.01849746865677024,0.31152226466562,903.25,66.0
2020-10-05 00:00:00+00:00,L1 g=8% N=5 tp=2g,1.4904850526522415,0.3517825173648844,0.019472464872034134,0.34162355790842514,904.125,30.0
2020-10-05 00:00:00+00:00,L1 g=8% N=10 tp=g,1.4816725095426777,0.3190935826117842,0.02328149659348441,0.308596681732622,903.25,104.0
2020-10-05 00:00:00+00:00,L1 g=8% N=10 tp=2g,1.4246435878631127,0.33714605130632136,0.024508657535639494,0.3354169450736946,904.125,47.0
2020-10-05 00:00:00+00:00,L2 80% S2 + 20% L1,1.3694333564395222,0.3950948622955758,,,,
2020-11-02 00:00:00+00:00,B1,2.5720240931121676,0.7662925431645937,0.07261209084760743,1.0,,
2020-11-02 00:00:00+00:00,B2,1.0899354507710206,0.6674392305831305,0.030770509569235858,0.6950119543407477,,
2020-11-02 00:00:00+00:00,S2,1.563704627866923,0.400412668858416,0.04414572274092048,0.47813975007984505,,
2020-11-02 00:00:00+00:00,L1 g=3% N=5 tp=g,1.8636907460456176,0.32398317760354056,0.01572161922064172,0.2825959655575314,722.7916666666666,225.0
2020-11-02 00:00:00+00:00,L1 g=3% N=5 tp=2g,1.7360213840216616,0.3447789157753579,0.01572161922064172,0.3045530753531092,722.7916666666666,100.0
2020-11-02 00:00:00+00:00,L1 g=3% N=10 tp=g,1.7072966348096612,0.34117079905901715,0.017014761095954723,0.29418318052355413,722.7916666666666,365.0
2020-11-02 00:00:00+00:00,L1 g=3% N=10 tp=2g,1.5720931445806714,0.3675325184330128,0.017014761095954723,0.3218372089809928,722.7916666666666,163.0
2020-11-02 00:00:00+00:00,L1 g=5% N=5 tp=g,1.8707141454483487,0.3162793761184294,0.016809630198260588,0.2817252705931012,742.3333333333334,128.0
2020-11-02 00:00:00+00:00,L1 g=5% N=5 tp=2g,1.604579298122219,0.3717666140203466,0.016809630198260588,0.3346989617606616,742.3333333333334,51.0
2020-11-02 00:00:00+00:00,L1 g=5% N=10 tp=g,1.5780720323227264,0.34016101196248527,0.019266823571819372,0.32709347554559587,742.3333333333334,180.0
2020-11-02 00:00:00+00:00,L1 g=5% N=10 tp=2g,1.4034102422955295,0.39042037515431405,0.019266823571819372,0.3745567458839273,742.3333333333334,73.0
2020-11-02 00:00:00+00:00,L1 g=8% N=5 tp=g,1.6364626550678574,0.3451462434594419,0.01849746865677024,0.3283473241331301,931.25,62.0
2020-11-02 00:00:00+00:00,L1 g=8% N=5 tp=2g,1.5871977912675814,0.3756911191411022,0.01800124859825481,0.33603380908013414,742.3333333333334,30.0
2020-11-02 00:00:00+00:00,L1 g=8% N=10 tp=g,1.6194550435650776,0.3248615657949554,0.01998856570940525,0.32417637841831204,931.25,101.0
2020-11-02 00:00:00+00:00,L1 g=8% N=10 tp=2g,1.5305431560632188,0.3475600741483883,0.0226569384003439,0.3408019376168407,742.3333333333334,46.0
2020-11-02 00:00:00+00:00,L2 80% S2 + 20% L1,1.566578108758084,0.38334489970208796,,,,
2020-12-07 00:00:00+00:00,B1,2.2589306280113557,0.7662925431645937,0.05161772797813286,1.0,,
2020-12-07 00:00:00+00:00,B2,1.3342327358182233,0.6317532531896638,0.030487905012653947,0.6716817271648916,,
2020-12-07 00:00:00+00:00,S2,1.819245519069312,0.3790127695102474,0.04157069684403111,0.48148749537361774,,
2020-12-07 00:00:00+00:00,L1 g=3% N=5 tp=g,1.7614209340083904,0.360572914417027,0.01572161922064172,0.3244371988228651,757.7916666666666,184.0
2020-12-07 00:00:00+00:00,L1 g=3% N=5 tp=2g,1.6919259227431445,0.37494158596975646,0.01572161922064172,0.33993368549395714,757.7916666666666,85.0
2020-12-07 00:00:00+00:00,L1 g=3% N=10 tp=g,1.7267290641788091,0.3624741620341805,0.017014761095954723,0.32491922068048834,757.7916666666666,322.0
2020-12-07 00:00:00+00:00,L1 g=3% N=10 tp=2g,1.6264009033104718,0.384755879741152,0.017014761095954723,0.34927059214318873,757.7916666666666,148.0
2020-12-07 00:00:00+00:00,L1 g=5% N=5 tp=g,1.8753343364146586,0.336531026236047,0.016809630198260588,0.30838286858752956,777.3333333333334,114.0
2020-12-07 00:00:00+00:00,L1 g=5% N=5 tp=2g,1.6267713102226775,0.39473159034480876,0.016809630198260588,0.3654689232541371,777.3333333333334,45.0
2020-12-07 00:00:00+00:00,L1 g=5% N=10 tp=g,1.6707633355478422,0.35333670824489527,0.016866051428072848,0.35396478166650924,777.3333333333334,167.0
2020-12-07 00:00:00+00:00,L1 g=5% N=10 tp=2g,1.5051090851386608,0.40462017302772324,0.019266823571819372,0.4041341284797333,777.3333333333334,67.0
2020-12-07 00:00:00+00:00,L1 g=8% N=5 tp=g,1.712373636386395,0.3596454611758605,0.01849746865677024,0.3535106461091252,966.25,57.0
2020-12-07 00:00:00+00:00,L1 g=8% N=5 tp=2g,1.6423941037370693,0.39465608567047583,0.01800124859825481,0.36684878256369446,777.3333333333334,27.0
2020-12-07 00:00:00+00:00,L1 g=8% N=10 tp=g,1.703742321110572,0.33237156322082984,0.011607766831506003,0.34228348430497596,966.25,99.0
2020-12-07 00:00:00+00:00,L1 g=8% N=10 tp=2g,1.6315661219048707,0.3577691515753315,0.013791750996196657,0.3657064598387062,777.3333333333334,46.0
2020-12-07 00:00:00+00:00,L2 80% S2 + 20% L1,1.789549082365018,0.3713540027886809,,,,
2021-01-04 00:00:00+00:00,B1,1.297365311867106,0.7662925431645928,0.030280274183779755,1.0,,
2021-01-04 00:00:00+00:00,B2,1.327522712598116,0.5988088433991565,0.0309841425194383,0.6560366520175852,,
2021-01-04 00:00:00+00:00,S2,1.7689819893940173,0.37404297518521745,0.04128772302993862,0.501592856042194,,
2021-01-04 00:00:00+00:00,L1 g=3% N=5 tp=g,1.4615191158182166,0.4183620106338959,0.01572161922064172,0.39684687900780924,785.7916666666666,134.0
2021-01-04 00:00:00+00:00,L1 g=3% N=5 tp=2g,1.4555394378690507,0.4216679538954269,0.01572161922064172,0.39892635159274603,785.7916666666666,66.0
2021-01-04 00:00:00+00:00,L1 g=3% N=10 tp=g,1.5645890811555592,0.39173494288613453,0.017014761095954723,0.36651206529027375,785.7916666666666,271.0
2021-01-04 00:00:00+00:00,L1 g=3% N=10 tp=2g,1.5004277824726244,0.4088919122792397,0.017014761095954723,0.3858768510436398,785.7916666666666,129.0
2021-01-04 00:00:00+00:00,L1 g=5% N=5 tp=g,1.6508084181181166,0.3734024860342906,0.016809630198260588,0.35624996589472363,805.3333333333334,92.0
2021-01-04 00:00:00+00:00,L1 g=5% N=5 tp=2g,1.5070223646399874,0.41753074909983035,0.016809630198260588,0.39957436718376665,805.3333333333334,40.0
2021-01-04 00:00:00+00:00,L1 g=5% N=10 tp=g,1.5632844012665803,0.3757832831501893,0.019266823571819372,0.39179081268586685,805.3333333333334,147.0
2021-01-04 00:00:00+00:00,L1 g=5% N=10 tp=2g,1.4254340303967055,0.4233640964886778,0.019266823571819372,0.4405197560262332,805.3333333333334,61.0
2021-01-04 00:00:00+00:00,L1 g=8% N=5 tp=g,1.5543167634315744,0.3890650167499997,0.01849746865677024,0.3980280756793901,994.25,48.0
2021-01-04 00:00:00+00:00,L1 g=8% N=5 tp=2g,1.5192336761426457,0.4120367224394581,0.018467205745926005,0.4133586208646721,805.375,23.0
2021-01-04 00:00:00+00:00,L1 g=8% N=10 tp=g,1.630387688081792,0.34680255739687205,0.011607766831506003,0.36556813376913566,994.25,91.0
2021-01-04 00:00:00+00:00,L1 g=8% N=10 tp=2g,1.608699635441682,0.36463572085174933,0.01158877586472883,0.37997591420096727,805.375,45.0
2021-01-04 00:00:00+00:00,L2 80% S2 + 20% L1,1.7278424717685303,0.37439413243199604,,,,
2021-02-01 00:00:00+00:00,B1,1.2857138217965938,0.7662925431645935,0.030195251803583695,1.0,,
2021-02-01 00:00:00+00:00,B2,1.3582059270122928,0.5689135718492042,0.031897743706253895,0.6484788850574811,,
2021-02-01 00:00:00+00:00,S2,1.7580312466147865,0.37404297518521745,0.04128772302993862,0.5271636322979016,,
2021-02-01 00:00:00+00:00,L1 g=3% N=5 tp=g,1.222487768782719,0.48190263912248055,0.01572161922064172,0.4742331625828562,813.7916666666666,94.0
2021-02-01 00:00:00+00:00,L1 g=3% N=5 tp=2g,1.1918537946580618,0.4935874545091169,0.01572161922064172,0.48882658498822423,813.7916666666666,44.0
2021-02-01 00:00:00+00:00,L1 g=3% N=10 tp=g,1.2562999353930073,0.47047024798245074,0.017014761095954723,0.46848870503798845,813.7916666666666,175.0
2021-02-01 00:00:00+00:00,L1 g=3% N=10 tp=2g,1.2063095460296518,0.48946419596088653,0.017014761095954723,0.493815618425001,813.7916666666666,81.0
2021-02-01 00:00:00+00:00,L1 g=5% N=5 tp=g,1.3524326485575275,0.4413755576037913,0.016809630198260588,0.43899129372842016,833.3333333333334,64.0
2021-02-01 00:00:00+00:00,L1 g=5% N=5 tp=2g,1.2468507313338182,0.48638937974684904,0.016809630198260588,0.48821610648999375,833.3333333333334,27.0
2021-02-01 00:00:00+00:00,L1 g=5% N=10 tp=g,1.3734118097087245,0.4283322094603519,0.016866051428072848,0.4687387653922974,833.3333333333334,112.0
2021-02-01 00:00:00+00:00,L1 g=5% N=10 tp=2g,1.2924672832364095,0.46787722235262175,0.019266823571819372,0.5100485162701419,833.3333333333334,48.0
2021-02-01 00:00:00+00:00,L1 g=8% N=5 tp=g,1.289261985577649,0.45817299185646354,0.01849746865677024,0.4939078203757333,1022.25,32.0
2021-02-01 00:00:00+00:00,L1 g=8% N=5 tp=2g,1.3244220543362732,0.46271984400943433,0.018467205745926005,0.48588989480845035,833.375,17.0
2021-02-01 00:00:00+00:00,L1 g=8% N=10 tp=g,1.512910855781913,0.3769834315283346,0.011607766831506003,0.4064495364097794,1022.25,77.0
2021-02-01 00:00:00+00:00,L1 g=8% N=10 tp=2g,1.5196727119943556,0.38766314837160765,0.014148746507952554,0.41297530559300083,833.375,39.0
2021-02-01 00:00:00+00:00,L2 80% S2 + 20% L1,1.6811073592335743,0.38787787961550957,,,,
2021-03-01 00:00:00+00:00,B1,1.3534146596754861,0.7662925431645938,0.022139587156552797,1.0,,
2021-03-01 00:00:00+00:00,B2,1.9962439561344294,0.5398595651458102,0.032655193097418475,0.6443457094849313,,
2021-03-01 00:00:00+00:00,S2,2.5239589707887173,0.37404297518521745,0.04128772302993862,0.5531424975969,,
2021-03-01 00:00:00+00:00,L1 g=3% N=5 tp=g,1.3955813495196057,0.5288305513565701,0.012382891838082964,0.5455864669511381,842.7916666666666,77.0
2021-03-01 00:00:00+00:00,L1 g=3% N=5 tp=2g,1.2840809862912677,0.5764372286859125,0.012382891838082964,0.6200121008351064,842.7916666666666,28.0
2021-03-01 00:00:00+00:00,L1 g=3% N=10 tp=g,1.350047213417879,0.5375931625269952,0.006191445919041482,0.5753692002157798,842.7916666666666,129.0
2021-03-01 00:00:00+00:00,L1 g=3% N=10 tp=2g,1.2939095913220027,0.5698342081969092,0.006191445919041482,0.6266725032875236,842.7916666666666,54.0
2021-03-01 00:00:00+00:00,L1 g=5% N=5 tp=g,1.3980320342765142,0.5249722125390492,0.006211613035021232,0.5646048136666639,862.3333333333334,43.0
2021-03-01 00:00:00+00:00,L1 g=5% N=5 tp=2g,1.3526129203577295,0.5620689471264042,0.00651958252094886,0.6260782480452669,1051.8333333333333,18.0
2021-03-01 00:00:00+00:00,L1 g=5% N=10 tp=g,1.445617295754789,0.4736840829165455,0.003105806517510616,0.541150295361992,862.3333333333334,93.0
2021-03-01 00:00:00+00:00,L1 g=5% N=10 tp=2g,1.4418547989248063,0.48654030565340933,0.00325979126047443,0.576784749576377,1051.8333333333333,45.0
2021-03-01 00:00:00+00:00,L1 g=8% N=5 tp=g,1.3042396882055491,0.5653588102326849,0.0061350004372566986,0.6164292365064051,841.3333333333334,21.0
2021-03-01 00:00:00+00:00,L1 g=8% N=5 tp=2g,1.3988360212839228,0.5377207551257908,0.009608166445667421,0.5838403967008701,841.3333333333334,13.0
2021-03-01 00:00:00+00:00,L1 g=8% N=10 tp=g,1.5332541953041283,0.4234221393914741,0.0030675002186283493,0.455637069577368,841.3333333333334,68.0
2021-03-01 00:00:00+00:00,L1 g=8% N=10 tp=2g,1.5807883256691382,0.4150459405981013,0.0048040832228337105,0.4588721016071666,841.3333333333334,37.0
2021-03-01 00:00:00+00:00,L2 80% S2 + 20% L1,2.308290635781932,0.3976840582317779,,,,
2021-04-05 00:00:00+00:00,B1,1.1758436289916832,0.7662925431645933,0.017168660705677366,1.0,,
2021-04-05 00:00:00+00:00,B2,2.3088002091887234,0.5054024266410773,0.03371112148878977,0.6432269375721036,,
2021-04-05 00:00:00+00:00,S2,2.8277049044525997,0.37404297518521745,0.04128772302993862,0.5850768041662431,,
2021-04-05 00:00:00+00:00,L1 g=3% N=5 tp=g,1.330338962643965,0.6369422186865749,0.008503663682720675,0.7306125909245544,850.4583333333334,61.0
2021-04-05 00:00:00+00:00,L1 g=3% N=5 tp=2g,1.321918305643428,0.6591861510269856,0.008684987975932265,0.7696221059494446,853.2083333333334,28.0
2021-04-05 00:00:00+00:00,L1 g=3% N=10 tp=g,1.3231172515563767,0.5938407263617096,0.0042518318413603375,0.6686187465332585,850.4583333333334,115.0
2021-04-05 00:00:00+00:00,L1 g=3% N=10 tp=2g,1.3014422267895591,0.6183253788961884,0.004342493987966133,0.709532076136823,853.2083333333334,52.0
2021-04-05 00:00:00+00:00,L1 g=5% N=5 tp=g,1.3434280359881003,0.5974344796474418,0.005737002850198915,0.6841499565289885,870.0,36.0
2021-04-05 00:00:00+00:00,L1 g=5% N=5 tp=2g,1.3003487759405645,0.6303201767285088,0.005917771127128678,0.7440024430816029,1061.625,15.0
2021-04-05 00:00:00+00:00,L1 g=5% N=10 tp=g,1.418315296610582,0.505561564845755,0.0028685014250994577,0.5898903836356746,870.0,86.0
2021-04-05 00:00:00+00:00,L1 g=5% N=10 tp=2g,1.4082869167977294,0.5079361192324292,0.002958885563564339,0.6237245547879788,1061.625,41.0
2021-04-05 00:00:00+00:00,L1 g=8% N=5 tp=g,1.4389770737627416,0.5324819773491797,0.0029208458159026077,0.6117253971960892,870.0416666666666,28.0
2021-04-05 00:00:00+00:00,L1 g=8% N=5 tp=2g,1.4172697000802617,0.5738518084191321,0.0030047736921151123,0.6510565507265486,877.9583333333334,13.0
2021-04-05 00:00:00+00:00,L1 g=8% N=10 tp=g,1.5769655302880417,0.4100477441655157,0.0014604229079513038,0.4451344825556014,870.0416666666666,72.0
2021-04-05 00:00:00+00:00,L1 g=8% N=10 tp=2g,1.5409835884862966,0.44521687583295455,0.0015023868460575561,0.4942298601717582,877.9583333333334,34.0
2021-04-05 00:00:00+00:00,L2 80% S2 + 20% L1,2.545826982884196,0.4037629826926793,,,,
2021-05-03 00:00:00+00:00,B1,1.0430932286333485,0.766292543164593,0.017661402898367432,1.0,,
2021-05-03 00:00:00+00:00,B2,2.0295907253382377,0.477804362680494,0.03436454051758415,0.6439497735567896,,
2021-05-03 00:00:00+00:00,S2,2.4384781076592232,0.37404297518521745,0.04128772302993862,0.6106242494217176,,
2021-05-03 00:00:00+00:00,L1 g=3% N=5 tp=g,1.2567179997326463,0.6309270855887252,0.014620143502138966,0.7141010975307,850.4583333333334,69.0
2021-05-03 00:00:00+00:00,L1 g=3% N=5 tp=2g,1.2674003951702686,0.6459395588004428,0.014931889978256563,0.7375600061939872,853.2083333333334,33.0
2021-05-03 00:00:00+00:00,L1 g=3% N=10 tp=g,1.3303322843752037,0.5831642927026727,0.012261350859748613,0.6432450656164762,850.4583333333334,140.0
2021-05-03 00:00:00+00:00,L1 g=3% N=10 tp=2g,1.3100619713023316,0.5991582119442791,0.012522800613809431,0.6639811411665077,853.2083333333334,63.0
2021-05-03 00:00:00+00:00,L1 g=5% N=5 tp=g,1.2752849558343944,0.6082525772497823,0.0155252582243126,0.6987603455327481,870.0,37.0
2021-05-03 00:00:00+00:00,L1 g=5% N=5 tp=2g,1.2558119767416065,0.6168364000193192,0.015268171545812887,0.7038092930550501,855.2916666666666,18.0
2021-05-03 00:00:00+00:00,L1 g=5% N=10 tp=g,1.4216216794169003,0.49473499217318984,0.0077626291121563,0.5594520307909978,870.0,94.0
2021-05-03 00:00:00+00:00,L1 g=5% N=10 tp=2g,1.3934543271167452,0.5253806286347624,0.007634085772906443,0.587336380908715,855.2916666666666,45.0
2021-05-03 00:00:00+00:00,L1 g=8% N=5 tp=g,1.3400568439957365,0.5603586588687672,0.009546583016437824,0.6483086553501735,870.0416666666666,24.0
2021-05-03 00:00:00+00:00,L1 g=8% N=5 tp=2g,1.3941307620017243,0.5674129054583932,0.006478960707391396,0.6506028476342636,925.375,13.0
2021-05-03 00:00:00+00:00,L1 g=8% N=10 tp=g,1.5023609395689699,0.4276333193679005,0.004773291508218912,0.4564250885289848,870.0416666666666,65.0
2021-05-03 00:00:00+00:00,L1 g=8% N=10 tp=2g,1.5610663802514242,0.43326571497886057,0.003239480353695698,0.47476604176822446,925.375,36.0
2021-05-03 00:00:00+00:00,L2 80% S2 + 20% L1,2.235106822010759,0.40176595152264216,,,,
2021-06-07 00:00:00+00:00,B1,1.9763489728305874,0.766292543164593,0.027914904136164907,1.0,,
2021-06-07 00:00:00+00:00,B2,2.4780605181387094,0.438390637808894,0.03500131948275453,0.6430136044910267,,
2021-06-07 00:00:00+00:00,S2,2.928993593798688,0.37016327456253806,0.04137051528365897,0.6403049103358461,,
2021-06-07 00:00:00+00:00,L1 g=3% N=5 tp=g,1.7593575891617326,0.4909538042505577,0.005582345986227949,0.468478230209431,850.4583333333334,132.0
2021-06-07 00:00:00+00:00,L1 g=3% N=5 tp=2g,1.736816326889591,0.4892445336037121,0.008486487146160814,0.4696485721838741,853.2916666666666,63.0
2021-06-07 00:00:00+00:00,L1 g=3% N=10 tp=g,1.6456052175129774,0.49730260287545436,0.0027911729931139745,0.46278887443608796,850.4583333333334,222.0
2021-06-07 00:00:00+00:00,L1 g=3% N=10 tp=2g,1.621870219770493,0.5044076220112685,0.004243243573080407,0.47601223001517545,853.2916666666666,106.0
2021-06-07 00:00:00+00:00,L1 g=5% N=5 tp=g,1.7049020736126113,0.48765861437708735,0.002794950106507164,0.46907751077851495,850.625,73.0
2021-06-07 00:00:00+00:00,L1 g=5% N=5 tp=2g,1.6952517941788334,0.5026778675524513,0.0029208458159026077,0.4837883815415879,870.8333333333334,35.0
2021-06-07 00:00:00+00:00,L1 g=5% N=10 tp=g,1.5101464086047787,0.4887530809916327,0.001397475053253582,0.49212081395532997,850.625,105.0
2021-06-07 00:00:00+00:00,L1 g=5% N=10 tp=2g,1.5473258014595417,0.4763310121173896,0.0014604229079513038,0.49116636560854154,870.8333333333334,55.0
2021-06-07 00:00:00+00:00,L1 g=8% N=5 tp=g,1.5726494098856603,0.4949540259372248,0.0029208458159026077,0.48942010277236014,870.0416666666666,36.0
2021-06-07 00:00:00+00:00,L1 g=8% N=5 tp=2g,1.632961243640067,0.4845773710758292,0.006095678224492399,0.494609112937379,874.9166666666666,19.0
2021-06-07 00:00:00+00:00,L1 g=8% N=10 tp=g,1.4392871808942451,0.4628499919759431,0.0014604229079513038,0.4676742757603769,870.0416666666666,55.0
2021-06-07 00:00:00+00:00,L1 g=8% N=10 tp=2g,1.474741925842018,0.4652764505022209,0.0030478391122461994,0.4814951799178739,874.9166666666666,29.0
2021-06-07 00:00:00+00:00,L2 80% S2 + 20% L1,2.645224156759906,0.3978759369509003,,,,
2021-07-05 00:00:00+00:00,B1,1.6154796119567882,0.766292543164593,0.0283169032215207,1.0,,
2021-07-05 00:00:00+00:00,B2,2.0164352262272485,0.4012770296992887,0.03534504597330037,0.6400314979113678,,
2021-07-05 00:00:00+00:00,S2,2.3703470100233055,0.3637402267556328,0.041548581849912135,0.6616057435699028,,
2021-07-05 00:00:00+00:00,L1 g=3% N=5 tp=g,1.5653379450939582,0.5056985899232687,0.014620143502138966,0.4766840799177693,850.4583333333334,127.0
2021-07-05 00:00:00+00:00,L1 g=3% N=5 tp=2g,1.5099644001317898,0.5087556283262009,0.014590612297855195,0.4882581734331796,853.2916666666666,58.0
2021-07-05 00:00:00+00:00,L1 g=3% N=10 tp=g,1.4473385787260982,0.5417368151477527,0.014014901806963059,0.5112470169187746,850.4583333333334,188.0
2021-07-05 00:00:00+00:00,L1 g=3% N=10 tp=2g,1.408406577291791,0.5501861318531007,0.013986593129403375,0.5317527200566867,853.2916666666666,87.0
2021-07-05 00:00:00+00:00,L1 g=5% N=5 tp=g,1.5006083910752,0.5205204534561813,0.0155252582243126,0.4943357476913998,850.625,63.0
2021-07-05 00:00:00+00:00,L1 g=5% N=5 tp=2g,1.5214684545812025,0.518369990581529,0.012474858248600895,0.4936049880960797,872.7083333333334,31.0
2021-07-05 00:00:00+00:00,L1 g=5% N=10 tp=g,1.3692586230442922,0.5237729775679504,0.0077626291121563,0.5308424266555031,850.625,87.0
2021-07-05 00:00:00+00:00,L1 g=5% N=10 tp=2g,1.409570554791469,0.5140823063032053,0.006237429124300448,0.5287753571960393,872.7083333333334,46.0
2021-07-05 00:00:00+00:00,L1 g=8% N=5 tp=g,1.4321077141789977,0.5253186394859165,0.009546583016437824,0.5220490388032107,870.0416666666666,31.0
2021-07-05 00:00:00+00:00,L1 g=8% N=5 tp=2g,1.4510688294239549,0.5197120382795404,0.009546583016437824,0.5420457671222577,874.9166666666666,16.0
2021-07-05 00:00:00+00:00,L1 g=8% N=10 tp=g,1.3690163330409133,0.4782493334073311,0.004773291508218912,0.48369944437410967,870.0416666666666,50.0
2021-07-05 00:00:00+00:00,L1 g=8% N=10 tp=2g,1.3837957187339611,0.48382139144438463,0.004773291508218912,0.5059612006741779,874.9166666666666,26.0
2021-07-05 00:00:00+00:00,L2 80% S2 + 20% L1,2.170129332627503,0.3984217070128312,,,,
2021-08-02 00:00:00+00:00,B1,1.6387603200451515,0.7662925431645932,0.02507512651930442,1.0,,
2021-08-02 00:00:00+00:00,B2,2.319282175795467,0.36012832357067326,0.0354879803230997,0.636342263827699,,
2021-08-02 00:00:00+00:00,S2,2.731396651947451,0.35445324405269796,0.04179385831120183,0.6795570485227898,,
2021-08-02 00:00:00+00:00,L1 g=3% N=5 tp=g,1.5696557157703126,0.5587246561779927,0.014620143502138966,0.547822955226758,850.4583333333334,107.0
2021-08-02 00:00:00+00:00,L1 g=3% N=5 tp=2g,1.5143026073467105,0.5626036075198092,0.014590612297855195,0.5626875432805997,853.2916666666666,48.0
2021-08-02 00:00:00+00:00,L1 g=3% N=10 tp=g,1.489751768632518,0.5748545813705059,0.007310071751069483,0.5603150100702247,850.4583333333334,176.0
2021-08-02 00:00:00+00:00,L1 g=3% N=10 tp=2g,1.467166024638003,0.5796140686500146,0.008892492069617949,0.578828717299468,853.2916666666666,83.0
2021-08-02 00:00:00+00:00,L1 g=5% N=5 tp=g,1.5584450727068684,0.549676892559321,0.008833900475137602,0.5384235899153993,850.625,60.0
2021-08-02 00:00:00+00:00,L1 g=5% N=5 tp=2g,1.4690460848662468,0.5879432883002672,0.01189352853892374,0.6003645454703909,855.2916666666666,25.0
2021-08-02 00:00:00+00:00,L1 g=5% N=10 tp=g,1.4223900540424896,0.5358029811825487,0.004416950237568801,0.5507895622951039,850.625,89.0
2021-08-02 00:00:00+00:00,L1 g=5% N=10 tp=2g,1.3623796499774659,0.5797843176037798,0.00594676426946187,0.6098696542086198,855.2916666666666,38.0
2021-08-02 00:00:00+00:00,L1 g=8% N=5 tp=g,1.4388234057687708,0.5596523910794089,0.006095678224492399,0.5700115246765884,870.0416666666666,28.0
2021-08-02 00:00:00+00:00,L1 g=8% N=5 tp=2g,1.4415087278585939,0.5603399299983249,0.006095678224492399,0.6025876587483631,874.9166666666666,14.0
2021-08-02 00:00:00+00:00,L1 g=8% N=10 tp=g,1.3723741788357997,0.49470863403749044,0.0030478391122461994,0.5052619179182803,870.0416666666666,47.0
2021-08-02 00:00:00+00:00,L1 g=8% N=10 tp=2g,1.3790156679512808,0.503906026037829,0.0030478391122461994,0.5341839164928069,874.9166666666666,24.0
2021-08-02 00:00:00+00:00,L2 80% S2 + 20% L1,2.469595332366459,0.3904121954288603,,,,
2021-09-06 00:00:00+00:00,B1,1.0846460717409323,0.7662925431645938,0.019306622850497192,1.0,,
2021-09-06 00:00:00+00:00,B2,2.0310238946360997,0.3150199787996928,0.036152080716199665,0.6373200530161349,,
2021-09-06 00:00:00+00:00,S2,2.3664249573031966,0.34854137818182906,0.0421221957512139,0.7073662872363325,,
2021-09-06 00:00:00+00:00,L1 g=3% N=5 tp=g,1.3093462854490894,0.617108336044889,0.014620143502138966,0.6484814915220884,850.4583333333334,85.0
2021-09-06 00:00:00+00:00,L1 g=3% N=5 tp=2g,1.2402611784588324,0.6291996900647859,0.014590612297855195,0.6835421806198209,853.2916666666666,36.0
2021-09-06 00:00:00+00:00,L1 g=3% N=10 tp=g,1.363692498886864,0.6125898330986802,0.014014901806963059,0.629471911789235,850.4583333333334,163.0
2021-09-06 00:00:00+00:00,L1 g=3% N=10 tp=2g,1.3435912990854286,0.6112447665607288,0.013986593129403375,0.6428753329891337,853.2916666666666,78.0
2021-09-06 00:00:00+00:00,L1 g=5% N=5 tp=g,1.4051771887330229,0.5939837772397982,0.0155252582243126,0.6149121035353046,850.625,55.0
2021-09-06 00:00:00+00:00,L1 g=5% N=5 tp=2g,1.2708410710485651,0.6271090067788743,0.015268171545812887,0.6788293187261681,855.2916666666666,21.0
2021-09-06 00:00:00+00:00,L1 g=5% N=10 tp=g,1.3651265842014575,0.5615905328311606,0.0077626291121563,0.5946540449578397,850.625,88.0
2021-09-06 00:00:00+00:00,L1 g=5% N=10 tp=2g,1.3024005030276704,0.6005121969115053,0.009410213671269154,0.6516241851760849,855.2916666666666,38.0
2021-09-06 00:00:00+00:00,L1 g=8% N=5 tp=g,1.3713186378618092,0.585417244210209,0.009197358421913446,0.6087127552540232,872.7083333333334,29.0
2021-09-06 00:00:00+00:00,L1 g=8% N=5 tp=2g,1.3512661813747526,0.6257388693504535,0.009608166445667421,0.6561149054314843,1030.3333333333333,13.0
2021-09-06 00:00:00+00:00,L1 g=8% N=10 tp=g,1.312284612846842,0.5173439351606048,0.004598679210956723,0.5366073865577216,872.7083333333334,45.0
2021-09-06 00:00:00+00:00,L1 g=8% N=10 tp=2g,1.381372785915955,0.5161824897739875,0.0048040832228337105,0.5490577701759723,1030.3333333333333,26.0
2021-09-06 00:00:00+00:00,L2 80% S2 + 20% L1,2.1661652826828495,0.3897912946879518,,,,
2021-10-04 00:00:00+00:00,B1,1.259484792955199,0.7662925431645938,0.02073133516110144,1.0,,
2021-10-04 00:00:00+00:00,B2,2.235802742388289,0.27826020871052315,0.0368016956344546,0.6391972008773998,,
2021-10-04 00:00:00+00:00,S2,2.5755921075736232,0.343854770352258,0.04239468671559875,0.7299704412935036,,
2021-10-04 00:00:00+00:00,L1 g=3% N=5 tp=g,1.34406029189211,0.6370665195581617,0.014620143502138966,0.6764315197421498,850.4583333333334,80.0
2021-10-04 00:00:00+00:00,L1 g=3% N=5 tp=2g,1.2602508639343215,0.6550458864153413,0.014590612297855195,0.7225972345231483,853.2916666666666,32.0
2021-10-04 00:00:00+00:00,L1 g=3% N=10 tp=g,1.3619438309696899,0.655439170746352,0.010560406440950602,0.702121038654759,850.4583333333334,147.0
2021-10-04 00:00:00+00:00,L1 g=3% N=10 tp=2g,1.3374735000177576,0.6626213959003682,0.010539075493010064,0.7316911549156104,853.2916666666666,68.0
2021-10-04 00:00:00+00:00,L1 g=5% N=5 tp=g,1.4189924850743596,0.629768020054069,0.012093792711915163,0.6688641474081555,850.625,50.0
2021-10-04 00:00:00+00:00,L1 g=5% N=5 tp=2g,1.4132734443008805,0.6747973089284676,0.00923181461480575,0.7440468081736389,870.8333333333334,23.0
2021-10-04 00:00:00+00:00,L1 g=5% N=10 tp=g,1.3768768504085986,0.5820929979910274,0.0060468963559575815,0.6251466249010726,850.625,84.0
2021-10-04 00:00:00+00:00,L1 g=5% N=10 tp=2g,1.4063366265205655,0.5743581205093554,0.004615907307402875,0.6305515043322992,870.8333333333334,43.0
2021-10-04 00:00:00+00:00,L1 g=8% N=5 tp=g,1.4092637703267272,0.6081128627395136,0.006095678224492399,0.6494130722900121,870.0416666666666,28.0
2021-10-04 00:00:00+00:00,L1 g=8% N=5 tp=2g,1.3878212933580574,0.6472033417868125,0.008965684692855738,0.7307116598499132,875.5416666666666,14.0
2021-10-04 00:00:00+00:00,L1 g=8% N=10 tp=g,1.3575943611147778,0.5163771421635671,0.0030478391122461994,0.5374019453536694,870.0416666666666,47.0
2021-10-04 00:00:00+00:00,L1 g=8% N=10 tp=2g,1.3679980811032109,0.5399602521514353,0.004482842346427869,0.5832838575759077,875.5416666666666,25.0
2021-10-04 00:00:00+00:00,L2 80% S2 + 20% L1,2.3358490561406184,0.3890399871966762,,,,
2021-11-01 00:00:00+00:00,B1,1.1458327603645657,0.7662925431645932,0.016301038487369558,1.0,,
2021-11-01 00:00:00+00:00,B2,2.6341312236574135,0.2615137505386781,0.03747412008359714,0.6434671808237212,,
2021-11-01 00:00:00+00:00,S2,2.990445250305606,0.3415106032021866,0.04254317454153902,0.754181842827073,,
2021-11-01 00:00:00+00:00,L1 g=3% N=5 tp=g,1.3690706868443678,0.7054023748237159,0.005582345986227949,0.8092529685849205,850.4583333333334,66.0
2021-11-01 00:00:00+00:00,L1 g=3% N=5 tp=2g,1.3070221579074182,0.713678719891913,0.005571070214572365,0.84813799260871,853.2916666666666,27.0
2021-11-01 00:00:00+00:00,L1 g=3% N=10 tp=g,1.3883648507811668,0.691556883044222,0.0027911729931139745,0.7730675720072837,850.4583333333334,137.0
2021-11-01 00:00:00+00:00,L1 g=3% N=10 tp=2g,1.3813147262182621,0.6929168116411596,0.0027855351072861825,0.7956674598059544,853.2916666666666,66.0
2021-11-01 00:00:00+00:00,L1 g=5% N=5 tp=g,1.3852110210428525,0.7016185896433913,0.0028139980365484174,0.7935701707187527,851.7083333333334,40.0
2021-11-01 00:00:00+00:00,L1 g=5% N=5 tp=2g,1.3309818912647244,0.7235007007717462,0.00564200236866159,0.8726077689995663,855.2916666666666,17.0
2021-11-01 00:00:00+00:00,L1 g=5% N=10 tp=g,1.3442261021295363,0.6208853864758763,0.0014069990182742087,0.6821920050537735,851.7083333333334,70.0
2021-11-01 00:00:00+00:00,L1 g=5% N=10 tp=2g,1.34252317146299,0.6530428242009894,0.002821001184330795,0.7472682788496919,855.2916666666666,35.0
2021-11-01 00:00:00+00:00,L1 g=8% N=5 tp=g,1.3475303809081454,0.6750255376391552,0.0028830167029601254,0.7573730599664746,853.9583333333334,22.0
2021-11-01 00:00:00+00:00,L1 g=8% N=5 tp=2g,1.4344074716703183,0.6689642620737932,0.006016730510525478,0.7927240531853796,861.25,13.0
2021-11-01 00:00:00+00:00,L1 g=8% N=10 tp=g,1.30057539727413,0.5566329130934017,0.0014415083514800627,0.5906499341864884,853.9583333333334,38.0
2021-11-01 00:00:00+00:00,L1 g=8% N=10 tp=2g,1.3912911702593416,0.54483203874698,0.003008365255262739,0.5987815316865008,861.25,24.0
2021-11-01 00:00:00+00:00,L2 80% S2 + 20% L1,2.661201420670392,0.39025501875854374,,,,
2021-12-06 00:00:00+00:00,B1,1.961137495030978,0.6895818371830498,0.020229251127987697,1.0,,
2021-12-06 00:00:00+00:00,B2,3.6851861429467534,0.2615137505386763,0.03801291654865466,0.651216113192826,,
2021-12-06 00:00:00+00:00,S2,4.144685187272264,0.33864634588218545,0.04275267680732246,0.784796254845229,,
2021-12-06 00:00:00+00:00,L1 g=3% N=5 tp=g,1.6729618479842743,0.5852975045565654,0.006106620711013381,0.7175525295788439,811.0,119.0
2021-12-06 00:00:00+00:00,L1 g=3% N=5 tp=2g,1.6173659755685688,0.6148764263200712,0.006291047702336833,0.7757067247516741,800.9583333333334,52.0
2021-12-06 00:00:00+00:00,L1 g=3% N=10 tp=g,1.6804873727168967,0.5384836100125443,0.0030533103555066905,0.5995315763754786,811.0,239.0
2021-12-06 00:00:00+00:00,L1 g=3% N=10 tp=2g,1.6941968523858355,0.5298896056062502,0.0031455238511684165,0.5950059523117615,800.9583333333334,118.0
2021-12-06 00:00:00+00:00,L1 g=5% N=5 tp=g,1.7012153849371316,0.589478203860681,0.004051614668870853,0.6878098207705905,811.125,73.0
2021-12-06 00:00:00+00:00,L1 g=5% N=5 tp=2g,1.752118335106435,0.5796848134990515,0.004173978106644903,0.6675231794830054,812.75,38.0
2021-12-06 00:00:00+00:00,L1 g=5% N=10 tp=g,1.539799432374077,0.5227043932294804,0.0020258073344354265,0.5456964091191532,811.125,112.0
2021-12-06 00:00:00+00:00,L1 g=5% N=10 tp=2g,1.5334211460693317,0.5230417966654274,0.0020869890533224515,0.5449983352663186,812.75,54.0
2021-12-06 00:00:00+00:00,L1 g=8% N=5 tp=g,1.6107281398763122,0.5437186618307597,0.0041193674225309005,0.5832507207538922,812.625,39.0
2021-12-06 00:00:00+00:00,L1 g=8% N=5 tp=2g,1.7253412199865608,0.546133859785058,0.0020355659299489508,0.58293533740405,813.4583333333334,23.0
2021-12-06 00:00:00+00:00,L1 g=8% N=10 tp=g,1.438612133890193,0.45841392053859187,0.0020596837112654503,0.45311412673363805,812.625,56.0
2021-12-06 00:00:00+00:00,L1 g=8% N=10 tp=2g,1.4892796532108676,0.47564656606831535,0.0010177829649744754,0.4832331985037123,813.4583333333334,31.0
2021-12-06 00:00:00+00:00,L2 80% S2 + 20% L1,3.6237080362926273,0.37832262408646367,,,,
2022-01-03 00:00:00+00:00,B1,2.0494805442215793,0.6673056490171771,0.021131978985793335,1.0,,
2022-01-03 00:00:00+00:00,B2,3.6996687480489316,0.2615137505386772,0.03814689651902046,0.6568940140910878,,
2022-01-03 00:00:00+00:00,S2,4.184130876439154,0.3324735137642413,0.04314213472482803,0.8076718059503188,,
2022-01-03 00:00:00+00:00,L1 g=3% N=5 tp=g,1.8277283607888866,0.5759583366842432,0.007819087960028455,0.6915227521185981,738.5416666666666,152.0
2022-01-03 00:00:00+00:00,L1 g=3% N=5 tp=2g,1.7806361120054615,0.5837818126844734,0.00810687847197322,0.7243543126004295,770.6666666666666,68.0
2022-01-03 00:00:00+00:00,L1 g=3% N=10 tp=g,1.7790160134153534,0.5046303386541883,0.0039095439800142275,0.5426554117702563,738.5416666666666,278.0
2022-01-03 00:00:00+00:00,L1 g=3% N=10 tp=2g,1.7291029673192462,0.5270497203837299,0.00405343923598661,0.5828545925469552,770.6666666666666,126.0
2022-01-03 00:00:00+00:00,L1 g=5% N=5 tp=g,1.8401425586768787,0.5269923743719893,0.006046669475043401,0.6022122693985356,770.5833333333334,88.0
2022-01-03 00:00:00+00:00,L1 g=5% N=5 tp=2g,1.7600846430874117,0.548407595831915,0.004051614668870853,0.6548279550193689,772.5416666666666,39.0
2022-01-03 00:00:00+00:00,L1 g=5% N=10 tp=g,1.586521621391294,0.47434361245887513,0.0030233347375217003,0.5079673496931802,770.5833333333334,122.0
2022-01-03 00:00:00+00:00,L1 g=5% N=10 tp=2g,1.557074547374334,0.5126148937807065,0.0020258073344354265,0.5586432282251438,772.5416666666666,57.0
2022-01-03 00:00:00+00:00,L1 g=8% N=5 tp=g,1.6422419399403527,0.5362199417924498,0.0041193674225309005,0.5850460789189912,772.3333333333334,41.0
2022-01-03 00:00:00+00:00,L1 g=8% N=5 tp=2g,1.670010730994448,0.5429132638234648,0.002116963434185071,0.6256872757303005,784.7916666666666,21.0
2022-01-03 00:00:00+00:00,L1 g=8% N=10 tp=g,1.4543690339222133,0.43434151661864817,0.0020596837112654503,0.43522612751891765,772.3333333333334,58.0
2022-01-03 00:00:00+00:00,L1 g=8% N=10 tp=2g,1.4457882783126135,0.475363447852735,0.0010584817170925355,0.4931309423608482,784.7916666666666,28.0
2022-01-03 00:00:00+00:00,L2 80% S2 + 20% L1,3.664609025429582,0.3625208423482461,,,,
2022-02-07 00:00:00+00:00,B1,2.276545727084379,0.6673056490171774,0.023577868082425898,1.0,,
2022-02-07 00:00:00+00:00,B2,3.6795176199160466,0.26151375053867665,0.03810825322645789,0.6633555440408617,,
2022-02-07 00:00:00+00:00,S2,4.300150873110764,0.3030454857285697,0.044536065678146684,0.828249682171008,,
2022-02-07 00:00:00+00:00,L1 g=3% N=5 tp=g,1.9239024168572973,0.5568830495056782,0.007819087960028455,0.6471686010240032,654.5416666666666,168.0
2022-02-07 00:00:00+00:00,L1 g=3% N=5 tp=2g,1.8984123296444992,0.5585800110418258,0.007789711735789062,0.6585530537194871,686.5833333333334,81.0
2022-02-07 00:00:00+00:00,L1 g=3% N=10 tp=g,1.765385245674396,0.5162378286793375,0.0039095439800142275,0.5499745765143044,654.5416666666666,274.0
2022-02-07 00:00:00+00:00,L1 g=3% N=10 tp=2g,1.7412621228537286,0.5333379815406291,0.003894855867894531,0.576310565805302,686.5833333333334,131.0
2022-02-07 00:00:00+00:00,L1 g=5% N=5 tp=g,1.890977367362098,0.5290802868667479,0.0039268905179729715,0.5763495989248572,686.5833333333334,94.0
2022-02-07 00:00:00+00:00,L1 g=5% N=5 tp=2g,1.8940783071374958,0.5380148150334318,0.005899026645151985,0.592272358769809,688.4166666666666,47.0
2022-02-07 00:00:00+00:00,L1 g=5% N=10 tp=g,1.578040699478594,0.48570554276809075,0.0019634452589864858,0.5133152316058548,686.5833333333334,121.0
2022-02-07 00:00:00+00:00,L1 g=5% N=10 tp=2g,1.5552255137985769,0.5064312826563611,0.0029495133225759924,0.5422974137228692,688.4166666666666,58.0
2022-02-07 00:00:00+00:00,L1 g=8% N=5 tp=g,1.7096512952471359,0.53234531571389,0.0019527253368113507,0.5811112147958953,731.875,46.0
2022-02-07 00:00:00+00:00,L1 g=8% N=5 tp=2g,1.6661252053459124,0.5193864612448618,0.0020861590229086773,0.560283927105001,735.5833333333334,21.0
2022-02-07 00:00:00+00:00,L1 g=8% N=10 tp=g,1.527264318620322,0.405231151466083,0.0009763626684056754,0.40994285823364074,731.875,68.0
2022-02-07 00:00:00+00:00,L1 g=8% N=10 tp=2g,1.4913239066949406,0.4142741314429248,0.0010430795114543387,0.4069595203614478,735.5833333333334,31.0
2022-02-07 00:00:00+00:00,L2 80% S2 + 20% L1,3.75572883838433,0.3408627605556599,,,,
2022-03-07 00:00:00+00:00,B1,2.3389542027046946,0.6673056490171774,0.02600806235368449,1.0,,
2022-03-07 00:00:00+00:00,B2,3.4122401018733908,0.26151375053867787,0.03794249294519873,0.6692644733142574,,
2022-03-07 00:00:00+00:00,S2,4.12219342782774,0.27497169175464276,0.04583683749810818,0.8439308120207625,,
2022-03-07 00:00:00+00:00,L1 g=3% N=5 tp=g,1.8553919231011433,0.5685521956992525,0.009927303344620234,0.6520205877257058,654.5416666666666,167.0
2022-03-07 00:00:00+00:00,L1 g=3% N=5 tp=2g,1.7889798068063347,0.5821189876243884,0.009890006579238537,0.684027654301233,686.5833333333334,77.0
2022-03-07 00:00:00+00:00,L1 g=3% N=10 tp=g,1.7054787701887741,0.5510978854176516,0.007170679150068544,0.5935812745738924,654.5416666666666,264.0
2022-03-07 00:00:00+00:00,L1 g=3% N=10 tp=2g,1.6842823186099425,0.5658369630982067,0.007143738990328945,0.6199511456632983,686.5833333333334,127.0
2022-03-07 00:00:00+00:00,L1 g=5% N=5 tp=g,1.836906135187676,0.5573921467693802,0.008278015745643852,0.6104340196720459,686.5833333333334,92.0
2022-03-07 00:00:00+00:00,L1 g=5% N=5 tp=2g,1.7762631855427389,0.5693537097709265,0.01034608025049435,0.6334350009402974,686.75,43.0
2022-03-07 00:00:00+00:00,L1 g=5% N=10 tp=g,1.5558477014278553,0.4992364875520616,0.004139007872821926,0.528798661158898,686.5833333333334,120.0
2022-03-07 00:00:00+00:00,L1 g=5% N=10 tp=2g,1.5258233239729695,0.5149431190602745,0.005173040125247175,0.5514049903698016,686.75,57.0
2022-03-07 00:00:00+00:00,L1 g=8% N=5 tp=g,1.6637313048737472,0.5697922646782452,0.006382348029011012,0.6094393278473694,687.7083333333334,44.0
2022-03-07 00:00:00+00:00,L1 g=8% N=5 tp=2g,1.708191906916831,0.5642406111113146,0.006451436841989064,0.6250656076268264,690.875,23.0
2022-03-07 00:00:00+00:00,L1 g=8% N=10 tp=g,1.4415993521620807,0.458016088361072,0.003191174014505506,0.4522858050634983,687.7083333333334,58.0
2022-03-07 00:00:00+00:00,L1 g=8% N=10 tp=2g,1.5123572574804003,0.4162783791302678,0.003225718420994532,0.43265144009119577,690.875,33.0
2022-03-07 00:00:00+00:00,L2 80% S2 + 20% L1,3.6089242825477625,0.3207204650034581,,,,
2022-04-04 00:00:00+00:00,B1,1.7917573194162284,0.6612040100033247,0.02153215701299193,1.0,,
2022-04-04 00:00:00+00:00,B2,3.126736419598333,0.26111520988848647,0.03757505483330004,0.676256912397281,,
2022-04-04 00:00:00+00:00,S2,3.9263291311264417,0.2615137505386772,0.04718403235748656,0.860553788390209,,
2022-04-04 00:00:00+00:00,L1 g=3% N=5 tp=g,1.6784118410379691,0.6330431141108517,0.009927303344620234,0.7652005604687869,645.8333333333334,148.0
2022-04-04 00:00:00+00:00,L1 g=3% N=5 tp=2g,1.6173906857104143,0.6387309570352284,0.009890006579238537,0.7905642597088607,679.5833333333334,68.0
2022-04-04 00:00:00+00:00,L1 g=3% N=10 tp=g,1.6336420032700383,0.5832963398560416,0.010743848478025342,0.6511415259466394,645.8333333333334,257.0
2022-04-04 00:00:00+00:00,L1 g=3% N=10 tp=2g,1.5857733904926854,0.5913811161299073,0.010703483961895336,0.67439434033683,679.5833333333334,119.0
2022-04-04 00:00:00+00:00,L1 g=5% N=5 tp=g,1.708940853681692,0.5936795413117864,0.01062680129364433,0.684710161585423,647.5416666666666,85.0
2022-04-04 00:00:00+00:00,L1 g=5% N=5 tp=2g,1.6205042690074325,0.6227179492888844,0.010964325032094385,0.7521835966559656,681.3333333333334,36.0
2022-04-04 00:00:00+00:00,L1 g=5% N=10 tp=g,1.5163729003307547,0.5027377406063869,0.005313400646822165,0.5517901471733494,647.5416666666666,118.0
2022-04-04 00:00:00+00:00,L1 g=5% N=10 tp=2g,1.4676141130198304,0.5576067485442857,0.0054821625160471925,0.6245747117359582,681.3333333333334,52.0
2022-04-04 00:00:00+00:00,L1 g=8% N=5 tp=g,1.558144613664881,0.5803058812879549,0.006382348029011012,0.6390395309456175,679.6666666666666,40.0
2022-04-04 00:00:00+00:00,L1 g=8% N=5 tp=2g,1.5578031438158997,0.5959727902156383,0.008709662478919683,0.6954977542992621,693.75,20.0
2022-04-04 00:00:00+00:00,L1 g=8% N=10 tp=g,1.4123203707844776,0.4521482574654162,0.003191174014505506,0.44626675841358243,679.6666666666666,57.0
2022-04-04 00:00:00+00:00,L1 g=8% N=10 tp=2g,1.3896844847233396,0.4913271936728756,0.004354831239459842,0.5146984511377432,693.75,27.0
2022-04-04 00:00:00+00:00,L2 80% S2 + 20% L1,3.4443378849673048,0.2980610595156692,,,,
2022-05-02 00:00:00+00:00,B1,2.506413631008302,0.6023862433862439,0.025975914279620548,1.0,,
2022-05-02 00:00:00+00:00,B2,3.591547965822833,0.2809527676693755,0.037222005552941556,0.6845102342228084,,
2022-05-02 00:00:00+00:00,S2,4.686402080428269,0.2809527676693756,0.04856883046557167,0.878246041827846,,
2022-05-02 00:00:00+00:00,L1 g=3% N=5 tp=g,1.91755875468376,0.562320067011419,0.009927303344620234,0.7119086825076316,578.125,167.0
2022-05-02 00:00:00+00:00,L1 g=3% N=5 tp=2g,1.830474191110594,0.5665991278223315,0.009890006579238537,0.7389233632958375,581.0,75.0
2022-05-02 00:00:00+00:00,L1 g=3% N=10 tp=g,1.8463175353064656,0.46782041722779943,0.004963651672310117,0.580942253534822,578.125,300.0
2022-05-02 00:00:00+00:00,L1 g=3% N=10 tp=2g,1.7826292393494299,0.4763164920564782,0.006027629497582916,0.6066359475171939,581.0,137.0
2022-05-02 00:00:00+00:00,L1 g=5% N=5 tp=g,1.8668651640720688,0.5473889251808336,0.006046669475043401,0.6657140760153145,581.0,91.0
2022-05-02 00:00:00+00:00,L1 g=5% N=5 tp=2g,1.7857220057456442,0.5473889251808336,0.008075889653649419,0.6896652154914437,581.875,41.0
2022-05-02 00:00:00+00:00,L1 g=5% N=10 tp=g,1.6964056483352572,0.42145333411435004,0.0030233347375217003,0.4568059419229064,581.0,145.0
2022-05-02 00:00:00+00:00,L1 g=5% N=10 tp=2g,1.6387390943042501,0.450210635081268,0.004037944826824709,0.5066847846378584,581.875,66.0
2022-05-02 00:00:00+00:00,L1 g=8% N=5 tp=g,1.8083854098420638,0.46856466929038965,0.004075252876823688,0.5493957879505358,581.2083333333334,52.0
2022-05-02 00:00:00+00:00,L1 g=8% N=5 tp=2g,1.8454573411685233,0.4838464387552307,0.006451436841989064,0.6092990394682254,585.8333333333334,26.0
2022-05-02 00:00:00+00:00,L1 g=8% N=10 tp=g,1.584469497326729,0.2786669479341283,0.002037626438411844,0.3296954495375443,581.2083333333334,75.0
2022-05-02 00:00:00+00:00,L1 g=8% N=10 tp=2g,1.6284683658128416,0.30917546793477846,0.003225718420994532,0.3733803606228751,585.8333333333334,39.0
2022-05-02 00:00:00+00:00,L2 80% S2 + 20% L1,4.088402794009667,0.26410237155732585,,,,
2022-06-06 00:00:00+00:00,B1,3.3902178382390113,0.4969802155349643,0.03339830483697563,1.0,,
2022-06-06 00:00:00+00:00,B2,3.7034302441061024,0.2809527676693757,0.036483877478321075,0.693615357279129,,
2022-06-06 00:00:00+00:00,S2,5.10890411527944,0.2809527676693747,0.050329726633027254,0.8887749872805653,,
2022-06-06 00:00:00+00:00,L1 g=3% N=5 tp=g,2.2570696703875717,0.44490506958488873,0.005685929124528763,0.5689418538783224,504.75,222.0
2022-06-06 00:00:00+00:00,L1 g=3% N=5 tp=2g,2.105436494553077,0.45677261465182306,0.00575242573764307,0.6156791601814916,504.2916666666667,96.0
2022-06-06 00:00:00+00:00,L1 g=3% N=10 tp=g,2.0492353524824267,0.3815821905892933,0.0028429645622643817,0.43712868639528074,504.75,367.0
2022-06-06 00:00:00+00:00,L1 g=3% N=10 tp=2g,1.949914350199348,0.4182260745588431,0.002876212868821535,0.485038160588366,504.2916666666667,164.0
2022-06-06 00:00:00+00:00,L1 g=5% N=5 tp=g,2.1560983788770187,0.42937037957012303,0.0037643945922977416,0.5016171020119194,504.625,121.0
2022-06-06 00:00:00+00:00,L1 g=5% N=5 tp=2g,2.058800154412896,0.41999887047929696,0.003713343057112124,0.5345348873512773,504.875,55.0
2022-06-06 00:00:00+00:00,L1 g=5% N=10 tp=g,1.8347079453715585,0.2587679233998824,0.0018821972961488708,0.3177286687964751,504.625,174.0
2022-06-06 00:00:00+00:00,L1 g=5% N=10 tp=2g,1.8736294052104452,0.23982859287530112,0.001856671528556062,0.32192971515827823,504.875,90.0
2022-06-06 00:00:00+00:00,L1 g=8% N=5 tp=g,2.0055167589598795,0.3167720668225933,0.001837881999817621,0.3849891519444555,504.875,65.0
2022-06-06 00:00:00+00:00,L1 g=8% N=5 tp=2g,1.9794386562785726,0.34753067359609435,0.0019527253368113507,0.46748423794975974,504.875,31.0
2022-06-06 00:00:00+00:00,L1 g=8% N=10 tp=g,1.6046539577962025,0.1560836676868108,0.0009189409999088105,0.21358521477522405,504.875,78.0
2022-06-06 00:00:00+00:00,L1 g=8% N=10 tp=2g,1.6005022409546763,0.17750928289032908,0.0009763626684056754,0.26142953917002937,504.875,38.0
2022-06-06 00:00:00+00:00,L2 80% S2 + 20% L1,4.454064881297865,0.2617173543978689,,,,
2022-07-04 00:00:00+00:00,B1,5.6690627847854485,0.35432082803835097,0.05173220938879878,1.0,,
2022-07-04 00:00:00+00:00,B2,3.8851439729720223,0.28095276766937516,0.03545331726697831,0.6987265174254005,,
2022-07-04 00:00:00+00:00,S2,5.533893219168509,0.28095276766937505,0.05049873914213734,0.8901901806151761,,
2022-07-04 00:00:00+00:00,L1 g=3% N=5 tp=g,2.6927275438869276,0.26516619410395137,0.001837881999817621,0.40349140432503217,237.83333333333334,293.0
2022-07-04 00:00:00+00:00,L1 g=3% N=5 tp=2g,2.5208496528876156,0.24465200477589522,0.003776258319441459,0.4204135056213022,241.125,129.0
2022-07-04 00:00:00+00:00,L1 g=3% N=10 tp=g,2.292385757599938,0.19365021369784952,0.0009189409999088105,0.2948820066088728,237.83333333333334,446.0
2022-07-04 00:00:00+00:00,L1 g=3% N=10 tp=2g,2.2160321209729097,0.18470166513703135,0.0018881291597207296,0.2969456877345984,241.125,207.0
2022-07-04 00:00:00+00:00,L1 g=5% N=5 tp=g,2.436452480921016,0.2282564815727114,0.0018339358270168485,0.3517674417639126,239.79166666666666,148.0
2022-07-04 00:00:00+00:00,L1 g=5% N=5 tp=2g,2.3248324520506105,0.24872285313030085,0.003713343057112124,0.38916080900384314,242.375,67.0
2022-07-04 00:00:00+00:00,L1 g=5% N=10 tp=g,1.8586621635182146,0.13980994893888454,0.0009169679135084243,0.2135023145723942,239.79166666666666,177.0
2022-07-04 00:00:00+00:00,L1 g=5% N=10 tp=2g,1.8492835755131891,0.15266353384004416,0.001856671528556062,0.24191936202240005,242.375,86.0
2022-07-04 00:00:00+00:00,L1 g=8% N=5 tp=g,2.1300933775038136,0.18685397202290588,0.001837881999817621,0.2880690456386743,239.83333333333334,72.0
2022-07-04 00:00:00+00:00,L1 g=8% N=5 tp=2g,2.1218181045887823,0.20956877252190698,0.0019527253368113507,0.3179466366201967,245.0,35.0
2022-07-04 00:00:00+00:00,L1 g=8% N=10 tp=g,1.588561052978737,0.09760692643446478,0.0009189409999088105,0.16561785951207025,239.83333333333334,75.0
2022-07-04 00:00:00+00:00,L1 g=8% N=10 tp=2g,1.5767351826965907,0.11414200035786282,0.0009763626684056754,0.18645817556264574,245.0,36.0
2022-07-04 00:00:00+00:00,L2 80% S2 + 20% L1,4.79884700803845,0.26183151055685405,,,,
2022-08-01 00:00:00+00:00,B1,4.965467652821884,0.3543208280383513,0.04289299109725473,1.0,,
2022-08-01 00:00:00+00:00,B2,3.9628204918349903,0.2809527676693755,0.0342318661525664,0.7023315312643506,,
2022-08-01 00:00:00+00:00,S2,5.751509543516546,0.28095276766937505,0.04968302381461111,0.8906892422706764,,
2022-08-01 00:00:00+00:00,L1 g=3% N=5 tp=g,2.5635718847233906,0.3050223973211258,0.003392297098312163,0.4418033469849014,237.83333333333334,272.0
2022-08-01 00:00:00+00:00,L1 g=3% N=5 tp=2g,2.4296419384736763,0.3120570485577294,0.003392297098312163,0.46568757557806667,241.125,123.0
2022-08-01 00:00:00+00:00,L1 g=3% N=10 tp=g,2.227807928018169,0.20791795117582923,0.0016961485491560815,0.30796078150658596,237.83333333333334,425.0
2022-08-01 00:00:00+00:00,L1 g=3% N=10 tp=2g,2.1645871446053095,0.20945436013526275,0.0016961485491560815,0.32332930236958213,241.125,200.0
2022-08-01 00:00:00+00:00,L1 g=5% N=5 tp=g,2.4014802414351637,0.22412710205675002,0.001684934764486032,0.3583309125282248,239.79166666666666,145.0
2022-08-01 00:00:00+00:00,L1 g=5% N=5 tp=2g,2.3090810743932044,0.2273326142237081,0.003379066324552086,0.38511541107790814,242.375,67.0
2022-08-01 00:00:00+00:00,L1 g=5% N=10 tp=g,1.8565661264583229,0.12895523065132075,0.000842467382243016,0.21009677705392993,239.79166666666666,177.0
2022-08-01 00:00:00+00:00,L1 g=5% N=10 tp=2g,1.8119025157127155,0.13364393617104475,0.001689533162276043,0.23285274693977853,242.375,83.0
2022-08-01 00:00:00+00:00,L1 g=8% N=5 tp=g,2.063861936318313,0.2011980621469932,0.0017093162637496881,0.30294416122683415,239.83333333333334,68.0
2022-08-01 00:00:00+00:00,L1 g=8% N=5 tp=2g,2.1373588136603012,0.18650266047615194,0.0017093162637496881,0.3022354695449422,250.33333333333334,36.0
2022-08-01 00:00:00+00:00,L1 g=8% N=10 tp=g,1.5554453323859867,0.10139238452636679,0.0008546581318748441,0.16967658552547987,239.83333333333334,71.0
2022-08-01 00:00:00+00:00,L1 g=8% N=10 tp=2g,1.568679406830152,0.09457761773459017,0.0008546581318748441,0.1695997373150249,250.33333333333334,36.0
2022-08-01 00:00:00+00:00,L2 80% S2 + 20% L1,4.972520860104901,0.2616426992658222,,,,
2022-09-05 00:00:00+00:00,B1,5.532311219678445,0.29534411455035725,0.0499617786772419,1.0,,
2022-09-05 00:00:00+00:00,B2,3.63809962115211,0.28095276766937527,0.03285533312573186,0.7080001046741381,,
2022-09-05 00:00:00+00:00,S2,5.3416551739284674,0.2809527676693757,0.04823998198450412,0.8941906761144602,,
2022-09-05 00:00:00+00:00,L1 g=3% N=5 tp=g,2.654472029159422,0.2071545398881186,0.006831336556939728,0.3893442562120703,237.83333333333334,294.0
2022-09-05 00:00:00+00:00,L1 g=3% N=5 tp=2g,2.4818875070001964,0.21172270831810946,0.0069976718441004115,0.4088845772076675,241.125,129.0
2022-09-05 00:00:00+00:00,L1 g=3% N=10 tp=g,2.2696444145287753,0.1395550999335453,0.003415668278469864,0.2636749934895864,237.83333333333334,445.0
2022-09-05 00:00:00+00:00,L1 g=3% N=10 tp=2g,2.1731865713866814,0.1413808552635678,0.0034988359220502058,0.27751481661916916,241.125,203.0
2022-09-05 00:00:00+00:00,L1 g=5% N=5 tp=g,2.4668754914756965,0.1893468804283639,0.0034585503060502757,0.31384086981700116,239.79166666666666,153.0
2022-09-05 00:00:00+00:00,L1 g=5% N=5 tp=2g,2.3530637282184355,0.19276978602090333,0.005203123719721903,0.3459317993864185,242.375,70.0
2022-09-05 00:00:00+00:00,L1 g=5% N=10 tp=g,1.8500554048590023,0.09991833529302085,0.0017292751530251379,0.18933644789249993,239.79166666666666,177.0
2022-09-05 00:00:00+00:00,L1 g=5% N=10 tp=2g,1.8142235953108168,0.10224371362840023,0.0026015618598609516,0.2108835726681665,242.375,84.0
2022-09-05 00:00:00+00:00,L1 g=8% N=5 tp=g,2.076667523804932,0.11778341993982422,0.0035672687243471753,0.24124515962510257,239.83333333333334,69.0
2022-09-05 00:00:00+00:00,L1 g=8% N=5 tp=2g,2.134488158329034,0.09087211992349409,0.0035672687243471753,0.2657021806872569,250.33333333333334,36.0
2022-09-05 00:00:00+00:00,L1 g=8% N=10 tp=g,1.5383337619024666,0.060199976250823295,0.0017836343621735876,0.1386779734011595,239.83333333333334,69.0
2022-09-05 00:00:00+00:00,L1 g=8% N=10 tp=2g,1.5672440791645186,0.046424641721402815,0.0017836343621735876,0.15496385933489,250.33333333333334,36.0
2022-09-05 00:00:00+00:00,L2 80% S2 + 20% L1,4.643335220114575,0.26117279341433086,,,,
