symbol,signal_time,entry_time,exit_time,entry_price,stop,qty,cost,proceeds,pnl,risk_usd,r_multiple,return_pct,exit_reason,notional_frac,window,config,regime,year,strategy
ALGOUSDT,2021-12-31 00:00:00+00:00,2022-01-01 00:00:00+00:00,2022-01-08 00:00:00+00:00,1.65932925,1.2641268390676421,376.1686635211914,624.8118539804349,513.3328584051004,-111.47899557533447,150.0,-0.7431933038355631,-0.17842010337215095,trail_stop,0.06241876663141208,0,PULLBACK 1d [prox_atr=0.5 rsi_hi=55 rsi_lo=40 swing=10] exit=trail3ATR,BTC<200D,2022,PULLBACK
AVAXUSDT,2021-12-31 00:00:00+00:00,2022-01-01 00:00:00+00:00,2022-01-05 00:00:00+00:00,109.484715,92.68509210377826,8.79801510038532,964.2114240072144,814.2220803722008,-149.9893436350136,149.9893436350136,-1.0,-0.15555648885766712,stop,0.0963316612187496,0,PULLBACK 1d [prox_atr=0.5 rsi_hi=55 rsi_lo=40 swing=10] exit=trail3ATR,BTC<200D,2022,PULLBACK
BATUSDT,2021-12-31 00:00:00+00:00,2022-01-01 00:00:00+00:00,2022-01-07 00:00:00+00:00,1.2056025,1.0452265623514463,919.2076277508802,1109.3072130495657,959.3395388881329,-149.9676741614328,149.96767416143285,-0.9999999999999997,-0.1351903894586251,stop,0.1108437888597187,0,PULLBACK 1d [prox_atr=0.5 rsi_hi=55 rsi_lo=40 swing=10] exit=trail3ATR,BTC<200D,2022,PULLBACK
COCOSUSDT,2021-12-31 00:00:00+00:00,2022-01-01 00:00:00+00:00,2022-01-07 00:00:00+00:00,2.03931915,1.8173296270046773,661.239294850007,1349.8264346768356,1199.8878272738739,-149.93860740296168,149.93860740296165,-1.0000000000000002,-0.11107991631446953,stop,0.13490300931261148,0,PULLBACK 1d [prox_atr=0.5 rsi_hi=55 rsi_lo=40 swing=10] exit=trail3ATR,BTC<200D,2022,PULLBACK
IOTXUSDT,2021-12-31 00:00:00+00:00,2022-01-01 00:00:00+00:00,2022-01-05 00:00:00+00:00,0.12113053499999998,0.10954023591101308,12623.126083331605,1530.5750618622578,1380.6667901590572,-149.90827170320063,149.90827170320068,-0.9999999999999997,-0.09794245015386996,stop,0.15299816332420885,0,PULLBACK 1d [prox_atr=0.5 rsi_hi=55 rsi_lo=40 swing=10] exit=trail3ATR,BTC<200D,2022,PULLBACK
LRCUSDT,2021-12-31 00:00:00+00:00,2022-01-01 00:00:00+00:00,2022-01-05 00:00:00+00:00,2.0880435,1.7681457306360826,461.6774822077102,964.966668485995,815.0890076492689,-149.87766083672614,149.87766083672616,-0.9999999999999998,-0.15531900295777043,stop,0.09647895427895097,0,PULLBACK 1d [prox_atr=0.5 rsi_hi=55 rsi_lo=40 swing=10] exit=trail3ATR,BTC<200D,2022,PULLBACK
MANAUSDT,2021-12-31 00:00:00+00:00,2022-01-01 00:00:00+00:00,2022-01-05 00:00:00+00:00,3.2704344,2.970961384687019,487.7676070961886,1596.8071734145121,1446.9657418652532,-149.8414315492589,149.84143154925908,-0.9999999999999989,-0.09383815030643143,stop,0.15969000812655548,0,PULLBACK 1d [prox_atr=0.5 rsi_hi=55 rsi_lo=40 swing=10] exit=trail3ATR,BTC<200D,2022,PULLBACK
ONEUSDT,2021-12-31 00:00:00+00:00,2022-01-01 00:00:00+00:00,2022-01-20 00:00:00+00:00,0.23369679,0.2043056217116133,5005.041617563184,1170.8318220007645,1372.4702835953883,201.63846159462378,149.807008562003,1.3459881719163258,0.1722181254435465,trail_stop,0.11711689971001761,0,PULLBACK 1d [prox_atr=0.5 rsi_hi=55 rsi_lo=40 swing=10] exit=trail3ATR,BTC<200D,2022,PULLBACK
SANDUSDT,2021-12-31 00:00:00+00:00,2022-01-01 00:00:00+00:00,2022-01-05 00:00:00+00:00,5.845321199999999,4.721538622536587,117.6965902486713,688.6623485224197,554.875710959563,-133.78663756285675,133.78663756285664,-1.0000000000000009,-0.19427029494193593,stop,0.06889989534123678,0,PULLBACK 1d [prox_atr=0.5 rsi_hi=55 rsi_lo=40 swing=10] exit=trail3ATR,BTC<200D,2022,PULLBACK
AVAXUSDT,2022-01-05 00:00:00+00:00,2022-01-06 00:00:00+00:00,2022-01-07 00:00:00+00:00,97.46871,85.19230719062026,11.23498665843391,1096.1547161212284,955.6992116030074,-140.455504518221,140.45550451822098,-1.0000000000000002,-0.12813474453243828,stop,0.11694732010193705,0,PULLBACK 1d [prox_atr=0.5 rsi_hi=55 rsi_lo=40 swing=10] exit=trail3ATR,BTC<200D,2022,PULLBACK
CHRUSDT,2022-01-05 00:00:00+00:00,2022-01-06 00:00:00+00:00,2022-01-10 00:00:00+00:00,0.7609803,0.6341718082301253,1092.6736604262219,832.3346330431576,691.9037632627857,-140.43086978037195,140.430869780372,-0.9999999999999996,-0.1687192436855988,stop,0.0888162764227353,0,PULLBACK 1d [prox_atr=0.5 rsi_hi=55 rsi_lo=40 swing=10] exit=trail3ATR,BTC<200D,2022,PULLBACK
CRVUSDT,2022-01-05 00:00:00+00:00,2022-01-06 00:00:00+00:00,2022-01-10 00:00:00+00:00,5.403700499999999,4.290860102210957,124.84506207745707,675.2999496948561,534.8894246288194,-140.4105250660367,140.41052506603677,-0.9999999999999996,-0.20792319787597083,stop,0.07206995245404871,0,PULLBACK 1d [prox_atr=0.5 rsi_hi=55 rsi_lo=40 swing=10] exit=trail3ATR,BTC<200D,2022,PULLBACK
MATICUSDT,2022-01-05 00:00:00+00:00,2022-01-06 00:00:00+00:00,2022-01-08 00:00:00+00:00,2.1830909999999997,1.902710475022725,491.90912429030726,1074.956264438107,934.5571705614254,-140.3990938766815,140.39909387668146,-1.0000000000000002,-0.1306091219907164,stop,0.11473176418780394,0,PULLBACK 1d [prox_atr=0.5 rsi_hi=55 rsi_lo=40 swing=10] exit=trail3ATR,BTC<200D,2022,PULLBACK
SANDUSDT,2022-01-05 00:00:00+00:00,2022-01-06 00:00:00+00:00,2022-01-10 00:00:00+00:00,5.0071023,4.428634230487069,237.87688731134403,1192.2649834830447,1051.8900479349134,-140.37493554813136,140.3749355481316,-0.9999999999999983,-0.11773803432358176,stop,0.1272742072780946,0,PULLBACK 1d [prox_atr=0.5 rsi_hi=55 rsi_lo=40 swing=10] exit=trail3ATR,BTC<200D,2022,PULLBACK
ENJUSDT,2022-01-06 00:00:00+00:00,2022-01-07 00:00:00+00:00,2022-01-10 00:00:00+00:00,2.5682835,2.0808249929904465,54.77125718747187,140.80878422494925,113.79850373661974,-27.010280488329514,27.0102804883295,-1.0000000000000004,-0.1918224110590942,stop,0.014714487862754056,0,PULLBACK 1d [prox_atr=0.5 rsi_hi=55 rsi_lo=40 swing=10] exit=trail3ATR,BTC<200D,2022,PULLBACK
ROSEUSDT,2022-01-07 00:00:00+00:00,2022-01-08 00:00:00+00:00,2022-01-10 00:00:00+00:00,0.35775879,0.3156892664496433,3101.8783553752155,1110.833971393373,977.7613476853425,-133.07262370803062,133.07262370803065,-0.9999999999999998,-0.1197952413546654,stop,0.125088566253232,0,PULLBACK 1d [prox_atr=0.5 rsi_hi=55 rsi_lo=40 swing=10] exit=trail3ATR,BTC<200D,2022,PULLBACK
FTMUSDT,2022-01-08 00:00:00+00:00,2022-01-09 00:00:00+00:00,2022-01-21 00:00:00+00:00,2.28564225,1.8801665825406202,313.97840261603346,718.3599449093233,749.3953026346715,31.03535772534815,128.91344705567982,0.24074569747517086,0.0432030738145703,trail_stop,0.0835028058356963,0,PULLBACK 1d [prox_atr=0.5 rsi_hi=55 rsi_lo=40 swing=10] exit=trail3ATR,BTC<200D,2022,PULLBACK
NEARUSDT,2022-01-08 00:00:00+00:00,2022-01-09 00:00:00+00:00,2022-01-21 00:00:00+00:00,13.82691,12.387273092812062,87.56125070549619,1211.9122345253247,1301.3345837525685,89.42234922724379,128.8935350528535,0.6937690799664673,0.07378615932717954,trail_stop,0.14089553046580777,0,PULLBACK 1d [prox_atr=0.5 rsi_hi=55 rsi_lo=40 swing=10] exit=trail3ATR,BTC<200D,2022,PULLBACK
ATOMUSDT,2022-01-09 00:00:00+00:00,2022-01-10 00:00:00+00:00,2022-01-22 00:00:00+00:00,34.987485,27.911993497781815,17.91711441931417,627.5016467610271,566.9721789415578,-60.529467819469346,128.14916911068303,-0.4723360146579629,-0.09646105015326106,trail_stop,0.07337637571191782,0,PULLBACK 1d [prox_atr=0.5 rsi_hi=55 rsi_lo=40 swing=10] exit=trail3ATR,BTC<200D,2022,PULLBACK
LUNAUSDT~20220513,2022-01-09 00:00:00+00:00,2022-01-10 00:00:00+00:00,2022-01-21 00:00:00+00:00,74.49722999999999,58.227438833888456,7.798251595026491,581.5290908152277,500.85544612779216,-80.67364468743557,128.1377543450818,-0.6295852857712579,-0.13872675668613874,trail_stop,0.06800667129393001,0,PULLBACK 1d [prox_atr=0.5 rsi_hi=55 rsi_lo=40 swing=10] exit=trail3ATR,BTC<200D,2022,PULLBACK
MATICUSDT,2022-01-09 00:00:00+00:00,2022-01-10 00:00:00+00:00,2022-01-21 00:00:00+00:00,2.1150569999999997,1.7836779434903178,147.6874386724743,312.6797183272637,270.0696736860211,-42.61004464124261,49.64789996351484,-0.8582446522925603,-0.13627377199005006,trail_stop,0.03656959219753928,0,PULLBACK 1d [prox_atr=0.5 rsi_hi=55 rsi_lo=40 swing=10] exit=trail3ATR,BTC<200D,2022,PULLBACK
ROSEUSDT,2022-01-10 00:00:00+00:00,2022-01-11 00:00:00+00:00,2022-01-20 00:00:00+00:00,0.36135058499999995,0.27826380043362475,1488.9556673184534,538.573036426013,631.1684946614104,92.59545823539736,124.87185029356274,0.7415238744177617,0.17192739326473458,trail_stop,0.06463045916590274,0,PULLBACK 1d [prox_atr=0.5 rsi_hi=55 rsi_lo=40 swing=10] exit=trail3ATR,BTC<200D,2022,PULLBACK
ALGOUSDT,2022-01-11 00:00:00+00:00,2022-01-12 00:00:00+00:00,2022-01-19 00:00:00+00:00,1.4463228,1.2212826760470776,592.6695166900638,858.0486262886734,722.7316497432438,-135.3169765454296,135.31697654542972,-0.9999999999999991,-0.15770315620772862,stop,0.09502038732361527,0,PULLBACK 1d [prox_atr=0.5 rsi_hi=55 rsi_lo=40 swing=10] exit=trail3ATR,BTC<200D,2022,PULLBACK
CHRUSDT,2022-01-11 00:00:00+00:00,2022-01-12 00:00:00+00:00,2022-01-22 00:00:00+00:00,0.7492744499999999,0.574960449377152,769.0829591899655,576.8304654626852,515.8706670171526,-60.959798445532556,135.3012489681071,-0.4505486749786165,-0.10568061518150866,trail_stop,0.06388568645666388,0,PULLBACK 1d [prox_atr=0.5 rsi_hi=55 rsi_lo=40 swing=10] exit=trail3ATR,BTC<200D,2022,PULLBACK
CRVUSDT,2022-01-11 00:00:00+00:00,2022-01-12 00:00:00+00:00,2022-01-21 00:00:00+00:00,4.612305,3.679539065766173,143.47314223655934,662.4036331946971,542.710699058686,-119.6929341360111,135.28021003715583,-0.8847778555572648,-0.18069486358150808,trail_stop,0.07337457834242432,0,PULLBACK 1d [prox_atr=0.5 rsi_hi=55 rsi_lo=40 swing=10] exit=trail3ATR,BTC<200D,2022,PULLBACK
AVAXUSDT,2022-01-12 00:00:00+00:00,2022-01-13 00:00:00+00:00,2022-01-21 00:00:00+00:00,95.997975,74.18838983945413,6.5399832558928175,628.4529742487168,484.46328368609505,-143.98969056262177,143.9896905626218,-0.9999999999999998,-0.22911768495447735,stop,0.06540313545849727,0,PULLBACK 1d [prox_atr=0.5 rsi_hi=55 rsi_lo=40 swing=10] exit=trail3ATR,BTC<200D,2022,PULLBACK
BATUSDT,2022-01-12 00:00:00+00:00,2022-01-13 00:00:00+00:00,2022-01-21 00:00:00+00:00,1.1164579499999998,0.8791801386763283,94.78952888874183,105.93435162769504,83.21210721527324,-22.7222444124218,22.722244412421794,-1.0000000000000002,-0.214493637458403,stop,0.01102575039316832,0,PULLBACK 1d [prox_atr=0.5 rsi_hi=55 rsi_lo=40 swing=10] exit=trail3ATR,BTC<200D,2022,PULLBACK
IOTXUSDT,2022-01-19 00:00:00+00:00,2022-01-20 00:00:00+00:00,2022-01-21 00:00:00+00:00,0.10666330499999999,0.08896300701126217,6769.053706925178,722.7316497432438,601.2923804278979,-121.43926931534588,121.43926931534602,-0.9999999999999988,-0.16802816004873752,stop,0.08434583043329405,0,PULLBACK 1d [prox_atr=0.5 rsi_hi=55 rsi_lo=40 swing=10] exit=trail3ATR,BTC<200D,2022,PULLBACK
ONEUSDT,2022-01-20 00:00:00+00:00,2022-01-21 00:00:00+00:00,2022-01-21 00:00:00+00:00,0.261360615,0.2409786520465059,5884.349768434835,1539.4752116275893,1415.876380355882,-123.59883127170724,123.5988312717073,-0.9999999999999996,-0.0802863406556797,stop,0.18664463796252115,0,PULLBACK 1d [prox_atr=0.5 rsi_hi=55 rsi_lo=40 swing=10] exit=trail3ATR,BTC<200D,2022,PULLBACK
ROSEUSDT,2022-01-20 00:00:00+00:00,2022-01-21 00:00:00+00:00,2022-01-22 00:00:00+00:00,0.42055016999999995,0.33051525145650046,1102.6029706811128,464.1635666292093,363.88063967773445,-100.28292695147485,100.28292695147488,-0.9999999999999997,-0.2160508367335614,stop,0.056288534241010414,0,PULLBACK 1d [prox_atr=0.5 rsi_hi=55 rsi_lo=40 swing=10] exit=trail3ATR,BTC<200D,2022,PULLBACK
FTMUSDT,2022-01-21 00:00:00+00:00,2022-01-22 00:00:00+00:00,2022-01-22 00:00:00+00:00,2.2737363,1.942215952356535,334.903460680754,762.2436377009984,649.4794867952417,-112.76415090575676,112.7641509057568,-0.9999999999999998,-0.14793714939473224,stop,0.1012931170184395,0,PULLBACK 1d [prox_atr=0.5 rsi_hi=55 rsi_lo=40 swing=10] exit=trail3ATR,BTC<200D,2022,PULLBACK
NEARUSDT,2022-01-21 00:00:00+00:00,2022-01-22 00:00:00+00:00,2022-01-22 00:00:00+00:00,13.230611999999999,10.888306228229263,47.53605535697852,629.5600355431429,516.8110057109908,-112.74902983215213,112.74902983215213,-1.0,-0.179091783891396,stop,0.0836722637935313,0,PULLBACK 1d [prox_atr=0.5 rsi_hi=55 rsi_lo=40 swing=10] exit=trail3ATR,BTC<200D,2022,PULLBACK
ATOMUSDT,2022-01-23 00:00:00+00:00,2022-01-24 00:00:00+00:00,2022-02-11 00:00:00+00:00,34.6173,24.828721190339405,10.90787496922545,377.97878135234026,291.9602007546778,-86.01858059766244,107.55630242765135,-0.7997539768115732,-0.22757515723476165,trail_stop,0.05266095593414873,0,PULLBACK 1d [prox_atr=0.5 rsi_hi=55 rsi_lo=40 swing=10] exit=trail3ATR,BTC<200D,2022,PULLBACK
FTMUSDT,2022-01-23 00:00:00+00:00,2022-01-24 00:00:00+00:00,2022-02-14 00:00:00+00:00,2.2777383,1.5795446221849714,153.0212461977372,348.89089553149375,288.9903931930051,-59.90050233848865,107.54944399763963,-0.5569578057493564,-0.17168835044330225,trail_stop,0.04861145816606428,0,PULLBACK 1d [prox_atr=0.5 rsi_hi=55 rsi_lo=40 swing=10] exit=trail3ATR,BTC<200D,2022,PULLBACK
LUNAUSDT~20220513,2022-01-23 00:00:00+00:00,2022-01-24 00:00:00+00:00,2022-01-28 00:00:00+00:00,69.784875,48.53752911568029,5.02769989058141,351.20826581013904,243.66620364532673,-107.54206216481231,107.54206216481235,-0.9999999999999996,-0.3062059542270251,stop,0.04893769953900013,0,PULLBACK 1d [prox_atr=0.5 rsi_hi=55 rsi_lo=40 swing=10] exit=trail3ATR,BTC<200D,2022,PULLBACK
ROSEUSDT,2022-01-23 00:00:00+00:00,2022-01-24 00:00:00+00:00,2022-02-17 00:00:00+00:00,0.35193588,0.2473019961552229,1020.6680844486955,359.5689302088542,289.3430511584484,-70.22587905040581,107.53416918818105,-0.653056415282411,-0.1953057484961656,trail_stop,0.050106360127230076,0,PULLBACK 1d [prox_atr=0.5 rsi_hi=55 rsi_lo=40 swing=10] exit=trail3ATR,BTC<200D,2022,PULLBACK
SANDUSDT,2022-01-29 00:00:00+00:00,2022-01-30 00:00:00+00:00,2022-02-18 00:00:00+00:00,3.89024415,2.318619431265371,65.99409754596873,256.98988506464696,240.09252307110194,-16.89736199354502,104.20413443352138,-0.1621563490297494,-0.0657510780601128,trail_stop,0.036956281049940636,0,PULLBACK 1d [prox_atr=0.5 rsi_hi=55 rsi_lo=40 swing=10] exit=trail3ATR,BTC<200D,2022,PULLBACK
COCOSUSDT,2022-01-30 00:00:00+00:00,2022-01-31 00:00:00+00:00,2022-02-20 00:00:00+00:00,1.33516725,0.8716956382216499,222.08651003055877,296.8191574944581,279.4542435657469,-17.364913928711246,103.5176063601826,-0.167748410529231,-0.05850334619670047,trail_stop,0.04296698580353585,0,PULLBACK 1d [prox_atr=0.5 rsi_hi=55 rsi_lo=40 swing=10] exit=trail3ATR,BTC<200D,2022,PULLBACK
MANAUSDT,2022-01-30 00:00:00+00:00,2022-01-31 00:00:00+00:00,2022-02-20 00:00:00+00:00,2.50535205,1.566673323092941,109.71059411902176,275.1385255446919,296.2857454445699,21.147219899877996,103.51559952901306,0.2042901745833092,0.07686026469035127,trail_stop,0.03982931023924145,0,PULLBACK 1d [prox_atr=0.5 rsi_hi=55 rsi_lo=40 swing=10] exit=trail3ATR,BTC<200D,2022,PULLBACK
ENJUSDT,2022-01-31 00:00:00+00:00,2022-02-01 00:00:00+00:00,2022-02-19 00:00:00+00:00,1.8859424999999999,1.210382090410637,153.7436172885853,290.241573570226,249.12518025081425,-41.11639331941177,104.4320924262363,-0.3937141578241725,-0.14166265987895552,trail_stop,0.04164691358928958,0,PULLBACK 1d [prox_atr=0.5 rsi_hi=55 rsi_lo=40 swing=10] exit=trail3ATR,BTC<200D,2022,PULLBACK
AVAXUSDT,2022-02-01 00:00:00+00:00,2022-02-02 00:00:00+00:00,2022-02-21 00:00:00+00:00,73.35665999999999,51.13785662910484,4.666800274121957,342.6832218776678,345.639689662228,2.956467784560232,104.39091446287236,0.02832112162032768,0.008627407459171262,trail_stop,0.04919118911230937,0,PULLBACK 1d [prox_atr=0.5 rsi_hi=55 rsi_lo=40 swing=10] exit=trail3ATR,BTC<200D,2022,PULLBACK
CRVUSDT,2022-02-01 00:00:00+00:00,2022-02-02 00:00:00+00:00,2022-02-20 00:00:00+00:00,3.4617299999999998,2.128507413519636,77.90565101279972,269.95801760981965,213.0741777861793,-56.88383982364036,104.3839130962278,-0.5449483367346191,-0.21071365217185986,trail_stop,0.03875429478753921,0,PULLBACK 1d [prox_atr=0.5 rsi_hi=55 rsi_lo=40 swing=10] exit=trail3ATR,BTC<200D,2022,PULLBACK
SOLUSDT,2022-02-01 00:00:00+00:00,2022-02-02 00:00:00+00:00,2022-02-18 00:00:00+00:00,110.04499499999999,74.61047330994298,2.9273533702413927,322.46272757843855,268.57718762085955,-53.885539957579,104.37901470441001,-0.5162487891859966,-0.16710625864340067,trail_stop,0.04629387256198684,0,PULLBACK 1d [prox_atr=0.5 rsi_hi=55 rsi_lo=40 swing=10] exit=trail3ATR,BTC<200D,2022,PULLBACK
BATUSDT,2022-02-04 00:00:00+00:00,2022-02-05 00:00:00+00:00,2022-02-17 00:00:00+00:00,0.9016506,0.7289126245015171,605.3025455949867,546.3171748206643,474.2132456760848,-72.10392914457947,105.76610608793034,-0.6817300155177758,-0.13198180922693584,trail_stop,0.07740259478261087,0,PULLBACK 1d [prox_atr=0.5 rsi_hi=55 rsi_lo=40 swing=10] exit=trail3ATR,BTC<200D,2022,PULLBACK
CHRUSDT,2022-02-04 00:00:00+00:00,2022-02-05 00:00:00+00:00,2022-02-17 00:00:00+00:00,0.5870934,0.4470986472512617,748.64263896998,439.9626754501558,372.23668051736746,-67.72599493278835,105.74747260024466,-0.6404502468707858,-0.15393577390057753,trail_stop,0.06234519958118239,0,PULLBACK 1d [prox_atr=0.5 rsi_hi=55 rsi_lo=40 swing=10] exit=trail3ATR,BTC<200D,2022,PULLBACK
IOTXUSDT,2022-02-04 00:00:00+00:00,2022-02-05 00:00:00+00:00,2022-02-13 00:00:00+00:00,0.07919957999999999,0.0654519306278266,7593.124647474323,601.9736552505819,668.2895685557797,66.3159133051978,105.73421608483072,0.6271944481244599,0.11016414543522282,trail_stop,0.08531376671178029,0,PULLBACK 1d [prox_atr=0.5 rsi_hi=55 rsi_lo=40 swing=10] exit=trail3ATR,BTC<200D,2022,PULLBACK
MATICUSDT,2022-02-04 00:00:00+00:00,2022-02-05 00:00:00+00:00,2022-02-18 00:00:00+00:00,1.6948469999999998,1.3845131890998152,336.5741950690052,571.0122065549083,533.4969068042442,-37.5152997506641,105.71954849378591,-0.3548567912477342,-0.06569964585696933,trail_stop,0.08093703192796671,0,PULLBACK 1d [prox_atr=0.5 rsi_hi=55 rsi_lo=40 swing=10] exit=trail3ATR,BTC<200D,2022,PULLBACK
NEARUSDT,2022-02-04 00:00:00+00:00,2022-02-05 00:00:00+00:00,2022-02-18 00:00:00+00:00,12.990492,9.094975859166953,26.951254439490015,350.46016524134563,272.54385009649576,-77.91631514484988,105.70671569216569,-0.7370990067627703,-0.22232573876461117,trail_stop,0.049681335697591936,0,PULLBACK 1d [prox_atr=0.5 rsi_hi=55 rsi_lo=40 swing=10] exit=trail3ATR,BTC<200D,2022,PULLBACK
LRCUSDT,2022-02-06 00:00:00+00:00,2022-02-07 00:00:00+00:00,2022-02-19 00:00:00+00:00,1.1223608999999999,0.7346406454607235,283.820385202782,318.8674518775156,245.9070215888657,-72.96043028864989,110.67411563070756,-0.6592366234224178,-0.22881115604321914,trail_stop,0.04317390310632264,0,PULLBACK 1d [prox_atr=0.5 rsi_hi=55 rsi_lo=40 swing=10] exit=trail3ATR,BTC<200D,2022,PULLBACK
LUNAUSDT~20220513,2022-02-06 00:00:00+00:00,2022-02-07 00:00:00+00:00,2022-04-08 00:00:00+00:00,56.118045,39.86837340513918,6.762258286407596,379.8641995330626,652.4331364023183,272.56893686925565,110.66822666608546,2.462937602602654,0.7175431040995791,trail_stop,0.051435456171613846,0,PULLBACK 1d [prox_atr=0.5 rsi_hi=55 rsi_lo=40 swing=10] exit=trail3ATR,BTC<200D,2022,PULLBACK
ONEUSDT,2022-02-06 00:00:00+00:00,2022-02-07 00:00:00+00:00,2022-02-18 00:00:00+00:00,0.211815855,0.15761314221569137,2024.8291795311677,429.31981481523405,344.02604331581654,-85.29377149941752,110.65867534361561,-0.7707825096818176,-0.1986718724737299,trail_stop,0.05813700406582095,0,PULLBACK 1d [prox_atr=0.5 rsi_hi=55 rsi_lo=40 swing=10] exit=trail3ATR,BTC<200D,2022,PULLBACK
IOTXUSDT,2022-02-13 00:00:00+00:00,2022-02-14 00:00:00+00:00,2022-02-22 00:00:00+00:00,0.08802399,0.06860143105904584,4986.814408213688,439.3982609020579,357.2720400630048,-82.12622083905313,97.80863892867178,-0.8396622398451403,-0.18690611262423523,trail_stop,0.06731909978635542,0,PULLBACK 1d [prox_atr=0.5 rsi_hi=55 rsi_lo=40 swing=10] exit=trail3ATR,BTC<200D,2022,PULLBACK
ATOMUSDT,2022-02-15 00:00:00+00:00,2022-02-16 00:00:00+00:00,2022-02-21 00:00:00+00:00,28.984484999999996,23.816705750011977,20.470536925501,593.9212984295889,486.8096871380404,-107.11161129154851,107.11161129154847,-1.0000000000000004,-0.18034647279827584,stop,0.08309014727322271,0,PULLBACK 1d [prox_atr=0.5 rsi_hi=55 rsi_lo=40 swing=10] exit=trail3ATR,BTC<200D,2022,PULLBACK
FTMUSDT,2022-02-15 00:00:00+00:00,2022-02-16 00:00:00+00:00,2022-02-20 00:00:00+00:00,2.09054475,1.7046836974399031,239.0715882167556,500.2896434743209,406.9303305664572,-93.35931290786368,93.35931290786374,-0.9999999999999994,-0.18661052477424644,stop,0.06999971381221196,0,PULLBACK 1d [prox_atr=0.5 rsi_hi=55 rsi_lo=40 swing=10] exit=trail3ATR,BTC<200D,2022,PULLBACK
AVAXUSDT,2022-02-24 00:00:00+00:00,2022-02-25 00:00:00+00:00,2022-03-13 00:00:00+00:00,76.428195,59.896938556553565,5.493866173853618,420.3061615144274,374.43135810521693,-45.87480340921047,91.7338309752867,-0.5000859870506144,-0.10914615965637177,trail_stop,0.06865835713636116,0,PULLBACK 1d [prox_atr=0.5 rsi_hi=55 rsi_lo=40 swing=10] exit=trail3ATR,BTC<200D,2022,PULLBACK
ATOMUSDT,2022-02-25 00:00:00+00:00,2022-02-26 00:00:00+00:00,2022-03-13 00:00:00+00:00,27.283634999999997,19.970366991452913,12.605944684337036,344.27992959123947,331.19807703554386,-13.081852555695605,92.91208011083326,-0.14079818835280067,-0.03799772055033116,trail_stop,0.055526040293258916,0,PULLBACK 1d [prox_atr=0.5 rsi_hi=55 rsi_lo=40 swing=10] exit=trail3ATR,BTC<200D,2022,PULLBACK
MANAUSDT,2022-02-25 00:00:00+00:00,2022-02-26 00:00:00+00:00,2022-03-13 00:00:00+00:00,2.74167015,2.0420965022658186,131.70869574559168,361.4629014207418,299.4132077639506,-62.04969365679119,92.90434284009275,-0.6678879776760417,-0.17166268906961915,trail_stop,0.058302193726721206,0,PULLBACK 1d [prox_atr=0.5 rsi_hi=55 rsi_lo=40 swing=10] exit=trail3ATR,BTC<200D,2022,PULLBACK
MATICUSDT,2022-02-25 00:00:00+00:00,2022-02-26 00:00:00+00:00,2022-03-14 00:00:00+00:00,1.550775,1.1584144169296666,234.79388305947327,364.4765964855562,314.90770156712676,-49.56889491842941,92.89582427696904,-0.5335965884821655,-0.13600021344688387,trail_stop,0.05879367886051897,0,PULLBACK 1d [prox_atr=0.5 rsi_hi=55 rsi_lo=40 swing=10] exit=trail3ATR,BTC<200D,2022,PULLBACK
COCOSUSDT,2022-02-26 00:00:00+00:00,2022-02-27 00:00:00+00:00,2022-03-14 00:00:00+00:00,1.282641,0.9053616981473644,246.68491273328868,316.7245913362912,269.7988319081295,-46.92575942816171,93.72041677446012,-0.5006994318120608,-0.14815950738203643,trail_stop,0.050641289386481304,0,PULLBACK 1d [prox_atr=0.5 rsi_hi=55 rsi_lo=40 swing=10] exit=trail3ATR,BTC<200D,2022,PULLBACK
FTMUSDT,2022-02-26 00:00:00+00:00,2022-02-27 00:00:00+00:00,2022-03-06 00:00:00+00:00,1.7718854999999998,1.1927467788674788,160.82368030660905,285.246108339108,232.35459984197857,-52.89150849712942,93.7118186668005,-0.564405954868822,-0.18542411956152133,trail_stop,0.04561235998499567,0,PULLBACK 1d [prox_atr=0.5 rsi_hi=55 rsi_lo=40 swing=10] exit=trail3ATR,BTC<200D,2022,PULLBACK
NEARUSDT,2022-02-28 00:00:00+00:00,2022-03-01 00:00:00+00:00,2022-04-18 00:00:00+00:00,9.7618785,6.81774774586205,32.42358167820906,316.8315799423804,489.7085682254975,172.8769882831171,96.10725221644516,1.7987923314442202,0.5456431720428779,trail_stop,0.04940028836190312,0,PULLBACK 1d [prox_atr=0.5 rsi_hi=55 rsi_lo=40 swing=10] exit=trail3ATR,BTC<200D,2022,PULLBACK
ROSEUSDT,2022-02-28 00:00:00+00:00,2022-03-01 00:00:00+00:00,2022-03-15 00:00:00+00:00,0.257238555,0.16479963919434118,1033.9759194335443,266.24444989130114,210.41940793021865,-55.82504196108249,96.1011045212741,-0.5808990670728909,-0.20967588989695005,trail_stop,0.041515413284506184,0,PULLBACK 1d [prox_atr=0.5 rsi_hi=55 rsi_lo=40 swing=10] exit=trail3ATR,BTC<200D,2022,PULLBACK
SANDUSDT,2022-03-01 00:00:00+00:00,2022-03-02 00:00:00+00:00,2022-03-16 00:00:00+00:00,3.3690836999999996,2.4414982399287117,104.10248262805214,351.08070732905526,279.9252760639046,-71.15543126515064,97.29580117960548,-0.7313309557295242,-0.20267542413961023,trail_stop,0.05407170295626612,0,PULLBACK 1d [prox_atr=0.5 rsi_hi=55 rsi_lo=40 swing=10] exit=trail3ATR,BTC<200D,2022,PULLBACK
ATOMUSDT,2022-03-16 00:00:00+00:00,2022-03-17 00:00:00+00:00,2022-04-06 00:00:00+00:00,28.964474999999997,24.488738242760682,19.534649973347815,566.3766916675701,520.865916206933,-45.51077546063709,88.71509101163043,-0.5129992534716634,-0.08035425209084919,trail_stop,0.09566763799734021,0,PULLBACK 1d [prox_atr=0.5 rsi_hi=55 rsi_lo=40 swing=10] exit=trail3ATR,BTC<200D,2022,PULLBACK
AVAXUSDT,2022-03-16 00:00:00+00:00,2022-03-17 00:00:00+00:00,2022-04-07 00:00:00+00:00,74.10703499999998,61.99362442035356,7.223277417613765,535.8309680742145,591.0588195141454,55.22785143993087,88.70529258503916,0.6225992816266915,0.10306954007981416,trail_stop,0.09051810610206384,0,PULLBACK 1d [prox_atr=0.5 rsi_hi=55 rsi_lo=40 swing=10] exit=trail3ATR,BTC<200D,2022,PULLBACK
MANAUSDT,2022-03-16 00:00:00+00:00,2022-03-17 00:00:00+00:00,2022-04-06 00:00:00+00:00,2.49394635,2.1196725728337613,233.43920886905892,582.7670477687828,543.0862069143448,-39.68084085443809,88.69433393037836,-0.4473886785776645,-0.06809039908203897,trail_stop,0.0984591975226179,0,PULLBACK 1d [prox_atr=0.5 rsi_hi=55 rsi_lo=40 swing=10] exit=trail3ATR,BTC<200D,2022,PULLBACK
ROSEUSDT,2022-03-16 00:00:00+00:00,2022-03-17 00:00:00+00:00,2022-04-06 00:00:00+00:00,0.22848418499999998,0.1908221398224232,2322.9172043362732,531.280594099507,584.174155645545,52.893561546038086,88.68123695306517,0.5964459153183912,0.09955861767488407,trail_stop,0.08977375527635337,0,PULLBACK 1d [prox_atr=0.5 rsi_hi=55 rsi_lo=40 swing=10] exit=trail3ATR,BTC<200D,2022,PULLBACK
SANDUSDT,2022-03-20 00:00:00+00:00,2022-03-21 00:00:00+00:00,2022-04-06 00:00:00+00:00,3.08824335,2.542216710485728,161.632152840812,499.65858057797806,498.97273905717395,-0.6858415208041038,89.37077116215812,-0.007674114387574029,-0.0013726203200808828,trail_stop,0.08377897180462814,0,PULLBACK 1d [prox_atr=0.5 rsi_hi=55 rsi_lo=40 swing=10] exit=trail3ATR,BTC<200D,2022,PULLBACK
GALAUSDT,2022-03-31 00:00:00+00:00,2022-04-01 00:00:00+00:00,2022-04-06 00:00:00+00:00,0.25450719,0.2230888632522657,3012.3417937453883,767.4293078909438,671.0122126441621,-96.41709524678174,96.4170952467819,-0.9999999999999983,-0.12563645179483185,stop,0.11927282863325325,0,PULLBACK 1d [prox_atr=0.5 rsi_hi=55 rsi_lo=40 swing=10] exit=trail3ATR,BTC<200D,2022,PULLBACK
ZECUSDT,2022-03-31 00:00:00+00:00,2022-04-01 00:00:00+00:00,2022-04-04 00:00:00+00:00,178.2891,163.1167256171631,6.181298867247679,1103.1602700844805,1006.7613255762067,-96.39894450827387,96.39894450827391,-0.9999999999999996,-0.08738435123383441,stop,0.17148396450202086,0,PULLBACK 1d [prox_atr=0.5 rsi_hi=55 rsi_lo=40 swing=10] exit=trail3ATR,BTC<200D,2022,PULLBACK
ZECUSDT,2022-04-04 00:00:00+00:00,2022-04-05 00:00:00+00:00,2022-04-11 00:00:00+00:00,173.78685,154.9926580162379,5.228430891418312,909.5411675973427,809.1532536976603,-100.38791389968242,100.38791389968235,-1.0000000000000007,-0.11037203974490634,stop,0.13576821647627976,0,PULLBACK 1d [prox_atr=0.5 rsi_hi=55 rsi_lo=40 swing=10] exit=trail3ATR,BTC<200D,2022,PULLBACK
FTTUSDT,2022-04-05 00:00:00+00:00,2022-04-06 00:00:00+00:00,2022-04-06 00:00:00+00:00,48.56426999999999,46.25868029221949,9.699902167577958,471.5397365076809,448.03184057827855,-23.507895929402366,23.507895929402395,-0.9999999999999988,-0.049853478104531807,stop,0.07295521868487853,0,PULLBACK 1d [prox_atr=0.5 rsi_hi=55 rsi_lo=40 swing=10] exit=trail3ATR,BTC<200D,2022,PULLBACK
FTTUSDT,2022-04-06 00:00:00+00:00,2022-04-07 00:00:00+00:00,2022-04-11 00:00:00+00:00,45.04251,43.78341741420381,52.68490724046266,2375.433521688839,2303.266350572721,-72.16717111611797,72.16717111611804,-0.999999999999999,-0.030380631769821104,stop,0.4,0,PULLBACK 1d [prox_atr=0.5 rsi_hi=55 rsi_lo=40 swing=10] exit=trail3ATR,BTC<200D,2022,PULLBACK
AVAXUSDT,2022-04-07 00:00:00+00:00,2022-04-08 00:00:00+00:00,2022-04-11 00:00:00+00:00,87.60378,77.68318307872138,8.96282002306746,785.962090393877,695.2163463006433,-90.74574409323372,90.74574409323368,-1.0000000000000004,-0.11545816929638096,stop,0.12978739465848,0,PULLBACK 1d [prox_atr=0.5 rsi_hi=55 rsi_lo=40 swing=10] exit=trail3ATR,BTC<200D,2022,PULLBACK
ROSEUSDT,2022-04-07 00:00:00+00:00,2022-04-08 00:00:00+00:00,2022-04-12 00:00:00+00:00,0.257138505,0.22023392864802793,2419.898738299241,622.8713929614707,532.1446568288518,-90.72673613261895,90.72673613261887,-1.0000000000000009,-0.14565885856670108,stop,0.10287747091024307,0,PULLBACK 1d [prox_atr=0.5 rsi_hi=55 rsi_lo=40 swing=10] exit=trail3ATR,BTC<200D,2022,PULLBACK
LUNAUSDT~20220513,2022-04-08 00:00:00+00:00,2022-04-09 00:00:00+00:00,2022-04-11 00:00:00+00:00,94.577265,88.91498564434784,7.661919368678871,725.3680219187144,680.2379021279463,-45.13011979076805,45.13011979076792,-1.0000000000000029,-0.062216858790371914,stop,0.1233178136820788,0,PULLBACK 1d [prox_atr=0.5 rsi_hi=55 rsi_lo=40 swing=10] exit=trail3ATR,BTC<200D,2022,PULLBACK
LUNAUSDT~20220513,2022-04-13 00:00:00+00:00,2022-04-14 00:00:00+00:00,2022-04-18 00:00:00+00:00,87.953955,76.57749861450371,7.210233795434201,634.8027473618819,551.3137320482246,-83.48901531365732,83.48901531365743,-0.9999999999999987,-0.13151961874869258,stop,0.11393748801574845,0,PULLBACK 1d [prox_atr=0.5 rsi_hi=55 rsi_lo=40 swing=10] exit=trail3ATR,BTC<200D,2022,PULLBACK
ZECUSDT,2022-04-13 00:00:00+00:00,2022-04-14 00:00:00+00:00,2022-04-18 00:00:00+00:00,152.77634999999998,133.73883533360564,4.3049121724525135,658.3464575466433,574.8706271139954,-83.47583043264785,83.47583043264783,-1.0000000000000004,-0.1267962020236642,stop,0.11818189145932233,0,PULLBACK 1d [prox_atr=0.5 rsi_hi=55 rsi_lo=40 swing=10] exit=trail3ATR,BTC<200D,2022,PULLBACK
FTTUSDT,2022-04-17 00:00:00+00:00,2022-04-18 00:00:00+00:00,2022-04-25 00:00:00+00:00,44.822399999999995,39.806068126514774,15.769049045601447,707.5134305655076,626.7625986905849,-80.75083187492271,80.75083187492271,-1.0,-0.11413328480616894,stop,0.13129399552868248,0,PULLBACK 1d [prox_atr=0.5 rsi_hi=55 rsi_lo=40 swing=10] exit=trail3ATR,BTC<200D,2022,PULLBACK
LUNAUSDT~20220513,2022-04-18 00:00:00+00:00,2022-04-19 00:00:00+00:00,2022-04-30 00:00:00+00:00,91.135545,71.6950648782407,4.062670682831786,370.6239605422322,316.82987843566576,-53.794082106566464,79.78728687823863,-0.6742187159297728,-0.14514464209994507,trail_stop,0.06960765079036307,0,PULLBACK 1d [prox_atr=0.5 rsi_hi=55 rsi_lo=40 swing=10] exit=trail3ATR,BTC<200D,2022,PULLBACK
ZECUSDT,2022-04-18 00:00:00+00:00,2022-04-19 00:00:00+00:00,2022-04-29 00:00:00+00:00,156.27809999999997,122.75864434744533,2.356154885602732,368.5836242365399,313.6105006367262,-54.973123599813675,79.77895755759236,-0.6890679608107015,-0.14914695061041147,trail_stop,0.06923167839625465,0,PULLBACK 1d [prox_atr=0.5 rsi_hi=55 rsi_lo=40 swing=10] exit=trail3ATR,BTC<200D,2022,PULLBACK
AVAXUSDT,2022-04-19 00:00:00+00:00,2022-04-20 00:00:00+00:00,2022-04-25 00:00:00+00:00,80.31013499999999,68.54450344819683,6.707646902098613,539.2307202681111,459.0828976070331,-80.14782266107801,80.14782266107802,-0.9999999999999998,-0.14863363612004094,stop,0.10081846462339548,0,PULLBACK 1d [prox_atr=0.5 rsi_hi=55 rsi_lo=40 swing=10] exit=trail3ATR,BTC<200D,2022,PULLBACK
NEARUSDT,2022-04-21 00:00:00+00:00,2022-04-22 00:00:00+00:00,2022-04-25 00:00:00+00:00,15.64782,13.890605445136476,44.06331202063445,690.1842698778268,611.1482887947866,-79.03598108304016,79.03598108304018,-0.9999999999999997,-0.11451431817915923,stop,0.13085712968723018,0,PULLBACK 1d [prox_atr=0.5 rsi_hi=55 rsi_lo=40 swing=10] exit=trail3ATR,BTC<200D,2022,PULLBACK
NEARUSDT,2022-04-25 00:00:00+00:00,2022-04-26 00:00:00+00:00,2022-04-26 00:00:00+00:00,14.281136999999998,12.855745499753823,52.933997054863354,756.7136215619979,679.4855756834058,-77.22804587859207,77.2280458785921,-0.9999999999999997,-0.10205716360593456,stop,0.14682962425720023,0,PULLBACK 1d [prox_atr=0.5 rsi_hi=55 rsi_lo=40 swing=10] exit=trail3ATR,BTC<200D,2022,PULLBACK
LUNAUSDT~20220513,2022-05-04 00:00:00+00:00,2022-05-05 00:00:00+00:00,2022-05-07 00:00:00+00:00,86.22309,73.061475534957,5.521472929642843,476.5545358025036,402.80205063045855,-73.75248517204506,73.75248517204503,-1.0000000000000004,-0.15476189949141514,stop,0.09682625396986828,0,PULLBACK 1d [prox_atr=0.5 rsi_hi=55 rsi_lo=40 swing=10] exit=trail3ATR,BTC<200D,2022,PULLBACK
NEARUSDT,2022-05-04 00:00:00+00:00,2022-05-05 00:00:00+00:00,2022-05-09 00:00:00+00:00,12.98649,9.39129665288042,20.35793474663116,264.64249412378587,190.90071893262908,-73.74177519115679,73.74177519115678,-1.0000000000000002,-0.2786467662168581,stop,0.053777817659483744,0,PULLBACK 1d [prox_atr=0.5 rsi_hi=55 rsi_lo=40 swing=10] exit=trail3ATR,BTC<200D,2022,PULLBACK
ZECUSDT,2022-05-04 00:00:00+00:00,2022-05-05 00:00:00+00:00,2022-05-09 00:00:00+00:00,134.4672,101.00090545301023,2.184612996160853,294.052551470038,220.31702916459008,-73.73552230544792,73.73552230544789,-1.0000000000000004,-0.25075627447143944,stop,0.0597592822616359,0,PULLBACK 1d [prox_atr=0.5 rsi_hi=55 rsi_lo=40 swing=10] exit=trail3ATR,BTC<200D,2022,PULLBACK
TRXUSDT,2022-06-03 00:00:00+00:00,2022-06-04 00:00:00+00:00,2022-06-11 00:00:00+00:00,0.08116055999999999,0.07479945166447471,10746.019287224362,873.0250960650518,802.5910576330365,-70.43403843201531,70.4340384320153,-1.0000000000000002,-0.08067813714574713,stop,0.1857382373361469,0,PULLBACK 1d [prox_atr=0.5 rsi_hi=55 rsi_lo=40 swing=10] exit=trail3ATR,BTC<200D,2022,PULLBACK
TRXUSDT,2022-06-11 00:00:00+00:00,2022-06-12 00:00:00+00:00,2022-06-13 00:00:00+00:00,0.076248105,0.07201538399902026,15707.089932072,1198.8334782274535,1129.4559503719188,-69.37752785553471,69.37752785553506,-0.9999999999999949,-0.057870862897583995,stop,0.25893885514605847,0,PULLBACK 1d [prox_atr=0.5 rsi_hi=55 rsi_lo=40 swing=10] exit=trail3ATR,BTC<200D,2022,PULLBACK
ETCUSDT,2022-08-19 00:00:00+00:00,2022-08-20 00:00:00+00:00,2022-08-29 00:00:00+00:00,32.93646,30.362802156295814,25.766850387265187,849.5175059432503,781.1806410055483,-68.33686493770199,68.33686493770203,-0.9999999999999993,-0.08044197377878055,stop,0.18628353185644744,0,PULLBACK 1d [prox_atr=0.5 rsi_hi=55 rsi_lo=40 swing=10] exit=trail3ATR,BTC<200D,2022,PULLBACK
ETCUSDT,2022-08-29 00:00:00+00:00,2022-08-30 00:00:00+00:00,2022-09-18 00:00:00+00:00,33.53676,28.60379170134158,13.437110181213983,451.08777638017074,432.4680012606787,-18.619775119492033,67.3118119636365,-0.27661972804343604,-0.041277498736298136,trail_stop,0.100421558882795,0,PULLBACK 1d [prox_atr=0.5 rsi_hi=55 rsi_lo=40 swing=10] exit=trail3ATR,BTC<200D,2022,PULLBACK
CHZUSDT,2022-09-05 00:00:00+00:00,2022-09-06 00:00:00+00:00,2022-09-06 00:00:00+00:00,0.20740365,0.18272326510013553,2723.8617822966617,565.5038146195768,496.9665980213658,-68.53721659821099,68.53721659821096,-1.0000000000000004,-0.12119673612514363,stop,0.12364206713901912,0,PULLBACK 1d [prox_atr=0.5 rsi_hi=55 rsi_lo=40 swing=10] exit=trail3ATR,BTC<200D,2022,PULLBACK
CHZUSDT,2022-09-06 00:00:00+00:00,2022-09-07 00:00:00+00:00,2022-10-02 00:00:00+00:00,0.1850925,0.17145374616441159,4719.214777383554,874.3647524440481,1039.0360964844192,164.67134404037108,66.45098592246718,2.478087296289391,0.18833255066615764,trail_stop,0.19717343145262572,0,PULLBACK 1d [prox_atr=0.5 rsi_hi=55 rsi_lo=40 swing=10] exit=trail3ATR,BTC<200D,2022,PULLBACK
CHZUSDT,2022-10-02 00:00:00+00:00,2022-10-03 00:00:00+00:00,2022-10-10 00:00:00+00:00,0.21580785,0.20146579142207705,4607.987306529591,995.4342732828911,926.9597460344146,-68.47452724847653,68.47452724847652,-1.0000000000000002,-0.06878859718447412,stop,0.21784155511746894,0,PULLBACK 1d [prox_atr=0.5 rsi_hi=55 rsi_lo=40 swing=10] exit=trail3ATR,BTC<200D,2022,PULLBACK
CHZUSDT,2022-10-23 00:00:00+00:00,2022-10-24 00:00:00+00:00,2022-11-08 00:00:00+00:00,0.18569279999999996,0.15492637645081103,2162.8553958084594,402.02830111722375,499.48036270274844,97.45206158552469,67.44740933974937,1.4448599662981039,0.24240099842401278,trail_stop,0.08931996314781065,0,PULLBACK 1d [prox_atr=0.5 rsi_hi=55 rsi_lo=40 swing=10] exit=trail3ATR,BTC<200D,2022,PULLBACK
CHZUSDT,2022-11-08 00:00:00+00:00,2022-11-09 00:00:00+00:00,2022-11-09 00:00:00+00:00,0.21360674999999998,0.15825130202824658,1234.7911503954456,264.023484289297,195.1142940257648,-68.90919026353222,68.90919026353224,-0.9999999999999998,-0.26099644298318075,stop,0.057414632987855145,0,PULLBACK 1d [prox_atr=0.5 rsi_hi=55 rsi_lo=40 swing=10] exit=trail3ATR,BTC<200D,2022,PULLBACK
CHZUSDT,2022-11-10 00:00:00+00:00,2022-11-11 00:00:00+00:00,2022-11-22 00:00:00+00:00,0.21540764999999998,0.12782178593251872,771.3749766184278,166.32623105316262,136.7544637400331,-29.571767313129527,67.87555240957927,-0.4356762672764055,-0.17779376786141174,trail_stop,0.036720158823796985,0,PULLBACK 1d [prox_atr=0.5 rsi_hi=55 rsi_lo=40 swing=10] exit=trail3ATR,BTC<200D,2022,PULLBACK
TWTUSDT,2023-01-09 00:00:00+00:00,2023-01-10 00:00:00+00:00,2023-01-18 00:00:00+00:00,1.4787389999999998,1.2848945866276882,341.8607176777961,506.0282985739446,470.19061706586916,-35.837681508075434,67.43197589988237,-0.5314642056653415,-0.07082149676030138,trail_stop,0.11245171946660136,1,PULLBACK 1d [prox_atr=0.5 rsi_hi=55 rsi_lo=40 swing=10] exit=trail3ATR,BTC<200D,2023,PULLBACK
MASKUSDT,2023-01-17 00:00:00+00:00,2023-01-18 00:00:00+00:00,2023-02-09 00:00:00+00:00,2.7103544999999998,2.154729329661423,120.44525795958357,326.7757962613325,478.5351807877695,151.75938452643697,67.63802694863304,2.243699164106147,0.4644143974637289,trail_stop,0.0723962602787785,1,PULLBACK 1d [prox_atr=0.5 rsi_hi=55 rsi_lo=40 swing=10] exit=trail3ATR,BTC>200D,2023,PULLBACK
XMRUSDT,2023-01-18 00:00:00+00:00,2023-01-19 00:00:00+00:00,2023-02-08 00:00:00+00:00,162.98145,151.4444880287005,5.595903396317287,912.9404780413078,916.9697433547356,4.0292653134278,66.74253248097743,0.06037027909566059,0.004413502753292847,trail_stop,0.20497314434052763,1,PULLBACK 1d [prox_atr=0.5 rsi_hi=55 rsi_lo=40 swing=10] exit=trail3ATR,BTC>200D,2023,PULLBACK
TWTUSDT,2023-01-19 00:00:00+00:00,2023-01-20 00:00:00+00:00,2023-02-08 00:00:00+00:00,1.4481237,1.28027226762329,392.322568641847,568.6997413048306,599.2279614178984,30.528220113067846,67.1732051269792,0.454470202149199,0.053680735009697,trail_stop,0.12686567701091125,1,PULLBACK 1d [prox_atr=0.5 rsi_hi=55 rsi_lo=40 swing=10] exit=trail3ATR,BTC>200D,2023,PULLBACK
QNTUSDT,2023-01-30 00:00:00+00:00,2023-01-31 00:00:00+00:00,2023-02-09 00:00:00+00:00,140.97045,131.7643952098091,7.37171000801163,1040.2324703760019,969.8724031659032,-70.36006721009869,70.36006721009873,-0.9999999999999994,-0.06763879153346018,stop,0.22154468826667387,1,PULLBACK 1d [prox_atr=0.5 rsi_hi=55 rsi_lo=40 swing=10] exit=trail3ATR,BTC>200D,2023,PULLBACK
SFPUSDT,2023-02-08 00:00:00+00:00,2023-02-09 00:00:00+00:00,2023-03-03 00:00:00+00:00,0.5358677999999999,0.439715373131397,717.5994178231547,384.92295973148475,349.35176135827044,-35.571198373214315,69.85661543840556,-0.5092030031798261,-0.09241121495591777,trail_stop,0.08257022306983204,1,PULLBACK 1d [prox_atr=0.5 rsi_hi=55 rsi_lo=40 swing=10] exit=trail3ATR,BTC>200D,2023,PULLBACK
XMRUSDT,2023-02-08 00:00:00+00:00,2023-02-09 00:00:00+00:00,2023-02-09 00:00:00+00:00,165.6828,158.9028237749178,9.722801826832683,1612.5119315452685,1542.6639667800441,-69.84796476522433,69.8479647652245,-0.9999999999999976,-0.04331624678168372,stop,0.3459444457535819,1,PULLBACK 1d [prox_atr=0.5 rsi_hi=55 rsi_lo=40 swing=10] exit=trail3ATR,BTC>200D,2023,PULLBACK
ATOMUSDT,2023-02-09 00:00:00+00:00,2023-02-10 00:00:00+00:00,2023-02-25 00:00:00+00:00,13.535764499999999,12.532271277269256,64.50986775676175,874.0635682595519,807.242884271902,-66.82068398764989,66.82068398764982,-1.000000000000001,-0.07644831155782435,stop,0.19601498947011492,1,PULLBACK 1d [prox_atr=0.5 rsi_hi=55 rsi_lo=40 swing=10] exit=trail3ATR,BTC>200D,2023,PULLBACK
BANDUSDT,2023-02-09 00:00:00+00:00,2023-02-10 00:00:00+00:00,2023-02-13 00:00:00+00:00,1.8809399999999998,1.7280516573616764,424.51574430193,799.2871327313594,732.485124606368,-66.8020081249914,66.80200812499133,-1.000000000000001,-0.08357698427686759,stop,0.17929595228482714,1,PULLBACK 1d [prox_atr=0.5 rsi_hi=55 rsi_lo=40 swing=10] exit=trail3ATR,BTC>200D,2023,PULLBACK
LTCUSDT,2023-02-09 00:00:00+00:00,2023-02-10 00:00:00+00:00,2023-02-24 00:00:00+00:00,92.10603,87.18897591266037,12.992018825209872,1197.8399189510203,1184.6853609617863,-13.154557989234036,66.77767738717084,-0.19699034922950548,-0.010981899819095881,trail_stop,0.26879714655332737,1,PULLBACK 1d [prox_atr=0.5 rsi_hi=55 rsi_lo=40 swing=10] exit=trail3ATR,BTC>200D,2023,PULLBACK
MASKUSDT,2023-02-09 00:00:00+00:00,2023-02-10 00:00:00+00:00,2023-03-03 00:00:00+00:00,3.477738,3.062670169166464,157.74712233781295,549.1517649066058,526.7492372714995,-22.402527635106253,66.74880859581405,-0.3356243820134815,-0.04079478400459343,trail_stop,0.12328380984299654,1,PULLBACK 1d [prox_atr=0.5 rsi_hi=55 rsi_lo=40 swing=10] exit=trail3ATR,BTC>200D,2023,PULLBACK
OPUSDT,2023-02-09 00:00:00+00:00,2023-02-10 00:00:00+00:00,2023-03-04 00:00:00+00:00,2.4012,1.9021987625760728,132.34202813648116,318.09745763927987,311.8178242367558,-6.279633402524041,66.73410087407348,-0.09409931834361028,-0.019741224746426922,trail_stop,0.07142817700375526,1,PULLBACK 1d [prox_atr=0.5 rsi_hi=55 rsi_lo=40 swing=10] exit=trail3ATR,BTC>200D,2023,PULLBACK
QNTUSDT,2023-02-09 00:00:00+00:00,2023-02-10 00:00:00+00:00,2023-02-27 00:00:00+00:00,131.36565000000002,124.59632477867137,2.907848610497265,382.37341424238963,366.2147877126345,-16.15862652975511,20.60944408286027,-0.7840399025218415,-0.042258760488803296,trail_stop,0.08587297392848367,1,PULLBACK 1d [prox_atr=0.5 rsi_hi=55 rsi_lo=40 swing=10] exit=trail3ATR,BTC>200D,2023,PULLBACK
BNBUSDT,2023-02-13 00:00:00+00:00,2023-02-14 00:00:00+00:00,2023-03-03 00:00:00+00:00,294.44715,275.58721012358075,2.485177293226078,732.485124606368,730.4061338684043,-2.07899073796375,48.62902987753681,-0.04275205043570275,-0.002838270250308474,trail_stop,0.16937028996462827,1,PULLBACK 1d [prox_atr=0.5 rsi_hi=55 rsi_lo=40 swing=10] exit=trail3ATR,BTC>200D,2023,PULLBACK
APEUSDT,2023-02-24 00:00:00+00:00,2023-02-25 00:00:00+00:00,2023-03-03 00:00:00+00:00,5.1815895,4.787087312259964,166.71524506712032,864.7138132930471,796.8837128097078,-67.83010048333927,67.83010048333931,-0.9999999999999993,-0.07844225388863077,stop,0.1910324377763305,1,PULLBACK 1d [prox_atr=0.5 rsi_hi=55 rsi_lo=40 swing=10] exit=trail3ATR,BTC>200D,2023,PULLBACK
BANDUSDT,2023-02-24 00:00:00+00:00,2023-02-25 00:00:00+00:00,2023-03-03 00:00:00+00:00,2.0050019999999997,1.7651909926848905,159.4272204082421,319.97154766873916,280.9975049229844,-38.97404274575479,38.97404274575477,-1.0000000000000004,-0.12180471366817877,stop,0.07070571380651924,1,PULLBACK 1d [prox_atr=0.5 rsi_hi=55 rsi_lo=40 swing=10] exit=trail3ATR,BTC>200D,2023,PULLBACK
ATOMUSDT,2023-02-25 00:00:00+00:00,2023-02-26 00:00:00+00:00,2023-03-03 00:00:00+00:00,12.844418999999998,12.036885612948256,62.78496892884591,807.242884271902,754.6022638429597,-52.64062042894227,52.64062042894222,-1.0000000000000009,-0.0652103864333494,stop,0.1829869499979771,1,PULLBACK 1d [prox_atr=0.5 rsi_hi=55 rsi_lo=40 swing=10] exit=trail3ATR,BTC>200D,2023,PULLBACK
BTCUSDT,2023-02-27 00:00:00+00:00,2023-02-28 00:00:00+00:00,2023-03-03 00:00:00+00:00,23503.836045,22268.650109178274,0.015565499098675351,366.2147877126345,346.10289253465317,-20.111895177981353,20.11189517798144,-0.9999999999999956,-0.054918304374325204,stop,0.08207804532139275,1,PULLBACK 1d [prox_atr=0.5 rsi_hi=55 rsi_lo=40 swing=10] exit=trail3ATR,BTC>200D,2023,PULLBACK
BTCUSDT,2023-03-03 00:00:00+00:00,2023-03-04 00:00:00+00:00,2023-03-09 00:00:00+00:00,22365.51717,21513.633320055204,0.06820074058986107,1526.8701795039228,1465.0455902415297,-61.82458926239315,61.82458926239326,-0.9999999999999981,-0.04049105817396986,stop,0.3700820788785472,1,PULLBACK 1d [prox_atr=0.5 rsi_hi=55 rsi_lo=40 swing=10] exit=trail3ATR,BTC>200D,2023,PULLBACK
DYDXUSDT,2023-03-03 00:00:00+00:00,2023-03-04 00:00:00+00:00,2023-03-04 00:00:00+00:00,2.6163075,2.3129484108461513,199.68182305788676,522.951480331302,461.1612056105044,-61.79027472079764,61.79027472079773,-0.9999999999999986,-0.11815680238949137,stop,0.1268231255583445,1,PULLBACK 1d [prox_atr=0.5 rsi_hi=55 rsi_lo=40 swing=10] exit=trail3ATR,BTC>200D,2023,PULLBACK
ETHUSDT,2023-03-03 00:00:00+00:00,2023-03-04 00:00:00+00:00,2023-03-09 00:00:00+00:00,1570.234725,1508.8518296985894,0.947249987224472,1488.8922280188676,1427.1167012209398,-61.775526797927796,61.775526797927945,-0.9999999999999976,-0.04149093240961223,stop,0.3611636112940996,1,PULLBACK 1d [prox_atr=0.5 rsi_hi=55 rsi_lo=40 swing=10] exit=trail3ATR,BTC>200D,2023,PULLBACK
FTMUSDT,2023-03-03 00:00:00+00:00,2023-03-04 00:00:00+00:00,2023-03-08 00:00:00+00:00,0.42681329999999995,0.3668989596097446,576.6771683757685,246.37961875438646,211.26498551922788,-35.11463323515858,35.114633235158564,-1.0000000000000004,-0.14252247573353066,stop,0.059797193911939675,1,PULLBACK 1d [prox_atr=0.5 rsi_hi=55 rsi_lo=40 swing=10] exit=trail3ATR,BTC>200D,2023,PULLBACK
DYDXUSDT,2023-03-04 00:00:00+00:00,2023-03-05 00:00:00+00:00,2023-03-08 00:00:00+00:00,2.3901944999999998,2.133130667214283,229.16116055148706,548.287485309345,488.0976976731825,-60.18978763616252,60.18978763616249,-1.0000000000000004,-0.10977778856689262,stop,0.1365031595246969,1,PULLBACK 1d [prox_atr=0.5 rsi_hi=55 rsi_lo=40 swing=10] exit=trail3ATR,BTC>200D,2023,PULLBACK
LTCUSDT,2023-03-04 00:00:00+00:00,2023-03-05 00:00:00+00:00,2023-03-08 00:00:00+00:00,89.38467,82.9271595576924,2.51124804130792,224.6915445379152,207.93839513530222,-16.75314940261299,16.753149402612983,-1.0000000000000004,-0.07456065797698946,stop,0.055951278961648136,1,PULLBACK 1d [prox_atr=0.5 rsi_hi=55 rsi_lo=40 swing=10] exit=trail3ATR,BTC>200D,2023,PULLBACK
MASKUSDT,2023-03-08 00:00:00+00:00,2023-03-09 00:00:00+00:00,2023-03-09 00:00:00+00:00,3.3856919999999997,2.86107314363737,108.18748236464903,366.6557830356753,309.06815658698224,-57.58762644869307,57.58762644869315,-0.9999999999999987,-0.15706182504992658,stop,0.09540838443874922,1,PULLBACK 1d [prox_atr=0.5 rsi_hi=55 rsi_lo=40 swing=10] exit=trail3ATR,BTC>200D,2023,PULLBACK
TRXUSDT,2023-03-08 00:00:00+00:00,2023-03-09 00:00:00+00:00,2023-03-09 00:00:00+00:00,0.065362665,0.0636556050943322,8263.206374800286,540.6452952920373,525.2106657042455,-15.434629587791846,15.434629587792056,-0.9999999999999865,-0.028548532137793986,stop,0.14069085182135724,1,PULLBACK 1d [prox_atr=0.5 rsi_hi=55 rsi_lo=40 swing=10] exit=trail3ATR,BTC>200D,2023,PULLBACK
BNBUSDT,2023-03-12 00:00:00+00:00,2023-03-13 00:00:00+00:00,2023-03-27 00:00:00+00:00,288.24405,259.3909461077163,1.892856079155701,546.1501068252828,579.791917157069,33.64181033178613,55.89661670630546,0.601857720808908,0.0615981026303239,trail_stop,0.14641436310618758,1,PULLBACK 1d [prox_atr=0.5 rsi_hi=55 rsi_lo=40 swing=10] exit=trail3ATR,BTC>200D,2023,PULLBACK
BTCUSDT,2023-03-12 00:00:00+00:00,2023-03-13 00:00:00+00:00,2023-04-20 00:00:00+00:00,22009.049024999997,19082.879555061503,0.018773336633422025,413.5964696141415,529.8102575100073,116.21378789586583,55.88434264999757,2.0795411091029607,0.28098351033867797,trail_stop,0.1109031439044309,1,PULLBACK 1d [prox_atr=0.5 rsi_hi=55 rsi_lo=40 swing=10] exit=trail3ATR,BTC>200D,2023,PULLBACK
ETHUSDT,2023-03-12 00:00:00+00:00,2023-03-13 00:00:00+00:00,2023-04-20 00:00:00+00:00,1581.1201649999998,1332.0494123861881,0.2211555191357468,350.02312435747916,424.3516362429841,74.32851188550495,55.874782870671666,1.330269364223687,0.21235314672979472,trail_stop,0.09387243214419203,1,PULLBACK 1d [prox_atr=0.5 rsi_hi=55 rsi_lo=40 swing=10] exit=trail3ATR,BTC>200D,2023,PULLBACK
FTMUSDT,2023-03-12 00:00:00+00:00,2023-03-13 00:00:00+00:00,2023-04-21 00:00:00+00:00,0.39409694999999995,0.2810569130043836,490.68229351611694,193.5697716890001,215.92392159306812,22.35414990406801,55.8669165286464,0.4001321585845115,0.11548368171856617,trail_stop,0.051920637644611314,1,PULLBACK 1d [prox_atr=0.5 rsi_hi=55 rsi_lo=40 swing=10] exit=trail3ATR,BTC>200D,2023,PULLBACK
MATICUSDT,2023-03-12 00:00:00+00:00,2023-03-13 00:00:00+00:00,2023-04-12 00:00:00+00:00,1.1497746,0.8970475126553046,218.88411532926182,251.9190635452049,238.3171246562384,-13.601938888966487,55.86403833143193,-0.2434829148631983,-0.05399328934281199,trail_stop,0.06757497407973505,1,PULLBACK 1d [prox_atr=0.5 rsi_hi=55 rsi_lo=40 swing=10] exit=trail3ATR,BTC>200D,2023,PULLBACK
OPUSDT,2023-03-12 00:00:00+00:00,2023-03-13 00:00:00+00:00,2023-03-27 00:00:00+00:00,2.347173,1.607817698527691,75.06658077784273,176.3704458556755,155.1381962720997,-21.232249583575822,55.85804843212667,-0.38011083773138277,-0.12038439592623267,trail_stop,0.047314824778966036,1,PULLBACK 1d [prox_atr=0.5 rsi_hi=55 rsi_lo=40 swing=10] exit=trail3ATR,BTC>200D,2023,PULLBACK
QNTUSDT,2023-03-12 00:00:00+00:00,2023-03-13 00:00:00+00:00,2023-04-14 00:00:00+00:00,125.26259999999999,102.07790650235953,2.3804673974776693,298.48171895870956,284.53689510955024,-13.94482384915932,55.852958723152156,-0.24967028010601908,-0.04671918902707866,trail_stop,0.08008086113252313,1,PULLBACK 1d [prox_atr=0.5 rsi_hi=55 rsi_lo=40 swing=10] exit=trail3ATR,BTC>200D,2023,PULLBACK
TRXUSDT,2023-03-12 00:00:00+00:00,2023-03-13 00:00:00+00:00,2023-03-22 00:00:00+00:00,0.064622295,0.05319679969541915,4827.17119627636,312.25482394233507,287.4797421939112,-24.775081748423872,55.8498214123308,-0.44360180788248516,-0.07934251082378524,trail_stop,0.08378080891922106,1,PULLBACK 1d [prox_atr=0.5 rsi_hi=55 rsi_lo=40 swing=10] exit=trail3ATR,BTC>200D,2023,PULLBACK
TWTUSDT,2023-03-12 00:00:00+00:00,2023-03-13 00:00:00+00:00,2023-03-28 00:00:00+00:00,1.2452222999999998,0.9536390428582499,189.77221441946295,236.54490190881225,203.80884898303123,-32.736052925781024,55.84207979102869,-0.5862255318620894,-0.13839255321765814,trail_stop,0.06347594704561692,1,PULLBACK 1d [prox_atr=0.5 rsi_hi=55 rsi_lo=40 swing=10] exit=trail3ATR,BTC>200D,2023,PULLBACK
DYDXUSDT,2023-03-13 00:00:00+00:00,2023-03-14 00:00:00+00:00,2023-04-12 00:00:00+00:00,2.389194,1.5948733108918474,72.76634691245194,174.0267723645938,174.48883489974511,0.46206253515131834,58.14768937320714,0.00794636107009652,0.0026551232828893527,trail_stop,0.044847762994325094,1,PULLBACK 1d [prox_atr=0.5 rsi_hi=55 rsi_lo=40 swing=10] exit=trail3ATR,BTC>200D,2023,PULLBACK
MASKUSDT,2023-03-13 00:00:00+00:00,2023-03-14 00:00:00+00:00,2023-03-22 00:00:00+00:00,3.2546265,2.3753361540588562,65.61835497806275,213.77680023500795,331.93640831284944,118.15960807784148,58.14486982934595,2.032158785884939,0.5527241868525813,trail_stop,0.05509425963756059,1,PULLBACK 1d [prox_atr=0.5 rsi_hi=55 rsi_lo=40 swing=10] exit=trail3ATR,BTC>200D,2023,PULLBACK
PHAUSDT,2023-03-13 00:00:00+00:00,2023-03-14 00:00:00+00:00,2023-03-29 00:00:00+00:00,0.15537764999999998,0.12266845573118595,1759.1445690530427,273.6050808988742,247.08276282035794,-26.522318078516236,58.137112631001386,-0.4562028776154479,-0.09693649690781517,trail_stop,0.07052252944291511,1,PULLBACK 1d [prox_atr=0.5 rsi_hi=55 rsi_lo=40 swing=10] exit=trail3ATR,BTC>200D,2023,PULLBACK
SFPUSDT,2023-03-13 00:00:00+00:00,2023-03-14 00:00:00+00:00,2023-04-19 00:00:00+00:00,0.46673325,0.3558919655569787,519.7847851166981,242.84344290012618,237.18402709231108,-5.659415807815094,58.13360240798093,-0.09735188554284631,-0.023304791516000012,trail_stop,0.06259740460142955,1,PULLBACK 1d [prox_atr=0.5 rsi_hi=55 rsi_lo=40 swing=10] exit=trail3ATR,BTC>200D,2023,PULLBACK
LTCUSDT,2023-03-14 00:00:00+00:00,2023-03-15 00:00:00+00:00,2023-04-19 00:00:00+00:00,83.96195999999999,61.86822745394569,0.5149398049206041,43.2785906584547,46.19031575771342,2.9117250992587174,11.46794937279374,0.25390111209999033,0.06727864874892585,trail_stop,0.01089798067684768,1,PULLBACK 1d [prox_atr=0.5 rsi_hi=55 rsi_lo=40 swing=10] exit=trail3ATR,BTC>200D,2023,PULLBACK
TRXUSDT,2023-03-23 00:00:00+00:00,2023-03-24 00:00:00+00:00,2023-06-05 00:00:00+00:00,0.065242605,0.05481352408827559,5863.536476967911,382.9349466641788,455.6753241867719,72.74037752259306,62.015789687750825,1.1729331818370852,0.189954920950017,trail_stop,0.09252943392224583,1,PULLBACK 1d [prox_atr=0.5 rsi_hi=55 rsi_lo=40 swing=10] exit=trail3ATR,BTC>200D,2023,PULLBACK
BNBUSDT,2023-03-27 00:00:00+00:00,2023-03-28 00:00:00+00:00,2023-04-20 00:00:00+00:00,310.75530000000003,298.92796781921766,3.1228457773539344,971.4113172717505,997.0336542084717,25.62233693672124,39.305167394598605,0.6518821476954787,0.026376403569893184,trail_stop,0.25221281734379847,1,PULLBACK 1d [prox_atr=0.5 rsi_hi=55 rsi_lo=40 swing=10] exit=trail3ATR,BTC>200D,2023,PULLBACK
OPUSDT,2023-03-30 00:00:00+00:00,2023-03-31 00:00:00+00:00,2023-04-21 00:00:00+00:00,2.3021505,1.8802853120064968,139.35333481327228,321.13316176645924,319.19469567970737,-1.9384660867518733,59.50203816886819,-0.032578145999813665,-0.006036331084865046,trail_stop,0.08087429253429165,1,PULLBACK 1d [prox_atr=0.5 rsi_hi=55 rsi_lo=40 swing=10] exit=trail3ATR,BTC>200D,2023,PULLBACK
MASKUSDT,2023-04-02 00:00:00+00:00,2023-04-03 00:00:00+00:00,2023-04-19 00:00:00+00:00,5.7018495,4.905229745111759,22.73452170488089,129.75845003692996,114.03825799820876,-15.720192038721194,18.407619248394735,-0.854004628550327,-0.12114965949614181,trail_stop,0.03274498240005156,1,PULLBACK 1d [prox_atr=0.5 rsi_hi=55 rsi_lo=40 swing=10] exit=trail3ATR,BTC>200D,2023,PULLBACK
DYDXUSDT,2023-04-12 00:00:00+00:00,2023-04-13 00:00:00+00:00,2023-04-21 00:00:00+00:00,2.4722355,2.1905826804361905,166.8099847243491,412.8059595559835,422.68928995938296,9.883330403399441,47.9428299846586,0.20614824795620207,0.023941830718795843,trail_stop,0.10176716526943262,1,PULLBACK 1d [prox_atr=0.5 rsi_hi=55 rsi_lo=40 swing=10] exit=trail3ATR,BTC>200D,2023,PULLBACK
EOSUSDT,2023-04-17 00:00:00+00:00,2023-04-18 00:00:00+00:00,2023-04-19 00:00:00+00:00,1.2066029999999999,1.1453192938364787,235.58091805430885,284.53689510955024,269.4107825589347,-15.126112550615517,15.126112550615526,-0.9999999999999994,-0.05316046112329923,stop,0.06622829623970664,1,PULLBACK 1d [prox_atr=0.5 rsi_hi=55 rsi_lo=40 swing=10] exit=trail3ATR,BTC>200D,2023,PULLBACK
LTCUSDT,2023-04-19 00:00:00+00:00,2023-04-20 00:00:00+00:00,2023-04-21 00:00:00+00:00,90.50522999999998,84.36055518232021,7.360427968427761,666.823383407168,619.9987055762441,-46.82467783092386,46.82467783092398,-0.9999999999999974,-0.07022050965230221,stop,0.16337053582255903,1,PULLBACK 1d [prox_atr=0.5 rsi_hi=55 rsi_lo=40 swing=10] exit=trail3ATR,BTC>200D,2023,PULLBACK
BNBUSDT,2023-04-20 00:00:00+00:00,2023-04-21 00:00:00+00:00,2023-05-08 00:00:00+00:00,318.159,309.7022218364975,5.04929143694257,1608.0839918004974,1589.767116179174,-18.316875621323334,46.65209835607546,-0.3926270471591326,-0.011390496836433757,trail_stop,0.4,1,PULLBACK 1d [prox_atr=0.5 rsi_hi=55 rsi_lo=40 swing=10] exit=trail3ATR,BTC>200D,2023,PULLBACK
ETHUSDT,2023-04-20 00:00:00+00:00,2023-04-21 00:00:00+00:00,2023-04-24 00:00:00+00:00,1943.95149,1812.561737850775,0.1763257926634744,343.1115561609656,319.1221429009481,-23.9894132600175,23.989413260017518,-0.9999999999999992,-0.06991724070279705,stop,0.08538716400791639,1,PULLBACK 1d [prox_atr=0.5 rsi_hi=55 rsi_lo=40 swing=10] exit=trail3ATR,BTC>200D,2023,PULLBACK
BTCUSDT,2023-04-21 00:00:00+00:00,2023-04-22 00:00:00+00:00,2023-05-10 00:00:00+00:00,27276.471419999998,26603.24388033444,0.05728865036932758,1564.1948667238253,1538.5471026313367,-25.647764092488615,42.416263247448754,-0.6046681656718375,-0.016396783187383385,trail_stop,0.4,1,PULLBACK 1d [prox_atr=0.5 rsi_hi=55 rsi_lo=40 swing=10] exit=trail3ATR,BTC>200D,2023,PULLBACK
DYDXUSDT,2023-04-21 00:00:00+00:00,2023-04-22 00:00:00+00:00,2023-05-08 00:00:00+00:00,2.477238,2.2539001718479548,5.489237585020291,13.611746084577135,12.353641431983968,-1.2581046525931665,1.2581046525931656,-1.0000000000000007,-0.09242786669512364,stop,0.0034829206930711205,1,PULLBACK 1d [prox_atr=0.5 rsi_hi=55 rsi_lo=40 swing=10] exit=trail3ATR,BTC>200D,2023,PULLBACK
ETHUSDT,2023-04-24 00:00:00+00:00,2023-04-25 00:00:00+00:00,2023-05-11 00:00:00+00:00,1842.7609199999997,1766.4935334172214,0.1730030934025814,319.1221429009481,307.8648960623238,-11.257246838624326,13.971557608324892,-0.8057259723079655,-0.03527566823251888,trail_stop,0.08032854195991977,1,PULLBACK 1d [prox_atr=0.5 rsi_hi=55 rsi_lo=40 swing=10] exit=trail3ATR,BTC>200D,2023,PULLBACK
XMRUSDT,2023-05-08 00:00:00+00:00,2023-05-09 00:00:00+00:00,2023-05-31 00:00:00+00:00,153.6768,146.76090865414815,8.042611803557838,1237.1988084586098,1178.5710948888698,-58.62771356974008,58.627713569740216,-0.9999999999999977,-0.04738746365491788,stop,0.31622319130937077,1,PULLBACK 1d [prox_atr=0.5 rsi_hi=55 rsi_lo=40 swing=10] exit=trail3ATR,BTC>200D,2023,PULLBACK
BTCUSDT,2023-05-10 00:00:00+00:00,2023-05-11 00:00:00+00:00,2023-05-12 00:00:00+00:00,27612.53937,26235.59226226284,0.04015596266246645,1109.9169080575625,1051.9357168738852,-57.98119118367731,57.9811911836771,-1.0000000000000038,-0.05223921787546126,stop,0.28685373928720453,1,PULLBACK 1d [prox_atr=0.5 rsi_hi=55 rsi_lo=40 swing=10] exit=trail3ATR,BTC>200D,2023,PULLBACK
LTCUSDT,2023-05-14 00:00:00+00:00,2023-05-15 00:00:00+00:00,2023-05-25 00:00:00+00:00,83.53174499999999,73.03015646442772,5.329203142521157,445.60279559223017,441.50103051408337,-4.101765078146798,56.99385047591396,-0.07196855527212072,-0.00920498057624466,trail_stop,0.11715938673306596,1,PULLBACK 1d [prox_atr=0.5 rsi_hi=55 rsi_lo=40 swing=10] exit=trail3ATR,BTC>200D,2023,PULLBACK
ETHUSDT,2023-05-15 00:00:00+00:00,2023-05-16 00:00:00+00:00,2023-06-10 00:00:00+00:00,1817.118105,1703.9058371161973,0.48542838876781363,882.9627946248837,857.4524001028224,-25.510394522061347,57.07880233704783,-0.4469328976355107,-0.028891811384758444,trail_stop,0.23180603248356318,1,PULLBACK 1d [prox_atr=0.5 rsi_hi=55 rsi_lo=40 swing=10] exit=trail3ATR,BTC>200D,2023,PULLBACK
XRPUSDT,2023-05-16 00:00:00+00:00,2023-05-17 00:00:00+00:00,2023-06-10 00:00:00+00:00,0.4428213,0.3999017726156978,1304.6342521718543,578.2975554068395,630.8643830671191,52.566827660279614,57.3543328104726,0.9165275766346495,0.09089927351205591,trail_stop,0.15109229083363507,1,PULLBACK 1d [prox_atr=0.5 rsi_hi=55 rsi_lo=40 swing=10] exit=trail3ATR,BTC>200D,2023,PULLBACK
BNBUSDT,2023-05-17 00:00:00+00:00,2023-05-18 00:00:00+00:00,2023-06-05 00:00:00+00:00,314.45715,297.0747047968037,0.7830744750784243,246.48961103857823,233.36155213894716,-13.128058899631071,14.206823632710742,-0.9240671411872918,-0.05326009012840866,trail_stop,0.06394782933991938,1,PULLBACK 1d [prox_atr=0.5 rsi_hi=55 rsi_lo=40 swing=10] exit=trail3ATR,BTC>200D,2023,PULLBACK
LTCUSDT,2023-05-25 00:00:00+00:00,2023-05-26 00:00:00+00:00,2023-06-05 00:00:00+00:00,86.61328499999999,80.40870088825724,5.092290063164558,441.50103051408337,436.96268273174326,-4.538347782340111,32.65059389941336,-0.13899740373242192,-0.01027935943219807,trail_stop,0.11564654476612451,1,PULLBACK 1d [prox_atr=0.5 rsi_hi=55 rsi_lo=40 swing=10] exit=trail3ATR,BTC>200D,2023,PULLBACK
BTCUSDT,2023-05-31 00:00:00+00:00,2023-06-01 00:00:00+00:00,2023-06-05 00:00:00+00:00,27223.96518,25450.035782443076,0.031836342913882244,867.5782024370159,809.0211173589537,-58.55708507806219,58.55708507806222,-0.9999999999999994,-0.06749487817187672,stop,0.2220170684189608,1,PULLBACK 1d [prox_atr=0.5 rsi_hi=55 rsi_lo=40 swing=10] exit=trail3ATR,BTC>200D,2023,PULLBACK
MASKUSDT,2023-05-31 00:00:00+00:00,2023-06-01 00:00:00+00:00,2023-06-10 00:00:00+00:00,4.389193499999999,3.5454247749655314,68.5874005926778,301.3444162361407,249.82040329124592,-51.52401294489479,58.53758254260831,-0.8801868937343205,-0.17098048003822755,trail_stop,0.07714105019048764,1,PULLBACK 1d [prox_atr=0.5 rsi_hi=55 rsi_lo=40 swing=10] exit=trail3ATR,BTC>200D,2023,PULLBACK
LTCUSDT,2023-06-05 00:00:00+00:00,2023-06-06 00:00:00+00:00,2023-06-10 00:00:00+00:00,87.74385,81.36771486619561,8.56975663323319,752.6953840034809,696.2559105850555,-56.43947341842534,56.439473418425514,-0.9999999999999969,-0.07498315336840744,stop,0.19984508935481174,1,PULLBACK 1d [prox_atr=0.5 rsi_hi=55 rsi_lo=40 swing=10] exit=trail3ATR,BTC>200D,2023,PULLBACK
BTCUSDT,2023-06-06 00:00:00+00:00,2023-06-07 00:00:00+00:00,2023-06-14 00:00:00+00:00,27243.685035,24884.299253366116,0.023962006891793137,653.4661819350779,595.3836317201669,-58.08255021491095,58.08255021491103,-0.9999999999999987,-0.08888378897116588,stop,0.16859109133923333,1,PULLBACK 1d [prox_atr=0.5 rsi_hi=55 rsi_lo=40 swing=10] exit=trail3ATR,BTC>200D,2023,PULLBACK
TRXUSDT,2023-06-07 00:00:00+00:00,2023-06-08 00:00:00+00:00,2023-06-09 00:00:00+00:00,0.07679837999999999,0.07268107655213862,7004.960483235379,538.5075866935706,508.3646315870811,-30.142955106489524,30.14295510648949,-1.000000000000001,-0.055974986892138076,stop,0.14244267475496192,1,PULLBACK 1d [prox_atr=0.5 rsi_hi=55 rsi_lo=40 swing=10] exit=trail3ATR,BTC>200D,2023,PULLBACK
TRXUSDT,2023-06-09 00:00:00+00:00,2023-06-10 00:00:00+00:00,2023-06-10 00:00:00+00:00,0.072046005,0.0695130455985277,7049.062259764006,508.3646315870811,489.26702861129445,-19.09760297578663,19.09760297578665,-0.9999999999999989,-0.037566742037433175,stop,0.1341450471913979,1,PULLBACK 1d [prox_atr=0.5 rsi_hi=55 rsi_lo=40 swing=10] exit=trail3ATR,BTC>200D,2023,PULLBACK
XRPUSDT,2023-06-10 00:00:00+00:00,2023-06-11 00:00:00+00:00,2023-06-14 00:00:00+00:00,0.50695335,0.45854456102472874,1071.3597409598483,543.6725391444619,512.8857836461178,-30.786755498344064,53.143010666547156,-0.5793189943926894,-0.056627387410059286,trail_stop,0.1533022131007964,1,PULLBACK 1d [prox_atr=0.5 rsi_hi=55 rsi_lo=40 swing=10] exit=trail3ATR,BTC>200D,2023,PULLBACK
TRXUSDT,2023-06-13 00:00:00+00:00,2023-06-14 00:00:00+00:00,2023-07-23 00:00:00+00:00,0.07195596,0.06290464312628981,5789.481339409825,417.004275366999,485.00912101866174,68.00484565166272,53.36511361879373,1.2743315068613155,0.16307949263065158,trail_stop,0.11709551224470992,1,PULLBACK 1d [prox_atr=0.5 rsi_hi=55 rsi_lo=40 swing=10] exit=trail3ATR,BTC>200D,2023,PULLBACK
XRPUSDT,2023-06-14 00:00:00+00:00,2023-06-15 00:00:00+00:00,2023-06-28 00:00:00+00:00,0.4804401,0.4455102381150375,1447.8100124071482,696.2815731290333,656.29802955237,-39.98354357666324,52.234588524156884,-0.7654610614606848,-0.057424388522850624,trail_stop,0.19974867423915987,1,PULLBACK 1d [prox_atr=0.5 rsi_hi=55 rsi_lo=40 swing=10] exit=trail3ATR,BTC>200D,2023,PULLBACK
BTCUSDT,2023-06-16 00:00:00+00:00,2023-06-17 00:00:00+00:00,2023-07-24 00:00:00+00:00,26358.182504999997,24337.467531056653,0.024997869582533503,659.5573071012986,738.155064344043,78.59775724274436,52.08474085734697,1.5090361581717944,0.11916744215627781,trail_stop,0.18975761360623047,1,PULLBACK 1d [prox_atr=0.5 rsi_hi=55 rsi_lo=40 swing=10] exit=trail3ATR,BTC>200D,2023,PULLBACK
ETHUSDT,2023-06-20 00:00:00+00:00,2023-06-21 00:00:00+00:00,2023-07-22 00:00:00+00:00,1792.8859949999999,1595.0326523732808,0.26321109577096696,472.37939482370666,489.4856495041441,17.106254680437416,53.1786381252499,0.3216753057900358,0.036212956932258906,trail_stop,0.13311007125405377,1,PULLBACK 1d [prox_atr=0.5 rsi_hi=55 rsi_lo=40 swing=10] exit=trail3ATR,BTC>200D,2023,PULLBACK
LTCUSDT,2023-06-20 00:00:00+00:00,2023-06-21 00:00:00+00:00,2023-07-07 00:00:00+00:00,80.38016999999999,68.66595484780922,4.468817331152141,359.56350107373225,421.13461816812884,61.571117094396584,53.168021975553515,1.1580479168983715,0.17123850699676768,trail_stop,0.1013403217093866,1,PULLBACK 1d [prox_atr=0.5 rsi_hi=55 rsi_lo=40 swing=10] exit=trail3ATR,BTC>200D,2023,PULLBACK
MASKUSDT,2023-06-20 00:00:00+00:00,2023-06-21 00:00:00+00:00,2023-06-28 00:00:00+00:00,3.8159069999999997,3.1310369107775076,76.66675604115444,292.84576425577825,246.67433903588466,-46.17142521989359,53.159270902619305,-0.8685488802973518,-0.15766465100573013,trail_stop,0.08255000663402212,1,PULLBACK 1d [prox_atr=0.5 rsi_hi=55 rsi_lo=40 swing=10] exit=trail3ATR,BTC>200D,2023,PULLBACK
XRPUSDT,2023-06-29 00:00:00+00:00,2023-06-30 00:00:00+00:00,2023-07-14 00:00:00+00:00,0.47493735,0.4370393861053226,1365.1074339339773,648.9888476450411,1071.4144046435174,422.4255569984763,53.27774302020736,7.9287434686986895,0.6508980216398392,trail_stop,0.18253602828820992,1,PULLBACK 1d [prox_atr=0.5 rsi_hi=55 rsi_lo=40 swing=10] exit=trail3ATR,BTC>200D,2023,PULLBACK
LTCUSDT,2023-07-07 00:00:00+00:00,2023-07-08 00:00:00+00:00,2023-07-24 00:00:00+00:00,98.26911,77.84549735327843,2.625825843368792,258.2956062114934,234.02514088730476,-24.27046532418865,54.193398345108854,-0.4478491119828278,-0.09396391088556072,trail_stop,0.07142131048868042,1,PULLBACK 1d [prox_atr=0.5 rsi_hi=55 rsi_lo=40 swing=10] exit=trail3ATR,BTC>200D,2023,PULLBACK
XMRUSDT,2023-07-14 00:00:00+00:00,2023-07-15 00:00:00+00:00,2023-08-01 00:00:00+00:00,160.78034999999997,152.60923456093212,7.111974949889606,1144.6092874561175,1118.7845301255284,-25.824757330589136,60.8837210403932,-0.4241652265875101,-0.022562072153008993,trail_stop,0.2817171327806622,1,PULLBACK 1d [prox_atr=0.5 rsi_hi=55 rsi_lo=40 swing=10] exit=trail3ATR,BTC>200D,2023,PULLBACK
ETHUSDT,2023-07-22 00:00:00+00:00,2023-07-23 00:00:00+00:00,2023-08-01 00:00:00+00:00,1867.4532599999998,1823.7403516495149,0.761634146361797,1423.7384857202053,1386.9400860367336,-36.798399683471644,36.798399683471594,-1.0000000000000013,-0.025846319427726215,stop,0.35115897515780764,1,PULLBACK 1d [prox_atr=0.5 rsi_hi=55 rsi_lo=40 swing=10] exit=trail3ATR,BTC>200D,2023,PULLBACK
BTCUSDT,2023-07-24 00:00:00+00:00,2023-07-25 00:00:00+00:00,2023-08-17 00:00:00+00:00,29191.088249999997,28472.402242807395,0.04986911005818197,1457.1893262500096,1425.2467498774138,-31.942576372595795,39.42509527754089,-0.8102092372315045,-0.02192067687923444,trail_stop,0.36284923536004743,1,PULLBACK 1d [prox_atr=0.5 rsi_hi=55 rsi_lo=40 swing=10] exit=trail3ATR,BTC>200D,2023,PULLBACK
ETHUSDT,2023-08-01 00:00:00+00:00,2023-08-02 00:00:00+00:00,2023-08-17 00:00:00+00:00,1874.41674,1791.114341022662,0.6806883040323009,1277.1694453521543,1217.3624068392617,-59.80703851289263,59.807038512892724,-0.9999999999999984,-0.04682780247408912,stop,0.32000252399856927,1,PULLBACK 1d [prox_atr=0.5 rsi_hi=55 rsi_lo=40 swing=10] exit=trail3ATR,BTC>200D,2023,PULLBACK
LTCUSDT,2023-08-01 00:00:00+00:00,2023-08-02 00:00:00+00:00,2023-08-03 00:00:00+00:00,93.99697499999999,85.03131450632355,6.506713833541308,612.22302896108,552.4447953741387,-59.77823358694127,59.778233586941326,-0.999999999999999,-0.09764126920933167,stop,0.15347009626522592,1,PULLBACK 1d [prox_atr=0.5 rsi_hi=55 rsi_lo=40 swing=10] exit=trail3ATR,BTC>200D,2023,PULLBACK
TRXUSDT,2023-08-01 00:00:00+00:00,2023-08-02 00:00:00+00:00,2023-08-16 00:00:00+00:00,0.07869932999999998,0.07495503089804904,7823.655238533852,616.3321418490277,585.5429798709382,-30.78916197808951,30.78916197808947,-1.0000000000000013,-0.04995547025297182,stop,0.15453824818380177,1,PULLBACK 1d [prox_atr=0.5 rsi_hi=55 rsi_lo=40 swing=10] exit=trail3ATR,BTC>200D,2023,PULLBACK
LINKUSDT,2023-08-03 00:00:00+00:00,2023-08-04 00:00:00+00:00,2023-08-15 00:00:00+00:00,7.128562499999999,6.860351485200171,77.41994300697611,552.4447953741387,534.0164308882976,-18.428364485841144,22.113200849595007,-0.8333648579951577,-0.033357838901099036,trail_stop,0.14292423539791424,1,PULLBACK 1d [prox_atr=0.5 rsi_hi=55 rsi_lo=40 swing=10] exit=trail3ATR,BTC>200D,2023,PULLBACK
LINKUSDT,2023-08-15 00:00:00+00:00,2023-08-16 00:00:00+00:00,2023-08-16 00:00:00+00:00,7.0445205,6.620895705254773,75.73020022304672,534.0164308882976,500.64990547961054,-33.36652540868704,33.36652540868694,-1.0000000000000029,-0.062482207435423376,stop,0.13920271912732923,1,PULLBACK 1d [prox_atr=0.5 rsi_hi=55 rsi_lo=40 swing=10] exit=trail3ATR,BTC>200D,2023,PULLBACK
SOLUSDT,2023-08-16 00:00:00+00:00,2023-08-17 00:00:00+00:00,2023-08-17 00:00:00+00:00,22.831409999999998,21.614189515617095,44.19988823181622,1010.1549159449456,953.9122213427327,-56.242694602212964,56.24269460221319,-0.999999999999996,-0.055677296337860165,stop,0.269140492995261,1,PULLBACK 1d [prox_atr=0.5 rsi_hi=55 rsi_lo=40 swing=10] exit=trail3ATR,BTC>200D,2023,PULLBACK
TRXUSDT,2023-08-20 00:00:00+00:00,2023-08-21 00:00:00+00:00,2023-10-06 00:00:00+00:00,0.075947955,0.07094840032904513,10630.94601502747,808.2060081662922,906.4807081355027,98.27469996921047,55.08839021197516,1.7839457568293118,0.12159610170701673,trail_stop,0.2198463069396124,1,PULLBACK 1d [prox_atr=0.5 rsi_hi=55 rsi_lo=40 swing=10] exit=trail3ATR,BTC<200D,2023,PULLBACK
SFPUSDT,2023-08-28 00:00:00+00:00,2023-08-29 00:00:00+00:00,2023-09-20 00:00:00+00:00,0.5010504,0.37450921757395456,432.10932833044774,216.72506035550586,240.30321330573574,23.578152950229878,55.13879637128874,0.427614574526825,0.10879292367736965,trail_stop,0.058899150703017544,1,PULLBACK 1d [prox_atr=0.5 rsi_hi=55 rsi_lo=40 swing=10] exit=trail3ATR,BTC<200D,2023,PULLBACK
ETHUSDT,2023-08-29 00:00:00+00:00,2023-08-30 00:00:00+00:00,2023-09-10 00:00:00+00:00,1730.274705,1554.921930924414,0.308271080086895,533.927045809541,492.6821580563282,-41.24488775321282,55.30834923858526,-0.7457262478634742,-0.07724817103182563,trail_stop,0.14465998158518556,1,PULLBACK 1d [prox_atr=0.5 rsi_hi=55 rsi_lo=40 swing=10] exit=trail3ATR,BTC>200D,2023,PULLBACK
BTCUSDT,2023-08-30 00:00:00+00:00,2023-08-31 00:00:00+00:00,2023-09-06 00:00:00+00:00,27313.639995,24925.868785400642,0.02239591721816372,612.3257342750005,569.3203977682174,-43.005336506783124,54.92511778837251,-0.7829812340591326,-0.0702327766081918,trail_stop,0.16705854576726387,1,PULLBACK 1d [prox_atr=0.5 rsi_hi=55 rsi_lo=40 swing=10] exit=trail3ATR,BTC<200D,2023,PULLBACK
BTCUSDT,2023-09-07 00:00:00+00:00,2023-09-08 00:00:00+00:00,2023-09-11 00:00:00+00:00,26268.1275,24976.153545661095,0.04060745775142351,1067.7485595429212,1012.6972798577018,-55.051279685219356,55.051279685219384,-0.9999999999999994,-0.051558280452080926,stop,0.2906422567552905,1,PULLBACK 1d [prox_atr=0.5 rsi_hi=55 rsi_lo=40 swing=10] exit=trail3ATR,BTC<200D,2023,PULLBACK
BTCUSDT,2023-09-12 00:00:00+00:00,2023-09-13 00:00:00+00:00,2023-10-11 00:00:00+00:00,25853.020049999996,24530.00693392103,0.039172826263271635,1013.7485986623274,1042.7064235580187,28.957824895691374,54.279782897929266,0.5334919071092322,0.028565094870564675,trail_stop,0.2798654882345236,1,PULLBACK 1d [prox_atr=0.5 rsi_hi=55 rsi_lo=40 swing=10] exit=trail3ATR,BTC<200D,2023,PULLBACK
XRPUSDT,2023-09-15 00:00:00+00:00,2023-09-16 00:00:00+00:00,2023-10-09 00:00:00+00:00,0.5006501999999999,0.44828503100824896,1034.5403993191032,518.460800685016,513.5939971737137,-4.866803511302351,55.387247274960046,-0.08786866563600784,-0.009387023097738709,trail_stop,0.14026952501970927,1,PULLBACK 1d [prox_atr=0.5 rsi_hi=55 rsi_lo=40 swing=10] exit=trail3ATR,BTC<200D,2023,PULLBACK
SFPUSDT,2023-09-20 00:00:00+00:00,2023-09-21 00:00:00+00:00,2023-11-13 00:00:00+00:00,0.5608803,0.5303020717700399,1745.394504248736,979.9363505545437,1158.502962057539,178.56661150299533,55.73794558472505,3.2036812557356154,0.18222266313719754,trail_stop,0.2634535726671091,1,PULLBACK 1d [prox_atr=0.5 rsi_hi=55 rsi_lo=40 swing=10] exit=trail3ATR,BTC<200D,2023,PULLBACK
LINKUSDT,2023-10-09 00:00:00+00:00,2023-10-10 00:00:00+00:00,2023-11-17 00:00:00+00:00,7.279637999999999,6.932511301110932,155.52907774362043,1133.3275798318607,2048.5448846561526,915.2173048242919,56.73726225297033,16.130797794642938,0.8075487803447549,trail_stop,0.29932587672261374,1,PULLBACK 1d [prox_atr=0.5 rsi_hi=55 rsi_lo=40 swing=10] exit=trail3ATR,BTC<200D,2023,PULLBACK
TRXUSDT,2023-10-09 00:00:00+00:00,2023-10-10 00:00:00+00:00,2023-11-14 00:00:00+00:00,0.086173065,0.08432644164768535,6065.800899898113,523.2313638792025,630.9479092884612,107.71654540925874,12.49096360221167,8.623557704562224,0.20586790633240226,trail_stop,0.13825395985502756,1,PULLBACK 1d [prox_atr=0.5 rsi_hi=55 rsi_lo=40 swing=10] exit=trail3ATR,BTC<200D,2023,PULLBACK
BTCUSDT,2023-10-11 00:00:00+00:00,2023-10-12 00:00:00+00:00,2023-12-11 00:00:00+00:00,26888.957759999998,26207.69382401215,0.03873949924339573,1042.7064235580187,1584.686337503428,541.9799139454092,28.955890257685326,18.717432243395095,0.5197818884590885,trail_stop,0.27676299217413225,1,PULLBACK 1d [prox_atr=0.5 rsi_hi=55 rsi_lo=40 swing=10] exit=trail3ATR,BTC<200D,2023,PULLBACK
BANDUSDT,2023-11-13 00:00:00+00:00,2023-11-14 00:00:00+00:00,2023-12-11 00:00:00+00:00,1.4627309999999998,1.2495871387302016,377.80273974240845,553.1764030854589,539.0411206241145,-14.135282461344445,81.78686864442814,-0.17283070859208685,-0.025552938235437927,trail_stop,0.10135314906883915,1,PULLBACK 1d [prox_atr=0.5 rsi_hi=55 rsi_lo=40 swing=10] exit=trail3ATR,BTC>200D,2023,PULLBACK
SFPUSDT,2023-11-13 00:00:00+00:00,2023-11-14 00:00:00+00:00,2023-11-14 00:00:00+00:00,0.66043005,0.6321402460634207,915.6485794899023,605.3265589720801,577.9503802780081,-27.376178694071996,27.376178694071992,-1.0000000000000002,-0.045225470926899616,stop,0.11091729093279337,1,PULLBACK 1d [prox_atr=0.5 rsi_hi=55 rsi_lo=40 swing=10] exit=trail3ATR,BTC>200D,2023,PULLBACK
SFPUSDT,2023-11-14 00:00:00+00:00,2023-11-15 00:00:00+00:00,2023-12-11 00:00:00+00:00,0.65662815,0.5987659427731763,1338.5242593465885,879.7916208530153,840.0940145500156,-39.6976063029997,79.53067415932622,-0.4991483691370738,-0.04512160079964195,trail_stop,0.16576862652719085,1,PULLBACK 1d [prox_atr=0.5 rsi_hi=55 rsi_lo=40 swing=10] exit=trail3ATR,BTC>200D,2023,PULLBACK
TWTUSDT,2023-11-14 00:00:00+00:00,2023-11-15 00:00:00+00:00,2023-11-21 00:00:00+00:00,1.18229085,1.0526885073470376,278.0854565715632,329.10666871345416,292.2984045156306,-36.808264197823576,36.80826419782358,-0.9999999999999998,-0.1118429606477276,stop,0.06202662502381998,1,PULLBACK 1d [prox_atr=0.5 rsi_hi=55 rsi_lo=40 swing=10] exit=trail3ATR,BTC>200D,2023,PULLBACK
XMRUSDT,2023-11-17 00:00:00+00:00,2023-11-18 00:00:00+00:00,2023-12-11 00:00:00+00:00,162.98145,153.96502723304317,8.361793395981177,1364.1800294897137,1367.7389294325137,3.5588999428000534,78.68677347041115,0.04522869328399033,0.002608819852121203,trail_stop,0.2597928124711901,1,PULLBACK 1d [prox_atr=0.5 rsi_hi=55 rsi_lo=40 swing=10] exit=trail3ATR,BTC>200D,2023,PULLBACK
XRPUSDT,2023-11-17 00:00:00+00:00,2023-11-18 00:00:00+00:00,2023-12-11 00:00:00+00:00,0.6135065999999999,0.5646493074360522,1114.3827531642637,684.3648551664389,676.7656436835133,-7.599211482925625,56.07294393052064,-0.1355236759521976,-0.01110403526066148,trail_stop,0.13038042350509013,1,PULLBACK 1d [prox_atr=0.5 rsi_hi=55 rsi_lo=40 swing=10] exit=trail3ATR,BTC>200D,2023,PULLBACK
ADAUSDT,2023-11-21 00:00:00+00:00,2023-11-22 00:00:00+00:00,2023-12-11 00:00:00+00:00,0.35677829999999994,0.3277023366271592,818.4533591799533,292.2984045156306,444.84250028343104,152.54409576780046,24.4915058048086,6.228449037945651,0.5218779624219372,trail_stop,0.058678339183232175,1,PULLBACK 1d [prox_atr=0.5 rsi_hi=55 rsi_lo=40 swing=10] exit=trail3ATR,BTC>200D,2023,PULLBACK
APTUSDT,2023-12-11 00:00:00+00:00,2023-12-12 00:00:00+00:00,2023-12-31 00:00:00+00:00,7.791793949999999,6.60253800754897,67.77219215788071,528.5950237908463,635.2168524663556,106.62182867550928,81.79752819115524,1.3034847266575262,0.20170796900596105,window_end,0.09683672022459332,1,PULLBACK 1d [prox_atr=0.5 rsi_hi=55 rsi_lo=40 swing=10] exit=trail3ATR,BTC>200D,2023,PULLBACK
ARUSDT,2023-12-11 00:00:00+00:00,2023-12-12 00:00:00+00:00,2023-12-18 00:00:00+00:00,7.7148555,7.054569833705829,120.52924555998338,930.7955787323076,1087.735790757887,156.94021202557929,81.7885967542468,1.9188519946997418,0.16860867800782126,trail_stop,0.1705370461019077,1,PULLBACK 1d [prox_atr=0.5 rsi_hi=55 rsi_lo=40 swing=10] exit=trail3ATR,BTC>200D,2023,PULLBACK
ATOMUSDT,2023-12-11 00:00:00+00:00,2023-12-12 00:00:00+00:00,2023-12-31 00:00:00+00:00,9.8659305,8.879896228994706,81.0156461779436,800.0940293387862,857.4781300948976,57.384100756111366,81.76225444490746,0.7018409796268225,0.071721696015573,window_end,0.14663760313925014,1,PULLBACK 1d [prox_atr=0.5 rsi_hi=55 rsi_lo=40 swing=10] exit=trail3ATR,BTC>200D,2023,PULLBACK
BANDUSDT,2023-12-11 00:00:00+00:00,2023-12-12 00:00:00+00:00,2023-12-18 00:00:00+00:00,1.536768,1.33363077758732,395.5173323059589,608.4261981128969,604.1156248483353,-4.31057326456164,81.74305807454351,-0.05273320286880779,-0.007084792334602575,trail_stop,0.11153577943809233,1,PULLBACK 1d [prox_atr=0.5 rsi_hi=55 rsi_lo=40 swing=10] exit=trail3ATR,BTC>200D,2023,PULLBACK
DYDXUSDT,2023-12-11 00:00:00+00:00,2023-12-12 00:00:00+00:00,2023-12-31 00:00:00+00:00,2.851425,2.453384541725659,201.98573988172004,576.5231355305757,594.9644436810639,18.441308150488226,81.71751891921018,0.22567141531450777,0.03198710860669389,window_end,0.10572038822757986,1,PULLBACK 1d [prox_atr=0.5 rsi_hi=55 rsi_lo=40 swing=10] exit=trail3ATR,BTC>200D,2023,PULLBACK
ETCUSDT,2023-12-11 00:00:00+00:00,2023-12-12 00:00:00+00:00,2023-12-31 00:00:00+00:00,20.180085000000002,17.93201462521193,35.59895235415121,719.1082743021392,779.158932214108,60.050657911968756,81.70456226619508,0.734973130586301,0.08350711576812977,window_end,0.13188796276954395,1,PULLBACK 1d [prox_atr=0.5 rsi_hi=55 rsi_lo=40 swing=10] exit=trail3ATR,BTC>200D,2023,PULLBACK
FILUSDT,2023-12-11 00:00:00+00:00,2023-12-12 00:00:00+00:00,2023-12-18 00:00:00+00:00,4.616307,4.254474155259909,219.09003656150483,1012.3982562785396,1080.2411051103657,67.84284883182602,81.68306134355832,0.8305620249280267,0.06701201667534334,trail_stop,0.18572765015905415,1,PULLBACK 1d [prox_atr=0.5 rsi_hi=55 rsi_lo=40 swing=10] exit=trail3ATR,BTC>200D,2023,PULLBACK
GMTUSDT,2023-12-11 00:00:00+00:00,2023-12-12 00:00:00+00:00,2023-12-18 00:00:00+00:00,0.27153569999999994,0.23792795272143283,1019.9435981789218,277.2280499909242,242.30920390427963,-34.91884608664458,34.91884608664458,-1.0,-0.12595711757085093,stop,0.050870482362660153,1,PULLBACK 1d [prox_atr=0.5 rsi_hi=55 rsi_lo=40 swing=10] exit=trail3ATR,BTC>200D,2023,PULLBACK
AXSUSDT,2023-12-18 00:00:00+00:00,2023-12-19 00:00:00+00:00,2023-12-28 00:00:00+00:00,6.94347,6.214590256858886,115.33636387391869,801.6354170501057,1041.3692302748432,239.73381322473745,85.94196783838636,2.7894848029958568,0.29905591510280416,trail_stop,0.1397747694072363,1,PULLBACK 1d [prox_atr=0.5 rsi_hi=55 rsi_lo=40 swing=10] exit=trail3ATR,BTC>200D,2023,PULLBACK
BANDUSDT,2023-12-18 00:00:00+00:00,2023-12-19 00:00:00+00:00,2023-12-31 00:00:00+00:00,1.6358175,1.3336252527016004,280.8987329894295,459.95856221508797,615.928645645129,155.97008343004103,85.90665160732861,1.815576332121125,0.3390959452497496,window_end,0.0802322732677786,1,PULLBACK 1d [prox_atr=0.5 rsi_hi=55 rsi_lo=40 swing=10] exit=trail3ATR,BTC>200D,2023,PULLBACK
ETHUSDT,2023-12-18 00:00:00+00:00,2023-12-19 00:00:00+00:00,2023-12-31 00:00:00+00:00,2220.54972,2071.33723621458,0.5558228832143174,1235.4665800388361,1266.4137233342553,30.94714329541921,85.89631460066806,0.36028487880175614,0.025048952189743897,window_end,0.21553293993387684,1,PULLBACK 1d [prox_atr=0.5 rsi_hi=55 rsi_lo=40 swing=10] exit=trail3ATR,BTC>200D,2023,PULLBACK
GALAUSDT,2023-12-18 00:00:00+00:00,2023-12-19 00:00:00+00:00,2023-12-31 00:00:00+00:00,0.02927463,0.025640620032233753,17654.342376858785,517.3411653168373,535.0058451056032,17.664679788765852,65.35165660590229,0.27030194345785646,0.0341451269936105,window_end,0.0902818637571925,1,PULLBACK 1d [prox_atr=0.5 rsi_hi=55 rsi_lo=40 swing=10] exit=trail3ATR,BTC>200D,2023,PULLBACK
ARUSDT,2023-12-28 00:00:00+00:00,2023-12-29 00:00:00+00:00,2023-12-31 00:00:00+00:00,9.712854,7.953442992525158,54.162985141426425,526.6032440497271,521.5104863670298,-5.092757682697311,96.46698735323838,-0.052792751410893395,-0.00967095767115404,window_end,0.08180163722069174,1,PULLBACK 1d [prox_atr=0.5 rsi_hi=55 rsi_lo=40 swing=10] exit=trail3ATR,BTC>200D,2023,PULLBACK
AVAXUSDT,2023-12-28 00:00:00+00:00,2023-12-29 00:00:00+00:00,2023-12-31 00:00:00+00:00,39.8199,36.63540297701364,12.91444063120765,514.7659862251161,497.10515772939846,-17.660828495717624,42.349701520357506,-0.41702368285235875,-0.03430846048168038,window_end,0.07997334288786209,1,PULLBACK 1d [prox_atr=0.5 rsi_hi=55 rsi_lo=40 swing=10] exit=trail3ATR,BTC>200D,2023,PULLBACK
ADAUSDT,2023-12-31 00:00:00+00:00,2024-01-01 00:00:00+00:00,2024-01-03 00:00:00+00:00,0.59419695,0.5370626989696607,1615.1655292426299,960.6861576523274,866.1444244027599,-94.54173324956753,94.54173324956761,-0.9999999999999991,-0.09841063337542354,stop,0.15227028290580272,2,PULLBACK 1d [prox_atr=0.5 rsi_hi=55 rsi_lo=40 swing=10] exit=trail3ATR,BTC>200D,2024,PULLBACK
ATOMUSDT,2023-12-31 00:00:00+00:00,2024-01-01 00:00:00+00:00,2024-01-03 00:00:00+00:00,10.6053,9.905749592122104,130.37426609528254,1384.0408624245201,1289.5182966741854,-94.5225657503347,94.52256575033454,-1.0000000000000018,-0.06829463516326606,stop,0.21941716138012363,2,PULLBACK 1d [prox_atr=0.5 rsi_hi=55 rsi_lo=40 swing=10] exit=trail3ATR,BTC>200D,2024,PULLBACK
AVAXUSDT,2023-12-31 00:00:00+00:00,2024-01-01 00:00:00+00:00,2024-01-03 00:00:00+00:00,38.589285,35.538686348578345,30.069090447568197,1161.5050456729584,1067.0135845498417,-94.49146112311678,94.49146112311664,-1.0000000000000016,-0.08135260494574077,stop,0.18419834245024444,2,PULLBACK 1d [prox_atr=0.5 rsi_hi=55 rsi_lo=40 swing=10] exit=trail3ATR,BTC>200D,2024,PULLBACK
BAKEUSDT,2023-12-31 00:00:00+00:00,2024-01-01 00:00:00+00:00,2024-01-03 00:00:00+00:00,0.4758378,0.3244546768805262,620.0140401323091,295.32114294249527,200.86480595316672,-94.45633698932855,94.45633698932856,-0.9999999999999999,-0.3198427855459066,stop,0.046851189591281886,2,PULLBACK 1d [prox_atr=0.5 rsi_hi=55 rsi_lo=40 swing=10] exit=trail3ATR,BTC>200D,2024,PULLBACK
BTCUSDT,2023-12-31 00:00:00+00:00,2024-01-01 00:00:00+00:00,2024-01-03 00:00:00+00:00,42304.721789999996,40584.92698305777,0.05181076093684486,2194.031666988583,2142.2979702401526,-51.73369674843025,94.44876998643483,-0.5477434672347823,-0.02357928444097496,trail_stop,0.3480997943344668,2,PULLBACK 1d [prox_atr=0.5 rsi_hi=55 rsi_lo=40 swing=10] exit=trail3ATR,BTC>200D,2024,PULLBACK
DYDXUSDT,2023-12-31 00:00:00+00:00,2024-01-01 00:00:00+00:00,2024-01-03 00:00:00+00:00,2.951475,2.721236101581374,103.9786718527006,307.19734095695594,282.5262313418497,-24.671109615106218,24.671109615106197,-1.0000000000000009,-0.0803102967566477,stop,0.04876465044976462,2,PULLBACK 1d [prox_atr=0.5 rsi_hi=55 rsi_lo=40 swing=10] exit=trail3ATR,BTC>200D,2024,PULLBACK
APTUSDT,2024-01-03 00:00:00+00:00,2024-01-04 00:00:00+00:00,2024-01-08 00:00:00+00:00,9.062829149999999,7.373087738376142,51.305645001879675,465.4392693776694,415.8097114038052,-49.62955797386422,87.72547969742934,-0.5657370942289478,-0.10662950300739132,trail_stop,0.07950500185686854,2,PULLBACK 1d [prox_atr=0.5 rsi_hi=55 rsi_lo=40 swing=10] exit=trail3ATR,BTC>200D,2024,PULLBACK
ATOMUSDT,2024-01-03 00:00:00+00:00,2024-01-04 00:00:00+00:00,2024-01-23 00:00:00+00:00,9.926961,8.663036389902429,68.16271831084178,677.3252949720379,600.0708355357447,-77.25445943629325,87.71463472623468,-0.8807476617489364,-0.11405813426690724,trail_stop,0.11571307030535909,2,PULLBACK 1d [prox_atr=0.5 rsi_hi=55 rsi_lo=40 swing=10] exit=trail3ATR,BTC>200D,2024,PULLBACK
BAKEUSDT,2024-01-03 00:00:00+00:00,2024-01-04 00:00:00+00:00,2024-02-04 00:00:00+00:00,0.39099539999999994,0.2520830995286137,627.8536649798903,245.7333827751584,200.36113861159723,-45.37224416356116,87.69941266785672,-0.5173608668897145,-0.1846401317198158,trail_stop,0.04198794850713753,2,PULLBACK 1d [prox_atr=0.5 rsi_hi=55 rsi_lo=40 swing=10] exit=trail3ATR,BTC>200D,2024,PULLBACK
BCHUSDT,2024-01-03 00:00:00+00:00,2024-01-04 00:00:00+00:00,2024-01-18 00:00:00+00:00,234.117,201.86067693087048,2.674211740660524,626.704508518308,646.1220168121698,19.41750829386183,87.69577367133637,0.22141897472316274,0.030983514606859705,trail_stop,0.10708813045562801,2,PULLBACK 1d [prox_atr=0.5 rsi_hi=55 rsi_lo=40 swing=10] exit=trail3ATR,BTC>200D,2024,PULLBACK
BTCUSDT,2024-01-03 00:00:00+00:00,2024-01-04 00:00:00+00:00,2024-01-12 00:00:00+00:00,42866.652615,39888.72296165376,0.028462449002072548,1221.3100038579412,1211.381777752146,-9.928226105795147,87.6816892532802,-0.11323032425979099,-0.008129161371341691,trail_stop,0.20872486450727568,2,PULLBACK 1d [prox_atr=0.5 rsi_hi=55 rsi_lo=40 swing=10] exit=trail3ATR,BTC>200D,2024,PULLBACK
DOTUSDT,2024-01-03 00:00:00+00:00,2024-01-04 00:00:00+00:00,2024-01-19 00:00:00+00:00,7.6298129999999995,6.127302600743829,57.69276672937854,440.6252066193776,384.20842755653564,-56.416779062841954,87.65424180326711,-0.6436286242651539,-0.12803802010259502,trail_stop,0.07532750484324643,2,PULLBACK 1d [prox_atr=0.5 rsi_hi=55 rsi_lo=40 swing=10] exit=trail3ATR,BTC>200D,2024,PULLBACK
ETCUSDT,2024-01-03 00:00:00+00:00,2024-01-04 00:00:00+00:00,2024-01-17 00:00:00+00:00,20.040015,17.74347138299952,37.40385564627137,750.3234020373219,963.3610927991313,213.03769076180936,87.64433929015006,2.430706791645033,0.2839278239001436,trail_stop,0.12828674976845095,2,PULLBACK 1d [prox_atr=0.5 rsi_hi=55 rsi_lo=40 swing=10] exit=trail3ATR,BTC>200D,2024,PULLBACK
ETHUSDT,2024-01-03 00:00:00+00:00,2024-01-04 00:00:00+00:00,2024-01-22 00:00:00+00:00,2210.8248599999997,2046.440722693856,0.5164777634867445,1142.9837210328485,1236.652751327739,93.66903029489049,87.62747668851247,1.0689458812999237,0.08195132491497532,trail_stop,0.19545956171017728,2,PULLBACK 1d [prox_atr=0.5 rsi_hi=55 rsi_lo=40 swing=10] exit=trail3ATR,BTC>200D,2024,PULLBACK
FETUSDT,2024-01-03 00:00:00+00:00,2024-01-04 00:00:00+00:00,2024-01-19 00:00:00+00:00,0.6579288,0.5305631208380795,421.9953300269009,277.92052397129305,246.2034787489014,-31.717045222391647,54.3610954844628,-0.5834511784527382,-0.11412271670036057,trail_stop,0.04754061805001198,2,PULLBACK 1d [prox_atr=0.5 rsi_hi=55 rsi_lo=40 swing=10] exit=trail3ATR,BTC>200D,2024,PULLBACK
ADAUSDT,2024-01-08 00:00:00+00:00,2024-01-09 00:00:00+00:00,2024-01-19 00:00:00+00:00,0.5414706,0.43933364170849853,767.1595042957429,415.8097114038052,372.97758966811193,-42.83212173569325,79.27612255897085,-0.5402903213868951,-0.10300894991386506,trail_stop,0.06902270607812505,2,PULLBACK 1d [prox_atr=0.5 rsi_hi=55 rsi_lo=40 swing=10] exit=trail3ATR,BTC>200D,2024,PULLBACK
APTUSDT,2024-01-12 00:00:00+00:00,2024-01-13 00:00:00+00:00,2024-01-23 00:00:00+00:00,9.02320935,7.269661101757209,53.919544945508875,487.01386944216097,427.89124955392333,-59.12261988823764,95.62482016670847,-0.618276926274639,-0.12139822620649039,trail_stop,0.07631815797172774,2,PULLBACK 1d [prox_atr=0.5 rsi_hi=55 rsi_lo=40 swing=10] exit=trail3ATR,BTC>200D,2024,PULLBACK
AVAXUSDT,2024-01-12 00:00:00+00:00,2024-01-13 00:00:00+00:00,2024-01-23 00:00:00+00:00,35.947964999999996,28.979502864345115,13.566130930067976,488.16247465936044,392.5502171206318,-95.61225753872861,95.61225753872861,-1.0,-0.19586154713232884,stop,0.07650820288318637,2,PULLBACK 1d [prox_atr=0.5 rsi_hi=55 rsi_lo=40 swing=10] exit=trail3ATR,BTC>200D,2024,PULLBACK
BNBUSDT,2024-01-12 00:00:00+00:00,2024-01-13 00:00:00+00:00,2024-03-05 00:00:00+00:00,296.84835,280.57251056885264,0.7949158692862475,236.20543365062463,303.1126468371322,66.90721318650759,13.508328309894713,4.953034280155801,0.2832585692565869,trail_stop,0.037023999211548565,2,PULLBACK 1d [prox_atr=0.5 rsi_hi=55 rsi_lo=40 swing=10] exit=trail3ATR,BTC>200D,2024,PULLBACK
BTCUSDT,2024-01-17 00:00:00+00:00,2024-01-18 00:00:00+00:00,2024-01-19 00:00:00+00:00,42797.478044999996,40499.68574817898,0.022487275841186226,963.3610927991313,909.3619688571107,-53.99912394202056,53.9991239420205,-1.000000000000001,-0.05605283869739986,stop,0.15500366405210753,2,PULLBACK 1d [prox_atr=0.5 rsi_hi=55 rsi_lo=40 swing=10] exit=trail3ATR,BTC>200D,2024,PULLBACK
ARBUSDT,2024-01-18 00:00:00+00:00,2024-01-19 00:00:00+00:00,2024-02-21 00:00:00+00:00,1.8928459499999999,1.5153328174171454,233.97128882438167,443.31447807397853,422.3894234839049,-20.925054590073614,89.3017450712549,-0.23431854073374792,-0.04720137876160617,trail_stop,0.07438907371532415,2,PULLBACK 1d [prox_atr=0.5 rsi_hi=55 rsi_lo=40 swing=10] exit=trail3ATR,BTC>200D,2024,PULLBACK
BCHUSDT,2024-01-18 00:00:00+00:00,2024-01-19 00:00:00+00:00,2024-01-23 00:00:00+00:00,237.81884999999997,223.81160400719858,0.8519296674943426,202.80753873819128,190.38583310102604,-12.421705637165246,12.421705637165239,-1.0000000000000007,-0.06124873717441391,stop,0.03403544962241809,2,PULLBACK 1d [prox_atr=0.5 rsi_hi=55 rsi_lo=40 swing=10] exit=trail3ATR,BTC>200D,2024,PULLBACK
BTCUSDT,2024-01-19 00:00:00+00:00,2024-01-20 00:00:00+00:00,2024-01-23 00:00:00+00:00,41679.859515,39274.51628286861,0.03505546792085416,1462.568085151964,1374.722054235946,-87.84603091601798,87.84603091601792,-1.0000000000000007,-0.060062866001134294,stop,0.2494888436514502,2,PULLBACK 1d [prox_atr=0.5 rsi_hi=55 rsi_lo=40 swing=10] exit=trail3ATR,BTC>200D,2024,PULLBACK
CAKEUSDT,2024-01-19 00:00:00+00:00,2024-01-20 00:00:00+00:00,2024-01-23 00:00:00+00:00,2.7283634999999995,2.48199647041877,164.8364105562412,450.1833796786957,408.5099086749889,-41.67347100370682,41.673471003706865,-0.999999999999999,-0.09256999010814206,stop,0.07682225051890272,2,PULLBACK 1d [prox_atr=0.5 rsi_hi=55 rsi_lo=40 swing=10] exit=trail3ATR,BTC>200D,2024,PULLBACK
ETCUSDT,2024-01-22 00:00:00+00:00,2024-01-23 00:00:00+00:00,2024-01-23 00:00:00+00:00,22.97148,21.738809274226863,53.78048493147788,1236.652751327739,1167.3706036057804,-69.28214772195861,69.2821477219586,-1.0000000000000002,-0.056023930442538096,stop,0.22311384617913993,2,PULLBACK 1d [prox_atr=0.5 rsi_hi=55 rsi_lo=40 swing=10] exit=trail3ATR,BTC>200D,2024,PULLBACK
APTUSDT,2024-01-23 00:00:00+00:00,2024-01-24 00:00:00+00:00,2024-02-20 00:00:00+00:00,8.7433695,7.06875225831295,47.623258944726736,416.80413749767376,431.1843663437503,14.380228846076534,80.67190549422538,0.1782557230795285,0.03450116626099181,trail_stop,0.07742244599225405,2,PULLBACK 1d [prox_atr=0.5 rsi_hi=55 rsi_lo=40 swing=10] exit=trail3ATR,BTC>200D,2024,PULLBACK
ETCUSDT,2024-01-23 00:00:00+00:00,2024-01-24 00:00:00+00:00,2024-03-05 00:00:00+00:00,23.141564999999996,20.667465754639228,31.905008337941844,739.070156102301,951.1931421947561,212.1229860924551,80.66325267941396,2.629735090593377,0.287013329304415,trail_stop,0.13729891860654891,2,PULLBACK 1d [prox_atr=0.5 rsi_hi=55 rsi_lo=40 swing=10] exit=trail3ATR,BTC>200D,2024,PULLBACK
ICPUSDT,2024-01-23 00:00:00+00:00,2024-01-24 00:00:00+00:00,2024-02-26 00:00:00+00:00,10.491243,8.857326129506804,48.650024334736734,510.909626478888,588.073745193568,77.16411871468,80.64664298072836,0.956817492491528,0.15103281425030773,trail_stop,0.09493251207745934,2,PULLBACK 1d [prox_atr=0.5 rsi_hi=55 rsi_lo=40 swing=10] exit=trail3ATR,BTC>200D,2024,PULLBACK
INJUSDT,2024-01-23 00:00:00+00:00,2024-01-24 00:00:00+00:00,2024-03-05 00:00:00+00:00,32.97648,28.212416830800002,16.66211342017198,550.007307807991,583.159827086899,33.15251927890802,80.63370141042572,0.41114966445806106,0.06027650689048963,trail_stop,0.10221368491345036,2,PULLBACK 1d [prox_atr=0.5 rsi_hi=55 rsi_lo=40 swing=10] exit=trail3ATR,BTC>200D,2024,PULLBACK
LDOUSDT,2024-01-23 00:00:00+00:00,2024-01-24 00:00:00+00:00,2024-03-05 00:00:00+00:00,2.6883434999999998,2.3944075717701567,268.5539508099931,722.687233327424,789.6373978187521,66.95016449132811,80.62383998525193,0.8304015847369082,0.09264058005158556,trail_stop,0.13432105222067622,2,PULLBACK 1d [prox_atr=0.5 rsi_hi=55 rsi_lo=40 swing=10] exit=trail3ATR,BTC>200D,2024,PULLBACK
LINKUSDT,2024-01-23 00:00:00+00:00,2024-01-24 00:00:00+00:00,2024-02-23 00:00:00+00:00,14.305149,12.956609097323755,58.32397434929067,835.1674764821198,1031.1039418852413,195.93646540312147,80.6196834005238,2.430379990823041,0.23460739423000782,trail_stop,0.15523500741011848,2,PULLBACK 1d [prox_atr=0.5 rsi_hi=55 rsi_lo=40 swing=10] exit=trail3ATR,BTC>200D,2024,PULLBACK
MINAUSDT,2024-01-23 00:00:00+00:00,2024-01-24 00:00:00+00:00,2024-02-21 00:00:00+00:00,1.04662305,0.8743868047427138,461.6576659266035,483.66473592235076,578.9514425473737,95.28670662502299,80.60266375121485,1.1821781339526365,0.19700982839551207,trail_stop,0.08991915376258894,2,PULLBACK 1d [prox_atr=0.5 rsi_hi=55 rsi_lo=40 swing=10] exit=trail3ATR,BTC>200D,2024,PULLBACK
MOVRUSDT,2024-01-23 00:00:00+00:00,2024-01-24 00:00:00+00:00,2024-02-23 00:00:00+00:00,22.600294499999997,17.77301219657189,13.401911248024863,303.1900282092926,295.3699249551176,-7.820103254175024,65.35486554270943,-0.11965602238236697,-0.02579274556080318,trail_stop,0.056374798606566,2,PULLBACK 1d [prox_atr=0.5 rsi_hi=55 rsi_lo=40 swing=10] exit=trail3ATR,BTC>200D,2024,PULLBACK
AVAXUSDT,2024-02-04 00:00:00+00:00,2024-02-05 00:00:00+00:00,2024-02-21 00:00:00+00:00,34.87743,28.790856916561093,5.738982993700032,200.36113861159723,208.75779464650597,8.396656034908744,35.37866313561034,0.23733672475761536,0.0419076078978857,trail_stop,0.03433140372668334,2,PULLBACK 1d [prox_atr=0.5 rsi_hi=55 rsi_lo=40 swing=10] exit=trail3ATR,BTC>200D,2024,PULLBACK
APTUSDT,2024-02-20 00:00:00+00:00,2024-02-21 00:00:00+00:00,2024-04-02 00:00:00+00:00,9.64231875,8.446160514341166,44.67323927981735,431.1843663437503,669.8165159895722,238.63214964582187,54.43280405664663,4.383976790860974,0.5534341415699165,trail_stop,0.06641744618521014,2,PULLBACK 1d [prox_atr=0.5 rsi_hi=55 rsi_lo=40 swing=10] exit=trail3ATR,BTC>200D,2024,PULLBACK
ARBUSDT,2024-02-21 00:00:00+00:00,2024-02-22 00:00:00+00:00,2024-02-23 00:00:00+00:00,1.8778384499999998,1.7388963790637146,643.7666514427149,1210.0986606777847,1117.7648936287255,-92.33376704905913,92.33376704905912,-1.0000000000000002,-0.07630267683904579,stop,0.19496744397353855,2,PULLBACK 1d [prox_atr=0.5 rsi_hi=55 rsi_lo=40 swing=10] exit=trail3ATR,BTC>200D,2024,PULLBACK
ARBUSDT,2024-02-23 00:00:00+00:00,2024-02-24 00:00:00+00:00,2024-03-05 00:00:00+00:00,1.7995993499999998,1.6733489186824888,682.5831526422666,1229.6045740137893,1211.1137641538662,-18.490809859923047,89.11752219965535,-0.20748792609490388,-0.015038013236697413,trail_stop,0.20675667940990913,2,PULLBACK 1d [prox_atr=0.5 rsi_hi=55 rsi_lo=40 swing=10] exit=trail3ATR,BTC>200D,2024,PULLBACK
ATOMUSDT,2024-02-23 00:00:00+00:00,2024-02-24 00:00:00+00:00,2024-03-05 00:00:00+00:00,9.963979499999999,9.44751864730476,121.78073687221112,1214.634186455295,1331.122230489397,116.4880440341019,65.83361738339886,1.7694310090193597,0.09590380818611124,trail_stop,0.2043027758214429,2,PULLBACK 1d [prox_atr=0.5 rsi_hi=55 rsi_lo=40 swing=10] exit=trail3ATR,BTC>200D,2024,PULLBACK
ICPUSDT,2024-02-26 00:00:00+00:00,2024-02-27 00:00:00+00:00,2024-02-28 00:00:00+00:00,12.9454695,11.56620139940887,45.381610835716195,588.073745193568,524.1057739257816,-63.967971267786425,63.967971267786474,-0.9999999999999992,-0.10877542449498571,stop,0.09034856925978295,2,PULLBACK 1d [prox_atr=0.5 rsi_hi=55 rsi_lo=40 swing=10] exit=trail3ATR,BTC>200D,2024,PULLBACK
GASUSDT,2024-02-28 00:00:00+00:00,2024-02-29 00:00:00+00:00,2024-03-03 00:00:00+00:00,6.354175499999999,5.401431470486731,82.39970578937387,524.1057739257816,539.7902551614505,15.684481235668954,79.69680192404219,0.19680188987530006,0.029926175241660337,trail_stop,0.07848427749368686,2,PULLBACK 1d [prox_atr=0.5 rsi_hi=55 rsi_lo=40 swing=10] exit=trail3ATR,BTC>200D,2024,PULLBACK
ICPUSDT,2024-03-03 00:00:00+00:00,2024-03-04 00:00:00+00:00,2024-03-14 00:00:00+00:00,13.189591499999999,10.400260041319855,36.743775328004546,485.12002213090256,482.1741528186395,-2.945869312263028,103.54822997487994,-0.028449248364531915,-0.006072454604786706,trail_stop,0.0702042980640607,2,PULLBACK 1d [prox_atr=0.5 rsi_hi=55 rsi_lo=40 swing=10] exit=trail3ATR,BTC>200D,2024,PULLBACK
SEIUSDT,2024-03-03 00:00:00+00:00,2024-03-04 00:00:00+00:00,2024-03-05 00:00:00+00:00,0.8200097999999999,0.7253440875073693,66.6036154850038,54.67023303054799,48.23809704588314,-6.432135984664853,6.432135984664851,-1.0000000000000004,-0.11765334859777861,stop,0.007912537469448873,2,PULLBACK 1d [prox_atr=0.5 rsi_hi=55 rsi_lo=40 swing=10] exit=trail3ATR,BTC>200D,2024,PULLBACK
ARBUSDT,2024-03-05 00:00:00+00:00,2024-03-06 00:00:00+00:00,2024-03-16 00:00:00+00:00,1.9668829499999998,1.6846660002209555,331.93694663355853,653.5340019294146,591.0383357247126,-62.495666204701934,95.16963844957272,-0.656676511782866,-0.09562726043357699,trail_stop,0.1029027426359111,2,PULLBACK 1d [prox_atr=0.5 rsi_hi=55 rsi_lo=40 swing=10] exit=trail3ATR,BTC>200D,2024,PULLBACK
AVAXUSDT,2024-03-05 00:00:00+00:00,2024-03-06 00:00:00+00:00,2024-04-01 00:00:00+00:00,39.43971,33.1907499548948,15.013002461404142,592.7005717703726,778.4426122274181,185.7420404570455,95.15495107143518,1.9519955437484735,0.3133825903056607,trail_stop,0.09333856882484576,2,PULLBACK 1d [prox_atr=0.5 rsi_hi=55 rsi_lo=40 swing=10] exit=trail3ATR,BTC>200D,2024,PULLBACK
BAKEUSDT,2024-03-05 00:00:00+00:00,2024-03-06 00:00:00+00:00,2024-03-17 00:00:00+00:00,0.37548765,0.2718970296988754,911.5684856280102,342.6249911910028,356.1894299211064,13.564438730103632,95.14388280067708,0.1425676389360799,0.039589752875154045,trail_stop,0.053962908345813985,2,PULLBACK 1d [prox_atr=0.5 rsi_hi=55 rsi_lo=40 swing=10] exit=trail3ATR,BTC>200D,2024,PULLBACK
CAKEUSDT,2024-03-05 00:00:00+00:00,2024-03-06 00:00:00+00:00,2024-03-15 00:00:00+00:00,3.0215099999999997,2.42180380232168,156.8996556600243,474.54795245189325,648.9548883228823,174.40693587098906,95.13755007538337,1.8332081889095908,0.3675222598050707,trail_stop,0.07474554655827513,2,PULLBACK 1d [prox_atr=0.5 rsi_hi=55 rsi_lo=40 swing=10] exit=trail3ATR,BTC>200D,2024,PULLBACK
GASUSDT,2024-03-05 00:00:00+00:00,2024-03-06 00:00:00+00:00,2024-03-16 00:00:00+00:00,6.7923944999999994,5.284501591350196,62.48086005799389,424.81904486340045,400.8641590949453,-23.954885768455142,95.13394567450875,-0.2518016634190111,-0.056388445993888474,trail_stop,0.06691533403836906,2,PULLBACK 1d [prox_atr=0.5 rsi_hi=55 rsi_lo=40 swing=10] exit=trail3ATR,BTC>200D,2024,PULLBACK
GMTUSDT,2024-03-05 00:00:00+00:00,2024-03-06 00:00:00+00:00,2024-03-15 00:00:00+00:00,0.29464724999999997,0.2361033583452882,1607.0167540697996,473.97657035788325,495.0041156145138,21.02754525663056,95.12346117266269,0.2210553001058546,0.044364102725063796,trail_stop,0.0746666061327053,2,PULLBACK 1d [prox_atr=0.5 rsi_hi=55 rsi_lo=40 swing=10] exit=trail3ATR,BTC>200D,2024,PULLBACK
INJUSDT,2024-03-05 00:00:00+00:00,2024-03-06 00:00:00+00:00,2024-03-18 00:00:00+00:00,37.738859999999995,29.820951143137933,11.888861167094541,449.1207392115618,456.2775242303901,7.156785018828316,95.1152196535289,0.07524332115194553,0.015935102510278548,trail_stop,0.07075714098838826,2,PULLBACK 1d [prox_atr=0.5 rsi_hi=55 rsi_lo=40 swing=10] exit=trail3ATR,BTC>200D,2024,PULLBACK
LDOUSDT,2024-03-05 00:00:00+00:00,2024-03-06 00:00:00+00:00,2024-03-16 00:00:00+00:00,3.1105544999999997,2.487915153608914,151.08509593533256,470.42838346962486,412.35547484393834,-58.07290862568652,95.10512621369756,-0.6106180701048536,-0.12344686389322901,trail_stop,0.07412193912480623,2,PULLBACK 1d [prox_atr=0.5 rsi_hi=55 rsi_lo=40 swing=10] exit=trail3ATR,BTC>200D,2024,PULLBACK
LINKUSDT,2024-03-05 00:00:00+00:00,2024-03-06 00:00:00+00:00,2024-03-16 00:00:00+00:00,18.982486499999997,15.817502073877769,29.64796889997617,563.3549615656136,545.4268721629345,-17.92808940267912,95.1013527399145,-0.18851560872860867,-0.03182378895333657,trail_stop,0.08876721831739164,2,PULLBACK 1d [prox_atr=0.5 rsi_hi=55 rsi_lo=40 swing=10] exit=trail3ATR,BTC>200D,2024,PULLBACK
LOOMUSDT,2024-03-05 00:00:00+00:00,2024-03-06 00:00:00+00:00,2024-03-15 00:00:00+00:00,0.10112053499999998,0.07848733773938471,4161.064775588597,421.1898653734509,478.7525706749604,57.56270530150948,95.08869202551904,0.6053580512608305,0.13666688121869008,trail_stop,0.0663752577694914,2,PULLBACK 1d [prox_atr=0.5 rsi_hi=55 rsi_lo=40 swing=10] exit=trail3ATR,BTC>200D,2024,PULLBACK
MINAUSDT,2024-03-05 00:00:00+00:00,2024-03-06 00:00:00+00:00,2024-03-15 00:00:00+00:00,1.22951445,1.0075134355479085,285.42087841921676,351.28002344246823,366.12027253947,14.840249097001788,64.14585792122622,0.23135163481991666,0.04224620845663399,trail_stop,0.05536186869553944,2,PULLBACK 1d [prox_atr=0.5 rsi_hi=55 rsi_lo=40 swing=10] exit=trail3ATR,BTC>200D,2024,PULLBACK
ICPUSDT,2024-03-14 00:00:00+00:00,2024-03-15 00:00:00+00:00,2024-03-19 00:00:00+00:00,13.933963499999999,11.326672643655872,34.56966572061721,482.1741528186395,390.97214386715956,-91.20200895147997,91.20200895148001,-0.9999999999999996,-0.18914744479425433,stop,0.06440665855558196,2,PULLBACK 1d [prox_atr=0.5 rsi_hi=55 rsi_lo=40 swing=10] exit=trail3ATR,BTC>200D,2024,PULLBACK
ATOMUSDT,2024-03-15 00:00:00+00:00,2024-03-16 00:00:00+00:00,2024-03-19 00:00:00+00:00,12.640317,11.016593918370988,63.971457080943,809.4281159514691,703.690796053489,-105.73731989798011,105.73731989798009,-1.0000000000000002,-0.1306321312717037,stop,0.11471155556550965,2,PULLBACK 1d [prox_atr=0.5 rsi_hi=55 rsi_lo=40 swing=10] exit=trail3ATR,BTC>200D,2024,PULLBACK
DYDXUSDT,2024-03-15 00:00:00+00:00,2024-03-16 00:00:00+00:00,2024-03-19 00:00:00+00:00,3.7228605,3.2385536356624436,214.4900498582394,799.3150507945302,693.5959218044127,-105.7191289901175,105.71912899011754,-0.9999999999999996,-0.13226215230781807,stop,0.11329783103891927,2,PULLBACK 1d [prox_atr=0.5 rsi_hi=55 rsi_lo=40 swing=10] exit=trail3ATR,BTC>200D,2024,PULLBACK
ETCUSDT,2024-03-15 00:00:00+00:00,2024-03-16 00:00:00+00:00,2024-03-19 00:00:00+00:00,33.316649999999996,29.088426151852566,11.396973328182545,380.0886804058273,331.02290274596265,-49.06577765986464,49.06577765986468,-0.9999999999999991,-0.12909034177886133,stop,0.053884311985224115,2,PULLBACK 1d [prox_atr=0.5 rsi_hi=55 rsi_lo=40 swing=10] exit=trail3ATR,BTC>200D,2024,PULLBACK
ADAUSDT,2024-03-16 00:00:00+00:00,2024-03-17 00:00:00+00:00,2024-03-19 00:00:00+00:00,0.65942955,0.6178774869697068,2256.874577092116,1489.7380365650727,1392.380981347343,-97.35705521772957,97.35705521772942,-1.0000000000000016,-0.06535179530101026,stop,0.22929767906136403,2,PULLBACK 1d [prox_atr=0.5 rsi_hi=55 rsi_lo=40 swing=10] exit=trail3ATR,BTC>200D,2024,PULLBACK
BCHUSDT,2024-03-16 00:00:00+00:00,2024-03-17 00:00:00+00:00,2024-03-19 00:00:00+00:00,388.69424999999995,360.0276518170339,1.1821304738712106,459.94680526145817,424.9614719610651,-34.98533330039305,34.98533330039315,-0.9999999999999971,-0.07606386847388913,stop,0.07081850164990046,2,PULLBACK 1d [prox_atr=0.5 rsi_hi=55 rsi_lo=40 swing=10] exit=trail3ATR,BTC>200D,2024,PULLBACK
BAKEUSDT,2024-03-17 00:00:00+00:00,2024-03-18 00:00:00+00:00,2024-03-19 00:00:00+00:00,0.4212105,0.3511556726824333,844.7880485524024,356.1894299211064,296.20728561636145,-59.98214430474496,59.98214430474491,-1.0000000000000009,-0.16839956288997854,stop,0.05282161330301372,2,PULLBACK 1d [prox_atr=0.5 rsi_hi=55 rsi_lo=40 swing=10] exit=trail3ATR,BTC>200D,2024,PULLBACK
CAKEUSDT,2024-03-18 00:00:00+00:00,2024-03-19 00:00:00+00:00,2024-04-03 00:00:00+00:00,3.9869924999999995,3.3311310387000757,114.32720340654323,456.2775242303901,434.1454980132985,-22.132026217091607,76.00969631938193,-0.2911737224168872,-0.04850562441010439,trail_stop,0.06943185575644949,2,PULLBACK 1d [prox_atr=0.5 rsi_hi=55 rsi_lo=40 swing=10] exit=trail3ATR,BTC>200D,2024,PULLBACK
BCHUSDT,2024-03-19 00:00:00+00:00,2024-03-20 00:00:00+00:00,2024-04-12 00:00:00+00:00,358.87935,329.4196250153147,3.0403047839229447,1092.1937072608127,1676.0149073523703,583.8212000915576,92.15944873339615,6.33490334540159,0.5345399778540774,trail_stop,0.17758937683306203,2,PULLBACK 1d [prox_atr=0.5 rsi_hi=55 rsi_lo=40 swing=10] exit=trail3ATR,BTC>200D,2024,PULLBACK
BNBUSDT,2024-03-19 00:00:00+00:00,2024-03-20 00:00:00+00:00,2024-04-13 00:00:00+00:00,507.95385,463.2755306533105,2.00822898657936,1021.1077330599986,1079.1745020841543,58.06676902415563,92.13946347155726,0.6302052002080563,0.05686644723583121,trail_stop,0.16606689581975,2,PULLBACK 1d [prox_atr=0.5 rsi_hi=55 rsi_lo=40 swing=10] exit=trail3ATR,BTC>200D,2024,PULLBACK
DOTUSDT,2024-03-19 00:00:00+00:00,2024-03-20 00:00:00+00:00,2024-04-05 00:00:00+00:00,8.770382999999999,8.107248633162625,134.66114670889993,1182.210861688098,1090.0943463651456,-92.11651532295241,92.11651532295238,-1.0000000000000002,-0.07791885382563458,stop,0.19231564954161398,2,PULLBACK 1d [prox_atr=0.5 rsi_hi=55 rsi_lo=40 swing=10] exit=trail3ATR,BTC>200D,2024,PULLBACK
FILUSDT,2024-03-19 00:00:00+00:00,2024-03-20 00:00:00+00:00,2024-04-11 00:00:00+00:00,8.001999,7.283696714590752,117.0186122952922,937.3192013868841,952.2037162635671,14.884514876683056,86.26918542453602,0.17253570673509241,0.01587987833243948,trail_stop,0.15252199398953312,2,PULLBACK 1d [prox_atr=0.5 rsi_hi=55 rsi_lo=40 swing=10] exit=trail3ATR,BTC>200D,2024,PULLBACK
ADAUSDT,2024-04-01 00:00:00+00:00,2024-04-02 00:00:00+00:00,2024-04-02 00:00:00+00:00,0.62141055,0.5823869117570941,1251.4511497755195,778.4426122274181,727.7358915915157,-50.70672063590234,50.70672063590235,-0.9999999999999999,-0.06513867540063266,stop,0.10413951801068465,2,PULLBACK 1d [prox_atr=0.5 rsi_hi=55 rsi_lo=40 swing=10] exit=trail3ATR,BTC>200D,2024,PULLBACK
AVAXUSDT,2024-04-02 00:00:00+00:00,2024-04-03 00:00:00+00:00,2024-04-05 00:00:00+00:00,46.893435,44.04510812446871,29.772957586275318,1397.552407581088,1309.3867620451765,-88.16564553591138,88.16564553591166,-0.9999999999999968,-0.06308575267564404,stop,0.19789869368249827,2,PULLBACK 1d [prox_atr=0.5 rsi_hi=55 rsi_lo=40 swing=10] exit=trail3ATR,BTC>200D,2024,PULLBACK
APTUSDT,2024-04-03 00:00:00+00:00,2024-04-04 00:00:00+00:00,2024-04-05 00:00:00+00:00,14.152972949999999,12.935954951957775,30.64457112716177,434.1454980132985,395.8223646439918,-38.323133369306674,38.32313336930669,-0.9999999999999997,-0.08827255734466417,stop,0.06332318119919071,2,PULLBACK 1d [prox_atr=0.5 rsi_hi=55 rsi_lo=40 swing=10] exit=trail3ATR,BTC>200D,2024,PULLBACK
BTCUSDT,2024-04-05 00:00:00+00:00,2024-04-06 00:00:00+00:00,2024-04-13 00:00:00+00:00,67854.540315,62799.00960783366,0.019940924155263776,1354.435324253715,1260.5937414085406,-93.84158284517434,104.0428159345021,-0.9019515860109965,-0.06928465402870414,trail_stop,0.19507578152202842,2,PULLBACK 1d [prox_atr=0.5 rsi_hi=55 rsi_lo=40 swing=10] exit=trail3ATR,BTC>200D,2024,PULLBACK
CAKEUSDT,2024-04-05 00:00:00+00:00,2024-04-06 00:00:00+00:00,2024-04-12 00:00:00+00:00,3.8409194999999996,3.596598794427797,374.76149137739515,1440.868148800599,1345.845601927138,-95.02254687346112,95.02254687346122,-0.999999999999999,-0.0659481208968075,stop,0.20758521357146312,2,PULLBACK 1d [prox_atr=0.5 rsi_hi=55 rsi_lo=40 swing=10] exit=trail3ATR,BTC>200D,2024,PULLBACK
AVAXUSDT,2024-04-11 00:00:00+00:00,2024-04-12 00:00:00+00:00,2024-04-12 00:00:00+00:00,46.04301,41.93884348170985,20.660084208216784,952.2037162635671,865.1607811004772,-87.04293516308996,87.04293516309009,-0.9999999999999986,-0.09141209352200926,stop,0.1394014286709837,2,PULLBACK 1d [prox_atr=0.5 rsi_hi=55 rsi_lo=40 swing=10] exit=trail3ATR,BTC>200D,2024,PULLBACK
NEARUSDT,2024-04-12 00:00:00+00:00,2024-04-13 00:00:00+00:00,2024-04-13 00:00:00+00:00,5.7898935,4.816478545199881,97.64767512304083,565.9350091244908,469.6126904794122,-96.32231864507855,96.32231864507845,-1.000000000000001,-0.17020031822044462,stop,0.08804340169097867,2,PULLBACK 1d [prox_atr=0.5 rsi_hi=55 rsi_lo=40 swing=10] exit=trail3ATR,BTC>200D,2024,PULLBACK
BTCUSDT,2024-04-13 00:00:00+00:00,2024-04-14 00:00:00+00:00,2024-05-01 00:00:00+00:00,63956.48225999999,58834.03979670415,0.017433862149932335,1116.123503810748,1024.166495582334,-91.957008228414,91.95700822841405,-0.9999999999999993,-0.0823896351205291,stop,0.18187985616264915,2,PULLBACK 1d [prox_atr=0.5 rsi_hi=55 rsi_lo=40 swing=10] exit=trail3ATR,BTC>200D,2024,PULLBACK
BCHUSDT,2024-04-14 00:00:00+00:00,2024-04-15 00:00:00+00:00,2024-04-30 00:00:00+00:00,525.8628,410.2545161934094,0.7913214835226032,416.54265755637533,346.3418578757542,-70.20079968062112,92.3862476773165,-0.7598620080968765,-0.16853207806482595,trail_stop,0.06756306400906914,2,PULLBACK 1d [prox_atr=0.5 rsi_hi=55 rsi_lo=40 swing=10] exit=trail3ATR,BTC>200D,2024,PULLBACK
BNBUSDT,2024-04-14 00:00:00+00:00,2024-04-15 00:00:00+00:00,2024-06-10 00:00:00+00:00,566.6831999999999,489.6759057682097,1.1796723532602036,669.1690046011195,768.0585176951672,98.88951309404774,92.37807337228838,1.0704868534713634,0.1477795779752144,trail_stop,0.10854856780833659,2,PULLBACK 1d [prox_atr=0.5 rsi_hi=55 rsi_lo=40 swing=10] exit=trail3ATR,BTC>200D,2024,PULLBACK
FETUSDT,2024-04-14 00:00:00+00:00,2024-04-15 00:00:00+00:00,2024-05-14 00:00:00+00:00,2.2261125,1.4165783545943895,113.48421553540787,252.8812593868217,226.5273900374807,-26.35386934934101,92.36303461657027,-0.2853291845460113,-0.1042144024956338,trail_stop,0.04102755476876836,2,PULLBACK 1d [prox_atr=0.5 rsi_hi=55 rsi_lo=40 swing=10] exit=trail3ATR,BTC>200D,2024,PULLBACK
NEARUSDT,2024-04-14 00:00:00+00:00,2024-04-15 00:00:00+00:00,2024-06-04 00:00:00+00:00,5.72286,3.8669100721366316,49.45638348371032,283.31499074237,349.59599104963036,66.28100030726034,92.358372777202,0.7176501524897083,0.23394808772237677,trail_stop,0.04596745540326109,2,PULLBACK 1d [prox_atr=0.5 rsi_hi=55 rsi_lo=40 swing=10] exit=trail3ATR,BTC>200D,2024,PULLBACK
RNDRUSDT,2024-04-14 00:00:00+00:00,2024-04-15 00:00:00+00:00,2024-04-30 00:00:00+00:00,8.9794875,5.681831220931111,27.85774080874568,250.39838360574208,196.42555743146485,-53.97282617427723,92.35274746472106,-0.5844203627498463,-0.21554782182323776,trail_stop,0.04062925720741479,2,PULLBACK 1d [prox_atr=0.5 rsi_hi=55 rsi_lo=40 swing=10] exit=trail3ATR,BTC>200D,2024,PULLBACK
ICPUSDT,2024-04-19 00:00:00+00:00,2024-04-20 00:00:00+00:00,2024-05-01 00:00:00+00:00,14.078035499999999,9.810123871860952,21.020291681178243,296.2203369204899,259.9982655508319,-36.22207136965801,90.31788609747292,-0.4010509206400868,-0.12228083914231916,trail_stop,0.0491471443743625,2,PULLBACK 1d [prox_atr=0.5 rsi_hi=55 rsi_lo=40 swing=10] exit=trail3ATR,BTC>200D,2024,PULLBACK
ADAUSDT,2024-04-20 00:00:00+00:00,2024-04-21 00:00:00+00:00,2024-05-12 00:00:00+00:00,0.50755365,0.37585165448870256,703.4036585057434,357.37210939224144,307.86947910267105,-49.50263028957039,93.39311152497125,-0.5300458404401109,-0.13851844894599125,trail_stop,0.05734070026178842,2,PULLBACK 1d [prox_atr=0.5 rsi_hi=55 rsi_lo=40 swing=10] exit=trail3ATR,BTC>200D,2024,PULLBACK
ARKUSDT,2024-04-20 00:00:00+00:00,2024-04-21 00:00:00+00:00,2024-05-13 00:00:00+00:00,0.8034015,0.5615202012297371,383.46524216888014,308.38462730709784,292.25139811118777,-16.133229195910076,93.38402491799933,-0.17276219578323693,-0.05231528347178008,trail_stop,0.04948542607156803,2,PULLBACK 1d [prox_atr=0.5 rsi_hi=55 rsi_lo=40 swing=10] exit=trail3ATR,BTC>200D,2024,PULLBACK
ETCUSDT,2024-04-20 00:00:00+00:00,2024-04-21 00:00:00+00:00,2024-06-02 00:00:00+00:00,27.903945,21.311162999038004,14.036264728580306,392.05882615073654,408.47971257300935,16.420886422272815,93.37824474604353,0.17585344923683172,0.041883731029586375,trail_stop,0.06291623279977211,2,PULLBACK 1d [prox_atr=0.5 rsi_hi=55 rsi_lo=40 swing=10] exit=trail3ATR,BTC>200D,2024,PULLBACK
ETHUSDT,2024-04-20 00:00:00+00:00,2024-04-21 00:00:00+00:00,2024-05-01 00:00:00+00:00,3157.367895,2742.340754621939,0.22109915883374612,698.7894770988887,623.5957108657981,-75.19376623309063,93.36943370298407,-0.8053359997050882,-0.10760575065507123,trail_stop,0.11214988000257059,2,PULLBACK 1d [prox_atr=0.5 rsi_hi=55 rsi_lo=40 swing=10] exit=trail3ATR,BTC>200D,2024,PULLBACK
FTMUSDT,2024-04-20 00:00:00+00:00,2024-04-21 00:00:00+00:00,2024-05-30 00:00:00+00:00,0.7625810999999999,0.49583498903288653,348.00732458120416,265.64919219557885,271.07714219603463,5.42795000045578,93.35372926333993,0.05814390108770234,0.020432774350239928,trail_stop,0.042641650818025977,2,PULLBACK 1d [prox_atr=0.5 rsi_hi=55 rsi_lo=40 swing=10] exit=trail3ATR,BTC>200D,2024,PULLBACK
GALAUSDT,2024-04-20 00:00:00+00:00,2024-04-21 00:00:00+00:00,2024-05-13 00:00:00+00:00,0.04970484,0.030042327865859322,4724.757147908562,235.07814137372702,192.73584724898754,-42.34229412473948,93.34828113333,-0.4535947915769513,-0.18012008210250285,trail_stop,0.037736629195168,2,PULLBACK 1d [prox_atr=0.5 rsi_hi=55 rsi_lo=40 swing=10] exit=trail3ATR,BTC>200D,2024,PULLBACK
GASUSDT,2024-04-20 00:00:00+00:00,2024-04-21 00:00:00+00:00,2024-05-13 00:00:00+00:00,5.6258115,3.901401659394196,53.772953579966156,302.8190171397789,262.761050143647,-40.05796699613188,93.34370675291775,-0.42914480675345307,-0.13228352490702866,trail_stop,0.048613320248772476,2,PULLBACK 1d [prox_atr=0.5 rsi_hi=55 rsi_lo=40 swing=10] exit=trail3ATR,BTC>200D,2024,PULLBACK
INJUSDT,2024-04-20 00:00:00+00:00,2024-04-21 00:00:00+00:00,2024-05-08 00:00:00+00:00,29.71485,16.230419568462246,6.894132531674651,205.0629721728913,157.58800971397494,-47.474962458916366,93.3360946712196,-0.50864526340157,-0.23151406592746349,trail_stop,0.032922651431976126,2,PULLBACK 1d [prox_atr=0.5 rsi_hi=55 rsi_lo=40 swing=10] exit=trail3ATR,BTC>200D,2024,PULLBACK
LTCUSDT,2024-04-20 00:00:00+00:00,2024-04-21 00:00:00+00:00,2024-06-07 00:00:00+00:00,85.072515,66.6880153213537,0.9465124379997086,80.60271577299619,76.97155044323341,-3.63116532976278,17.576329799252555,-0.20659405980861817,-0.04505016108873227,trail_stop,0.012941179563546184,2,PULLBACK 1d [prox_atr=0.5 rsi_hi=55 rsi_lo=40 swing=10] exit=trail3ATR,BTC>200D,2024,PULLBACK
OPUSDT,2024-04-30 00:00:00+00:00,2024-05-01 00:00:00+00:00,2024-05-14 00:00:00+00:00,2.5382684999999996,2.114728256776182,196.7046074544112,499.78839801530336,479.0089249444355,-20.77947307086788,84.4353635924303,-0.24609917203851273,-0.041576541499131835,trail_stop,0.08869905114339295,2,PULLBACK 1d [prox_atr=0.5 rsi_hi=55 rsi_lo=40 swing=10] exit=trail3ATR,BTC>200D,2024,PULLBACK
DOTUSDT,2024-05-01 00:00:00+00:00,2024-05-02 00:00:00+00:00,2024-06-07 00:00:00+00:00,6.90345,5.76541490898487,72.71173456821474,502.4637858289469,494.9930441920191,-7.470741636927812,83.87907766235845,-0.08906561499162001,-0.014868219059017055,trail_stop,0.08976526173049508,2,PULLBACK 1d [prox_atr=0.5 rsi_hi=55 rsi_lo=40 swing=10] exit=trail3ATR,BTC>200D,2024,PULLBACK
ICPUSDT,2024-05-02 00:00:00+00:00,2024-05-03 00:00:00+00:00,2024-05-13 00:00:00+00:00,13.516755,11.514053857227236,41.632872866987576,563.3040838317078,478.64433539252724,-84.65974843918053,84.65974843918049,-1.0000000000000004,-0.1502913805689245,stop,0.09970641648436239,2,PULLBACK 1d [prox_atr=0.5 rsi_hi=55 rsi_lo=40 swing=10] exit=trail3ATR,BTC>200D,2024,PULLBACK
AVAXUSDT,2024-05-03 00:00:00+00:00,2024-05-04 00:00:00+00:00,2024-05-13 00:00:00+00:00,35.567775,28.623224256556146,12.412953241249696,441.9426290982601,396.7592053515991,-45.18342374666099,87.17665525491812,-0.5182972851451759,-0.10223821096157495,trail_stop,0.07596663235345606,2,PULLBACK 1d [prox_atr=0.5 rsi_hi=55 rsi_lo=40 swing=10] exit=trail3ATR,BTC>200D,2024,PULLBACK
BAKEUSDT,2024-05-03 00:00:00+00:00,2024-05-04 00:00:00+00:00,2024-06-03 00:00:00+00:00,0.25792889999999996,0.19969067365604065,1482.506750971366,382.7637168561389,426.05068738744114,43.286970531302245,87.16486119135445,0.49661033058119197,0.11309057944897002,trail_stop,0.06580312243276054,2,PULLBACK 1d [prox_atr=0.5 rsi_hi=55 rsi_lo=40 swing=10] exit=trail3ATR,BTC>200D,2024,PULLBACK
BTCUSDT,2024-05-03 00:00:00+00:00,2024-05-04 00:00:00+00:00,2024-06-11 00:00:00+00:00,62913.451004999995,54921.33265567944,0.0009569506623064417,60.265273675825824,63.14044171712002,2.875168041294195,7.787077246207554,0.36922300246789685,0.04770853703842898,trail_stop,0.010361838395221213,2,PULLBACK 1d [prox_atr=0.5 rsi_hi=55 rsi_lo=40 swing=10] exit=trail3ATR,BTC>200D,2024,PULLBACK
SOLUSDT,2024-05-08 00:00:00+00:00,2024-05-09 00:00:00+00:00,2024-06-07 00:00:00+00:00,142.24108499999997,112.50508318234873,1.1067869675968807,157.58800971397494,179.93977639454909,22.351766680574144,33.255566339550384,0.672121065458792,0.14183672172231251,trail_stop,0.028125478662084744,2,PULLBACK 1d [prox_atr=0.5 rsi_hi=55 rsi_lo=40 swing=10] exit=trail3ATR,BTC>200D,2024,PULLBACK
RUNEUSDT,2024-05-13 00:00:00+00:00,2024-05-14 00:00:00+00:00,2024-06-01 00:00:00+00:00,5.810904,4.913070077383673,90.71222185056598,527.6471328131415,542.0856904734354,14.438557660293895,82.63992040262544,0.17471650008795495,0.027364040781032915,trail_stop,0.09567773242620309,2,PULLBACK 1d [prox_atr=0.5 rsi_hi=55 rsi_lo=40 swing=10] exit=trail3ATR,BTC>200D,2024,PULLBACK
WLDUSDT,2024-05-13 00:00:00+00:00,2024-05-14 00:00:00+00:00,2024-05-14 00:00:00+00:00,5.6438204999999995,4.6076680272695345,78.79053066156797,445.12429176578945,362.4962295877398,-82.62806217804967,82.62806217804962,-1.0000000000000007,-0.18562919100700528,stop,0.08072553084848326,2,PULLBACK 1d [prox_atr=0.5 rsi_hi=55 rsi_lo=40 swing=10] exit=trail3ATR,BTC>200D,2024,PULLBACK
RNDRUSDT,2024-05-14 00:00:00+00:00,2024-05-15 00:00:00+00:00,2024-06-02 00:00:00+00:00,10.0440195,8.291808177130745,44.53538342915679,447.76157386203,436.93542413899314,-10.826149723036849,79.03645101780072,-0.13697666815275608,-0.024178380537792064,trail_stop,0.08489391676411738,2,PULLBACK 1d [prox_atr=0.5 rsi_hi=55 rsi_lo=40 swing=10] exit=trail3ATR,BTC>200D,2024,PULLBACK
AVAXUSDT,2024-05-15 00:00:00+00:00,2024-05-16 00:00:00+00:00,2024-06-02 00:00:00+00:00,34.67733,30.05857469241994,17.861704373674367,620.0156131452776,631.1054441495858,11.089831004308166,83.92331570915019,0.1321424315829199,0.01788637377702564,trail_stop,0.11070753312612795,2,PULLBACK 1d [prox_atr=0.5 rsi_hi=55 rsi_lo=40 swing=10] exit=trail3ATR,BTC>200D,2024,PULLBACK
BCHUSDT,2024-05-15 00:00:00+00:00,2024-05-16 00:00:00+00:00,2024-05-31 00:00:00+00:00,463.8318,405.83827341209656,1.4206058541396174,659.5810925865322,643.9608649105948,-15.620227675937485,83.90938161584432,-0.18615591457282257,-0.023682042817029698,trail_stop,0.11779174588000314,2,PULLBACK 1d [prox_atr=0.5 rsi_hi=55 rsi_lo=40 swing=10] exit=trail3ATR,BTC>200D,2024,PULLBACK
ETHUSDT,2024-05-15 00:00:00+00:00,2024-05-16 00:00:00+00:00,2024-06-11 00:00:00+00:00,3034.066275,2789.785029790606,0.09842419484303708,298.924155747505,351.55955549838967,52.63539975088469,24.75354663204712,2.1263781119243896,0.17608279136646526,trail_stop,0.05339165339589138,2,PULLBACK 1d [prox_atr=0.5 rsi_hi=55 rsi_lo=40 swing=10] exit=trail3ATR,BTC>200D,2024,PULLBACK
CAKEUSDT,2024-05-30 00:00:00+00:00,2024-05-31 00:00:00+00:00,2024-06-02 00:00:00+00:00,2.7723855,2.6725191511717936,97.67989908336142,271.07714219603463,260.6599544090348,-10.417187786999818,10.417187786999833,-0.9999999999999987,-0.038428868264615355,stop,0.04721144411266165,2,PULLBACK 1d [prox_atr=0.5 rsi_hi=55 rsi_lo=40 swing=10] exit=trail3ATR,BTC>200D,2024,PULLBACK
CYBERUSDT,2024-05-31 00:00:00+00:00,2024-06-01 00:00:00+00:00,2024-06-07 00:00:00+00:00,8.802399,7.950689117771558,73.08434295732694,643.9608649105948,580.1995744304035,-63.76129048019129,63.76129048019133,-0.9999999999999994,-0.09901423200467886,stop,0.11304950988843239,2,PULLBACK 1d [prox_atr=0.5 rsi_hi=55 rsi_lo=40 swing=10] exit=trail3ATR,BTC>200D,2024,PULLBACK
BCHUSDT,2024-06-01 00:00:00+00:00,2024-06-02 00:00:00+00:00,2024-06-11 00:00:00+00:00,463.8318,435.50933104282046,1.1675442398022482,542.0856904734354,526.9178830752385,-15.167807398196942,34.37174001231332,-0.44128715604049235,-0.027980460773554088,trail_stop,0.0949799954824908,2,PULLBACK 1d [prox_atr=0.5 rsi_hi=55 rsi_lo=40 swing=10] exit=trail3ATR,BTC>200D,2024,PULLBACK
ETCUSDT,2024-06-02 00:00:00+00:00,2024-06-03 00:00:00+00:00,2024-06-07 00:00:00+00:00,28.944464999999997,27.69036611427202,59.95775324161089,1737.180535270623,1657.7625905674809,-79.41794470314221,79.41794470314215,-1.0000000000000007,-0.04571657527279987,stop,0.3089319973216294,2,PULLBACK 1d [prox_atr=0.5 rsi_hi=55 rsi_lo=40 swing=10] exit=trail3ATR,BTC>200D,2024,PULLBACK
FETUSDT,2024-06-03 00:00:00+00:00,2024-06-04 00:00:00+00:00,2024-06-07 00:00:00+00:00,2.1390689999999997,1.9586426494387768,198.97678023715744,426.05068738744114,389.14001627067654,-36.910671116764604,36.91067111676454,-1.0000000000000018,-0.08663445972380007,stop,0.07558397637323969,2,PULLBACK 1d [prox_atr=0.5 rsi_hi=55 rsi_lo=40 swing=10] exit=trail3ATR,BTC>200D,2024,PULLBACK
AVAXUSDT,2024-06-04 00:00:00+00:00,2024-06-05 00:00:00+00:00,2024-06-07 00:00:00+00:00,36.088035,33.38681858882729,9.677632608850137,349.59599104963036,322.62086778725956,-26.9751232623708,26.975123262370776,-1.0000000000000009,-0.0771608483878217,stop,0.06000690178557286,2,PULLBACK 1d [prox_atr=0.5 rsi_hi=55 rsi_lo=40 swing=10] exit=trail3ATR,BTC>200D,2024,PULLBACK
CAKEUSDT,2024-06-07 00:00:00+00:00,2024-06-08 00:00:00+00:00,2024-06-12 00:00:00+00:00,2.7643815,2.435515770425374,245.81748829609782,680.2128503392214,597.7946301835985,-82.41822015562286,82.41822015562285,-1.0000000000000002,-0.12116533834155145,stop,0.12367410672162626,2,PULLBACK 1d [prox_atr=0.5 rsi_hi=55 rsi_lo=40 swing=10] exit=trail3ATR,BTC>200D,2024,PULLBACK
LINKUSDT,2024-06-07 00:00:00+00:00,2024-06-08 00:00:00+00:00,2024-06-11 00:00:00+00:00,16.327159499999997,14.804149810355643,52.77044558884278,862.4530734971224,780.0501402941561,-82.40293320296632,82.4029332029663,-1.0000000000000004,-0.09554483105826773,stop,0.15683752662534328,2,PULLBACK 1d [prox_atr=0.5 rsi_hi=55 rsi_lo=40 swing=10] exit=trail3ATR,BTC>200D,2024,PULLBACK
RNDRUSDT,2024-06-07 00:00:00+00:00,2024-06-08 00:00:00+00:00,2024-06-11 00:00:00+00:00,9.5817885,8.04407100030053,52.83108874662351,506.72253491347135,424.3397758461808,-82.38275906729052,82.3827590672905,-1.0000000000000004,-0.16257962374094595,stop,0.09217031409109475,2,PULLBACK 1d [prox_atr=0.5 rsi_hi=55 rsi_lo=40 swing=10] exit=trail3ATR,BTC>200D,2024,PULLBACK
SOLUSDT,2024-06-07 00:00:00+00:00,2024-06-08 00:00:00+00:00,2024-06-11 00:00:00+00:00,162.591255,148.17398353906205,5.564862522404168,905.7027794015793,823.3314083040946,-82.37137109748471,82.37137109748461,-1.000000000000001,-0.09094746419118815,stop,0.1647656162629644,2,PULLBACK 1d [prox_atr=0.5 rsi_hi=55 rsi_lo=40 swing=10] exit=trail3ATR,BTC>200D,2024,PULLBACK
STXUSDT,2024-06-07 00:00:00+00:00,2024-06-08 00:00:00+00:00,2024-06-17 00:00:00+00:00,2.1630809999999996,1.703060254882865,177.19717107493884,383.67512583995557,331.3815059026773,-52.293619937278265,82.35018180482109,-0.635015233618061,-0.1362966124603339,trail_stop,0.06981620907305215,2,PULLBACK 1d [prox_atr=0.5 rsi_hi=55 rsi_lo=40 swing=10] exit=trail3ATR,BTC>200D,2024,PULLBACK
UNIUSDT,2024-06-07 00:00:00+00:00,2024-06-08 00:00:00+00:00,2024-06-24 00:00:00+00:00,9.822909,8.695747087183927,36.90338142567898,362.86105609427153,344.87577173356664,-17.985284360704895,42.43977781075975,-0.4237836597755488,-0.04956520976456704,trail_stop,0.06603778144525091,2,PULLBACK 1d [prox_atr=0.5 rsi_hi=55 rsi_lo=40 swing=10] exit=trail3ATR,BTC>200D,2024,PULLBACK
BNBUSDT,2024-06-10 00:00:00+00:00,2024-06-11 00:00:00+00:00,2024-06-18 00:00:00+00:00,625.41255,579.7387085876165,1.2268561391495878,768.0585176951672,710.1894653707681,-57.86905232439915,57.86905232439912,-1.0000000000000004,-0.07534458767289741,stop,0.14360670227010322,2,PULLBACK 1d [prox_atr=0.5 rsi_hi=55 rsi_lo=40 swing=10] exit=trail3ATR,BTC>200D,2024,PULLBACK
BTCUSDT,2024-06-11 00:00:00+00:00,2024-06-12 00:00:00+00:00,2024-06-18 00:00:00+00:00,67347.88711499999,65008.87155320896,0.029904603377527348,2016.0258643410475,1941.1493950718652,-74.87646926918228,74.87646926918205,-1.000000000000003,-0.03714062929130931,stop,0.4,2,PULLBACK 1d [prox_atr=0.5 rsi_hi=55 rsi_lo=40 swing=10] exit=trail3ATR,BTC>200D,2024,PULLBACK
ETHUSDT,2024-06-11 00:00:00+00:00,2024-06-12 00:00:00+00:00,2024-06-18 00:00:00+00:00,3499.0786649999995,3361.5260934169323,0.2721747838769202,953.313340394132,913.5507114767419,-39.76262891739009,39.76262891739008,-1.0000000000000002,-0.04170992603643926,stop,0.1892605718176419,2,PULLBACK 1d [prox_atr=0.5 rsi_hi=55 rsi_lo=40 swing=10] exit=trail3ATR,BTC>200D,2024,PULLBACK
LINKUSDT,2024-06-12 00:00:00+00:00,2024-06-13 00:00:00+00:00,2024-06-17 00:00:00+00:00,16.0150035,14.171605714948344,37.28987213464223,597.7946301835985,527.664943234092,-70.12968694950655,70.12968694950662,-0.999999999999999,-0.11731401288761638,stop,0.11567639025962506,2,PULLBACK 1d [prox_atr=0.5 rsi_hi=55 rsi_lo=40 swing=10] exit=trail3ATR,BTC>200D,2024,PULLBACK
TRBUSDT,2024-06-17 00:00:00+00:00,2024-06-18 00:00:00+00:00,2024-07-01 00:00:00+00:00,100.01998499999999,79.59270389470434,3.5864149041976607,359.07187808654805,333.5643868421567,-25.50749124439136,74.04745453622944,-0.3444749236033661,-0.0710372847361865,trail_stop,0.07266552925451024,2,PULLBACK 1d [prox_atr=0.5 rsi_hi=55 rsi_lo=40 swing=10] exit=trail3ATR,BTC>200D,2024,PULLBACK
TRXUSDT,2024-06-17 00:00:00+00:00,2024-06-18 00:00:00+00:00,2024-07-05 00:00:00+00:00,0.11683838999999999,0.11109402251537939,4274.922788257071,499.97457105022124,523.6674246832199,23.692853632998663,25.768342653632622,0.9194558591318106,0.047388117326108516,trail_stop,0.10119330097869757,2,PULLBACK 1d [prox_atr=0.5 rsi_hi=55 rsi_lo=40 swing=10] exit=trail3ATR,BTC>200D,2024,PULLBACK
ETHUSDT,2024-06-18 00:00:00+00:00,2024-06-19 00:00:00+00:00,2024-06-24 00:00:00+00:00,3485.16171,3282.186539484694,0.3352930123424972,1169.718918614875,1098.844020823085,-70.87489779179009,70.87489779179022,-0.9999999999999982,-0.060591392225849215,stop,0.2473126038952794,2,PULLBACK 1d [prox_atr=0.5 rsi_hi=55 rsi_lo=40 swing=10] exit=trail3ATR,BTC>200D,2024,PULLBACK
BAKEUSDT,2024-06-19 00:00:00+00:00,2024-06-20 00:00:00+00:00,2024-06-26 00:00:00+00:00,0.33386685,0.24509478579173166,798.5942837196569,266.89078209142156,205.56423353705995,-61.32654855436161,71.45298626535761,-0.8582783136118471,-0.229781441208991,trail_stop,0.055971941524595496,2,PULLBACK 1d [prox_atr=0.5 rsi_hi=55 rsi_lo=40 swing=10] exit=trail3ATR,BTC>200D,2024,PULLBACK
BNBUSDT,2024-06-19 00:00:00+00:00,2024-06-20 00:00:00+00:00,2024-06-24 00:00:00+00:00,599.5996499999999,562.5654886260098,1.8568282698230498,1114.466934276702,1043.0211439469826,-71.44579032971933,71.44579032971947,-0.999999999999998,-0.06410759093188191,stop,0.23374790359752276,2,PULLBACK 1d [prox_atr=0.5 rsi_hi=55 rsi_lo=40 swing=10] exit=trail3ATR,BTC>200D,2024,PULLBACK
FETUSDT,2024-06-20 00:00:00+00:00,2024-06-21 00:00:00+00:00,2024-07-01 00:00:00+00:00,1.6078035,1.0068858688636264,117.98734928255077,189.89017360533978,152.11684224404829,-37.7733313612915,71.26851920021105,-0.5300142585420751,-0.198921990770297,trail_stop,0.03992656405543344,2,PULLBACK 1d [prox_atr=0.5 rsi_hi=55 rsi_lo=40 swing=10] exit=trail3ATR,BTC>200D,2024,PULLBACK
FTMUSDT,2024-06-24 00:00:00+00:00,2024-06-25 00:00:00+00:00,2024-07-04 00:00:00+00:00,0.6165080999999999,0.44649693408455593,402.9538758514376,248.6727527171944,197.8616537809641,-50.81109893623031,69.02486911842138,-0.7361274216841627,-0.20432917712547197,trail_stop,0.05398583109862922,2,PULLBACK 1d [prox_atr=0.5 rsi_hi=55 rsi_lo=40 swing=10] exit=trail3ATR,BTC>200D,2024,PULLBACK
UNIUSDT,2024-06-24 00:00:00+00:00,2024-06-25 00:00:00+00:00,2024-07-04 00:00:00+00:00,9.332664,8.300098380018833,65.46237898179454,611.5493260654283,542.5294411324562,-69.0198849329721,69.01988493297208,-1.0000000000000004,-0.11286069985070643,stop,0.13277442905136475,2,PULLBACK 1d [prox_atr=0.5 rsi_hi=55 rsi_lo=40 swing=10] exit=trail3ATR,BTC>200D,2024,PULLBACK
ETHUSDT,2024-06-27 00:00:00+00:00,2024-06-28 00:00:00+00:00,2024-07-04 00:00:00+00:00,3452.16522,3174.712556579807,0.2406100044648459,831.4561144865831,762.9034568969414,-68.55265758964174,68.7339315431322,-0.9973626715448874,-0.08244891870447354,trail_stop,0.18126974632820503,2,PULLBACK 1d [prox_atr=0.5 rsi_hi=55 rsi_lo=40 swing=10] exit=trail3ATR,BTC>200D,2024,PULLBACK
LINKUSDT,2024-06-27 00:00:00+00:00,2024-06-28 00:00:00+00:00,2024-07-05 00:00:00+00:00,14.439216,12.201437853420925,30.264188275121317,437.4281427207132,374.11530993713325,-63.31283278357995,68.7152455829187,-0.9213797061553152,-0.1447388190201644,trail_stop,0.0953917462992605,2,PULLBACK 1d [prox_atr=0.5 rsi_hi=55 rsi_lo=40 swing=10] exit=trail3ATR,BTC>200D,2024,PULLBACK
RNDRUSDT,2024-06-27 00:00:00+00:00,2024-06-28 00:00:00+00:00,2024-07-05 00:00:00+00:00,7.737867,6.25526833861083,45.812577174261435,354.84612073077244,286.14025184804206,-68.70586888273039,68.70586888273039,-1.0,-0.19362158656613482,stop,0.0773933074858706,2,PULLBACK 1d [prox_atr=0.5 rsi_hi=55 rsi_lo=40 swing=10] exit=trail3ATR,BTC>200D,2024,PULLBACK
SOLUSDT,2024-06-27 00:00:00+00:00,2024-06-28 00:00:00+00:00,2024-07-04 00:00:00+00:00,149.784855,117.38350405494225,2.0990890437461283,314.72615979765203,270.03788740103477,-44.688272396617265,68.69720696109727,-0.650510761258808,-0.1419909689914205,trail_stop,0.0686516443589151,2,PULLBACK 1d [prox_atr=0.5 rsi_hi=55 rsi_lo=40 swing=10] exit=trail3ATR,BTC>200D,2024,PULLBACK
BCHUSDT,2024-06-30 00:00:00+00:00,2024-07-01 00:00:00+00:00,2024-07-04 00:00:00+00:00,394.197,332.0869867688237,1.0799785177839576,426.15001606665754,358.60979285080657,-67.54022321585097,68.04099521493566,-0.9926401429387858,-0.15848931284631576,trail_stop,0.09385318889664743,2,PULLBACK 1d [prox_atr=0.5 rsi_hi=55 rsi_lo=40 swing=10] exit=trail3ATR,BTC>200D,2024,PULLBACK
BNBUSDT,2024-06-30 00:00:00+00:00,2024-07-01 00:00:00+00:00,2024-07-04 00:00:00+00:00,582.59115,541.0479089634422,0.4996783637961813,291.3993007867297,269.9445441603357,-21.454756626394044,21.454756626394055,-0.9999999999999996,-0.07362665788308265,stop,0.06418538693417997,2,PULLBACK 1d [prox_atr=0.5 rsi_hi=55 rsi_lo=40 swing=10] exit=trail3ATR,BTC>200D,2024,PULLBACK
BAKEUSDT,2024-07-01 00:00:00+00:00,2024-07-02 00:00:00+00:00,2024-07-04 00:00:00+00:00,0.29424704999999995,0.23118244514734276,1055.7490505231613,310.9616947003978,243.70466302681055,-67.25703167358725,67.25703167358728,-0.9999999999999996,-0.21628719170181834,stop,0.06928295137177556,2,PULLBACK 1d [prox_atr=0.5 rsi_hi=55 rsi_lo=40 swing=10] exit=trail3ATR,BTC>200D,2024,PULLBACK
BTCUSDT,2024-07-01 00:00:00+00:00,2024-07-02 00:00:00+00:00,2024-07-04 00:00:00+00:00,62931.45,57441.56893753654,0.002773573299143923,174.7195343858072,159.57411776089552,-15.14541662491169,15.640030463319095,-0.9683751358689848,-0.08668416315412285,trail_stop,0.03893102613301394,2,PULLBACK 1d [prox_atr=0.5 rsi_hi=55 rsi_lo=40 swing=10] exit=trail3ATR,BTC>200D,2024,PULLBACK
SOLUSDT,2024-07-06 00:00:00+00:00,2024-07-07 00:00:00+00:00,2024-08-01 00:00:00+00:00,143.121525,115.8905397241403,2.1720843135306214,311.1828914004617,353.183998769162,42.001107368700275,59.836328152179604,0.7019332346376661,0.13497241824470674,trail_stop,0.07793058890339599,2,PULLBACK 1d [prox_atr=0.5 rsi_hi=55 rsi_lo=40 swing=10] exit=trail3ATR,BTC<200D,2024,PULLBACK
TRXUSDT,2024-07-07 00:00:00+00:00,2024-07-08 00:00:00+00:00,2024-07-22 00:00:00+00:00,0.12470231999999999,0.11961019295170922,11018.448049973966,1375.4000606658603,1467.752641082083,92.35258041622274,59.45758246667024,1.553251521250334,0.06714597669241987,trail_stop,0.3466402377025987,2,PULLBACK 1d [prox_atr=0.5 rsi_hi=55 rsi_lo=40 swing=10] exit=trail3ATR,BTC<200D,2024,PULLBACK
NEARUSDT,2024-07-11 00:00:00+00:00,2024-07-12 00:00:00+00:00,2024-07-25 00:00:00+00:00,4.932465,3.7815918681853615,52.66123572187343,260.0094517569453,274.5767209227416,14.56726916579629,61.16476636202747,0.2381643882946309,0.056025921624624844,trail_stop,0.06370081605089294,2,PULLBACK 1d [prox_atr=0.5 rsi_hi=55 rsi_lo=40 swing=10] exit=trail3ATR,BTC<200D,2024,PULLBACK
BCHUSDT,2024-07-12 00:00:00+00:00,2024-07-13 00:00:00+00:00,2024-08-02 00:00:00+00:00,369.08444999999995,275.4341184708865,0.6561864247486833,242.43039388150993,251.36384617073065,8.933452289220725,61.96527825440874,0.14416867866780092,0.03684955564435964,trail_stop,0.0586267533605248,2,PULLBACK 1d [prox_atr=0.5 rsi_hi=55 rsi_lo=40 swing=10] exit=trail3ATR,BTC<200D,2024,PULLBACK
BNBUSDT,2024-07-12 00:00:00+00:00,2024-07-13 00:00:00+00:00,2024-08-02 00:00:00+00:00,534.1669499999999,441.8423063522637,0.6625206741540223,354.2505444726226,357.4461372262538,3.1955927536312174,61.95982992753293,0.0515752344279951,0.009020713739165985,trail_stop,0.08567566637256158,2,PULLBACK 1d [prox_atr=0.5 rsi_hi=55 rsi_lo=40 swing=10] exit=trail3ATR,BTC<200D,2024,PULLBACK
BTCUSDT,2024-07-13 00:00:00+00:00,2024-07-14 00:00:00+00:00,2024-08-01 00:00:00+00:00,59233.612004999995,52317.52203556126,0.008854409597805162,525.0031413123887,555.9569729527983,30.95383164040959,62.45700160081496,0.49560226791299716,0.05895932653475565,trail_stop,0.12596153734737453,2,PULLBACK 1d [prox_atr=0.5 rsi_hi=55 rsi_lo=40 swing=10] exit=trail3ATR,BTC>200D,2024,PULLBACK
ETHUSDT,2024-07-13 00:00:00+00:00,2024-07-14 00:00:00+00:00,2024-07-25 00:00:00+00:00,3177.5179649999995,2739.000768652866,0.14007390209375575,445.5324276708905,439.32514962920385,-6.2072780416866635,62.44520412487887,-0.09940359918230476,-0.013932269922834676,trail_stop,0.10691469742987808,2,PULLBACK 1d [prox_atr=0.5 rsi_hi=55 rsi_lo=40 swing=10] exit=trail3ATR,BTC>200D,2024,PULLBACK
UNIUSDT,2024-07-14 00:00:00+00:00,2024-07-15 00:00:00+00:00,2024-07-25 00:00:00+00:00,8.424209999999999,6.4545537783178215,31.676047135165124,267.11251870956585,223.1387001622005,-43.97381854736534,62.964348888315214,-0.6983923334991542,-0.1646265729506243,trail_stop,0.06357065809809,2,PULLBACK 1d [prox_atr=0.5 rsi_hi=55 rsi_lo=40 swing=10] exit=trail3ATR,BTC>200D,2024,PULLBACK
RNDRUSDT,2024-07-15 00:00:00+00:00,2024-07-16 00:00:00+00:00,2024-07-22 00:00:00+00:00,6.7183575,5.386112280242923,30.953868479601137,208.16711360839582,217.27939567132634,9.112282062930518,41.69610062559472,0.21854038929810715,0.043773879096352136,end_of_data,0.0476711345271344,2,PULLBACK 1d [prox_atr=0.5 rsi_hi=55 rsi_lo=40 swing=10] exit=trail3ATR,BTC>200D,2024,PULLBACK
TRXUSDT,2024-07-22 00:00:00+00:00,2024-07-23 00:00:00+00:00,2024-07-31 00:00:00+00:00,0.13246619999999998,0.1302437275354713,12707.760078158388,1685.0320367534093,1661.8726285096106,-23.15940824379868,32.407827056397,-0.71462391488007,-0.013744194613902092,trail_stop,0.38601496919328265,2,PULLBACK 1d [prox_atr=0.5 rsi_hi=55 rsi_lo=40 swing=10] exit=trail3ATR,BTC>200D,2024,PULLBACK
ETHUSDT,2024-07-26 00:00:00+00:00,2024-07-27 00:00:00+00:00,2024-08-02 00:00:00+00:00,3276.2373,3012.5672777051245,0.23846853637726384,782.0607932693541,717.3252648894553,-64.73552837989882,64.73552837989871,-1.0000000000000018,-0.08277557056565407,stop,0.18103185375363295,2,PULLBACK 1d [prox_atr=0.5 rsi_hi=55 rsi_lo=40 swing=10] exit=trail3ATR,BTC>200D,2024,PULLBACK
NEARUSDT,2024-07-26 00:00:00+00:00,2024-07-27 00:00:00+00:00,2024-08-01 00:00:00+00:00,5.719858499999999,4.9129216888487495,27.067968987746735,154.9797774447918,132.78340418652274,-22.196373258269062,22.196373258269066,-0.9999999999999999,-0.14322109390159654,stop,0.035884525288357005,2,PULLBACK 1d [prox_atr=0.5 rsi_hi=55 rsi_lo=40 swing=10] exit=trail3ATR,BTC>200D,2024,PULLBACK
TRXUSDT,2024-07-31 00:00:00+00:00,2024-08-01 00:00:00+00:00,2024-08-02 00:00:00+00:00,0.12876435,0.12690335260125793,12893.416664577713,1661.8726285096106,1633.7642926269116,-28.108335882699066,28.108335882699098,-0.9999999999999989,-0.016913652346453888,stop,0.39845748133092107,2,PULLBACK 1d [prox_atr=0.5 rsi_hi=55 rsi_lo=40 swing=10] exit=trail3ATR,BTC>200D,2024,PULLBACK
BTCUSDT,2024-08-01 00:00:00+00:00,2024-08-02 00:00:00+00:00,2024-08-03 00:00:00+00:00,65386.697009999996,61068.26016755294,0.013782952015331265,902.1229290371639,840.4387690502738,-61.68415998689011,61.684159986890094,-1.0000000000000002,-0.06837666796999123,stop,0.2191539223817038,2,PULLBACK 1d [prox_atr=0.5 rsi_hi=55 rsi_lo=40 swing=10] exit=trail3ATR,BTC>200D,2024,PULLBACK
SOLUSDT,2024-08-01 00:00:00+00:00,2024-08-02 00:00:00+00:00,2024-08-02 00:00:00+00:00,167.453685,152.45266834423188,0.8340323181674566,139.80144687131929,126.9597902865954,-12.841656584723879,12.841656584723847,-1.0000000000000024,-0.0918563925632617,stop,0.033973317550789736,2,PULLBACK 1d [prox_atr=0.5 rsi_hi=55 rsi_lo=40 swing=10] exit=trail3ATR,BTC>200D,2024,PULLBACK
BCHUSDT,2024-08-02 00:00:00+00:00,2024-08-03 00:00:00+00:00,2024-08-04 00:00:00+00:00,381.69075,333.21581532744125,1.1957407427146485,456.85958407320345,397.84226613400915,-59.0173179391943,59.01731793919431,-0.9999999999999999,-0.12918043091712364,stop,0.11600065798378313,2,PULLBACK 1d [prox_atr=0.5 rsi_hi=55 rsi_lo=40 swing=10] exit=trail3ATR,BTC>200D,2024,PULLBACK
XRPUSDT,2024-08-02 00:00:00+00:00,2024-08-03 00:00:00+00:00,2024-08-04 00:00:00+00:00,0.5608803,0.5277647348738944,1711.9977238879346,961.1860227705555,902.1771785811604,-59.00884418939506,59.00884418939491,-1.0000000000000027,-0.06139170024477255,stop,0.24408861336742319,2,PULLBACK 1d [prox_atr=0.5 rsi_hi=55 rsi_lo=40 swing=10] exit=trail3ATR,BTC>200D,2024,PULLBACK
BTCUSDT,2024-08-08 00:00:00+00:00,2024-08-09 00:00:00+00:00,2024-09-01 00:00:00+00:00,61716.84299999999,47248.765678376396,0.003913463015046272,241.7681090684033,223.75505277161545,-18.013056296787852,57.139079071824455,-0.31524932829500524,-0.07450551011958086,trail_stop,0.06340491999765584,2,PULLBACK 1d [prox_atr=0.5 rsi_hi=55 rsi_lo=40 swing=10] exit=trail3ATR,BTC<200D,2024,PULLBACK
SOLUSDT,2024-08-08 00:00:00+00:00,2024-08-09 00:00:00+00:00,2024-08-30 00:00:00+00:00,163.20156,102.88348244413159,0.9422466244890187,153.92989514036339,126.74025383082987,-27.189641309533513,57.133645041971135,-0.47589544286137603,-0.17663652200074725,trail_stop,0.04037273980376433,2,PULLBACK 1d [prox_atr=0.5 rsi_hi=55 rsi_lo=40 swing=10] exit=trail3ATR,BTC<200D,2024,PULLBACK
TRXUSDT,2024-08-08 00:00:00+00:00,2024-08-09 00:00:00+00:00,2024-08-22 00:00:00+00:00,0.12716355,0.11524495936792024,4675.6989609386455,595.1730570828736,703.1031313755726,107.93007429269903,57.13032699265909,1.8891905573473684,0.18134233901933927,trail_stop,0.15611108230152507,2,PULLBACK 1d [prox_atr=0.5 rsi_hi=55 rsi_lo=40 swing=10] exit=trail3ATR,BTC<200D,2024,PULLBACK
XRPUSDT,2024-08-09 00:00:00+00:00,2024-08-10 00:00:00+00:00,2024-09-02 00:00:00+00:00,0.58079025,0.4065796571934945,325.28037283518296,189.10858872809814,176.7896185961182,-12.318970131979938,57.05451869652476,-0.21591576641816973,-0.06514230905552498,trail_stop,0.04966819632566973,2,PULLBACK 1d [prox_atr=0.5 rsi_hi=55 rsi_lo=40 swing=10] exit=trail3ATR,BTC<200D,2024,PULLBACK
BNBUSDT,2024-08-10 00:00:00+00:00,2024-08-11 00:00:00+00:00,2024-08-27 00:00:00+00:00,523.4616,384.97315860816036,0.4090351624918737,214.32831481487042,214.95905336286663,0.6307385479962022,57.096878932521854,0.011046813062087346,0.002942861509180497,trail_stop,0.0562502376532613,2,PULLBACK 1d [prox_atr=0.5 rsi_hi=55 rsi_lo=40 swing=10] exit=trail3ATR,BTC<200D,2024,PULLBACK
BNBUSDT,2024-08-28 00:00:00+00:00,2024-08-29 00:00:00+00:00,2024-09-02 00:00:00+00:00,537.2685,507.57242380288847,1.8801151321213012,1011.1367634989754,952.8636298946352,-58.27313360434016,58.2731336043402,-0.9999999999999992,-0.057631307364089536,stop,0.260015183940669,2,PULLBACK 1d [prox_atr=0.5 rsi_hi=55 rsi_lo=40 swing=10] exit=trail3ATR,BTC<200D,2024,PULLBACK
BTCUSDT,2024-09-02 00:00:00+00:00,2024-09-03 00:00:00+00:00,2024-09-04 00:00:00+00:00,59161.68606,55871.67016069983,0.01661266560379791,983.8161403787238,926.7855711344287,-57.03056924429518,57.030569244295265,-0.9999999999999986,-0.057968726984232076,stop,0.2585017088453745,2,PULLBACK 1d [prox_atr=0.5 rsi_hi=55 rsi_lo=40 swing=10] exit=trail3ATR,BTC<200D,2024,PULLBACK
XRPUSDT,2024-09-02 00:00:00+00:00,2024-09-03 00:00:00+00:00,2024-09-06 00:00:00+00:00,0.56798385,0.5291095245184598,1416.8623592669805,805.5596926742792,748.5512310037102,-57.00846167056898,57.008461670569005,-0.9999999999999996,-0.07076876138292565,stop,0.211746181396788,2,PULLBACK 1d [prox_atr=0.5 rsi_hi=55 rsi_lo=40 swing=10] exit=trail3ATR,BTC<200D,2024,PULLBACK
TRXUSDT,2024-09-03 00:00:00+00:00,2024-09-04 00:00:00+00:00,2024-09-06 00:00:00+00:00,0.1504752,0.14763610425698476,9987.459084185737,1504.3677680878502,1472.2985235440678,-32.06924454378236,32.06924454378236,-1.0,-0.02131742332165523,stop,0.4,2,PULLBACK 1d [prox_atr=0.5 rsi_hi=55 rsi_lo=40 swing=10] exit=trail3ATR,BTC<200D,2024,PULLBACK
TRXUSDT,2024-09-07 00:00:00+00:00,2024-09-08 00:00:00+00:00,2024-10-20 00:00:00+00:00,0.1516758,0.14418395652029734,6977.210807260482,1059.3323049908392,1087.9600870346621,28.62778204382289,54.83894511241557,0.5220337842957804,0.027024364223528947,trail_stop,0.289467830423388,2,PULLBACK 1d [prox_atr=0.5 rsi_hi=55 rsi_lo=40 swing=10] exit=trail3ATR,BTC<200D,2024,PULLBACK
BNBUSDT,2024-09-09 00:00:00+00:00,2024-09-10 00:00:00+00:00,2024-10-01 00:00:00+00:00,518.95935,459.4915629970509,0.9085855355585408,471.990477911815,502.2636710796902,30.273193167875206,55.12911239959004,0.5491326061708972,0.06413941506152872,trail_stop,0.12829490765292148,2,PULLBACK 1d [prox_atr=0.5 rsi_hi=55 rsi_lo=40 swing=10] exit=trail3ATR,BTC<200D,2024,PULLBACK
BTCUSDT,2024-09-09 00:00:00+00:00,2024-09-10 00:00:00+00:00,2024-10-01 00:00:00+00:00,57070.531005,51261.90003392071,0.009275198584381463,529.8698488958619,560.557354026829,30.68750513096711,55.118504990326045,0.5567550342004584,0.05791517519804809,trail_stop,0.14405520663533417,2,PULLBACK 1d [prox_atr=0.5 rsi_hi=55 rsi_lo=40 swing=10] exit=trail3ATR,BTC<200D,2024,PULLBACK
SOLUSDT,2024-09-09 00:00:00+00:00,2024-09-10 00:00:00+00:00,2024-10-03 00:00:00+00:00,135.13753499999999,115.36386509433623,2.744106983210229,371.202685340804,378.8635837254078,7.660898384603797,55.106595421642425,0.13901962779567897,0.020638046779134337,trail_stop,0.10094032773661711,2,PULLBACK 1d [prox_atr=0.5 rsi_hi=55 rsi_lo=40 swing=10] exit=trail3ATR,BTC<200D,2024,PULLBACK
XRPUSDT,2024-09-12 00:00:00+00:00,2024-09-13 00:00:00+00:00,2024-10-01 00:00:00+00:00,0.56278125,0.4894920650824798,742.3621982353789,418.2053134015299,435.4487347285312,17.243421327001272,55.369796866102476,0.3114228749782128,0.041231951805560656,trail_stop,0.11318107059864206,2,PULLBACK 1d [prox_atr=0.5 rsi_hi=55 rsi_lo=40 swing=10] exit=trail3ATR,BTC<200D,2024,PULLBACK
BNBUSDT,2024-10-01 00:00:00+00:00,2024-10-02 00:00:00+00:00,2024-11-03 00:00:00+00:00,547.4736,524.738221913255,2.3516399176418847,1288.7482323867212,1311.946015865859,23.197783479137797,56.60325944885624,0.4098312306572752,0.01800024465304308,trail_stop,0.34118020344174405,2,PULLBACK 1d [prox_atr=0.5 rsi_hi=55 rsi_lo=40 swing=10] exit=trail3ATR,BTC<200D,2024,PULLBACK
BTCUSDT,2024-10-01 00:00:00+00:00,2024-10-02 00:00:00+00:00,2024-10-10 00:00:00+00:00,60835.322459999996,59072.63177054793,0.016665264411161694,1014.8505710685176,982.984828608007,-31.86574246051066,31.865742460510642,-1.0000000000000007,-0.0313994428036433,stop,0.26878996001647026,2,PULLBACK 1d [prox_atr=0.5 rsi_hi=55 rsi_lo=40 swing=10] exit=trail3ATR,BTC<200D,2024,PULLBACK
FTMUSDT,2024-10-03 00:00:00+00:00,2024-10-04 00:00:00+00:00,2024-10-25 00:00:00+00:00,0.6076036499999999,0.5535412811928326,622.914458507254,378.8635837254078,393.0670531634165,14.20346943800871,34.57175718648255,0.4108402520992547,0.037489666592773085,trail_stop,0.10031933432101148,2,PULLBACK 1d [prox_atr=0.5 rsi_hi=55 rsi_lo=40 swing=10] exit=trail3ATR,BTC<200D,2024,PULLBACK
BTCUSDT,2024-10-11 00:00:00+00:00,2024-10-12 00:00:00+00:00,2024-11-04 00:00:00+00:00,62571.25999499999,57894.35494064887,0.01202242183601372,753.0103405532503,808.6528621767637,55.6425216235134,58.02368105321661,0.9589622825287606,0.07389343628751743,trail_stop,0.19447010310691343,2,PULLBACK 1d [prox_atr=0.5 rsi_hi=55 rsi_lo=40 swing=10] exit=trail3ATR,BTC<200D,2024,PULLBACK
SOLUSDT,2024-10-11 00:00:00+00:00,2024-10-12 00:00:00+00:00,2024-11-04 00:00:00+00:00,145.59276,129.31258441821547,1.577995659340789,229.97448805475665,248.3540570946852,18.379569039928555,26.22577116268994,0.7008209187029064,0.07992003458902103,trail_stop,0.059409819776825856,2,PULLBACK 1d [prox_atr=0.5 rsi_hi=55 rsi_lo=40 swing=10] exit=trail3ATR,BTC<200D,2024,PULLBACK
TRXUSDT,2024-10-20 00:00:00+00:00,2024-10-21 00:00:00+00:00,2024-11-05 00:00:00+00:00,0.15687839999999997,0.15485524898534228,6928.125311201807,1087.9600870346621,1123.575639397781,35.61555236311892,16.712265393671025,2.1311026078251856,0.03273608360044942,trail_stop,0.2662272284608427,2,PULLBACK 1d [prox_atr=0.5 rsi_hi=55 rsi_lo=40 swing=10] exit=trail3ATR,BTC>200D,2024,PULLBACK
APTUSDT,2024-10-25 00:00:00+00:00,2024-10-26 00:00:00+00:00,2024-11-03 00:00:00+00:00,8.954474999999999,8.061172643379239,43.85230611338264,393.0670531634165,353.5530444813755,-39.51400868204104,40.096117538204425,-0.9854821640621753,-0.10052739949591552,trail_stop,0.09980120222807373,2,PULLBACK 1d [prox_atr=0.5 rsi_hi=55 rsi_lo=40 swing=10] exit=trail3ATR,BTC>200D,2024,PULLBACK
RUNEUSDT,2024-11-03 00:00:00+00:00,2024-11-04 00:00:00+00:00,2024-11-04 00:00:00+00:00,5.08254,4.481051637240881,95.20756802721317,484.380169073833,425.99029685820136,-58.38987221563161,58.38987221563159,-1.0000000000000004,-0.12054554654307365,stop,0.12430998419058566,2,PULLBACK 1d [prox_atr=0.5 rsi_hi=55 rsi_lo=40 swing=10] exit=trail3ATR,BTC>200D,2024,PULLBACK
SUIUSDT,2024-11-03 00:00:00+00:00,2024-11-04 00:00:00+00:00,2024-11-26 00:00:00+00:00,1.9473731999999997,1.5075535370366135,131.47602692823907,256.28892417381354,395.00322187889435,138.7142977050808,58.37898636319772,2.376099798000719,0.5412418743894123,trail_stop,0.06578554388294454,2,PULLBACK 1d [prox_atr=0.5 rsi_hi=55 rsi_lo=40 swing=10] exit=trail3ATR,BTC>200D,2024,PULLBACK
BTCUSDT,2024-11-04 00:00:00+00:00,2024-11-05 00:00:00+00:00,2024-12-19 00:00:00+00:00,67883.93500499999,65372.746356798205,0.021177309945119616,1439.036731027135,2041.156297673764,602.119566646629,56.693755623416855,10.620562353394856,0.41841848346487776,trail_stop,0.38035911964741637,2,PULLBACK 1d [prox_atr=0.5 rsi_hi=55 rsi_lo=40 swing=10] exit=trail3ATR,BTC>200D,2024,PULLBACK
SOLUSDT,2024-11-04 00:00:00+00:00,2024-11-05 00:00:00+00:00,2024-12-02 00:00:00+00:00,158.02897499999997,150.75876102371774,6.124336562788763,968.7904522021036,1359.7313171290182,390.9408649269146,46.87754434356687,8.339619116174214,0.4035350101131661,trail_stop,0.2562120878128595,2,PULLBACK 1d [prox_atr=0.5 rsi_hi=55 rsi_lo=40 swing=10] exit=trail3ATR,BTC>200D,2024,PULLBACK
APTUSDT,2024-11-05 00:00:00+00:00,2024-11-06 00:00:00+00:00,2024-11-14 00:00:00+00:00,8.474235,7.38640389581148,52.51931735072332,445.5060983068764,583.4733544160628,137.96725610918634,58.158907393116216,2.372246355603241,0.3096865713702326,trail_stop,0.11478749959863027,2,PULLBACK 1d [prox_atr=0.5 rsi_hi=55 rsi_lo=40 swing=10] exit=trail3ATR,BTC>200D,2024,PULLBACK
TRXUSDT,2024-11-05 00:00:00+00:00,2024-11-06 00:00:00+00:00,2024-11-13 00:00:00+00:00,0.16018005,0.15840534157474984,4228.942049537148,678.0695410909046,743.8217728780954,65.7522317871908,9.187026805430303,7.1570741198148795,0.0969697469103332,trail_stop,0.1747627184332251,2,PULLBACK 1d [prox_atr=0.5 rsi_hi=55 rsi_lo=40 swing=10] exit=trail3ATR,BTC>200D,2024,PULLBACK
FTMUSDT,2024-11-13 00:00:00+00:00,2024-11-14 00:00:00+00:00,2024-12-09 00:00:00+00:00,0.7047521999999999,0.4960075137022783,358.6103586069915,252.98417061023721,377.6297168293741,124.64554621913689,75.37745946152553,1.653618297957614,0.4927009698609697,trail_stop,0.050293172715657725,2,PULLBACK 1d [prox_atr=0.5 rsi_hi=55 rsi_lo=40 swing=10] exit=trail3ATR,BTC>200D,2024,PULLBACK
RUNEUSDT,2024-11-13 00:00:00+00:00,2024-11-14 00:00:00+00:00,2024-12-09 00:00:00+00:00,5.6118045,3.9416790844869407,44.82019088337793,251.7736710390894,260.7175346719649,8.94386363287552,75.37177395141346,0.11866330277221496,0.03552342703652651,trail_stop,0.050056301391885126,2,PULLBACK 1d [prox_atr=0.5 rsi_hi=55 rsi_lo=40 swing=10] exit=trail3ATR,BTC>200D,2024,PULLBACK
UNIUSDT,2024-11-14 00:00:00+00:00,2024-11-15 00:00:00+00:00,2024-12-09 00:00:00+00:00,8.1830895,6.3686172791012385,39.95395132654982,327.2737063433847,600.1357469941379,272.8620406507532,73.20383146821717,3.727428403378332,0.8337426299821923,trail_stop,0.06699378018056698,2,PULLBACK 1d [prox_atr=0.5 rsi_hi=55 rsi_lo=40 swing=10] exit=trail3ATR,BTC>200D,2024,PULLBACK
STORJUSDT,2024-11-17 00:00:00+00:00,2024-11-18 00:00:00+00:00,2024-12-09 00:00:00+00:00,0.4786392,0.40720253982776883,1033.6988915470274,495.26357930144684,596.7490747684138,101.485495466967,74.96994200502353,1.3536824593003784,0.20491209066919272,trail_stop,0.09536073024552394,2,PULLBACK 1d [prox_atr=0.5 rsi_hi=55 rsi_lo=40 swing=10] exit=trail3ATR,BTC>200D,2024,PULLBACK
BNBUSDT,2024-11-26 00:00:00+00:00,2024-11-27 00:00:00+00:00,2024-12-09 00:00:00+00:00,613.80675,576.6081319713057,0.6428873798889125,395.00322187889435,433.18096558291336,38.17774370401901,24.86498648295418,1.535401747762509,0.09665172735154064,trail_stop,0.07232212970371239,2,PULLBACK 1d [prox_atr=0.5 rsi_hi=55 rsi_lo=40 swing=10] exit=trail3ATR,BTC>200D,2024,PULLBACK
SOLUSDT,2024-12-02 00:00:00+00:00,2024-12-03 00:00:00+00:00,2024-12-09 00:00:00+00:00,225.842865,212.8444933663111,6.014681686688811,1359.7313171290182,1278.2722286443034,-81.45908848471481,81.45908848471458,-1.0000000000000029,-0.059908224116445474,stop,0.23431490899146976,2,PULLBACK 1d [prox_atr=0.5 rsi_hi=55 rsi_lo=40 swing=10] exit=trail3ATR,BTC>200D,2024,PULLBACK
ADAUSDT,2024-12-09 00:00:00+00:00,2024-12-10 00:00:00+00:00,2024-12-19 00:00:00+00:00,1.00400175,0.8534360976733002,550.2219735372885,552.9762481442111,480.7351740935149,-72.24107405069623,84.10108834572357,-0.8589790628359876,-0.13064046474534366,trail_stop,0.09852853902121612,2,PULLBACK 1d [prox_atr=0.5 rsi_hi=55 rsi_lo=40 swing=10] exit=trail3ATR,BTC>200D,2024,PULLBACK
APTUSDT,2024-12-09 00:00:00+00:00,2024-12-10 00:00:00+00:00,2024-12-20 00:00:00+00:00,11.945969999999999,9.73301670827155,37.54769539033305,448.99218634475886,402.7917286039025,-46.200457740856336,84.08783554727012,-0.549430930647331,-0.10289813307659945,trail_stop,0.08001341212723462,2,PULLBACK 1d [prox_atr=0.5 rsi_hi=55 rsi_lo=40 swing=10] exit=trail3ATR,BTC>200D,2024,PULLBACK
ARBUSDT,2024-12-09 00:00:00+00:00,2024-12-10 00:00:00+00:00,2024-12-19 00:00:00+00:00,0.9604799999999999,0.7978608850791729,510.2890203810003,490.61252069383863,407.8627191605144,-82.74980153332422,84.08337715081595,-0.9841398423483899,-0.16866630598073,trail_stop,0.08743507008818811,2,PULLBACK 1d [prox_atr=0.5 rsi_hi=55 rsi_lo=40 swing=10] exit=trail3ATR,BTC>200D,2024,PULLBACK
ARKUSDT,2024-12-09 00:00:00+00:00,2024-12-10 00:00:00+00:00,2024-12-19 00:00:00+00:00,0.62321145,0.49415321024437403,644.6039827985559,402.1263073784587,318.055487011625,-84.07082036683369,84.07082036683362,-1.0000000000000009,-0.20906570603377847,stop,0.07167610254832464,2,PULLBACK 1d [prox_atr=0.5 rsi_hi=55 rsi_lo=40 swing=10] exit=trail3ATR,BTC>200D,2024,PULLBACK
ATOMUSDT,2024-12-09 00:00:00+00:00,2024-12-10 00:00:00+00:00,2024-12-19 00:00:00+00:00,8.3971965,7.06509243856578,62.221799247049695,523.0111635358893,438.9435790306091,-84.0675845052802,84.06758450528025,-0.9999999999999993,-0.16073764838388852,stop,0.09322654111018457,2,PULLBACK 1d [prox_atr=0.5 rsi_hi=55 rsi_lo=40 swing=10] exit=trail3ATR,BTC>200D,2024,PULLBACK
AVAXUSDT,2024-12-09 00:00:00+00:00,2024-12-10 00:00:00+00:00,2024-12-19 00:00:00+00:00,45.04251,38.12929119569758,11.981820501022588,540.2309610052504,502.36518691552135,-37.86577408972903,84.05769712242663,-0.4504736078431826,-0.07009182520614737,trail_stop,0.09630729038700818,2,PULLBACK 1d [prox_atr=0.5 rsi_hi=55 rsi_lo=40 swing=10] exit=trail3ATR,BTC>200D,2024,PULLBACK
BAKEUSDT,2024-12-09 00:00:00+00:00,2024-12-10 00:00:00+00:00,2024-12-19 00:00:00+00:00,0.33486734999999995,0.23868252844273946,867.5438063426581,290.8026075343179,223.0000146196005,-67.80259291471737,84.04555609168843,-0.8067362043597998,-0.23315675705114136,trail_stop,0.051849040380305515,2,PULLBACK 1d [prox_atr=0.5 rsi_hi=55 rsi_lo=40 swing=10] exit=trail3ATR,BTC>200D,2024,PULLBACK
BNBUSDT,2024-12-09 00:00:00+00:00,2024-12-10 00:00:00+00:00,2024-12-20 00:00:00+00:00,689.5446000000001,600.8374320663165,0.431640878947012,297.93327285438295,267.854660677592,-30.078612176790955,38.97616489593593,-0.7717181066197529,-0.10095754626067595,trail_stop,0.05312536552843645,2,PULLBACK 1d [prox_atr=0.5 rsi_hi=55 rsi_lo=40 swing=10] exit=trail3ATR,BTC>200D,2024,PULLBACK
BTCUSDT,2024-12-19 00:00:00+00:00,2024-12-20 00:00:00+00:00,2024-12-30 00:00:00+00:00,97510.59092999999,92087.35774526346,0.013589525969581153,1326.4478304601917,1249.5470299518138,-76.90080050837787,76.90080050837774,-1.0000000000000016,-0.057974990604566984,stop,0.2584737803102734,2,PULLBACK 1d [prox_atr=0.5 rsi_hi=55 rsi_lo=40 swing=10] exit=trail3ATR,BTC>200D,2024,PULLBACK
ETHUSDT,2024-12-19 00:00:00+00:00,2024-12-20 00:00:00+00:00,2024-12-20 00:00:00+00:00,3418.718505,3218.1218018383975,0.3680838146774851,1259.6333235775373,1182.7623333633576,-76.87099021417976,76.87099021418011,-0.9999999999999953,-0.06102648189383815,stop,0.2455493831527581,2,PULLBACK 1d [prox_atr=0.5 rsi_hi=55 rsi_lo=40 swing=10] exit=trail3ATR,BTC>200D,2024,PULLBACK
FTMUSDT,2024-12-19 00:00:00+00:00,2024-12-20 00:00:00+00:00,2024-12-20 00:00:00+00:00,0.9954974999999999,0.8907596551279945,717.69284589032,715.1758952855504,638.3332137911666,-76.84268149438378,76.84268149438375,-1.0000000000000004,-0.10744584933710968,stop,0.1394657409054466,2,PULLBACK 1d [prox_atr=0.5 rsi_hi=55 rsi_lo=40 swing=10] exit=trail3ATR,BTC>200D,2024,PULLBACK
FTTUSDT,2024-12-19 00:00:00+00:00,2024-12-20 00:00:00+00:00,2024-12-31 00:00:00+00:00,2.6047017,2.266951540745051,223.49288792416465,582.714437419095,828.1384486169986,245.4240111979036,76.82660879001352,3.194518345443429,0.4211737266797661,window_end,0.11365833679547709,2,PULLBACK 1d [prox_atr=0.5 rsi_hi=55 rsi_lo=40 swing=10] exit=trail3ATR,BTC>200D,2024,PULLBACK
LDOUSDT,2024-12-19 00:00:00+00:00,2024-12-20 00:00:00+00:00,2024-12-20 00:00:00+00:00,1.606803,1.3968075743742754,328.3659243917052,528.1469717627754,457.9762436732145,-70.17072808956084,70.17072808956091,-0.999999999999999,-0.1328621233126733,stop,0.10303342549088415,2,PULLBACK 1d [prox_atr=0.5 rsi_hi=55 rsi_lo=40 swing=10] exit=trail3ATR,BTC>200D,2024,PULLBACK
AVAXUSDT,2024-12-20 00:00:00+00:00,2024-12-21 00:00:00+00:00,2024-12-31 00:00:00+00:00,39.869925,31.19125333687013,8.404489255799941,335.4214426483415,299.6742749197847,-35.7471677285568,73.66797786072263,-0.4852470336044887,-0.10657388939214127,window_end,0.06822903913398441,2,PULLBACK 1d [prox_atr=0.5 rsi_hi=55 rsi_lo=40 swing=10] exit=trail3ATR,BTC>200D,2024,PULLBACK
BNBUSDT,2024-12-20 00:00:00+00:00,2024-12-21 00:00:00+00:00,2024-12-31 00:00:00+00:00,678.9393,597.8643117540231,0.8912440592343812,605.705718323455,624.9821347064569,19.2764163830019,73.6617003470403,0.2616884526448,0.031824722468127724,window_end,0.1232188399510782,2,PULLBACK 1d [prox_atr=0.5 rsi_hi=55 rsi_lo=40 swing=10] exit=trail3ATR,BTC>200D,2024,PULLBACK
DOTUSDT,2024-12-20 00:00:00+00:00,2024-12-21 00:00:00+00:00,2024-12-31 00:00:00+00:00,7.2946455,5.517367783234653,41.078877947586896,299.95550801757935,272.47779217000414,-27.47771584757521,73.64808785113524,-0.3730947625295564,-0.09160597192955976,window_end,0.06103128965909635,2,PULLBACK 1d [prox_atr=0.5 rsi_hi=55 rsi_lo=40 swing=10] exit=trail3ATR,BTC>200D,2024,PULLBACK
DYDXUSDT,2024-12-20 00:00:00+00:00,2024-12-21 00:00:00+00:00,2024-12-31 00:00:00+00:00,1.5583788,1.1359799918766729,173.00340330093888,269.87444086806516,248.44039879221648,-21.43404207584868,73.64073053444018,-0.291062322715884,-0.07942227506578603,window_end,0.054916246907534036,2,PULLBACK 1d [prox_atr=0.5 rsi_hi=55 rsi_lo=40 swing=10] exit=trail3ATR,BTC>200D,2024,PULLBACK
ETCUSDT,2024-12-20 00:00:00+00:00,2024-12-21 00:00:00+00:00,2024-12-31 00:00:00+00:00,27.45372,21.875394936676116,13.059399657670857,358.8876306713613,326.77781622237757,-32.10981444898374,73.636481971877,-0.4360585078093086,-0.08947038489155167,window_end,0.07303358850848954,2,PULLBACK 1d [prox_atr=0.5 rsi_hi=55 rsi_lo=40 swing=10] exit=trail3ATR,BTC>200D,2024,PULLBACK
ETHUSDT,2024-12-20 00:00:00+00:00,2024-12-21 00:00:00+00:00,2024-12-31 00:00:00+00:00,3473.9360999999994,2986.8438159927978,0.14873075688043916,517.1978266527882,495.68614809711454,-21.511678555673655,73.62841641090388,-0.2921654383495326,-0.04159274739202481,window_end,0.10526122332112874,2,PULLBACK 1d [prox_atr=0.5 rsi_hi=55 rsi_lo=40 swing=10] exit=trail3ATR,BTC>200D,2024,PULLBACK
FTMUSDT,2024-12-20 00:00:00+00:00,2024-12-21 00:00:00+00:00,2024-12-30 00:00:00+00:00,0.9914955,0.7672589654759949,325.193443726768,322.75026392067826,249.13344858934875,-73.61681533132952,73.61681533132952,-1.0,-0.2280921925114899,stop,0.06569718507247956,2,PULLBACK 1d [prox_atr=0.5 rsi_hi=55 rsi_lo=40 swing=10] exit=trail3ATR,BTC>200D,2024,PULLBACK
GALAUSDT,2024-12-20 00:00:00+00:00,2024-12-21 00:00:00+00:00,2024-12-31 00:00:00+00:00,0.03745872,0.026445640433271713,6398.6613355613945,239.92534900696393,219.59221707908532,-20.33313192787861,70.96239250948244,-0.28653391196134725,-0.084747743462857,window_end,0.04884134016551527,2,PULLBACK 1d [prox_atr=0.5 rsi_hi=55 rsi_lo=40 swing=10] exit=trail3ATR,BTC>200D,2024,PULLBACK
ADAUSDT,2024-12-30 00:00:00+00:00,2024-12-31 00:00:00+00:00,2024-12-31 00:00:00+00:00,0.8620308,0.7860632128673183,925.9295116150656,798.9779373987853,781.3296669720083,-17.648270426777003,72.23020538059977,-0.24433365977271793,-0.022088557894644856,window_end,0.1657574736431927,2,PULLBACK 1d [prox_atr=0.5 rsi_hi=55 rsi_lo=40 swing=10] exit=trail3ATR,BTC>200D,2024,PULLBACK
ARKUSDT,2024-12-30 00:00:00+00:00,2024-12-31 00:00:00+00:00,2024-12-31 00:00:00+00:00,0.53996985,0.45166661085598286,806.6406474969078,435.9971910622409,415.52189925154437,-20.475291810696547,72.21086043346368,-0.28354864749967673,-0.046961981018298786,window_end,0.09047703354140381,2,PULLBACK 1d [prox_atr=0.5 rsi_hi=55 rsi_lo=40 swing=10] exit=trail3ATR,BTC>200D,2024,PULLBACK
BTCUSDT,2024-12-30 00:00:00+00:00,2024-12-31 00:00:00+00:00,2024-12-31 00:00:00+00:00,92838.446025,89585.43234197398,0.002837638063233236,263.70535008013627,265.1366499434153,1.4312998632790368,9.87550679891592,0.1449343200731893,0.005427648179470327,window_end,0.05472539078337084,2,PULLBACK 1d [prox_atr=0.5 rsi_hi=55 rsi_lo=40 swing=10] exit=trail3ATR,BTC>200D,2024,PULLBACK
ALGOUSDT,2024-12-31 00:00:00+00:00,2025-01-01 00:00:00+00:00,2025-01-27 00:00:00+00:00,0.33466725,0.2879154396011189,1508.1874180762802,505.2456766278812,555.2997540576952,50.05407742981396,71.66636170156508,0.6984319594491268,0.09906878919555667,trail_stop,0.10564390120584975,3,PULLBACK 1d [prox_atr=0.5 rsi_hi=55 rsi_lo=40 swing=10] exit=trail3ATR,BTC>200D,2025,PULLBACK
BNBUSDT,2024-12-31 00:00:00+00:00,2025-01-01 00:00:00+00:00,2025-01-13 00:00:00+00:00,702.6611549999999,620.2831438895512,0.8529262683738383,599.9174750222664,565.9708657261812,-33.946609296085285,71.65500692234461,-0.4737506945310127,-0.05658546501720979,trail_stop,0.12545909545056064,3,PULLBACK 1d [prox_atr=0.5 rsi_hi=55 rsi_lo=40 swing=10] exit=trail3ATR,BTC>200D,2025,PULLBACK
BTCUSDT,2024-12-31 00:00:00+00:00,2025-01-01 00:00:00+00:00,2025-01-09 00:00:00+00:00,93622.788,89573.78110326156,0.016750598156320164,1569.8059377624156,1539.6708383523242,-30.13509941009147,71.64139657119482,-0.4206380787139488,-0.01919670367220404,trail_stop,0.32835157641794954,3,PULLBACK 1d [prox_atr=0.5 rsi_hi=55 rsi_lo=40 swing=10] exit=trail3ATR,BTC>200D,2025,PULLBACK
CRVUSDT,2024-12-31 00:00:00+00:00,2025-01-01 00:00:00+00:00,2025-01-13 00:00:00+00:00,0.8946470999999999,0.69518299543803,355.539712386902,318.40065519439764,283.6877361769464,-34.71291901745127,71.6061171008958,-0.4847758881903821,-0.10902276251993735,trail_stop,0.06663171782661777,3,PULLBACK 1d [prox_atr=0.5 rsi_hi=55 rsi_lo=40 swing=10] exit=trail3ATR,BTC>200D,2025,PULLBACK
ENAUSDT,2024-12-31 00:00:00+00:00,2025-01-01 00:00:00+00:00,2025-01-08 00:00:00+00:00,0.90975465,0.8218183895538864,794.8522139269654,723.8436181805343,742.1712132058736,18.327595025339292,71.59896143522535,0.25597571051250556,0.02531982677613135,trail_stop,0.15149392180856894,3,PULLBACK 1d [prox_atr=0.5 rsi_hi=55 rsi_lo=40 swing=10] exit=trail3ATR,BTC>200D,2025,PULLBACK
ENSUSDT,2024-12-31 00:00:00+00:00,2025-01-01 00:00:00+00:00,2025-01-13 00:00:00+00:00,33.006495,30.253851392218152,25.285162705266714,835.4091710019777,763.8264770676036,-71.5826939343741,71.58269393437418,-0.999999999999999,-0.0856857889751424,stop,0.1748833168748922,3,PULLBACK 1d [prox_atr=0.5 rsi_hi=55 rsi_lo=40 swing=10] exit=trail3ATR,BTC>200D,2025,PULLBACK
ETHUSDT,2024-12-31 00:00:00+00:00,2025-01-01 00:00:00+00:00,2025-01-08 00:00:00+00:00,3339.44889,3123.1996056037024,0.06734943710384321,225.13491298153258,218.6664733867192,-6.46843959481339,15.104591011410909,-0.42824327980325616,-0.028731392697604323,trail_stop,0.047139274886890875,3,PULLBACK 1d [prox_atr=0.5 rsi_hi=55 rsi_lo=40 swing=10] exit=trail3ATR,BTC>200D,2025,PULLBACK
ADAUSDT,2025-01-08 00:00:00+00:00,2025-01-09 00:00:00+00:00,2025-01-27 00:00:00+00:00,0.9471733499999999,0.7842770748733058,437.4831220327894,414.78672661852016,400.4190504205418,-14.36767619797837,72.19323378509242,-0.19901693614042304,-0.03463870774050187,trail_stop,0.08609650777615298,3,PULLBACK 1d [prox_atr=0.5 rsi_hi=55 rsi_lo=40 swing=10] exit=trail3ATR,BTC>200D,2025,PULLBACK
ENAUSDT,2025-01-08 00:00:00+00:00,2025-01-09 00:00:00+00:00,2025-01-13 00:00:00+00:00,0.9772884,0.8292380430330285,480.36231876482157,469.9219744478883,397.737406262964,-72.18456818492433,72.18456818492429,-1.0000000000000007,-0.15360968865040633,stop,0.09755253797251516,3,PULLBACK 1d [prox_atr=0.5 rsi_hi=55 rsi_lo=40 swing=10] exit=trail3ATR,BTC>200D,2025,PULLBACK
HBARUSDT,2025-01-08 00:00:00+00:00,2025-01-09 00:00:00+00:00,2025-01-27 00:00:00+00:00,0.285232545,0.24850658524048483,266.6348350732232,76.1289855261843,80.7951835359204,4.666198009736107,9.967830794276864,0.468125724246368,0.06129331656641063,trail_stop,0.01580616113985221,3,PULLBACK 1d [prox_atr=0.5 rsi_hi=55 rsi_lo=40 swing=10] exit=trail3ATR,BTC>200D,2025,PULLBACK
BTCUSDT,2025-01-09 00:00:00+00:00,2025-01-10 00:00:00+00:00,2025-01-13 00:00:00+00:00,92598.766245,89303.75727134981,0.01661072569344012,1539.6708383523242,1481.175856804916,-58.49498154740809,58.49498154740791,-1.000000000000003,-0.03799187468537521,stop,0.3338371281570945,3,PULLBACK 1d [prox_atr=0.5 rsi_hi=55 rsi_lo=40 swing=10] exit=trail3ATR,BTC>200D,2025,PULLBACK
BNBUSDT,2025-01-13 00:00:00+00:00,2025-01-14 00:00:00+00:00,2025-01-27 00:00:00+00:00,688.9843199999999,646.0775240646643,1.51658082528684,1045.9453090439274,996.9947854571578,-48.95052358676958,67.58577766123598,-0.7242725508335061,-0.04680027068672839,trail_stop,0.23190539003768787,3,PULLBACK 1d [prox_atr=0.5 rsi_hi=55 rsi_lo=40 swing=10] exit=trail3ATR,BTC>200D,2025,PULLBACK
BTCUSDT,2025-01-13 00:00:00+00:00,2025-01-14 00:00:00+00:00,2025-02-02 00:00:00+00:00,94583.378055,87406.46773419986,0.009126879631083488,864.1143577158576,888.5435987650347,24.429241049177108,67.56227131846002,0.36158110987755254,0.028270842662251022,trail_stop,0.19165676858469882,3,PULLBACK 1d [prox_atr=0.5 rsi_hi=55 rsi_lo=40 swing=10] exit=trail3ATR,BTC>200D,2025,PULLBACK
CRVUSDT,2025-01-13 00:00:00+00:00,2025-01-14 00:00:00+00:00,2025-01-27 00:00:00+00:00,0.8121058499999999,0.6742246716532386,483.47014176508594,393.02155935818325,363.1859299140565,-29.835629444126766,67.54285003510323,-0.4417289088130077,-0.07591346768062622,trail_stop,0.0871955203749248,3,PULLBACK 1d [prox_atr=0.5 rsi_hi=55 rsi_lo=40 swing=10] exit=trail3ATR,BTC>200D,2025,PULLBACK
OMUSDT,2025-01-13 00:00:00+00:00,2025-01-14 00:00:00+00:00,2025-01-22 00:00:00+00:00,3.83781795,3.4284278300584985,161.42218730249533,620.1284769257363,552.5944595699451,-67.5340173557912,67.53401735579128,-0.999999999999999,-0.10890326741740448,stop,0.13759931488171426,3,PULLBACK 1d [prox_atr=0.5 rsi_hi=55 rsi_lo=40 swing=10] exit=trail3ATR,BTC>200D,2025,PULLBACK
SUIUSDT,2025-01-13 00:00:00+00:00,2025-01-14 00:00:00+00:00,2025-01-26 00:00:00+00:00,4.7511744,4.0426801920171735,93.86381225290323,446.4093052042625,378.892372210905,-67.5169329933575,67.51693299335747,-1.0000000000000004,-0.15124445706270376,stop,0.09907811020672595,3,PULLBACK 1d [prox_atr=0.5 rsi_hi=55 rsi_lo=40 swing=10] exit=trail3ATR,BTC>200D,2025,PULLBACK
UNIUSDT,2025-01-13 00:00:00+00:00,2025-01-14 00:00:00+00:00,2025-01-26 00:00:00+00:00,12.8994465,11.438795313966734,9.508677532290266,122.77933379064382,114.37633424110697,-8.402999549536844,14.174615132350723,-0.5928202967824275,-0.06843985294679274,trail_stop,0.02725431001344878,3,PULLBACK 1d [prox_atr=0.5 rsi_hi=55 rsi_lo=40 swing=10] exit=trail3ATR,BTC>200D,2025,PULLBACK
AVAXUSDT,2025-01-22 00:00:00+00:00,2025-01-23 00:00:00+00:00,2025-02-02 00:00:00+00:00,36.8184,31.17804661572882,12.069238062745047,444.8144047240615,375.73101218382226,-69.08339254023923,69.08339254023926,-0.9999999999999996,-0.15530835289179717,stop,0.09648557019631128,3,PULLBACK 1d [prox_atr=0.5 rsi_hi=55 rsi_lo=40 swing=10] exit=trail3ATR,BTC>200D,2025,PULLBACK
BCHUSDT,2025-01-22 00:00:00+00:00,2025-01-23 00:00:00+00:00,2025-02-02 00:00:00+00:00,435.61769999999996,383.7393136645621,0.24717173444380297,107.78005484588363,94.7072848899011,-13.072769955982523,13.072769955982517,-1.0000000000000004,-0.1212911792879998,stop,0.023382167857460563,3,PULLBACK 1d [prox_atr=0.5 rsi_hi=55 rsi_lo=40 swing=10] exit=trail3ATR,BTC>200D,2025,PULLBACK
ENSUSDT,2025-01-26 00:00:00+00:00,2025-01-27 00:00:00+00:00,2025-02-02 00:00:00+00:00,32.79639,29.74867361403908,15.02531011862862,493.268706452012,446.3127955903218,-46.9559108616902,46.95591086169013,-1.0000000000000016,-0.09519337076830829,stop,0.1112828933270337,3,PULLBACK 1d [prox_atr=0.5 rsi_hi=55 rsi_lo=40 swing=10] exit=trail3ATR,BTC>200D,2025,PULLBACK
ADAUSDT,2025-01-27 00:00:00+00:00,2025-01-28 00:00:00+00:00,2025-02-02 00:00:00+00:00,0.9350672999999999,0.814540403331889,529.0337721408597,495.1768631054934,430.2732185222939,-64.90364458319948,64.90364458319948,-1.0,-0.1310716421121887,stop,0.11432690354324547,3,PULLBACK 1d [prox_atr=0.5 rsi_hi=55 rsi_lo=40 swing=10] exit=trail3ATR,BTC>200D,2025,PULLBACK
ALGOUSDT,2025-01-27 00:00:00+00:00,2025-01-28 00:00:00+00:00,2025-02-02 00:00:00+00:00,0.38699339999999993,0.32321500075806436,1003.7381098516242,388.8284638648945,323.9367413272929,-64.8917225376016,64.8917225376016,-1.0,-0.16689036057851311,stop,0.08978957761892624,3,PULLBACK 1d [prox_atr=0.5 rsi_hi=55 rsi_lo=40 swing=10] exit=trail3ATR,BTC>200D,2025,PULLBACK
BNBUSDT,2025-01-27 00:00:00+00:00,2025-01-28 00:00:00+00:00,2025-02-02 00:00:00+00:00,680.089875,625.1078634391205,1.1463269998142602,780.384991398818,715.5035129129955,-64.88147848582253,64.88147848582251,-1.0000000000000002,-0.08314034636868696,stop,0.18023758186625471,3,PULLBACK 1d [prox_atr=0.5 rsi_hi=55 rsi_lo=40 swing=10] exit=trail3ATR,BTC>200D,2025,PULLBACK
ETCUSDT,2025-01-27 00:00:00+00:00,2025-01-28 00:00:00+00:00,2025-02-02 00:00:00+00:00,26.012999999999998,23.663242038655543,26.900429623685252,700.4606366767252,635.5968683390787,-64.86376833764655,64.86376833764642,-1.000000000000002,-0.09260158949885759,stop,0.16182243810404442,3,PULLBACK 1d [prox_atr=0.5 rsi_hi=55 rsi_lo=40 swing=10] exit=trail3ATR,BTC>200D,2025,PULLBACK
HBARUSDT,2025-01-27 00:00:00+00:00,2025-01-28 00:00:00+00:00,2025-02-02 00:00:00+00:00,0.31485735,0.27487477585815223,101.03602918285873,31.843748339440594,27.730611377551107,-4.113136961889488,4.11313696188949,-0.9999999999999996,-0.12916623125032975,stop,0.0073584204943772415,3,PULLBACK 1d [prox_atr=0.5 rsi_hi=55 rsi_lo=40 swing=10] exit=trail3ATR,BTC>200D,2025,PULLBACK
BTCUSDT,2025-02-02 00:00:00+00:00,2025-02-03 00:00:00+00:00,2025-02-03 00:00:00+00:00,97749.440295,94089.83886950565,0.015153511709587815,1482.7285354040532,1423.6535007454288,-59.07503465862442,59.07503465862439,-1.0000000000000004,-0.039842110843658976,stop,0.37610996675895036,3,PULLBACK 1d [prox_atr=0.5 rsi_hi=55 rsi_lo=40 swing=10] exit=trail3ATR,BTC>200D,2025,PULLBACK
LTCUSDT,2025-02-02 00:00:00+00:00,2025-02-03 00:00:00+00:00,2025-02-03 00:00:00+00:00,109.18456499999999,98.35976886795149,5.327966949361326,582.3134854540937,523.2717733075507,-59.04171214654298,59.04171214654316,-0.9999999999999969,-0.10139162774240353,stop,0.14779341567615426,3,PULLBACK 1d [prox_atr=0.5 rsi_hi=55 rsi_lo=40 swing=10] exit=trail3ATR,BTC>200D,2025,PULLBACK
RAYUSDT,2025-02-02 00:00:00+00:00,2025-02-03 00:00:00+00:00,2025-02-03 00:00:00+00:00,5.645821499999999,4.8357737853955465,71.72756627322983,405.3659968438838,346.3381706764374,-59.02782616744639,59.027826167446385,-1.0000000000000002,-0.14561612623413855,stop,0.10290766120862424,3,PULLBACK 1d [prox_atr=0.5 rsi_hi=55 rsi_lo=40 swing=10] exit=trail3ATR,BTC>200D,2025,PULLBACK
BTCUSDT,2025-02-03 00:00:00+00:00,2025-02-04 00:00:00+00:00,2025-02-24 00:00:00+00:00,101379.17425499999,88915.5285931124,0.004442927604992575,450.8707522007609,411.0684726168853,-39.80227958387559,56.41786606403518,-0.7054906957788755,-0.08827869048856085,trail_stop,0.1197547062550162,3,PULLBACK 1d [prox_atr=0.5 rsi_hi=55 rsi_lo=40 swing=10] exit=trail3ATR,BTC>200D,2025,PULLBACK
HBARUSDT,2025-02-03 00:00:00+00:00,2025-02-04 00:00:00+00:00,2025-02-18 00:00:00+00:00,0.27500743499999997,0.15864631748757213,482.637085007597,132.8615155706,97.56037739592598,-35.30113817467402,56.40773396123941,-0.6258208883010832,-0.2656987467218503,trail_stop,0.035295369303885035,3,PULLBACK 1d [prox_atr=0.5 rsi_hi=55 rsi_lo=40 swing=10] exit=trail3ATR,BTC>200D,2025,PULLBACK
LINKUSDT,2025-02-03 00:00:00+00:00,2025-02-04 00:00:00+00:00,2025-02-24 00:00:00+00:00,21.65082,14.066996956527088,7.395823789963653,160.28577527784907,125.62329253443465,-34.662482743414415,56.40474806102098,-0.6145312927542042,-0.21625426637721512,trail_stop,0.04258302407139298,3,PULLBACK 1d [prox_atr=0.5 rsi_hi=55 rsi_lo=40 swing=10] exit=trail3ATR,BTC>200D,2025,PULLBACK
LTCUSDT,2025-02-03 00:00:00+00:00,2025-02-04 00:00:00+00:00,2025-02-25 00:00:00+00:00,106.963455,73.74407109166924,1.6867921658075644,180.60554303963164,182.92193519433604,2.3163921547044026,56.40114583407545,0.04106994849925417,0.012825698014130714,trail_stop,0.04798442884099277,3,PULLBACK 1d [prox_atr=0.5 rsi_hi=55 rsi_lo=40 swing=10] exit=trail3ATR,BTC>200D,2025,PULLBACK
RAYUSDT,2025-02-03 00:00:00+00:00,2025-02-04 00:00:00+00:00,2025-02-18 00:00:00+00:00,6.333165,3.650789943581579,20.932912024665388,132.70415736847264,89.10254571741028,-43.601611651062356,56.397086945178266,-0.773118152245098,-0.3285625146618132,trail_stop,0.035260221661331116,3,PULLBACK 1d [prox_atr=0.5 rsi_hi=55 rsi_lo=40 swing=10] exit=trail3ATR,BTC>200D,2025,PULLBACK
SOLUSDT,2025-02-03 00:00:00+00:00,2025-02-04 00:00:00+00:00,2025-02-18 00:00:00+00:00,216.378135,164.77775066419727,1.0831419147599952,234.60259568355278,186.91467313009957,-47.687922553453205,56.392534612991305,-0.8456424752092488,-0.20327107811619347,trail_stop,0.0623402270525285,3,PULLBACK 1d [prox_atr=0.5 rsi_hi=55 rsi_lo=40 swing=10] exit=trail3ATR,BTC>200D,2025,PULLBACK
XRPUSDT,2025-02-03 00:00:00+00:00,2025-02-04 00:00:00+00:00,2025-02-24 00:00:00+00:00,2.70135,1.6274071672867771,52.2548750679037,141.2998654714463,118.0261683360167,-23.273697135429614,56.3874246776024,-0.41274623319823545,-0.16471138919897085,trail_stop,0.03755058177557217,3,PULLBACK 1d [prox_atr=0.5 rsi_hi=55 rsi_lo=40 swing=10] exit=trail3ATR,BTC>200D,2025,PULLBACK
TRXUSDT,2025-02-08 00:00:00+00:00,2025-02-09 00:00:00+00:00,2025-02-28 00:00:00+00:00,0.2315157,0.19475977572860353,1460.5635480135957,338.48153560506404,320.8160336580764,-17.66550194698766,54.44905287062085,-0.32444094094645787,-0.05219044493936456,trail_stop,0.09315407001192405,3,PULLBACK 1d [prox_atr=0.5 rsi_hi=55 rsi_lo=40 swing=10] exit=trail3ATR,BTC>200D,2025,PULLBACK
BNBUSDT,2025-02-10 00:00:00+00:00,2025-02-11 00:00:00+00:00,2025-02-24 00:00:00+00:00,618.9593249999999,482.7127492918498,0.4021957671209529,249.19176335557717,253.43160123079466,4.239837875217489,55.33785931931591,0.07661730915090813,0.017014358011374447,trail_stop,0.06747898010435352,3,PULLBACK 1d [prox_atr=0.5 rsi_hi=55 rsi_lo=40 swing=10] exit=trail3ATR,BTC>200D,2025,PULLBACK
ADAUSDT,2025-02-11 00:00:00+00:00,2025-02-12 00:00:00+00:00,2025-02-25 00:00:00+00:00,0.7785890999999999,0.4626882370430479,173.79952325083445,135.45373280268453,111.28657461344669,-24.16715818923784,55.159320075854,-0.43813372166305975,-0.17841633219840564,trail_stop,0.03679842704792473,3,PULLBACK 1d [prox_atr=0.5 rsi_hi=55 rsi_lo=40 swing=10] exit=trail3ATR,BTC>200D,2025,PULLBACK
ALGOUSDT,2025-02-12 00:00:00+00:00,2025-02-13 00:00:00+00:00,2025-02-24 00:00:00+00:00,0.30265125,0.20004115691128008,541.8992514357936,164.1704923069283,122.92815787310028,-41.242334433828034,55.93088814905875,-0.7373802884001243,-0.25121648753250114,trail_stop,0.04398459185486774,3,PULLBACK 1d [prox_atr=0.5 rsi_hi=55 rsi_lo=40 swing=10] exit=trail3ATR,BTC>200D,2025,PULLBACK
ENSUSDT,2025-02-12 00:00:00+00:00,2025-02-13 00:00:00+00:00,2025-02-25 00:00:00+00:00,27.43371,18.85401746089438,6.4765051478121585,177.85223860262445,141.77230123116996,-36.07993737145449,55.927198617844745,-0.645123272095063,-0.20286467943801345,trail_stop,0.04765335161501235,3,PULLBACK 1d [prox_atr=0.5 rsi_hi=55 rsi_lo=40 swing=10] exit=trail3ATR,BTC>200D,2025,PULLBACK
SUIUSDT,2025-02-12 00:00:00+00:00,2025-02-13 00:00:00+00:00,2025-02-25 00:00:00+00:00,3.5839910999999995,2.159066962987033,39.0587742791124,140.12628569264098,105.19121363922461,-34.93507205341636,55.92223013032835,-0.6247081343501356,-0.24931133998687766,trail_stop,0.03754847555265742,3,PULLBACK 1d [prox_atr=0.5 rsi_hi=55 rsi_lo=40 swing=10] exit=trail3ATR,BTC>200D,2025,PULLBACK
UNIUSDT,2025-02-12 00:00:00+00:00,2025-02-13 00:00:00+00:00,2025-02-24 00:00:00+00:00,9.959977499999999,6.368205613061313,15.484539294846682,154.37988863751332,124.02588234021567,-30.354006297297644,55.91902237511686,-0.5428207613086729,-0.1966189156190505,trail_stop,0.041370268047595624,3,PULLBACK 1d [prox_atr=0.5 rsi_hi=55 rsi_lo=40 swing=10] exit=trail3ATR,BTC>200D,2025,PULLBACK
XLMUSDT,2025-02-14 00:00:00+00:00,2025-02-15 00:00:00+00:00,2025-02-25 00:00:00+00:00,0.35087535,0.2854553597109381,843.0469104536944,296.1001841516305,242.1591570757815,-53.94102707584901,55.808783137361694,-0.9665329369946019,-0.18217154180568237,trail_stop,0.07950479202631901,3,PULLBACK 1d [prox_atr=0.5 rsi_hi=55 rsi_lo=40 swing=10] exit=trail3ATR,BTC>200D,2025,PULLBACK
CRVUSDT,2025-02-20 00:00:00+00:00,2025-02-21 00:00:00+00:00,2025-02-24 00:00:00+00:00,0.532266,0.4344939756781787,550.9778068024921,293.56002006885075,239.03756267964505,-54.5224573892057,54.522457389205684,-1.0000000000000002,-0.18572848365529526,stop,0.08068237402307438,3,PULLBACK 1d [prox_atr=0.5 rsi_hi=55 rsi_lo=40 swing=10] exit=trail3ATR,BTC>200D,2025,PULLBACK
LTCUSDT,2025-02-25 00:00:00+00:00,2025-02-26 00:00:00+00:00,2025-03-04 00:00:00+00:00,114.60727499999999,100.52947536428768,3.4165492603983414,391.9529620381568,342.9488805789866,-49.00408145917021,49.00408145917016,-1.000000000000001,-0.12502541428529795,stop,0.11985575149401546,3,PULLBACK 1d [prox_atr=0.5 rsi_hi=55 rsi_lo=40 swing=10] exit=trail3ATR,BTC>200D,2025,PULLBACK
OMUSDT,2025-02-26 00:00:00+00:00,2025-02-27 00:00:00+00:00,2025-03-04 00:00:00+00:00,7.118057249999999,6.6802501924896225,108.65855403096107,774.2112461028935,724.7778899244137,-49.43335617847981,49.433356178480025,-0.9999999999999957,-0.06384995881590445,stop,0.23469106735402137,3,PULLBACK 1d [prox_atr=0.5 rsi_hi=55 rsi_lo=40 swing=10] exit=trail3ATR,BTC>200D,2025,PULLBACK
HBARUSDT,2025-02-28 00:00:00+00:00,2025-03-01 00:00:00+00:00,2025-03-09 00:00:00+00:00,0.21363676499999998,0.16447281840171687,1009.8901262745053,215.9654092423095,209.55894914220403,-6.406460100105477,50.11500006115484,-0.12783518092961663,-0.0296642880106672,trail_stop,0.06457637213991309,3,PULLBACK 1d [prox_atr=0.5 rsi_hi=55 rsi_lo=40 swing=10] exit=trail3ATR,BTC>200D,2025,PULLBACK
TRXUSDT,2025-02-28 00:00:00+00:00,2025-03-01 00:00:00+00:00,2025-03-14 00:00:00+00:00,0.23341665,0.21177280009552166,2257.733800791033,527.5196530327826,497.85115001289824,-29.668503019884326,50.10999501895218,-0.5920675707244304,-0.05624151223431402,trail_stop,0.15775076215027425,3,PULLBACK 1d [prox_atr=0.5 rsi_hi=55 rsi_lo=40 swing=10] exit=trail3ATR,BTC>200D,2025,PULLBACK
ALGOUSDT,2025-03-01 00:00:00+00:00,2025-03-02 00:00:00+00:00,2025-03-04 00:00:00+00:00,0.2535267,0.1958144814387124,868.7818420787277,220.47965283558307,191.38631025366467,-29.093342581918392,50.61468198436972,-0.5748004618680146,-0.13195477318541493,trail_stop,0.06527534644300217,3,PULLBACK 1d [prox_atr=0.5 rsi_hi=55 rsi_lo=40 swing=10] exit=trail3ATR,BTC>200D,2025,PULLBACK
XLMUSDT,2025-03-01 00:00:00+00:00,2025-03-02 00:00:00+00:00,2025-03-04 00:00:00+00:00,0.31165575,0.23873145905732046,687.6712192475953,214.53100627761177,195.06726981521484,-19.463736462396923,50.6084238008141,-0.3845947966884482,-0.09072691542410455,trail_stop,0.06352204045067775,3,PULLBACK 1d [prox_atr=0.5 rsi_hi=55 rsi_lo=40 swing=10] exit=trail3ATR,BTC>200D,2025,PULLBACK
BNBUSDT,2025-03-02 00:00:00+00:00,2025-03-03 00:00:00+00:00,2025-03-10 00:00:00+00:00,624.25197,542.429677042316,0.6279314179740771,392.37941211990625,340.09789360633573,-52.28151851357052,52.2815185135705,-1.0000000000000004,-0.13324225710801038,stop,0.11246443365836757,3,PULLBACK 1d [prox_atr=0.5 rsi_hi=55 rsi_lo=40 swing=10] exit=trail3ATR,BTC>200D,2025,PULLBACK
BTCUSDT,2025-03-02 00:00:00+00:00,2025-03-03 00:00:00+00:00,2025-03-09 00:00:00+00:00,94317.124995,76108.54498600285,0.0028382819197105965,267.9662891829853,227.9840931373917,-39.98219604559358,52.27270026573311,-0.7648771890937409,-0.14920606680600434,trail_stop,0.07681789611925222,3,PULLBACK 1d [prox_atr=0.5 rsi_hi=55 rsi_lo=40 swing=10] exit=trail3ATR,BTC>200D,2025,PULLBACK
CRVUSDT,2025-03-02 00:00:00+00:00,2025-03-03 00:00:00+00:00,2025-03-04 00:00:00+00:00,0.5008503,0.3740025944491055,408.6227409016987,204.86348118980547,152.59680271325036,-52.266678476555114,52.26667847655509,-1.0000000000000004,-0.2551293093966815,stop,0.058734980392691434,3,PULLBACK 1d [prox_atr=0.5 rsi_hi=55 rsi_lo=40 swing=10] exit=trail3ATR,BTC>200D,2025,PULLBACK
ENSUSDT,2025-03-02 00:00:00+00:00,2025-03-03 00:00:00+00:00,2025-03-09 00:00:00+00:00,24.192089999999997,18.36944220256531,1.6782742368682173,40.64156234438022,30.782733566294613,-9.858828778085606,9.858828778085606,-1.0,-0.24257996517323482,stop,0.011652948816368715,3,PULLBACK 1d [prox_atr=0.5 rsi_hi=55 rsi_lo=40 swing=10] exit=trail3ATR,BTC>200D,2025,PULLBACK
OMUSDT,2025-03-04 00:00:00+00:00,2025-03-05 00:00:00+00:00,2025-03-09 00:00:00+00:00,7.17688665,6.209600803676434,46.46175961692564,333.78423311255295,288.07636064218644,-45.70787247036651,45.70787247036646,-1.000000000000001,-0.13693838095388314,stop,0.10942888969938616,3,PULLBACK 1d [prox_atr=0.5 rsi_hi=55 rsi_lo=40 swing=10] exit=trail3ATR,BTC>200D,2025,PULLBACK
XRPUSDT,2025-03-04 00:00:00+00:00,2025-03-05 00:00:00+00:00,2025-03-28 00:00:00+00:00,2.4554271,1.8124106905639839,70.5049632652616,173.29291728351382,151.84473623534788,-21.448181048165935,45.70058015549783,-0.46931966673481484,-0.12376836505715864,trail_stop,0.056821969293490884,3,PULLBACK 1d [prox_atr=0.5 rsi_hi=55 rsi_lo=40 swing=10] exit=trail3ATR,BTC>200D,2025,PULLBACK
ALGOUSDT,2025-03-05 00:00:00+00:00,2025-03-06 00:00:00+00:00,2025-03-10 00:00:00+00:00,0.25022504999999995,0.1937588141496008,809.3565646818591,202.72380815221172,156.5848166546404,-46.13899149757131,46.13899149757134,-0.9999999999999993,-0.2275953274463384,stop,0.06584060908960483,3,PULLBACK 1d [prox_atr=0.5 rsi_hi=55 rsi_lo=40 swing=10] exit=trail3ATR,BTC>200D,2025,PULLBACK
LINKUSDT,2025-03-05 00:00:00+00:00,2025-03-06 00:00:00+00:00,2025-03-10 00:00:00+00:00,16.438215,12.178667153425888,10.74359232464713,176.78208598540422,134.57310054124878,-42.208985444155445,46.135649562539186,-0.9148887215067613,-0.23876279776244055,trail_stop,0.05741941931439647,3,PULLBACK 1d [prox_atr=0.5 rsi_hi=55 rsi_lo=40 swing=10] exit=trail3ATR,BTC>200D,2025,PULLBACK
ADAUSDT,2025-03-07 00:00:00+00:00,2025-03-08 00:00:00+00:00,2025-03-30 00:00:00+00:00,0.8184089999999999,0.5210173863390806,150.12601397032418,122.98734544840646,98.77787936420775,-24.20946608419871,44.88637031408265,-0.5393500502446114,-0.19684517944453603,trail_stop,0.041058503987197494,3,PULLBACK 1d [prox_atr=0.5 rsi_hi=55 rsi_lo=40 swing=10] exit=trail3ATR,BTC>200D,2025,PULLBACK
OMUSDT,2025-03-10 00:00:00+00:00,2025-03-11 00:00:00+00:00,2025-04-06 00:00:00+00:00,6.2923446,5.524739532601032,52.653389331366895,331.64458330095493,317.32123081178514,-14.323352489169793,41.18452068073473,-0.34778485344543447,-0.043188863049127175,trail_stop,0.12066910014539962,3,PULLBACK 1d [prox_atr=0.5 rsi_hi=55 rsi_lo=40 swing=10] exit=trail3ATR,BTC<200D,2025,PULLBACK
BNBUSDT,2025-03-13 00:00:00+00:00,2025-03-14 00:00:00+00:00,2025-04-06 00:00:00+00:00,580.0899,488.5069755662995,0.44545724890699373,258.6636562237058,255.19212966295765,-3.4715265607481456,41.380987471690744,-0.08389182503494053,-0.013421006303822555,trail_stop,0.09366810705623375,3,PULLBACK 1d [prox_atr=0.5 rsi_hi=55 rsi_lo=40 swing=10] exit=trail3ATR,BTC<200D,2025,PULLBACK
XLMUSDT,2025-03-14 00:00:00+00:00,2025-03-15 00:00:00+00:00,2025-04-05 00:00:00+00:00,0.2763381,0.21290577081653508,646.700752662207,178.88676531650344,160.70519769235577,-18.181567624147675,41.40690372351152,-0.43909507809500575,-0.10163729883526666,trail_stop,0.06473850053575879,3,PULLBACK 1d [prox_atr=0.5 rsi_hi=55 rsi_lo=40 swing=10] exit=trail3ATR,BTC>200D,2025,PULLBACK
BTCUSDT,2025-03-15 00:00:00+00:00,2025-03-16 00:00:00+00:00,2025-04-06 00:00:00+00:00,84380.60922,74260.34601380164,0.0040664071403848714,343.4690377540757,320.6994464121779,-22.769591341897808,41.94904469161784,-0.5427916537619645,-0.0662929954058941,trail_stop,0.12269382331516934,3,PULLBACK 1d [prox_atr=0.5 rsi_hi=55 rsi_lo=40 swing=10] exit=trail3ATR,BTC>200D,2025,PULLBACK
TRXUSDT,2025-03-18 00:00:00+00:00,2025-03-19 00:00:00+00:00,2025-04-07 00:00:00+00:00,0.23721855,0.20576846740872892,1312.49868750676,311.6603845627839,290.72634692928466,-20.93403763349926,41.99451238823436,-0.49849459948401176,-0.0671693890863505,trail_stop,0.11121061460919153,3,PULLBACK 1d [prox_atr=0.5 rsi_hi=55 rsi_lo=40 swing=10] exit=trail3ATR,BTC<200D,2025,PULLBACK
HBARUSDT,2025-03-19 00:00:00+00:00,2025-03-20 00:00:00+00:00,2025-03-29 00:00:00+00:00,0.19763877,0.16841878512653077,1432.4061319709765,283.3820850492646,240.88235502556373,-42.49973002370089,42.49973002370091,-0.9999999999999994,-0.14997324201461965,stop,0.099917923915749,3,PULLBACK 1d [prox_atr=0.5 rsi_hi=55 rsi_lo=40 swing=10] exit=trail3ATR,BTC>200D,2025,PULLBACK
SUIUSDT,2025-03-19 00:00:00+00:00,2025-03-20 00:00:00+00:00,2025-04-04 00:00:00+00:00,2.4756372,1.8257167405376813,64.8617872586452,160.73482764938402,140.24972503252212,-20.485102616861894,42.49314649668536,-0.48208015423051376,-0.12744657095440884,trail_stop,0.05668240644706559,3,PULLBACK 1d [prox_atr=0.5 rsi_hi=55 rsi_lo=40 swing=10] exit=trail3ATR,BTC>200D,2025,PULLBACK
LTCUSDT,2025-03-24 00:00:00+00:00,2025-03-25 00:00:00+00:00,2025-03-31 00:00:00+00:00,93.81688499999998,83.66480543178596,4.073826912661873,382.57594472607894,340.324852524581,-42.251092201497954,42.25109220149796,-0.9999999999999998,-0.11043844440284757,stop,0.13568658148021331,3,PULLBACK 1d [prox_atr=0.5 rsi_hi=55 rsi_lo=40 swing=10] exit=trail3ATR,BTC>200D,2025,PULLBACK
OMUSDT,2025-04-07 00:00:00+00:00,2025-04-08 00:00:00+00:00,2025-04-13 00:00:00+00:00,6.2864416499999995,5.433887107885827,44.09090869391701,277.4520997245867,248.5457943337632,-28.906305390823462,38.226337135720094,-0.7561882083599464,-0.10418484999579156,trail_stop,0.10876333396096607,3,PULLBACK 1d [prox_atr=0.5 rsi_hi=55 rsi_lo=40 swing=10] exit=trail3ATR,BTC<200D,2025,PULLBACK
TRXUSDT,2025-04-08 00:00:00+00:00,2025-04-09 00:00:00+00:00,2025-06-13 00:00:00+00:00,0.23071529999999998,0.21704821603411786,2683.917934545166,619.8401523754122,723.493003581502,103.65285120608974,38.174070830122176,2.7152684781079186,0.16722513184868892,trail_stop,0.24331473614625232,3,PULLBACK 1d [prox_atr=0.5 rsi_hi=55 rsi_lo=40 swing=10] exit=trail3ATR,BTC<200D,2025,PULLBACK
BTCUSDT,2025-04-09 00:00:00+00:00,2025-04-10 00:00:00+00:00,2025-06-05 00:00:00+00:00,82656.52760999999,72414.42514135092,0.0037249950907743,308.20305472726807,386.58768318728033,78.38462846001227,38.86415677003287,2.016887409234943,0.25432787656623196,trail_stop,0.11883513698351106,3,PULLBACK 1d [prox_atr=0.5 rsi_hi=55 rsi_lo=40 swing=10] exit=trail3ATR,BTC<200D,2025,PULLBACK
HBARUSDT,2025-04-09 00:00:00+00:00,2025-04-10 00:00:00+00:00,2025-05-17 00:00:00+00:00,0.16887439499999998,0.11580307284473197,727.4749000045714,122.97473549957343,136.99581598109265,14.02108048151922,38.85723028297244,0.36083581818396804,0.11401594339324972,trail_stop,0.0474243336650498,3,PULLBACK 1d [prox_atr=0.5 rsi_hi=55 rsi_lo=40 swing=10] exit=trail3ATR,BTC<200D,2025,PULLBACK
XRPUSDT,2025-04-09 00:00:00+00:00,2025-04-10 00:00:00+00:00,2025-05-25 00:00:00+00:00,2.05392645,1.516456259676366,71.71392935562056,147.44243147327748,163.33073244868046,15.888300975402984,38.85446657605541,0.40891826282835564,0.10775935269544565,trail_stop,0.05686417134898199,3,PULLBACK 1d [prox_atr=0.5 rsi_hi=55 rsi_lo=40 swing=10] exit=trail3ATR,BTC<200D,2025,PULLBACK
CRVUSDT,2025-05-07 00:00:00+00:00,2025-05-08 00:00:00+00:00,2025-05-18 00:00:00+00:00,0.66643305,0.5950463745499176,540.8820555020782,360.8221396164577,352.1104572710749,-8.711682345382826,39.45484736516411,-0.2208013191574183,-0.02414397950924814,trail_stop,0.13704083351369717,3,PULLBACK 1d [prox_atr=0.5 rsi_hi=55 rsi_lo=40 swing=10] exit=trail3ATR,BTC>200D,2025,PULLBACK
ADAUSDT,2025-05-15 00:00:00+00:00,2025-05-16 00:00:00+00:00,2025-05-30 00:00:00+00:00,0.7627811999999999,0.6157365749100756,279.62909155758456,213.50910982721737,196.09570290638578,-17.41340692083159,41.58943144602609,-0.4186978834618202,-0.08155814491907826,trail_stop,0.07692909229476308,3,PULLBACK 1d [prox_atr=0.5 rsi_hi=55 rsi_lo=40 swing=10] exit=trail3ATR,BTC>200D,2025,PULLBACK
XLMUSDT,2025-05-15 00:00:00+00:00,2025-05-16 00:00:00+00:00,2025-05-30 00:00:00+00:00,0.29324655,0.2430407615350008,817.5735807770557,239.99038256595188,219.6469167677557,-20.343465798196178,41.58463308967037,-0.48920633144288816,-0.0847678376970193,trail_stop,0.08648049079224844,3,PULLBACK 1d [prox_atr=0.5 rsi_hi=55 rsi_lo=40 swing=10] exit=trail3ATR,BTC>200D,2025,PULLBACK
HBARUSDT,2025-05-17 00:00:00+00:00,2025-05-18 00:00:00+00:00,2025-05-30 00:00:00+00:00,0.19111551,0.16837185871764176,1764.4869855493234,337.5580509617531,307.3361667427953,-30.221884218957825,40.91358390690814,-0.738676041867233,-0.08953092403766161,trail_stop,0.1236340591301815,3,PULLBACK 1d [prox_atr=0.5 rsi_hi=55 rsi_lo=40 swing=10] exit=trail3ATR,BTC>200D,2025,PULLBACK
CRVUSDT,2025-05-18 00:00:00+00:00,2025-05-19 00:00:00+00:00,2025-05-30 00:00:00+00:00,0.69824895,0.6165742512113711,494.63348915584703,345.7226917523445,334.6098482304072,-11.112843521937293,41.201733472674086,-0.2697178634318282,-0.03214380712359455,trail_stop,0.12573887746748638,3,PULLBACK 1d [prox_atr=0.5 rsi_hi=55 rsi_lo=40 swing=10] exit=trail3ATR,BTC>200D,2025,PULLBACK
SUIUSDT,2025-05-23 00:00:00+00:00,2025-05-24 00:00:00+00:00,2025-05-30 00:00:00+00:00,3.58309065,3.368838554771827,87.14472443766722,312.5596947767613,293.1362895575379,-19.42340521922341,19.423405219223444,-0.9999999999999983,-0.06214302593652114,stop,0.11299558742532965,3,PULLBACK 1d [prox_atr=0.5 rsi_hi=55 rsi_lo=40 swing=10] exit=trail3ATR,BTC>200D,2025,PULLBACK
XRPUSDT,2025-05-25 00:00:00+00:00,2025-05-26 00:00:00+00:00,2025-05-30 00:00:00+00:00,2.3427708,2.204781733273945,69.64725908475413,163.33073244868046,153.32674587426206,-10.003986574418406,10.003986574418425,-0.999999999999998,-0.061249872724116514,stop,0.05889955126407058,3,PULLBACK 1d [prox_atr=0.5 rsi_hi=55 rsi_lo=40 swing=10] exit=trail3ATR,BTC>200D,2025,PULLBACK
BCHUSDT,2025-05-30 00:00:00+00:00,2025-05-31 00:00:00+00:00,2025-06-05 00:00:00+00:00,398.69925,379.02553096887834,1.8953533700506815,756.4316430913034,717.3100956745856,-39.12154741671782,39.12154741671768,-1.0000000000000036,-0.05171854955305689,stop,0.28974159396412014,3,PULLBACK 1d [prox_atr=0.5 rsi_hi=55 rsi_lo=40 swing=10] exit=trail3ATR,BTC>200D,2025,PULLBACK
BNBUSDT,2025-05-30 00:00:00+00:00,2025-05-31 00:00:00+00:00,2025-06-05 00:00:00+00:00,655.68768,638.3022557060717,1.1392208161268285,747.7200269878406,726.0768294396534,-21.64319754818723,21.64319754818724,-0.9999999999999997,-0.028945590283807113,stop,0.2865500609112505,3,PULLBACK 1d [prox_atr=0.5 rsi_hi=55 rsi_lo=40 swing=10] exit=trail3ATR,BTC>200D,2025,PULLBACK
BCHUSDT,2025-06-05 00:00:00+00:00,2025-06-06 00:00:00+00:00,2025-08-02 00:00:00+00:00,385.39259999999996,366.9914685394108,2.0066679216400023,774.128322625094,1041.1971212714172,267.0687986463232,38.802591987648846,6.882756665619998,0.3449929305527594,trail_stop,0.2989574644537669,3,PULLBACK 1d [prox_atr=0.5 rsi_hi=55 rsi_lo=40 swing=10] exit=trail3ATR,BTC>200D,2025,PULLBACK
BNBUSDT,2025-06-05 00:00:00+00:00,2025-06-06 00:00:00+00:00,2025-06-21 00:00:00+00:00,633.646665,615.1359778507425,1.6319999367783706,1035.145428537045,1017.8300464741639,-17.315382062881213,32.748902439037394,-0.5287316756680341,-0.016727487351562546,trail_stop,0.4000000000000001,3,PULLBACK 1d [prox_atr=0.5 rsi_hi=55 rsi_lo=40 swing=10] exit=trail3ATR,BTC>200D,2025,PULLBACK
BTCUSDT,2025-06-05 00:00:00+00:00,2025-06-06 00:00:00+00:00,2025-06-21 00:00:00+00:00,101559.444345,98929.88631869805,0.0002036263303309029,20.700857139380332,20.77632395305323,0.07546681367289665,0.5863344504522924,0.12870949952656258,0.003645588835514069,trail_stop,0.008004059450291548,3,PULLBACK 1d [prox_atr=0.5 rsi_hi=55 rsi_lo=40 swing=10] exit=trail3ATR,BTC>200D,2025,PULLBACK
TAOUSDT,2025-06-13 00:00:00+00:00,2025-06-14 00:00:00+00:00,2025-06-21 00:00:00+00:00,375.48765,330.32458266546354,0.8846791332598295,332.5182748405219,291.79306470429964,-40.725210136222245,40.72521013622232,-0.9999999999999981,-0.12247510352853341,stop,0.12235151923365267,3,PULLBACK 1d [prox_atr=0.5 rsi_hi=55 rsi_lo=40 swing=10] exit=trail3ATR,BTC>200D,2025,PULLBACK
TRXUSDT,2025-06-13 00:00:00+00:00,2025-06-14 00:00:00+00:00,2025-06-18 00:00:00+00:00,0.2699349,0.26176485539510813,1446.9568203162457,390.9747287409801,386.63578302560217,-4.338945715377918,12.780240190960715,-0.3395042386172674,-0.011097765140346091,trail_stop,0.14387784576059665,3,PULLBACK 1d [prox_atr=0.5 rsi_hi=55 rsi_lo=40 swing=10] exit=trail3ATR,BTC>200D,2025,PULLBACK
TRXUSDT,2025-06-18 00:00:00+00:00,2025-06-19 00:00:00+00:00,2025-06-22 00:00:00+00:00,0.27303645,0.26235353276204837,1414.6445776456226,386.63578302560217,370.5804826126842,-16.055300412917973,16.055300412918015,-0.9999999999999973,-0.04152564536908066,stop,0.14287443379889395,3,PULLBACK 1d [prox_atr=0.5 rsi_hi=55 rsi_lo=40 swing=10] exit=trail3ATR,BTC>200D,2025,PULLBACK
BTCUSDT,2025-06-21 00:00:00+00:00,2025-06-22 00:00:00+00:00,2025-06-22 00:00:00+00:00,102171.08001,99382.01212335736,0.01038056575381738,1061.6542077965237,1030.0945651465531,-31.559642649970556,31.559642649970634,-0.9999999999999976,-0.02972685684114885,stop,0.4,3,PULLBACK 1d [prox_atr=0.5 rsi_hi=55 rsi_lo=40 swing=10] exit=trail3ATR,BTC>200D,2025,PULLBACK
BNBUSDT,2025-06-23 00:00:00+00:00,2025-06-24 00:00:00+00:00,2025-07-30 00:00:00+00:00,640.82025,591.72003071756,0.7696992508230291,493.7321052035634,594.8551039205461,101.12299871698269,38.96858283655589,2.5949878429276776,0.20481349632973567,trail_stop,0.18986020164217735,3,PULLBACK 1d [prox_atr=0.5 rsi_hi=55 rsi_lo=40 swing=10] exit=trail3ATR,BTC>200D,2025,PULLBACK
BTCUSDT,2025-06-23 00:00:00+00:00,2025-06-24 00:00:00+00:00,2025-07-25 00:00:00+00:00,105386.60697,96541.48637167038,0.004283255622944635,451.84917466419597,490.85350973850205,39.004335074306084,38.95737135589707,1.0012055155872808,0.08632158087550612,trail_stop,0.1738045052232379,3,PULLBACK 1d [prox_atr=0.5 rsi_hi=55 rsi_lo=40 swing=10] exit=trail3ATR,BTC>200D,2025,PULLBACK
TRXUSDT,2025-06-23 00:00:00+00:00,2025-06-24 00:00:00+00:00,2025-07-21 00:00:00+00:00,0.2727363,0.2544453214988904,2055.7767526832613,561.2456300980004,639.5931855079489,78.34755540994843,38.94721595532449,2.011634297553366,0.13959584040996093,trail_stop,0.21594031745272785,3,PULLBACK 1d [prox_atr=0.5 rsi_hi=55 rsi_lo=40 swing=10] exit=trail3ATR,BTC>200D,2025,PULLBACK
XRPUSDT,2025-06-23 00:00:00+00:00,2025-06-24 00:00:00+00:00,2025-07-23 00:00:00+00:00,2.1594792,1.8519115552147711,75.21764238075383,162.59336512847062,233.76731122592707,71.17394609745645,23.505819030951173,3.027928786643788,0.4377420077456387,trail_stop,0.06257341521199412,3,PULLBACK 1d [prox_atr=0.5 rsi_hi=55 rsi_lo=40 swing=10] exit=trail3ATR,BTC>200D,2025,PULLBACK
SEIUSDT,2025-07-24 00:00:00+00:00,2025-07-25 00:00:00+00:00,2025-08-01 00:00:00+00:00,0.31935959999999997,0.28962716711938635,1477.5118789325481,472.32946025379806,427.2859024744449,-45.04355777935314,45.0435577793531,-1.0000000000000009,-0.0953647010608861,stop,0.15713376981539254,3,PULLBACK 1d [prox_atr=0.5 rsi_hi=55 rsi_lo=40 swing=10] exit=trail3ATR,BTC>200D,2025,PULLBACK
ALGOUSDT,2025-07-28 00:00:00+00:00,2025-07-29 00:00:00+00:00,2025-08-01 00:00:00+00:00,0.2653326,0.23781256872271328,1678.862300607822,445.9023561615171,398.6558740321894,-47.24648212932772,47.2464821293277,-1.0000000000000002,-0.10595701385397893,stop,0.1414254181008355,3,PULLBACK 1d [prox_atr=0.5 rsi_hi=55 rsi_lo=40 swing=10] exit=trail3ATR,BTC>200D,2025,PULLBACK
TAOUSDT,2025-07-28 00:00:00+00:00,2025-07-29 00:00:00+00:00,2025-07-29 00:00:00+00:00,402.70124999999996,384.93558757362246,1.106370177404861,445.9821900570629,425.2426453724304,-20.739544684632506,20.739544684632524,-0.9999999999999991,-0.046503078255162845,stop,0.14148829031541346,3,PULLBACK 1d [prox_atr=0.5 rsi_hi=55 rsi_lo=40 swing=10] exit=trail3ATR,BTC>200D,2025,PULLBACK
ADAUSDT,2025-07-29 00:00:00+00:00,2025-07-30 00:00:00+00:00,2025-07-30 00:00:00+00:00,0.78329145,0.7343241178710279,542.3496293045016,425.2426453724304,397.66322162723867,-27.57942374519172,27.579423745191765,-0.9999999999999983,-0.064855733650696,stop,0.1376365786772705,3,PULLBACK 1d [prox_atr=0.5 rsi_hi=55 rsi_lo=40 swing=10] exit=trail3ATR,BTC>200D,2025,PULLBACK
ADAUSDT,2025-07-30 00:00:00+00:00,2025-07-31 00:00:00+00:00,2025-08-01 00:00:00+00:00,0.76368165,0.7029188237373831,734.5973387213609,561.559506228058,515.5880119898977,-45.97149423816029,45.971494238160346,-0.9999999999999988,-0.0818639765301926,stop,0.1830477289298093,3,PULLBACK 1d [prox_atr=0.5 rsi_hi=55 rsi_lo=40 swing=10] exit=trail3ATR,BTC>200D,2025,PULLBACK
ETCUSDT,2025-07-30 00:00:00+00:00,2025-07-31 00:00:00+00:00,2025-08-01 00:00:00+00:00,21.4107,19.649664931062112,20.108090395395674,430.9588193197268,394.52476037364306,-36.434058946083724,36.43405894608365,-1.000000000000002,-0.084541857163047,stop,0.14051191840671762,3,PULLBACK 1d [prox_atr=0.5 rsi_hi=55 rsi_lo=40 swing=10] exit=trail3ATR,BTC>200D,2025,PULLBACK
ADAUSDT,2025-08-01 00:00:00+00:00,2025-08-02 00:00:00+00:00,2025-08-20 00:00:00+00:00,0.7144570499999999,0.6693715878143763,901.2214987135127,644.5279374208025,754.169361199298,109.64142377849555,42.18044832680316,2.599342304970831,0.17011120451542558,trail_stop,0.22897482562731028,3,PULLBACK 1d [prox_atr=0.5 rsi_hi=55 rsi_lo=40 swing=10] exit=trail3ATR,BTC>200D,2025,PULLBACK
ALGOUSDT,2025-08-01 00:00:00+00:00,2025-08-02 00:00:00+00:00,2025-08-30 00:00:00+00:00,0.23611799999999997,0.21884195323014924,2363.520801041888,558.6278743049087,543.5783373881557,-15.049536916753027,42.16596334896092,-0.3569119669389431,-0.026940182559774543,trail_stop,0.19852616666737227,3,PULLBACK 1d [prox_atr=0.5 rsi_hi=55 rsi_lo=40 swing=10] exit=trail3ATR,BTC>200D,2025,PULLBACK
BNBUSDT,2025-08-01 00:00:00+00:00,2025-08-02 00:00:00+00:00,2025-09-22 00:00:00+00:00,757.45854,726.5100582456547,0.7028323567038932,532.8987371444638,695.0834574027928,162.18472025832898,23.049627595808168,7.036327141694215,0.3043443509125116,trail_stop,0.18942297237485395,3,PULLBACK 1d [prox_atr=0.5 rsi_hi=55 rsi_lo=40 swing=10] exit=trail3ATR,BTC>200D,2025,PULLBACK
BCHUSDT,2025-08-02 00:00:00+00:00,2025-08-03 00:00:00+00:00,2025-08-20 00:00:00+00:00,520.4601,474.1073807989162,0.8591050576759409,447.5770341327545,469.02726863637525,21.450234503620777,40.879743825976604,0.5247154824387733,0.04792523491555755,trail_stop,0.16406532761015077,3,PULLBACK 1d [prox_atr=0.5 rsi_hi=55 rsi_lo=40 swing=10] exit=trail3ATR,BTC>200D,2025,PULLBACK
CRVUSDT,2025-08-02 00:00:00+00:00,2025-08-03 00:00:00+00:00,2025-08-22 00:00:00+00:00,0.86333145,0.8007700813582861,632.4084710483752,546.5241004247792,522.0559227329359,-24.46817769184338,40.86968507903065,-0.5986876983399481,-0.044770537425203726,trail_stop,0.2003849997547227,3,PULLBACK 1d [prox_atr=0.5 rsi_hi=55 rsi_lo=40 swing=10] exit=trail3ATR,BTC>200D,2025,PULLBACK
ENSUSDT,2025-08-02 00:00:00+00:00,2025-08-03 00:00:00+00:00,2025-08-14 00:00:00+00:00,24.482234999999996,23.168394744948756,1.9217582780374163,47.09598671388346,50.03191056201506,2.935923848131594,2.6386961434973326,1.112641883896611,0.06233915144336727,trail_stop,0.017273502652868807,3,PULLBACK 1d [prox_atr=0.5 rsi_hi=55 rsi_lo=40 swing=10] exit=trail3ATR,BTC>200D,2025,PULLBACK
BTCUSDT,2025-08-14 00:00:00+00:00,2025-08-15 00:00:00+00:00,2025-08-24 00:00:00+00:00,118354.237545,111080.92716234754,0.00042230789256174985,50.03191056201506,46.84001018053174,-3.1919003814833147,3.1919003814833076,-1.0000000000000022,-0.06379729148114226,stop,0.015809314797252685,3,PULLBACK 1d [prox_atr=0.5 rsi_hi=55 rsi_lo=40 swing=10] exit=trail3ATR,BTC>200D,2025,PULLBACK
BCHUSDT,2025-08-20 00:00:00+00:00,2025-08-21 00:00:00+00:00,2025-08-29 00:00:00+00:00,561.18045,528.9534668882419,1.3609693289102134,764.5131298144655,718.8099706330604,-45.70315918140511,45.70315918140508,-1.0000000000000009,-0.05978073809209333,stop,0.25066627584842305,3,PULLBACK 1d [prox_atr=0.5 rsi_hi=55 rsi_lo=40 swing=10] exit=trail3ATR,BTC>200D,2025,PULLBACK
ENAUSDT,2025-08-20 00:00:00+00:00,2025-08-21 00:00:00+00:00,2025-09-15 00:00:00+00:00,0.6575286,0.5878421725850858,641.4279375200501,422.1789709722044,445.77475511939883,23.595784147194422,45.68597768297417,0.5164776008720041,0.05589047718994021,trail_stop,0.1384748346697709,3,PULLBACK 1d [prox_atr=0.5 rsi_hi=55 rsi_lo=40 swing=10] exit=trail3ATR,BTC>200D,2025,PULLBACK
ENSUSDT,2025-08-20 00:00:00+00:00,2025-08-21 00:00:00+00:00,2025-08-29 00:00:00+00:00,25.342664999999997,22.93109685148091,1.4389986604808684,36.504529049003395,32.948337425067955,-3.5561916239354403,3.556191623935434,-1.0000000000000018,-0.09741781955772218,stop,0.0119762363731333,3,PULLBACK 1d [prox_atr=0.5 rsi_hi=55 rsi_lo=40 swing=10] exit=trail3ATR,BTC>200D,2025,PULLBACK
CRVUSDT,2025-08-22 00:00:00+00:00,2025-08-23 00:00:00+00:00,2025-08-25 00:00:00+00:00,0.9371683499999999,0.7775460982252119,294.3109833101617,276.0947575542774,228.49721062271362,-47.597546931563784,47.59754693156377,-1.0000000000000002,-0.1723956925267101,stop,0.08692221229769581,3,PULLBACK 1d [prox_atr=0.5 rsi_hi=55 rsi_lo=40 swing=10] exit=trail3ATR,BTC>200D,2025,PULLBACK
HBARUSDT,2025-08-22 00:00:00+00:00,2025-08-23 00:00:00+00:00,2025-08-31 00:00:00+00:00,0.25706847,0.2189281178839674,955.8365898740113,245.96116517865846,208.94572099706116,-37.0154441815973,37.0154441815973,-1.0,-0.150493042894436,stop,0.0774439889727149,3,PULLBACK 1d [prox_atr=0.5 rsi_hi=55 rsi_lo=40 swing=10] exit=trail3ATR,BTC>200D,2025,PULLBACK
BTCUSDT,2025-08-24 00:00:00+00:00,2025-08-25 00:00:00+00:00,2025-08-26 00:00:00+00:00,113550.336795,109101.80055524032,0.00041209227805327514,46.84001018053174,44.89259199623204,-1.9474181842996998,1.9474181842996927,-1.0000000000000036,-0.04157595561559274,stop,0.015156258994248219,3,PULLBACK 1d [prox_atr=0.5 rsi_hi=55 rsi_lo=40 swing=10] exit=trail3ATR,BTC>200D,2025,PULLBACK
ADAUSDT,2025-08-25 00:00:00+00:00,2025-08-26 00:00:00+00:00,2025-09-01 00:00:00+00:00,0.8376186,0.7864222347439891,272.52133808995245,228.49721062271362,213.99547161496827,-14.501739007745357,14.501739007745353,-1.0000000000000002,-0.0634657157005304,stop,0.08042208609904543,3,PULLBACK 1d [prox_atr=0.5 rsi_hi=55 rsi_lo=40 swing=10] exit=trail3ATR,BTC>200D,2025,PULLBACK
ARBUSDT,2025-08-26 00:00:00+00:00,2025-08-27 00:00:00+00:00,2025-09-22 00:00:00+00:00,0.5305651499999999,0.44523747544876485,84.5282511525306,44.89259199623204,38.917068314372045,-5.975523681859997,7.313880749128469,-0.8170113633001259,-0.13310712115623752,trail_stop,0.015413847420955511,3,PULLBACK 1d [prox_atr=0.5 rsi_hi=55 rsi_lo=40 swing=10] exit=trail3ATR,BTC>200D,2025,PULLBACK
ETCUSDT,2025-08-29 00:00:00+00:00,2025-08-30 00:00:00+00:00,2025-09-21 00:00:00+00:00,20.940465,19.71327750961,33.02186607439454,692.1847239963116,654.198041462513,-37.98668253379867,42.191642516706096,-0.900336660720368,-0.054879400276971566,trail_stop,0.24584012005164682,3,PULLBACK 1d [prox_atr=0.5 rsi_hi=55 rsi_lo=40 swing=10] exit=trail3ATR,BTC>200D,2025,PULLBACK
ETHUSDT,2025-08-29 00:00:00+00:00,2025-08-30 00:00:00+00:00,2025-09-22 00:00:00+00:00,4362.36009,3930.832196840257,0.013642631228048147,59.573584061816746,58.26304513170918,-1.310538930107569,6.027103508660953,-0.21744091970949617,-0.021998658478356505,trail_stop,0.02116877070837458,3,PULLBACK 1d [prox_atr=0.5 rsi_hi=55 rsi_lo=40 swing=10] exit=trail3ATR,BTC>200D,2025,PULLBACK
BCHUSDT,2025-08-30 00:00:00+00:00,2025-08-31 00:00:00+00:00,2025-09-22 00:00:00+00:00,553.0763999999999,509.73868410181166,0.9413706887876747,521.1705615318275,543.5711729835155,22.40061145168795,42.037045034886,0.5328778802862564,0.04298134450619764,trail_stop,0.18578253223607658,3,PULLBACK 1d [prox_atr=0.5 rsi_hi=55 rsi_lo=40 swing=10] exit=trail3ATR,BTC>200D,2025,PULLBACK
LINKUSDT,2025-08-30 00:00:00+00:00,2025-08-31 00:00:00+00:00,2025-09-22 00:00:00+00:00,23.521755,21.85502855873959,0.9516887862262955,22.407775856328158,20.8251828426744,-1.5825930136537565,1.639778633130463,-0.9651260125474774,-0.07062695663330718,trail_stop,0.0079899631509132,3,PULLBACK 1d [prox_atr=0.5 rsi_hi=55 rsi_lo=40 swing=10] exit=trail3ATR,BTC>200D,2025,PULLBACK
LTCUSDT,2025-08-31 00:00:00+00:00,2025-09-01 00:00:00+00:00,2025-09-22 00:00:00+00:00,108.924435,103.65786194457623,1.916346722505819,208.94572099706116,205.69200948635546,-3.253711510705699,10.599184281409,-0.306977539433173,-0.015572041845027603,trail_stop,0.07556491232805822,3,PULLBACK 1d [prox_atr=0.5 rsi_hi=55 rsi_lo=40 swing=10] exit=trail3ATR,BTC>200D,2025,PULLBACK
ADAUSDT,2025-09-01 00:00:00+00:00,2025-09-02 00:00:00+00:00,2025-09-22 00:00:00+00:00,0.8019007499999999,0.7518223280165433,266.5937024314334,213.99547161496827,219.73885295382925,5.743381338860985,13.864920049864239,0.4142383308526343,0.0268387984825902,trail_stop,0.07827857617573747,3,PULLBACK 1d [prox_atr=0.5 rsi_hi=55 rsi_lo=40 swing=10] exit=trail3ATR,BTC>200D,2025,PULLBACK
ENAUSDT,2025-09-15 00:00:00+00:00,2025-09-16 00:00:00+00:00,2025-09-19 00:00:00+00:00,0.7025511,0.6632417838208429,633.8747824801715,445.77475511939883,419.7818332951416,-25.992921824257223,25.99292182425726,-0.9999999999999987,-0.058309542040565154,stop,0.1537107642148331,3,PULLBACK 1d [prox_atr=0.5 rsi_hi=55 rsi_lo=40 swing=10] exit=trail3ATR,BTC>200D,2025,PULLBACK
ALGOUSDT,2025-09-19 00:00:00+00:00,2025-09-20 00:00:00+00:00,2025-09-22 00:00:00+00:00,0.23401694999999997,0.22135435028567263,1792.0175048188491,419.7818332951416,396.0760625094442,-23.705770785697382,23.705770785697336,-1.000000000000002,-0.056471645282063096,stop,0.1434011922286682,3,PULLBACK 1d [prox_atr=0.5 rsi_hi=55 rsi_lo=40 swing=10] exit=trail3ATR,BTC>200D,2025,PULLBACK
BTCUSDT,2025-09-21 00:00:00+00:00,2025-09-22 00:00:00+00:00,2025-09-22 00:00:00+00:00,115289.90614499999,113308.6723266549,0.005668705256326476,654.198041462513,641.3503173626078,-12.847724099905122,12.847724099905093,-1.0000000000000022,-0.019638891108849837,stop,0.22224657599017336,3,PULLBACK 1d [prox_atr=0.5 rsi_hi=55 rsi_lo=40 swing=10] exit=trail3ATR,BTC>200D,2025,PULLBACK
ADAUSDT,2025-09-22 00:00:00+00:00,2025-09-23 00:00:00+00:00,2025-09-25 00:00:00+00:00,0.8261128499999999,0.7638249107590875,658.1566676514827,544.2553921405291,501.9626346057196,-42.29275753480954,42.2927575348095,-1.0000000000000009,-0.0777075581529367,stop,0.19283857762616735,3,PULLBACK 1d [prox_atr=0.5 rsi_hi=55 rsi_lo=40 swing=10] exit=trail3ATR,BTC>200D,2025,PULLBACK
BCHUSDT,2025-09-22 00:00:00+00:00,2025-09-23 00:00:00+00:00,2025-09-25 00:00:00+00:00,567.38355,540.2547707823732,1.4831660442077408,842.3655394174469,800.0860005925493,-42.2795388248976,42.27953882489753,-1.0000000000000018,-0.05019143928197345,stop,0.29855718822546234,3,PULLBACK 1d [prox_atr=0.5 rsi_hi=55 rsi_lo=40 swing=10] exit=trail3ATR,BTC>200D,2025,PULLBACK
ETHUSDT,2025-09-22 00:00:00+00:00,2025-09-23 00:00:00+00:00,2025-09-25 00:00:00+00:00,4201.189545,3987.2857205349546,0.18859274788350952,793.106194551692,750.8455868630032,-42.26060768868888,42.26060768868897,-0.9999999999999978,-0.05328492953276823,stop,0.2812242620270284,3,PULLBACK 1d [prox_atr=0.5 rsi_hi=55 rsi_lo=40 swing=10] exit=trail3ATR,BTC>200D,2025,PULLBACK
TRXUSDT,2025-09-22 00:00:00+00:00,2025-09-23 00:00:00+00:00,2025-10-10 00:00:00+00:00,0.34017000000000003,0.3296400227648868,1878.916106610361,639.7900428776321,618.4372089170915,-21.35283396054058,21.352833960540657,-0.9999999999999963,-0.0333747519178328,stop,0.22695639311579363,3,PULLBACK 1d [prox_atr=0.5 rsi_hi=55 rsi_lo=40 swing=10] exit=trail3ATR,BTC>200D,2025,PULLBACK
BNBUSDT,2025-09-25 00:00:00+00:00,2025-09-26 00:00:00+00:00,2025-10-10 00:00:00+00:00,946.37295,896.7304085883685,0.773056881207276,732.3317213071151,912.8687471550712,180.5370258479561,40.14759716767876,4.4968326521244295,0.24652356383760277,trail_stop,0.273341434904694,3,PULLBACK 1d [prox_atr=0.5 rsi_hi=55 rsi_lo=40 swing=10] exit=trail3ATR,BTC>200D,2025,PULLBACK
WLDUSDT,2025-09-25 00:00:00+00:00,2025-09-26 00:00:00+00:00,2025-10-10 00:00:00+00:00,1.264632,1.1526126106015688,348.92891084544834,441.7079330466813,401.57679413959977,-40.13113890708155,40.13113890708147,-1.000000000000002,-0.09085446718214214,stop,0.16493426740342368,3,PULLBACK 1d [prox_atr=0.5 rsi_hi=55 rsi_lo=40 swing=10] exit=trail3ATR,BTC>200D,2025,PULLBACK
AVAXUSDT,2025-09-26 00:00:00+00:00,2025-09-27 00:00:00+00:00,2025-10-10 00:00:00+00:00,29.11455,25.91042878876884,12.403172914544918,361.47391077714286,320.8896319500312,-40.58427882711169,40.58427882711169,-1.0,-0.11227443424577561,stop,0.13346773987933772,3,PULLBACK 1d [prox_atr=0.5 rsi_hi=55 rsi_lo=40 swing=10] exit=trail3ATR,BTC>200D,2025,PULLBACK
SOLUSDT,2025-09-26 00:00:00+00:00,2025-09-27 00:00:00+00:00,2025-10-10 00:00:00+00:00,205.26257999999999,184.6917720890251,1.9272438232106364,395.9866304807203,390.28596138932926,-5.700669091391035,40.57429466671622,-0.14049952410059738,-0.014396115051840337,trail_stop,0.14624691914821716,3,PULLBACK 1d [prox_atr=0.5 rsi_hi=55 rsi_lo=40 swing=10] exit=trail3ATR,BTC>200D,2025,PULLBACK
BTCUSDT,2025-09-28 00:00:00+00:00,2025-09-29 00:00:00+00:00,2025-10-10 00:00:00+00:00,112220.04198,107449.29800079808,0.0010806692953967175,121.39402644961257,127.45461338093716,6.060586931324593,5.450986965381669,1.1118329524202486,0.049924918948463924,trail_stop,0.04389544775999128,3,PULLBACK 1d [prox_atr=0.5 rsi_hi=55 rsi_lo=40 swing=10] exit=trail3ATR,BTC>200D,2025,PULLBACK
BNBUSDT,2025-10-10 00:00:00+00:00,2025-10-11 00:00:00+00:00,2025-10-17 00:00:00+00:00,1103.121285,817.5110359967243,0.1443800993362932,159.42802946898766,155.8977996295383,-3.530229839449362,41.57269435398091,-0.08491703254521715,-0.022143093979193108,trail_stop,0.05746635977649649,3,PULLBACK 1d [prox_atr=0.5 rsi_hi=55 rsi_lo=40 swing=10] exit=trail3ATR,BTC>200D,2025,PULLBACK
BTCUSDT,2025-10-12 00:00:00+00:00,2025-10-13 00:00:00+00:00,2025-11-03 00:00:00+00:00,115016.28940499999,99844.43127457368,0.002720965047574177,313.26825867605373,287.68655114440236,-25.581707531651375,42.00242495795242,-0.6090531096064236,-0.08166070715164621,trail_stop,0.11176329831645654,3,PULLBACK 1d [prox_atr=0.5 rsi_hi=55 rsi_lo=40 swing=10] exit=trail3ATR,BTC>200D,2025,PULLBACK
ETHUSDT,2025-10-12 00:00:00+00:00,2025-10-13 00:00:00+00:00,2025-11-03 00:00:00+00:00,4154.366145,3304.2440463295247,0.048875535788795915,203.2499180709093,180.76819523426784,-22.481722836641467,41.99538422847767,-0.5353379484356828,-0.11061122705495065,trail_stop,0.07252471013065073,3,PULLBACK 1d [prox_atr=0.5 rsi_hi=55 rsi_lo=40 swing=10] exit=trail3ATR,BTC>200D,2025,PULLBACK
SOLUSDT,2025-10-13 00:00:00+00:00,2025-10-14 00:00:00+00:00,2025-11-03 00:00:00+00:00,208.794345,160.59852816521533,0.8643496094320349,180.65178186291988,151.86683370739757,-28.7849481555223,42.046657273961266,-0.6845954000093201,-0.1593394089927359,trail_stop,0.06438251775039325,3,PULLBACK 1d [prox_atr=0.5 rsi_hi=55 rsi_lo=40 swing=10] exit=trail3ATR,BTC>200D,2025,PULLBACK
BNBUSDT,2025-10-17 00:00:00+00:00,2025-10-18 00:00:00+00:00,2025-11-03 00:00:00+00:00,1071.685575,809.1875772030884,0.15323620437660534,164.38525082795795,152.00323629553498,-12.382014532422971,40.574351119677864,-0.30516851633439696,-0.07532314772802652,trail_stop,0.060711148274598815,3,PULLBACK 1d [prox_atr=0.5 rsi_hi=55 rsi_lo=40 swing=10] exit=trail3ATR,BTC<200D,2025,PULLBACK
ENAUSDT,2025-10-19 00:00:00+00:00,2025-10-20 00:00:00+00:00,2025-11-01 00:00:00+00:00,0.48174074999999994,0.09554785854473086,105.83049265393808,51.03384376488159,39.649175973223706,-11.384667791657883,40.93712958253819,-0.2781012715780159,-0.2230807431262335,trail_stop,0.018680911958367172,3,PULLBACK 1d [prox_atr=0.5 rsi_hi=55 rsi_lo=40 swing=10] exit=trail3ATR,BTC>200D,2025,PULLBACK
LINKUSDT,2025-10-20 00:00:00+00:00,2025-10-21 00:00:00+00:00,2025-11-03 00:00:00+00:00,18.66933,14.707604585013435,10.235152070227073,191.2745150308516,153.26280788093192,-38.01170714991969,40.96567210145997,-0.927891700538339,-0.19872855065813966,trail_stop,0.06996715364244288,3,PULLBACK 1d [prox_atr=0.5 rsi_hi=55 rsi_lo=40 swing=10] exit=trail3ATR,BTC>200D,2025,PULLBACK
TRXUSDT,2025-10-20 00:00:00+00:00,2025-10-21 00:00:00+00:00,2025-10-25 00:00:00+00:00,0.3225612,0.2999614086991136,1752.5723070451397,565.8771382736959,524.9157648332422,-40.96137344045371,40.96137344045376,-0.9999999999999988,-0.07238563050172574,stop,0.20701643242104126,3,PULLBACK 1d [prox_atr=0.5 rsi_hi=55 rsi_lo=40 swing=10] exit=trail3ATR,BTC>200D,2025,PULLBACK
XRPUSDT,2025-10-20 00:00:00+00:00,2025-10-21 00:00:00+00:00,2025-11-04 00:00:00+00:00,2.4960474,2.0907333687677965,99.64506870425609,248.96753347674186,225.1189174631802,-23.848616013561667,40.94865604321862,-0.5824028995821259,-0.0957900641924043,trail_stop,0.09110878305733897,3,PULLBACK 1d [prox_atr=0.5 rsi_hi=55 rsi_lo=40 swing=10] exit=trail3ATR,BTC>200D,2025,PULLBACK
BCHUSDT,2025-10-24 00:00:00+00:00,2025-10-25 00:00:00+00:00,2025-11-04 00:00:00+00:00,503.4516,427.38183026463645,0.524022092331483,264.08358058045246,253.97344831796485,-10.11013226248761,40.461883963338074,-0.24986805536905435,-0.03828383514138086,trail_stop,0.09780306858376,3,PULLBACK 1d [prox_atr=0.5 rsi_hi=55 rsi_lo=40 swing=10] exit=trail3ATR,BTC>200D,2025,PULLBACK
LTCUSDT,2025-10-24 00:00:00+00:00,2025-10-25 00:00:00+00:00,2025-11-03 00:00:00+00:00,96.48822,79.55806845516294,2.35950644159996,227.89224120514257,203.65384683350015,-24.238394371642414,40.45594900754932,-0.5991305349707502,-0.10635901531120427,trail_stop,0.08441202674025661,3,PULLBACK 1d [prox_atr=0.5 rsi_hi=55 rsi_lo=40 swing=10] exit=trail3ATR,BTC>200D,2025,PULLBACK
XLMUSDT,2025-10-25 00:00:00+00:00,2025-10-26 00:00:00+00:00,2025-11-03 00:00:00+00:00,0.3251625,0.2775670864643526,839.7291693138843,273.32148445304296,233.89282757628635,-39.428656876756605,40.589810735285916,-0.9713929718445352,-0.144257437192174,trail_stop,0.10090528795432036,3,PULLBACK 1d [prox_atr=0.5 rsi_hi=55 rsi_lo=40 swing=10] exit=trail3ATR,BTC>200D,2025,PULLBACK
TAOUSDT,2025-11-04 00:00:00+00:00,2025-11-05 00:00:00+00:00,2025-11-12 00:00:00+00:00,401.50065,346.6978551687176,0.6704726605948359,269.464404245092,232.1028724531436,-37.36153179194841,37.3615317919484,-1.0000000000000002,-0.13865108416310948,stop,0.1080771569545506,3,PULLBACK 1d [prox_atr=0.5 rsi_hi=55 rsi_lo=40 swing=10] exit=trail3ATR,BTC<200D,2025,PULLBACK
BCHUSDT,2025-11-07 00:00:00+00:00,2025-11-08 00:00:00+00:00,2025-12-31 00:00:00+00:00,512.6561999999999,442.41521922140674,0.5227794719704496,268.2741436759155,312.9363407092618,44.662197033346274,37.33536172890479,1.1962438547573813,0.1664796928298083,window_end,0.10767518719293212,3,PULLBACK 1d [prox_atr=0.5 rsi_hi=55 rsi_lo=40 swing=10] exit=trail3ATR,BTC<200D,2025,PULLBACK
BTCUSDT,2025-11-10 00:00:00+00:00,2025-11-11 00:00:00+00:00,2025-11-14 00:00:00+00:00,106064.135565,97008.07168784658,0.004001939507246742,424.88671667396727,387.6382980677206,-37.24841860624667,37.248418606246666,-1.0000000000000002,-0.08766670536991367,stop,0.1709316544038587,3,PULLBACK 1d [prox_atr=0.5 rsi_hi=55 rsi_lo=40 swing=10] exit=trail3ATR,BTC<200D,2025,PULLBACK
TRXUSDT,2025-11-10 00:00:00+00:00,2025-11-11 00:00:00+00:00,2025-11-20 00:00:00+00:00,0.29664824999999995,0.2723881563295177,1491.6318617262384,442.93247140675584,414.2282035375839,-28.70426786917193,37.238869796460214,-0.7708146897600111,-0.06480506560742098,trail_stop,0.17823714193417545,3,PULLBACK 1d [prox_atr=0.5 rsi_hi=55 rsi_lo=40 swing=10] exit=trail3ATR,BTC<200D,2025,PULLBACK
BNBUSDT,2025-11-26 00:00:00+00:00,2025-11-27 00:00:00+00:00,2025-12-25 00:00:00+00:00,892.215885,765.1792955743806,0.27930196794314005,249.44685016314094,231.90734039133386,-17.539509771807076,36.05123434645417,-0.4865162064425175,-0.0703136149457732,trail_stop,0.10368479347301747,3,PULLBACK 1d [prox_atr=0.5 rsi_hi=55 rsi_lo=40 swing=10] exit=trail3ATR,BTC<200D,2025,PULLBACK
BNBUSDT,2025-12-27 00:00:00+00:00,2025-12-28 00:00:00+00:00,2025-12-31 00:00:00+00:00,845.4725249999999,803.5277407919849,0.8276623079804867,700.4655071169651,714.2758676626197,13.81036054565459,36.41312455861773,0.37926875853300407,0.019715975169850165,window_end,0.2882610665211285,3,PULLBACK 1d [prox_atr=0.5 rsi_hi=55 rsi_lo=40 swing=10] exit=trail3ATR,BTC<200D,2025,PULLBACK
BCHUSDT,2025-12-31 00:00:00+00:00,2026-01-01 00:00:00+00:00,2026-01-15 00:00:00+00:00,599.8998,547.9915279868884,0.6830281775475756,410.1582155722602,397.1076531509669,-13.050562421293307,36.42581423504579,-0.35827785034760257,-0.0318183616122011,trail_stop,0.1687327280295619,4,PULLBACK 1d [prox_atr=0.5 rsi_hi=55 rsi_lo=40 swing=10] exit=trail3ATR,BTC<200D,2026,PULLBACK
BNBUSDT,2025-12-31 00:00:00+00:00,2026-01-01 00:00:00+00:00,2026-01-21 00:00:00+00:00,864.7421549999999,807.3457763629707,0.6123172866605358,530.0260665805949,540.4224217357437,10.39635515514874,36.415571888058466,0.28549201937860963,0.019614799744132747,trail_stop,0.21810583051047136,4,PULLBACK 1d [prox_atr=0.5 rsi_hi=55 rsi_lo=40 swing=10] exit=trail3ATR,BTC<200D,2026,PULLBACK
DASHUSDT,2025-12-31 00:00:00+00:00,2026-01-01 00:00:00+00:00,2026-01-18 00:00:00+00:00,41.68082999999999,34.091850106402994,4.738948715970241,197.72083912488293,342.34341212907697,144.62257300419404,36.40356835226006,3.9727581539466135,0.7314483068365325,trail_stop,0.08138899210280752,4,PULLBACK 1d [prox_atr=0.5 rsi_hi=55 rsi_lo=40 swing=10] exit=trail3ATR,BTC<200D,2026,PULLBACK
ZECUSDT,2026-01-02 00:00:00+00:00,2026-01-03 00:00:00+00:00,2026-01-08 00:00:00+00:00,488.76426,382.2454488714691,0.34151042679110083,167.08500912386938,138.9926168829885,-28.092392240880883,36.73994867998945,-0.7646279662927647,-0.1681323320876407,trail_stop,0.06814847204335472,4,PULLBACK 1d [prox_atr=0.5 rsi_hi=55 rsi_lo=40 swing=10] exit=trail3ATR,BTC<200D,2026,PULLBACK
ZECUSDT,2026-01-14 00:00:00+00:00,2026-01-15 00:00:00+00:00,2026-01-19 00:00:00+00:00,447.453615,339.40152770878245,0.3619674347052277,162.1256008083017,122.66808329545373,-39.45751751284797,39.457517512847986,-0.9999999999999997,-0.2433762300101067,stop,0.06157139908195923,4,PULLBACK 1d [prox_atr=0.5 rsi_hi=55 rsi_lo=40 swing=10] exit=trail3ATR,BTC<200D,2026,PULLBACK
BCHUSDT,2026-01-15 00:00:00+00:00,2026-01-16 00:00:00+00:00,2026-01-29 00:00:00+00:00,591.1954499999999,558.778345872377,1.1525163404523753,682.0437789426211,643.0354945479876,-39.008284394633506,39.00828439463365,-0.9999999999999963,-0.05719322659185957,stop,0.2620068123092706,4,PULLBACK 1d [prox_atr=0.5 rsi_hi=55 rsi_lo=40 swing=10] exit=trail3ATR,BTC<200D,2026,PULLBACK
DASHUSDT,2026-01-22 00:00:00+00:00,2026-01-23 00:00:00+00:00,2026-01-31 00:00:00+00:00,62.801384999999996,34.48943970054219,1.3251824704498154,83.30651781649193,64.65852981942945,-18.647987997062486,37.67025125865723,-0.49503221704094363,-0.22384788712619558,trail_stop,0.033138866243762014,4,PULLBACK 1d [prox_atr=0.5 rsi_hi=55 rsi_lo=40 swing=10] exit=trail3ATR,BTC<200D,2026,PULLBACK
TRXUSDT,2026-01-22 00:00:00+00:00,2026-01-23 00:00:00+00:00,2026-01-28 00:00:00+00:00,0.3055527,0.29160622517665963,2564.3428874646524,784.3254348836113,746.6570558371494,-37.66837904646184,37.66837904646188,-0.9999999999999989,-0.04802646627423421,stop,0.3120157727085222,4,PULLBACK 1d [prox_atr=0.5 rsi_hi=55 rsi_lo=40 swing=10] exit=trail3ATR,BTC<200D,2026,PULLBACK
BNBUSDT,2026-01-23 00:00:00+00:00,2026-01-24 00:00:00+00:00,2026-01-30 00:00:00+00:00,892.0658099999999,851.2760704036272,0.8705552275963968,777.3691468097695,739.9715795091862,-37.39756730058332,37.397567300583276,-1.000000000000001,-0.04810786156623077,stop,0.3114878628389025,4,PULLBACK 1d [prox_atr=0.5 rsi_hi=55 rsi_lo=40 swing=10] exit=trail3ATR,BTC<200D,2026,PULLBACK
ZECUSDT,2026-01-27 00:00:00+00:00,2026-01-28 00:00:00+00:00,2026-01-31 00:00:00+00:00,400.01991,306.8444702464783,0.3968716022750102,158.91529916622898,121.5952506600409,-37.32004850618807,37.32004850618807,-1.0,-0.2348423890084394,stop,0.06380881683364445,4,PULLBACK 1d [prox_atr=0.5 rsi_hi=55 rsi_lo=40 swing=10] exit=trail3ATR,BTC<200D,2026,PULLBACK
TRXUSDT,2026-01-28 00:00:00+00:00,2026-01-29 00:00:00+00:00,2026-01-31 00:00:00+00:00,0.29554769999999997,0.2878371675278168,2580.768551617231,763.5029498724666,741.7272196980115,-21.775730174455134,21.775730174455052,-1.0000000000000038,-0.02852081996289928,stop,0.3106375525321558,4,PULLBACK 1d [prox_atr=0.5 rsi_hi=55 rsi_lo=40 swing=10] exit=trail3ATR,BTC<200D,2026,PULLBACK
BCHUSDT,2026-02-08 00:00:00+00:00,2026-02-09 00:00:00+00:00,2026-02-23 00:00:00+00:00,527.2635,403.5428189118026,0.2776449526660979,146.53844154956116,136.78640329214582,-9.752038257415336,34.66482111351983,-0.28132377275161785,-0.0665493515168651,trail_stop,0.06334608608854146,4,PULLBACK 1d [prox_atr=0.5 rsi_hi=55 rsi_lo=40 swing=10] exit=trail3ATR,BTC<200D,2026,PULLBACK
ZECUSDT,2026-02-13 00:00:00+00:00,2026-02-14 00:00:00+00:00,2026-02-23 00:00:00+00:00,267.41363999999993,167.64656201022967,0.3471595915436913,92.92804524564728,84.09257233885911,-8.83547290678817,34.8152043224026,-0.2537820207794326,-0.09507864803819296,trail_stop,0.039997701511064306,4,PULLBACK 1d [prox_atr=0.5 rsi_hi=55 rsi_lo=40 swing=10] exit=trail3ATR,BTC<200D,2026,PULLBACK
DASHUSDT,2026-02-14 00:00:00+00:00,2026-02-15 00:00:00+00:00,2026-03-08 00:00:00+00:00,40.170075,28.030930515239035,2.87217237244017,115.4907549934634,90.5557227908782,-24.93503220258519,35.10181503527113,-0.7103630446895661,-0.21590500645697983,trail_stop,0.04930316829681784,4,PULLBACK 1d [prox_atr=0.5 rsi_hi=55 rsi_lo=40 swing=10] exit=trail3ATR,BTC<200D,2026,PULLBACK
ZECUSDT,2026-03-04 00:00:00+00:00,2026-03-05 00:00:00+00:00,2026-03-22 00:00:00+00:00,243.60173999999998,190.33038619707182,0.6350246720479618,154.84780816886664,138.04505180701892,-16.802756361847713,34.16455339767698,-0.49181841092031414,-0.10851142525390965,trail_stop,0.06791825137585343,4,PULLBACK 1d [prox_atr=0.5 rsi_hi=55 rsi_lo=40 swing=10] exit=trail3ATR,BTC<200D,2026,PULLBACK
ZECUSDT,2026-04-19 00:00:00+00:00,2026-04-20 00:00:00+00:00,2026-05-16 00:00:00+00:00,301.620735,285.48956753063703,2.0022645316417824,604.5284241979233,1015.931219816851,411.4027956189277,33.759941617590286,12.186122839873939,0.6805350735406182,trail_stop,0.2683318471958892,4,PULLBACK 1d [prox_atr=0.5 rsi_hi=55 rsi_lo=40 swing=10] exit=trail3ATR,BTC<200D,2026,PULLBACK
TRXUSDT,2026-04-24 00:00:00+00:00,2026-04-25 00:00:00+00:00,2026-05-28 00:00:00+00:00,0.3235617,0.3169485641868023,2924.3361636885397,947.1493836750367,1052.8292902992414,105.6799066242047,21.67506818475908,4.875643560766927,0.11157680978913362,trail_stop,0.4,4,PULLBACK 1d [prox_atr=0.5 rsi_hi=55 rsi_lo=40 swing=10] exit=trail3ATR,BTC<200D,2026,PULLBACK
TAOUSDT,2026-05-13 00:00:00+00:00,2026-05-14 00:00:00+00:00,2026-05-17 00:00:00+00:00,294.9474,266.7882254327791,1.4410255936354677,425.45177892841394,383.87218016216013,-41.57959876625381,41.57959876625381,-1.0,-0.0977304616541513,stop,0.15333003376208312,4,PULLBACK 1d [prox_atr=0.5 rsi_hi=55 rsi_lo=40 swing=10] exit=trail3ATR,BTC<200D,2026,PULLBACK
DASHUSDT,2026-05-15 00:00:00+00:00,2026-05-16 00:00:00+00:00,2026-05-16 00:00:00+00:00,43.391684999999995,40.9129838191354,6.297518240576927,273.53318770464506,257.26391530974865,-16.269272394896404,16.26927239489638,-1.0000000000000016,-0.05947823930039377,stop,0.09949649077875794,4,PULLBACK 1d [prox_atr=0.5 rsi_hi=55 rsi_lo=40 swing=10] exit=trail3ATR,BTC<200D,2026,PULLBACK
DASHUSDT,2026-05-16 00:00:00+00:00,2026-05-17 00:00:00+00:00,2026-05-23 00:00:00+00:00,41.270624999999995,38.61919926062573,14.75775203823403,609.6707118631551,616.1816725985684,6.510960735413278,40.5927591433115,0.1603970972366409,0.010679471079586169,trail_stop,0.22506291629352,4,PULLBACK 1d [prox_atr=0.5 rsi_hi=55 rsi_lo=40 swing=10] exit=trail3ATR,BTC<200D,2026,PULLBACK
TAOUSDT,2026-05-20 00:00:00+00:00,2026-05-21 00:00:00+00:00,2026-06-01 00:00:00+00:00,272.3361,245.19382474486923,1.5370089069765778,419.00159440265514,376.2999833622116,-42.70161104044354,42.70161104044358,-0.999999999999999,-0.10191276503689826,stop,0.14703766480665634,4,PULLBACK 1d [prox_atr=0.5 rsi_hi=55 rsi_lo=40 swing=10] exit=trail3ATR,BTC<200D,2026,PULLBACK
DASHUSDT,2026-05-23 00:00:00+00:00,2026-05-24 00:00:00+00:00,2026-06-02 00:00:00+00:00,46.033004999999996,37.6051599517246,4.81061085727922,221.66832051983474,180.63252551925322,-41.035795000581516,41.035795000581565,-0.9999999999999988,-0.18512250602318098,stop,0.08094647866931183,4,PULLBACK 1d [prox_atr=0.5 rsi_hi=55 rsi_lo=40 swing=10] exit=trail3ATR,BTC<200D,2026,PULLBACK
KITEUSDT,2026-05-23 00:00:00+00:00,2026-05-24 00:00:00+00:00,2026-06-04 00:00:00+00:00,0.20280135,0.1727347262556629,1343.9956508464215,272.83669651816865,231.80660483386194,-41.03009168430671,41.03009168430671,-1.0,-0.15038333262319956,stop,0.09964545088624573,4,PULLBACK 1d [prox_atr=0.5 rsi_hi=55 rsi_lo=40 swing=10] exit=trail3ATR,BTC<200D,2026,PULLBACK
ZECUSDT,2026-05-26 00:00:00+00:00,2026-05-27 00:00:00+00:00,2026-06-04 00:00:00+00:00,569.074395,467.13198024975213,0.4022121181868731,229.1175064366821,188.84020970273005,-40.277296733952056,41.51309845940274,-0.9702310410132545,-0.17579318734896807,trail_stop,0.08270472199613176,4,PULLBACK 1d [prox_atr=0.5 rsi_hi=55 rsi_lo=40 swing=10] exit=trail3ATR,BTC<200D,2026,PULLBACK
TRXUSDT,2026-05-29 00:00:00+00:00,2026-05-30 00:00:00+00:00,2026-06-02 00:00:00+00:00,0.34447215,0.33623598965300894,3049.166165744693,1051.4031776461518,1023.7020568703058,-27.701120775845993,27.701120775845972,-1.0000000000000007,-0.0263468109710895,stop,0.4,4,PULLBACK 1d [prox_atr=0.5 rsi_hi=55 rsi_lo=40 swing=10] exit=trail3ATR,BTC<200D,2026,PULLBACK
NEARUSDT,2026-06-04 00:00:00+00:00,2026-06-05 00:00:00+00:00,2026-06-05 00:00:00+00:00,2.2011000000000003,2.0304137287002524,215.16796138715225,474.07980600907007,436.22488124274577,-37.8549247663243,37.85492476632427,-1.0000000000000009,-0.07984926648742356,stop,0.18766628228670296,4,PULLBACK 1d [prox_atr=0.5 rsi_hi=55 rsi_lo=40 swing=10] exit=trail3ATR,BTC<200D,2026,PULLBACK
NEARUSDT,2026-06-05 00:00:00+00:00,2026-06-06 00:00:00+00:00,2026-06-24 00:00:00+00:00,1.9699845,1.6783127480788058,125.90257486129197,248.27414710782162,240.13785618714925,-8.136290920672366,37.2871008948294,-0.2182065841917097,-0.03277139813167458,trail_stop,0.09977691280682079,4,PULLBACK 1d [prox_atr=0.5 rsi_hi=55 rsi_lo=40 swing=10] exit=trail3ATR,BTC<200D,2026,PULLBACK
KITEUSDT,2026-06-06 00:00:00+00:00,2026-06-07 00:00:00+00:00,2026-06-20 00:00:00+00:00,0.1868934,0.15830699943415347,1277.935849136386,239.07661360281318,210.10953754679454,-28.96707605601864,37.073781988219196,-0.7813358794962814,-0.12116231537452975,trail_stop,0.09663342786401485,4,PULLBACK 1d [prox_atr=0.5 rsi_hi=55 rsi_lo=40 swing=10] exit=trail3ATR,BTC<200D,2026,PULLBACK
ZECUSDT,2026-06-08 00:00:00+00:00,2026-06-09 00:00:00+00:00,2026-06-28 00:00:00+00:00,459.26952,212.09099960705595,0.1521398881763812,69.94308662903589,60.13730621989422,-9.805780409141668,37.72397078329615,-0.2599350016855485,-0.14019656383124127,trail_stop,0.027783347814975854,4,PULLBACK 1d [prox_atr=0.5 rsi_hi=55 rsi_lo=40 swing=10] exit=trail3ATR,BTC<200D,2026,PULLBACK
TRXUSDT,2026-06-19 00:00:00+00:00,2026-06-20 00:00:00+00:00,2026-06-30 00:00:00+00:00,0.32406195,0.30772228541554625,2193.154919466401,711.4287779142293,696.3473465016664,-15.081431412562893,37.55812035049065,-0.40154915293480264,-0.02119879302152875,trail_stop,0.2838472958265696,4,PULLBACK 1d [prox_atr=0.5 rsi_hi=55 rsi_lo=40 swing=10] exit=trail3ATR,BTC<200D,2026,PULLBACK
NEARUSDT,2026-06-24 00:00:00+00:00,2026-06-25 00:00:00+00:00,2026-06-26 00:00:00+00:00,1.9659825,1.7539468632784125,169.55900391532558,333.6833844493765,296.95153553205205,-36.73184891732444,36.73184891732442,-1.0000000000000007,-0.11007994592819492,stop,0.1361284733441794,4,PULLBACK 1d [prox_atr=0.5 rsi_hi=55 rsi_lo=40 swing=10] exit=trail3ATR,BTC<200D,2026,PULLBACK
ZECUSDT,2026-07-01 00:00:00+00:00,2026-07-02 00:00:00+00:00,2026-07-25 00:00:00+00:00,417.47863499999994,345.5317397509568,0.4912875533099139,205.30715920546083,232.74169243393115,27.434533228470315,35.806264479093606,0.7661936710680518,0.13362677334118314,trail_stop,0.085921581097101,4,PULLBACK 1d [prox_atr=0.5 rsi_hi=55 rsi_lo=40 swing=10] exit=trail3ATR,BTC<200D,2026,PULLBACK
NEARUSDT,2026-07-02 00:00:00+00:00,2026-07-03 00:00:00+00:00,2026-07-27 00:00:00+00:00,1.9439715,1.6328608891075067,113.87749367882468,221.59597680526838,203.01798558725343,-18.577991218014944,35.928697412842055,-0.5170794533557062,-0.08383722252476046,trail_stop,0.09242247206710827,4,PULLBACK 1d [prox_atr=0.5 rsi_hi=55 rsi_lo=40 swing=10] exit=trail3ATR,BTC<200D,2026,PULLBACK
TRXUSDT,2026-07-03 00:00:00+00:00,2026-07-04 00:00:00+00:00,2026-08-25 00:00:00+00:00,0.3235617,0.3116984173773473,2868.0060789085514,928.904899424487,966.60897602808,37.704076603592966,36.29242605733871,1.038896560511661,0.04058981347493477,trail_stop,0.383541563618205,4,PULLBACK 1d [prox_atr=0.5 rsi_hi=55 rsi_lo=40 swing=10] exit=trail3ATR,BTC<200D,2026,PULLBACK
ZECUSDT,2026-07-25 00:00:00+00:00,2026-07-26 00:00:00+00:00,2026-07-29 00:00:00+00:00,485.70273,454.80589978624437,1.1316796555453281,550.2095580820093,513.922799481357,-36.28675860065232,36.28675860065227,-1.0000000000000013,-0.06595079650587193,stop,0.22721507212851952,4,PULLBACK 1d [prox_atr=0.5 rsi_hi=55 rsi_lo=40 swing=10] exit=trail3ATR,BTC<200D,2026,PULLBACK
ZECUSDT,2026-07-30 00:00:00+00:00,2026-07-31 00:00:00+00:00,2026-09-30 00:00:00+00:00,470.345055,435.3258996518081,0.9850499192490865,463.776671805404,1414.7810043183852,951.0043325129811,35.60194171093195,26.712147900095157,2.0505652619630097,end_of_data,0.19520565572327694,4,PULLBACK 1d [prox_atr=0.5 rsi_hi=55 rsi_lo=40 swing=10] exit=trail3ATR,BTC<200D,2026,PULLBACK
TRXUSDT,2026-08-25 00:00:00+00:00,2026-08-26 00:00:00+00:00,2026-09-01 00:00:00+00:00,0.3363681,0.3262582374607138,3198.76089892434,1077.0370870513977,1048.1628341158041,-28.87425293559363,34.97990543845945,-0.8254525726603933,-0.0268089681244335,trail_stop,0.39999999999999997,4,PULLBACK 1d [prox_atr=0.5 rsi_hi=55 rsi_lo=40 swing=10] exit=trail3ATR,BTC>200D,2026,PULLBACK
NEARUSDT,2026-08-28 00:00:00+00:00,2026-08-29 00:00:00+00:00,2026-09-30 00:00:00+00:00,1.8249119999999999,1.498421646441079,124.1868455999829,226.85669484233352,662.2873510769556,435.43065623462206,41.05147053642964,10.60694417385645,1.9194084465404402,end_of_data,0.0828094810549264,4,PULLBACK 1d [prox_atr=0.5 rsi_hi=55 rsi_lo=40 swing=10] exit=trail3ATR,BTC>200D,2026,PULLBACK
TRXUSDT,2026-09-03 00:00:00+00:00,2026-09-04 00:00:00+00:00,2026-09-26 00:00:00+00:00,0.33106545,0.3190510332145098,3344.2437886859807,1108.27073838584,1115.830833732267,7.560095346426806,42.88624544630526,0.17628251827015842,0.006821523915210318,trail_stop,0.38724428891679075,4,PULLBACK 1d [prox_atr=0.5 rsi_hi=55 rsi_lo=40 swing=10] exit=trail3ATR,BTC>200D,2026,PULLBACK
BNBUSDT,2026-09-10 00:00:00+00:00,2026-09-11 00:00:00+00:00,2026-09-30 00:00:00+00:00,709.07436,662.1421213056249,0.8024698423175313,569.5798006504649,616.3903102941957,46.810509643730825,39.02747492551649,1.1994245011512574,0.08218428671500083,end_of_data,0.1851223335127108,4,PULLBACK 1d [prox_atr=0.5 rsi_hi=55 rsi_lo=40 swing=10] exit=trail3ATR,BTC>200D,2026,PULLBACK
CRVUSDT,2026-09-26 00:00:00+00:00,2026-09-27 00:00:00+00:00,2026-09-30 00:00:00+00:00,0.34787385,0.2956157087174182,1128.386203540171,392.92858896531527,444.59352675367404,51.66493778835877,59.860087945386745,0.8630949195312776,0.13148683816671675,end_of_data,0.09836338361310108,4,PULLBACK 1d [prox_atr=0.5 rsi_hi=55 rsi_lo=40 swing=10] exit=trail3ATR,BTC>200D,2026,PULLBACK
TRXUSDT,2026-09-26 00:00:00+00:00,2026-09-27 00:00:00+00:00,2026-09-30 00:00:00+00:00,0.33446715,0.33107569058532393,2159.1957975611344,722.9022447669516,727.4202573603121,4.518012593360481,9.116933411529628,0.49556275004123945,0.006249825098851357,end_of_data,0.1809885892397706,4,PULLBACK 1d [prox_atr=0.5 rsi_hi=55 rsi_lo=40 swing=10] exit=trail3ATR,BTC>200D,2026,PULLBACK
ICPUSDT,2022-01-08 00:00:00+00:00,2022-01-09 00:00:00+00:00,2022-01-22 00:00:00+00:00,32.946464999999996,21.35630912808108,12.869873601023336,424.4408569906898,274.4408569906897,-150.00000000000006,150.0,-1.0000000000000004,-0.3534061283909111,stop,0.042401684015053925,0,BASE 1d [adx_min=15 adx_rise=3 swing=10] exit=3R,BTC<200D,2022,BASE
SLPUSDT,2022-02-09 00:00:00+00:00,2022-02-10 00:00:00+00:00,2022-05-11 00:00:00+00:00,0.028514249999999998,0.007024296414428616,6862.835929631402,195.88430802589866,48.13430802589866,-147.75,147.75,-1.0,-0.7542717509585575,stop,0.01986686491436469,0,BASE 1d [adx_min=15 adx_rise=3 swing=10] exit=3R,BTC<200D,2022,BASE
EGLDUSDT,2022-02-11 00:00:00+00:00,2022-02-12 00:00:00+00:00,2022-02-24 00:00:00+00:00,194.72731499999998,123.76792550205096,2.068850441300758,403.26455326263266,255.6733693315204,-147.59118393111225,147.59118393111223,-1.0000000000000002,-0.3659909673117019,stop,0.040943674361921534,0,BASE 1d [adx_min=15 adx_rise=3 swing=10] exit=3R,BTC<200D,2022,BASE
ZECUSDT,2022-02-28 00:00:00+00:00,2022-03-01 00:00:00+00:00,2022-05-11 00:00:00+00:00,118.75935,79.06202058663969,3.62414109591399,430.8310414998921,286.10226332309674,-144.72877817679534,144.72877817679537,-0.9999999999999998,-0.33592931853967073,stop,0.0446076426140976,0,BASE 1d [adx_min=15 adx_rise=3 swing=10] exit=3R,BTC<200D,2022,BASE
FTTUSDT,2022-03-16 00:00:00+00:00,2022-03-17 00:00:00+00:00,2022-05-05 00:00:00+00:00,42.74135999999999,37.31150657492295,26.453061239227896,1131.7704533414133,985.5235565035439,-146.24689683786937,146.24689683786931,-1.0000000000000004,-0.1292195748758888,stop,0.11596551837759574,0,BASE 1d [adx_min=15 adx_rise=3 swing=10] exit=3R,BTC<200D,2022,BASE
ETCUSDT,2022-03-19 00:00:00+00:00,2022-03-20 00:00:00+00:00,2022-05-09 00:00:00+00:00,34.016999999999996,23.889472483675128,14.572912523096385,496.22249206346777,347.61715800802085,-148.60533405544692,148.60533405544695,-0.9999999999999998,-0.2994731928363296,stop,0.05003791772843157,0,BASE 1d [adx_min=15 adx_rise=3 swing=10] exit=3R,BTC<200D,2022,BASE
IOTXUSDT,2022-03-19 00:00:00+00:00,2022-03-20 00:00:00+00:00,2022-04-30 00:00:00+00:00,0.081090525,0.06211979011855041,7761.638524651824,630.024738167066,481.4283701689135,-148.59636799815246,148.59636799815254,-0.9999999999999994,-0.2358579893711231,stop,0.06353405718826859,0,BASE 1d [adx_min=15 adx_rise=3 swing=10] exit=3R,BTC<200D,2022,BASE
OMGUSDT,2022-03-19 00:00:00+00:00,2022-03-20 00:00:00+00:00,2022-04-30 00:00:00+00:00,4.719358499999999,3.656956659284015,138.52465341262646,654.401248042975,505.8190390809829,-148.58220896199208,148.582208961992,-1.0000000000000007,-0.22705061979379748,stop,0.06599856454311405,0,BASE 1d [adx_min=15 adx_rise=3 swing=10] exit=3R,BTC<200D,2022,BASE
CHZUSDT,2022-03-22 00:00:00+00:00,2022-03-23 00:00:00+00:00,2022-03-29 00:00:00+00:00,0.2089044,0.18034615183190614,5261.1382956504,1100.1740139088392,1547.497660734841,447.3236468260018,152.77073268860724,2.928071620483631,0.4065935399043766,target_3R,0.10791415210498288,0,BASE 1d [adx_min=15 adx_rise=3 swing=10] exit=3R,BTC<200D,2022,BASE
HOTUSDT,2022-03-23 00:00:00+00:00,2022-03-24 00:00:00+00:00,2022-05-09 00:00:00+00:00,0.004666332,0.003566712834324471,139654.24911351583,652.3247646659447,497.35969183040356,-154.96507283554115,154.9650728355412,-0.9999999999999997,-0.23755816309518574,stop,0.06307935197752278,0,BASE 1d [adx_min=15 adx_rise=3 swing=10] exit=3R,BTC<200D,2022,BASE
VETUSDT,2022-03-23 00:00:00+00:00,2022-03-24 00:00:00+00:00,2022-05-09 00:00:00+00:00,0.05599798499999999,0.042473993997872626,11356.937932469402,636.6016056283407,481.6511929948073,-154.95041263353346,154.95041263353357,-0.9999999999999992,-0.24340248479359985,stop,0.06156475763886285,0,BASE 1d [adx_min=15 adx_rise=3 swing=10] exit=3R,BTC<200D,2022,BASE
COCOSUSDT,2022-03-24 00:00:00+00:00,2022-03-25 00:00:00+00:00,2022-04-30 00:00:00+00:00,1.3102548,1.0937789027874505,727.395673298312,954.0267461107834,794.4170241754384,-159.60972193534496,159.60972193534502,-0.9999999999999997,-0.16730109777950689,stop,0.08956913722565263,0,BASE 1d [adx_min=15 adx_rise=3 swing=10] exit=3R,BTC<200D,2022,BASE
TLMUSDT,2022-03-24 00:00:00+00:00,2022-03-25 00:00:00+00:00,2022-04-26 00:00:00+00:00,0.11675835,0.08508933737080224,5000.535975268075,584.4381839175292,424.85426694161356,-159.5839169759156,159.5839169759155,-1.0000000000000004,-0.27305525437474615,stop,0.054879057424946226,0,BASE 1d [adx_min=15 adx_rise=3 swing=10] exit=3R,BTC<200D,2022,BASE
ICPUSDT,2022-03-26 00:00:00+00:00,2022-03-27 00:00:00+00:00,2022-04-25 00:00:00+00:00,19.419705,15.494621078902483,40.925481331102255,795.555535207446,633.1739555209942,-162.3815796864518,162.3815796864518,-1.0,-0.20411092940747347,stop,0.07341603425409866,0,BASE 1d [adx_min=15 adx_rise=3 swing=10] exit=3R,BTC<200D,2022,BASE
DYDXUSDT,2022-03-27 00:00:00+00:00,2022-03-28 00:00:00+00:00,2022-04-18 00:00:00+00:00,5.7098534999999995,4.339968767477835,126.29283614210824,721.834706063414,547.2850780198085,-174.5496280436056,174.5496280436055,-1.0000000000000004,-0.24181384820844457,stop,0.06196921762767634,0,BASE 1d [adx_min=15 adx_rise=3 swing=10] exit=3R,BTC<200D,2022,BASE
MBOXUSDT,2022-03-27 00:00:00+00:00,2022-03-28 00:00:00+00:00,2022-05-05 00:00:00+00:00,2.5722855,1.9080997718702166,260.6457569956647,671.1257566578283,496.592350967229,-174.53340569059935,174.53340569059944,-0.9999999999999996,-0.2600606577219845,stop,0.05762123004793202,0,BASE 1d [adx_min=15 adx_rise=3 swing=10] exit=3R,BTC<200D,2022,BASE
SUSHIUSDT,2022-03-27 00:00:00+00:00,2022-03-28 00:00:00+00:00,2022-04-26 00:00:00+00:00,3.9909945,2.929941670120369,11.813114924452153,47.193222768047804,34.559837370435424,-12.633385397612379,12.633385397612379,-1.0,-0.2676949073748322,stop,0.004052245852347524,0,BASE 1d [adx_min=15 adx_rise=3 swing=10] exit=3R,BTC<200D,2022,BASE
ONEUSDT,2022-03-29 00:00:00+00:00,2022-03-30 00:00:00+00:00,2022-04-11 00:00:00+00:00,0.160290105,0.12326946212187222,4702.107732444982,754.4550434970728,578.7571413942084,-175.69790210286442,175.6979021028645,-0.9999999999999996,-0.23288054552391113,stop,0.0643463581352543,0,BASE 1d [adx_min=15 adx_rise=3 swing=10] exit=3R,BTC<200D,2022,BASE
FTMUSDT,2022-04-03 00:00:00+00:00,2022-04-04 00:00:00+00:00,2022-04-11 00:00:00+00:00,1.62691305,1.2355261910634596,480.42939703813346,782.3984725006155,592.693025134495,-189.70544736612055,189.70544736612058,-0.9999999999999999,-0.24246653595808407,stop,0.06180240471454374,0,BASE 1d [adx_min=15 adx_rise=3 swing=10] exit=3R,BTC<200D,2022,BASE
BNBUSDT,2022-04-13 00:00:00+00:00,2022-04-14 00:00:00+00:00,2022-04-26 00:00:00+00:00,423.6116999999999,381.1769912468385,2.787726113013376,1182.094311265856,1061.0236579089408,-121.07065335691527,121.07065335691516,-1.0000000000000009,-0.10242046865724758,stop,0.12004507518436816,0,BASE 1d [adx_min=15 adx_rise=3 swing=10] exit=3R,BTC<200D,2022,BASE
TRXUSDT,2022-05-01 00:00:00+00:00,2022-05-02 00:00:00+00:00,2022-06-14 00:00:00+00:00,0.07081538999999999,0.059512929366346154,10643.699831935399,754.4914923960811,632.4879163789981,-122.00357601708299,122.00357601708288,-1.0000000000000009,-0.161703050659497,stop,0.0926699584448125,0,BASE 1d [adx_min=15 adx_rise=3 swing=10] exit=3R,BTC<200D,2022,BASE
CRVUSDT,2022-05-04 00:00:00+00:00,2022-05-05 00:00:00+00:00,2022-05-11 00:00:00+00:00,2.597298,1.8320282953338785,165.62526693051294,430.6083527226354,302.9751818908556,-127.63317083177981,127.63317083177982,-0.9999999999999999,-0.29640198575987964,stop,0.05055639201133628,0,BASE 1d [adx_min=15 adx_rise=3 swing=10] exit=3R,BTC<200D,2022,BASE
DYDXUSDT,2022-07-07 00:00:00+00:00,2022-07-08 00:00:00+00:00,2022-09-18 00:00:00+00:00,1.9579785,1.175640663420142,140.7510364213745,275.863090668934,165.22451560906495,-110.63857505986903,110.63857505986898,-1.0000000000000004,-0.4010633491837713,stop,0.03736321210978744,0,BASE 1d [adx_min=15 adx_rise=3 swing=10] exit=3R,BTC<200D,2022,BASE
COCOSUSDT,2022-07-10 00:00:00+00:00,2022-07-11 00:00:00+00:00,2022-09-18 00:00:00+00:00,0.79629795,0.6103437121314731,590.4632247219145,470.65484005184624,359.8451183719709,-110.80972167987534,110.80972167987535,-0.9999999999999999,-0.23543733592045668,stop,0.063647572830495,0,BASE 1d [adx_min=15 adx_rise=3 swing=10] exit=3R,BTC<200D,2022,BASE
ICPUSDT,2022-07-16 00:00:00+00:00,2022-07-17 00:00:00+00:00,2022-10-11 00:00:00+00:00,7.1235599999999994,5.238020778913658,58.120298712286576,414.437458529991,303.97883155079455,-110.45862697919642,110.45862697919645,-0.9999999999999998,-0.2665266488482798,stop,0.056223327197368535,0,BASE 1d [adx_min=15 adx_rise=3 swing=10] exit=3R,BTC<200D,2022,BASE
ETCUSDT,2022-07-17 00:00:00+00:00,2022-07-18 00:00:00+00:00,2022-07-28 00:00:00+00:00,19.26963,12.641778030233809,16.565444938471416,319.5292047444666,647.6173847231737,328.0881799787071,110.42654716873817,2.9710987836771654,1.0267862064160467,target_3R,0.043360496583572265,0,BASE 1d [adx_min=15 adx_rise=3 swing=10] exit=3R,BTC<200D,2022,BASE
AVAXUSDT,2022-07-18 00:00:00+00:00,2022-07-19 00:00:00+00:00,2022-10-13 00:00:00+00:00,23.961975,15.320882452514942,12.9695234324439,311.086171646385,198.40658650992268,-112.67958513646235,112.67958513646234,-1.0000000000000002,-0.3622134167524053,stop,0.041370678975312915,0,BASE 1d [adx_min=15 adx_rise=3 swing=10] exit=3R,BTC<200D,2022,BASE
CHZUSDT,2022-07-18 00:00:00+00:00,2022-07-19 00:00:00+00:00,2022-08-14 00:00:00+00:00,0.11455725,0.08995773191116439,4534.296900392455,519.9560201760761,852.780474777935,332.82445460185886,112.67259385487203,2.953907806813727,0.6401011656508032,target_3R,0.0691521202034557,0,BASE 1d [adx_min=15 adx_rise=3 swing=10] exit=3R,BTC<200D,2022,BASE
ALGOUSDT,2022-07-19 00:00:00+00:00,2022-07-20 00:00:00+00:00,2022-11-09 00:00:00+00:00,0.37218599999999996,0.2781722583771449,1191.0142796850475,443.7221195395579,330.81033689507495,-112.91178264448297,112.91178264448284,-1.000000000000001,-0.25446507548834707,stop,0.05888829717106395,0,BASE 1d [adx_min=15 adx_rise=3 swing=10] exit=3R,BTC<200D,2022,BASE
FTMUSDT,2022-07-19 00:00:00+00:00,2022-07-20 00:00:00+00:00,2022-10-10 00:00:00+00:00,0.3399699,0.20635457945093474,840.8896339589187,286.1630419328182,173.2612314007862,-112.90181053203202,112.90181053203204,-0.9999999999999998,-0.39453665913482183,stop,0.037981299425699944,0,BASE 1d [adx_min=15 adx_rise=3 swing=10] exit=3R,BTC<200D,2022,BASE
NEARUSDT,2022-07-19 00:00:00+00:00,2022-07-20 00:00:00+00:00,2022-10-13 00:00:00+00:00,4.5352665000000005,2.8492153259398956,66.6104909585541,302.3984245210762,189.5030451537478,-112.89537936732842,112.89537936732839,-1.0000000000000002,-0.3733332260117644,stop,0.04013844453411384,0,BASE 1d [adx_min=15 adx_rise=3 swing=10] exit=3R,BTC<200D,2022,BASE
XRPUSDT,2022-07-19 00:00:00+00:00,2022-07-20 00:00:00+00:00,2022-12-31 00:00:00+00:00,0.3729864,0.2909795366016094,1363.1224241179302,508.93455185675094,461.269477230361,-47.665074626389924,112.88858333223912,-0.4222311346233146,-0.09365658993379986,window_end,0.06755680389327136,0,BASE 1d [adx_min=15 adx_rise=3 swing=10] exit=3R,BTC<200D,2022,BASE
LTCUSDT,2022-07-21 00:00:00+00:00,2022-07-22 00:00:00+00:00,2022-12-31 00:00:00+00:00,58.059014999999995,44.47124298810532,8.15715928165875,474.0702297243057,571.2852233590976,97.21499363479188,111.85517435623547,0.8691148549389619,0.20506454010269112,window_end,0.06351024471826057,0,BASE 1d [adx_min=15 adx_rise=3 swing=10] exit=3R,BTC<200D,2022,BASE
SUSHIUSDT,2022-07-21 00:00:00+00:00,2022-07-22 00:00:00+00:00,2022-08-28 00:00:00+00:00,1.4157075,1.0323925995713121,289.5404334774129,410.31446779045166,298.4711711572532,-111.84329663319846,111.84329663319848,-0.9999999999999999,-0.27257946139573375,stop,0.05497484993287729,0,BASE 1d [adx_min=15 adx_rise=3 swing=10] exit=3R,BTC<200D,2022,BASE
EOSUSDT,2022-07-22 00:00:00+00:00,2022-07-23 00:00:00+00:00,2022-11-08 00:00:00+00:00,1.1745869999999998,0.851006038250946,334.00216831910797,392.7069194843154,283.811647354358,-108.89527212995739,108.8952721299574,-0.9999999999999999,-0.2772939989775419,stop,0.05404017050592076,0,BASE 1d [adx_min=15 adx_rise=3 swing=10] exit=3R,BTC<200D,2022,BASE
ADAUSDT,2022-07-23 00:00:00+00:00,2022-07-24 00:00:00+00:00,2022-10-10 00:00:00+00:00,0.51735855,0.3986380681795646,914.9509785779537,473.8310693097693,364.187371510594,-109.6436977991753,109.64369779917526,-1.0000000000000004,-0.23139828707073493,stop,0.06475853894473428,0,BASE 1d [adx_min=15 adx_rise=3 swing=10] exit=3R,BTC<200D,2022,BASE
MANAUSDT,2022-07-23 00:00:00+00:00,2022-07-24 00:00:00+00:00,2022-08-28 00:00:00+00:00,0.97618785,0.7463738735360784,472.73503928399805,461.93967981992984,352.30800322152913,-109.6316765984007,109.63167659840074,-0.9999999999999996,-0.2373289877179128,stop,0.06314026419236254,0,BASE 1d [adx_min=15 adx_rise=3 swing=10] exit=3R,BTC<200D,2022,BASE
LINKUSDT,2022-07-24 00:00:00+00:00,2022-07-25 00:00:00+00:00,2022-11-09 00:00:00+00:00,7.0965465,5.858058350317686,87.84914115567442,624.0489407115034,513.8537141355603,-110.19522657594314,110.19522657594318,-0.9999999999999997,-0.1765810650208061,stop,0.08486195834898456,0,BASE 1d [adx_min=15 adx_rise=3 swing=10] exit=3R,BTC<200D,2022,BASE
AXSUSDT,2022-07-28 00:00:00+00:00,2022-07-29 00:00:00+00:00,2022-08-20 00:00:00+00:00,17.158575,13.642335920624479,33.224086163260814,570.6480522130116,452.5744895059054,-118.07356270710625,118.0735627071063,-0.9999999999999996,-0.2069113567446853,stop,0.07242239005520358,0,BASE 1d [adx_min=15 adx_rise=3 swing=10] exit=3R,BTC<200D,2022,BASE
ROSEUSDT,2022-07-28 00:00:00+00:00,2022-07-29 00:00:00+00:00,2022-11-14 00:00:00+00:00,0.072126045,0.043568006362193226,4114.260390576807,297.0420754025328,178.98133731312285,-118.06073808940997,118.06073808941,-0.9999999999999998,-0.3974545960514902,stop,0.037702457422516954,0,BASE 1d [adx_min=15 adx_rise=3 swing=10] exit=3R,BTC<200D,2022,BASE
DOTUSDT,2022-07-29 00:00:00+00:00,2022-07-30 00:00:00+00:00,2022-09-19 00:00:00+00:00,8.18409,6.231231532966545,56.90434981414519,466.17603059071786,354.0524799485626,-112.12355064215524,112.12355064215524,-1.0,-0.24051762271019636,stop,0.05805087437019646,0,BASE 1d [adx_min=15 adx_rise=3 swing=10] exit=3R,BTC<200D,2022,BASE
BNBUSDT,2022-09-09 00:00:00+00:00,2022-09-10 00:00:00+00:00,2022-11-21 00:00:00+00:00,293.5467,251.83324441860066,2.6892064608421387,790.1970898810878,676.2160791792144,-113.9810107018734,113.98101070187346,-0.9999999999999996,-0.14424377432094282,stop,0.10388673657189028,0,BASE 1d [adx_min=15 adx_rise=3 swing=10] exit=3R,BTC<200D,2022,BASE
SOLUSDT,2022-09-12 00:00:00+00:00,2022-09-13 00:00:00+00:00,2022-10-13 00:00:00+00:00,37.45871999999999,29.124331623439584,13.544146171057575,507.8537254397784,393.8727055673593,-113.9810198724191,113.98101987241905,-1.0000000000000004,-0.2244367111292069,stop,0.06676721873895314,0,BASE 1d [adx_min=15 adx_rise=3 swing=10] exit=3R,BTC<200D,2022,BASE
MBOXUSDT,2022-09-21 00:00:00+00:00,2022-09-22 00:00:00+00:00,2022-09-26 00:00:00+00:00,0.7163579999999999,0.5866962479390951,755.1014659050727,541.4638988887388,442.3508955721254,-99.11300331661334,99.11300331661336,-0.9999999999999999,-0.18304637395036988,stop,0.08186458251873338,0,BASE 1d [adx_min=15 adx_rise=3 swing=10] exit=3R,BTC<200D,2022,BASE
TLMUSDT,2022-10-02 00:00:00+00:00,2022-10-03 00:00:00+00:00,2022-10-13 00:00:00+00:00,0.024792389999999997,0.019734527702754714,19666.332246091497,488.06295429359096,387.52381390717716,-100.5391403864138,100.53914038641376,-1.0000000000000004,-0.2059962541757168,stop,0.07274411394021092,0,BASE 1d [adx_min=15 adx_rise=3 swing=10] exit=3R,BTC<200D,2022,BASE
TRXUSDT,2022-10-06 00:00:00+00:00,2022-10-07 00:00:00+00:00,2022-11-08 00:00:00+00:00,0.06281139,0.057538039420687095,15110.004718282602,950.0294796611504,868.096381756645,-81.93309790450542,81.93309790450527,-1.0000000000000018,-0.08624268999918688,stop,0.13837211944762273,0,BASE 1d [adx_min=15 adx_rise=3 swing=10] exit=3R,BTC<200D,2022,BASE
HOTUSDT,2022-10-29 00:00:00+00:00,2022-10-30 00:00:00+00:00,2022-11-08 00:00:00+00:00,0.0022781385,0.0017962118272187204,203953.4160582105,465.0987634580563,365.7942059899991,-99.30455746805717,99.30455746805714,-1.0000000000000002,-0.21351283914349234,stop,0.07018320324495446,0,BASE 1d [adx_min=15 adx_rise=3 swing=10] exit=3R,BTC<200D,2022,BASE
MBOXUSDT,2022-10-29 00:00:00+00:00,2022-10-30 00:00:00+00:00,2022-11-08 00:00:00+00:00,0.6583289999999999,0.5296379406629841,762.9581467969066,502.7797512964833,403.4856463548288,-99.2941049416545,99.29410494165448,-1.0000000000000002,-0.19749026225819888,stop,0.07587723472372308,0,BASE 1d [adx_min=15 adx_rise=3 swing=10] exit=3R,BTC<200D,2022,BASE
DARUSDT,2022-11-03 00:00:00+00:00,2022-11-04 00:00:00+00:00,2022-11-08 00:00:00+00:00,0.21708849,0.17776526061812947,2497.338374256038,542.6855601029845,443.2743189108569,-99.41124119212759,99.41124119212753,-1.0000000000000007,-0.18318387018306234,stop,0.08180313566931369,0,BASE 1d [adx_min=15 adx_rise=3 swing=10] exit=3R,BTC<200D,2022,BASE
IOTXUSDT,2022-11-03 00:00:00+00:00,2022-11-04 00:00:00+00:00,2022-11-09 00:00:00+00:00,0.03165582,0.02498377596351422,14745.19957133701,467.2381548778159,367.83836067902973,-99.39979419878614,99.39979419878615,-0.9999999999999999,-0.21273903503188749,stop,0.07043848338772843,0,BASE 1d [adx_min=15 adx_rise=3 swing=10] exit=3R,BTC<200D,2022,BASE
CRVUSDT,2022-11-04 00:00:00+00:00,2022-11-05 00:00:00+00:00,2022-11-08 00:00:00+00:00,1.0255124999999998,0.8163381010625381,32.080015999448065,32.93135586504161,26.14887022810038,-6.782485636941228,6.782485636941225,-1.0000000000000004,-0.20595828682964124,stop,0.004608785591176421,0,BASE 1d [adx_min=15 adx_rise=3 swing=10] exit=3R,BTC<200D,2022,BASE
COCOSUSDT,2022-11-26 00:00:00+00:00,2022-11-27 00:00:00+00:00,2022-12-31 00:00:00+00:00,0.9780888,0.40841779605142725,147.6176461856233,144.52754958293738,73.87502231481417,-70.65252726812321,84.32828023523902,-0.8378272042431502,-0.48885162359705775,window_end,0.025682339189253292,0,BASE 1d [adx_min=15 adx_rise=3 swing=10] exit=3R,BTC<200D,2022,BASE
AXSUSDT,2022-12-05 00:00:00+00:00,2022-12-06 00:00:00+00:00,2022-12-29 00:00:00+00:00,8.804400000000001,5.890520671611099,28.599790067875446,252.05579566527618,168.2150373504876,-83.84075831478859,83.8407583147886,-0.9999999999999998,-0.3326277743128233,stop,0.045050402107799245,0,BASE 1d [adx_min=15 adx_rise=3 swing=10] exit=3R,BTC<200D,2022,BASE
DARUSDT,2022-12-14 00:00:00+00:00,2022-12-15 00:00:00+00:00,2022-12-19 00:00:00+00:00,0.15572782500000001,0.11705254872586889,2118.994949056601,330.31646107717285,247.66183290191114,-82.6546281752617,82.65462817526168,-1.0000000000000004,-0.2502286077591236,stop,0.05988529896405746,0,BASE 1d [adx_min=15 adx_rise=3 swing=10] exit=3R,BTC<200D,2022,BASE
AXSUSDT,2023-01-09 00:00:00+00:00,2023-01-10 00:00:00+00:00,2023-01-18 00:00:00+00:00,7.32366,5.695728798268419,47.94134072736026,351.45718551077056,395.88127678917164,44.42409127840108,78.8057652844212,0.5637162600739708,0.1263997240911146,trail_stop,0.06683002407834265,1,BASE 1d [adx_min=15 adx_rise=3 swing=10] exit=trail3ATR,BTC<200D,2023,BASE
LUNAUSDT,2023-01-09 00:00:00+00:00,2023-01-10 00:00:00+00:00,2023-01-30 00:00:00+00:00,1.5757875,1.1914806159103624,203.26052996589087,320.6156977659898,390.81049367333736,70.19479590734755,78.79786671362379,0.8908210188285617,0.21893748932586937,trail_stop,0.060971587630858144,1,BASE 1d [adx_min=15 adx_rise=3 swing=10] exit=trail3ATR,BTC<200D,2023,BASE
DOTUSDT,2023-01-11 00:00:00+00:00,2023-01-12 00:00:00+00:00,2023-01-16 00:00:00+00:00,5.136567,4.224862471513206,85.45592850665325,439.389052423956,490.28709445283226,50.89804202887626,78.89088590608253,0.6451701162219043,0.11583821159878593,trail_stop,0.08346023066166211,1,BASE 1d [adx_min=15 adx_rise=3 swing=10] exit=trail3ATR,BTC<200D,2023,BASE
NEARUSDT,2023-01-11 00:00:00+00:00,2023-01-12 00:00:00+00:00,2023-01-18 00:00:00+00:00,1.8219104999999998,1.19969550759878,126.04310455758356,229.86889490170535,246.49233197098192,16.623437069276576,78.88229301294815,0.21073724449855835,0.0723170356580213,trail_stop,0.04366745315232503,1,BASE 1d [adx_min=15 adx_rise=3 swing=10] exit=trail3ATR,BTC<200D,2023,BASE
BANDUSDT,2023-01-12 00:00:00+00:00,2023-01-13 00:00:00+00:00,2023-01-18 00:00:00+00:00,1.6708349999999998,1.3300585865353352,230.91158852961104,386.2009791848934,387.3759215256798,1.1749423407864015,79.53557347918101,0.014772538744489607,0.003042308031601077,trail_stop,0.07276275516926946,1,BASE 1d [adx_min=15 adx_rise=3 swing=10] exit=trail3ATR,BTC<200D,2023,BASE
PHAUSDT,2023-01-13 00:00:00+00:00,2023-01-14 00:00:00+00:00,2023-01-18 00:00:00+00:00,0.13136565,0.10268451678328402,2804.5733523085923,368.7930260000959,357.1265090764761,-11.666516923619781,81.23860193108102,-0.14360804649884423,-0.031634320882241274,trail_stop,0.06802639249834418,1,BASE 1d [adx_min=15 adx_rise=3 swing=10] exit=trail3ATR,BTC>200D,2023,BASE
CHZUSDT,2023-01-14 00:00:00+00:00,2023-01-15 00:00:00+00:00,2023-02-09 00:00:00+00:00,0.13826909999999998,0.10023737239332635,2188.9890116396473,302.9722100898528,312.25024819935436,9.278038109501551,83.8827214160636,0.11060726157752912,0.030623396471742254,trail_stop,0.054123698320666686,1,BASE 1d [adx_min=15 adx_rise=3 swing=10] exit=trail3ATR,BTC>200D,2023,BASE
MDXUSDT,2023-01-14 00:00:00+00:00,2023-01-15 00:00:00+00:00,2023-01-18 00:00:00+00:00,0.08114055,0.06729355524767494,5978.968203146373,485.62190520424423,488.2077333118633,2.585828107619079,83.87919596936226,0.03082800303144989,0.005324776497739583,trail_stop,0.08675633382555485,1,BASE 1d [adx_min=15 adx_rise=3 swing=10] exit=trail3ATR,BTC>200D,2023,BASE
MDXUSDT,2023-01-19 00:00:00+00:00,2023-01-20 00:00:00+00:00,2023-02-09 00:00:00+00:00,0.0822411,0.0698402887535234,6447.026490047112,530.7407608208841,590.0305835097103,59.28982268882612,81.15373731078324,0.7305864727063904,0.1117114551313601,trail_stop,0.09800113362126618,1,BASE 1d [adx_min=15 adx_rise=3 swing=10] exit=trail3ATR,BTC>200D,2023,BASE
PHAUSDT,2023-01-20 00:00:00+00:00,2023-01-21 00:00:00+00:00,2023-01-25 00:00:00+00:00,0.13676834999999998,0.115950069930914,3890.7178847985915,532.6591924848127,584.207180955449,51.547988470636255,82.20664961268854,0.6270537567642199,0.0967748030972093,trail_stop,0.09709562448898172,1,BASE 1d [adx_min=15 adx_rise=3 swing=10] exit=trail3ATR,BTC>200D,2023,BASE
XRPUSDT,2023-02-15 00:00:00+00:00,2023-02-16 00:00:00+00:00,2023-03-03 00:00:00+00:00,0.4012005,0.35225392276623946,1668.5590571712337,670.0961547446441,607.5221270830434,-62.57402766160067,83.22102232058597,-0.751901694028121,-0.09338066965247095,trail_stop,0.12065942763317293,1,BASE 1d [adx_min=15 adx_rise=3 swing=10] exit=trail3ATR,BTC>200D,2023,BASE
SUSHIUSDT,2023-03-01 00:00:00+00:00,2023-03-02 00:00:00+00:00,2023-03-03 00:00:00+00:00,1.3606800000000001,1.203332789127191,515.6487818218409,702.3346174337918,619.5666514579981,-82.76796597579369,82.76796597579383,-0.9999999999999983,-0.11784691217159907,stop,0.12715661962525587,1,BASE 1d [adx_min=15 adx_rise=3 swing=10] exit=trail3ATR,BTC>200D,2023,BASE
XRPUSDT,2023-03-08 00:00:00+00:00,2023-03-09 00:00:00+00:00,2023-03-22 00:00:00+00:00,0.38909445,0.34573011601831416,1830.5286781608283,712.9607977874526,756.0101142426524,43.0493164551998,81.04089241602506,0.5312048667258655,0.060381042813007,trail_stop,0.1318313251503708,1,BASE 1d [adx_min=15 adx_rise=3 swing=10] exit=trail3ATR,BTC>200D,2023,BASE
GALAUSDT,2023-03-17 00:00:00+00:00,2023-03-18 00:00:00+00:00,2023-03-27 00:00:00+00:00,0.04406202,0.02760201406527886,4882.004859416236,215.32610675145108,183.94202571636012,-31.384081035090958,80.7750023286955,-0.3885370489669635,-0.14575139776858229,trail_stop,0.03994633046502743,1,BASE 1d [adx_min=15 adx_rise=3 swing=10] exit=trail3ATR,BTC>200D,2023,BASE
GMTUSDT,2023-03-17 00:00:00+00:00,2023-03-18 00:00:00+00:00,2023-03-27 00:00:00+00:00,0.41520749999999995,0.2610234400996746,521.1291884207494,216.59312424870947,195.30754163242455,-21.285582616284927,80.77016313755408,-0.26353274265442456,-0.09827450751318922,trail_stop,0.04018378924146383,1,BASE 1d [adx_min=15 adx_rise=3 swing=10] exit=trail3ATR,BTC>200D,2023,BASE
LINKUSDT,2023-03-19 00:00:00+00:00,2023-03-20 00:00:00+00:00,2023-04-20 00:00:00+00:00,7.0845405,5.658371460884392,56.40909778856333,400.03217038938885,429.5172848685763,29.485114479187473,81.32715718012224,0.36254943000016904,0.07370685825214218,trail_stop,0.07370831928253133,1,BASE 1d [adx_min=15 adx_rise=3 swing=10] exit=trail3ATR,BTC>200D,2023,BASE
SANDUSDT,2023-03-21 00:00:00+00:00,2023-03-22 00:00:00+00:00,2023-04-21 00:00:00+00:00,0.67343655,0.48251234577882335,433.5542688139218,292.26326231884786,261.2282876125349,-31.034974706312937,83.38166338427803,-0.37220383291327713,-0.10618842224670368,trail_stop,0.0525243703190873,1,BASE 1d [adx_min=15 adx_rise=3 swing=10] exit=trail3ATR,BTC>200D,2023,BASE
ALGOUSDT,2023-03-31 00:00:00+00:00,2023-04-01 00:00:00+00:00,2023-04-19 00:00:00+00:00,0.22601295,0.18730562040660084,2065.8550303924585,467.37689968103047,414.2274455377179,-53.14945414331254,81.0108674573513,-0.6560780770714919,-0.11371861591701539,trail_stop,0.08645321381180376,1,BASE 1d [adx_min=15 adx_rise=3 swing=10] exit=trail3ATR,BTC>200D,2023,BASE
KLAYUSDT,2023-04-05 00:00:00+00:00,2023-04-06 00:00:00+00:00,2023-04-12 00:00:00+00:00,0.27933959999999997,0.2008430174956684,1022.7973332724949,285.9935057553628,237.56809629913977,-48.42540945622301,80.87983289759218,-0.5987328079366574,-0.16932345833630863,trail_stop,0.052987460728157174,1,BASE 1d [adx_min=15 adx_rise=3 swing=10] exit=trail3ATR,BTC>200D,2023,BASE
LAZIOUSDT,2023-04-07 00:00:00+00:00,2023-04-08 00:00:00+00:00,2023-04-09 00:00:00+00:00,3.16288065,2.4819215536153463,116.53505035203392,368.95504226102895,375.2503509613957,6.295308700366775,80.15789070507023,0.07853635674533259,0.01706253602549483,trail_stop,0.06897383137763433,1,BASE 1d [adx_min=15 adx_rise=3 swing=10] exit=trail3ATR,BTC>200D,2023,BASE
PHAUSDT,2023-04-11 00:00:00+00:00,2023-04-12 00:00:00+00:00,2023-04-19 00:00:00+00:00,0.15497745,0.13620923251215517,4194.489338733259,650.7013130308356,666.6273411396692,15.92602810883352,80.22984601788822,0.1985050314727342,0.024475174384777695,trail_stop,0.12153543114568544,1,BASE 1d [adx_min=15 adx_rise=3 swing=10] exit=trail3ATR,BTC>200D,2023,BASE
APEUSDT,2023-04-12 00:00:00+00:00,2023-04-13 00:00:00+00:00,2023-04-21 00:00:00+00:00,4.498248,3.906905302419843,132.17426923823032,595.1471948945833,523.4863555405278,-71.6608393540555,79.5291718980921,-0.9010635675407382,-0.1204085980221222,trail_stop,0.11213859544787887,1,BASE 1d [adx_min=15 adx_rise=3 swing=10] exit=trail3ATR,BTC>200D,2023,BASE
TWTUSDT,2023-04-14 00:00:00+00:00,2023-04-15 00:00:00+00:00,2023-04-25 00:00:00+00:00,1.2698346,1.1421069165298547,620.9837663546172,789.3352192279641,710.3204734772318,-79.01474575073235,81.16885478857873,-0.9734613843763448,-0.1001029015631855,trail_stop,0.14572338268342155,1,BASE 1d [adx_min=15 adx_rise=3 swing=10] exit=trail3ATR,BTC>200D,2023,BASE
YFIIUSDT,2023-04-17 00:00:00+00:00,2023-04-18 00:00:00+00:00,2023-04-19 00:00:00+00:00,1216.4079,1060.5394333342726,0.5189097599970078,631.8371373789117,563.844774903004,-67.99236247590773,82.33808579215848,-0.8257705024566289,-0.10761058262254822,trail_stop,0.114990394549756,1,BASE 1d [adx_min=15 adx_rise=3 swing=10] exit=trail3ATR,BTC>200D,2023,BASE
LUNAUSDT,2023-04-18 00:00:00+00:00,2023-04-19 00:00:00+00:00,2023-04-21 00:00:00+00:00,1.43561745,1.2141530360378945,366.95322428276825,527.3312565662198,444.869288058483,-82.46196850773686,82.46196850773696,-0.9999999999999988,-0.15637603021049382,stop,0.09582680264260464,1,BASE 1d [adx_min=15 adx_rise=3 swing=10] exit=trail3ATR,BTC>200D,2023,BASE
ATOMUSDT,2023-04-28 00:00:00+00:00,2023-04-29 00:00:00+00:00,2023-05-09 00:00:00+00:00,11.7208575,9.880638211882756,40.26561645638857,472.4195001876203,417.61137794620583,-54.80812224141448,75.16608766149399,-0.7291602363054946,-0.1160157915150572,trail_stop,0.09418094661791626,1,BASE 1d [adx_min=15 adx_rise=3 swing=10] exit=trail3ATR,BTC>200D,2023,BASE
CRVUSDT,2023-05-03 00:00:00+00:00,2023-05-04 00:00:00+00:00,2023-05-08 00:00:00+00:00,0.9694845,0.8470149472562704,599.677221506279,581.9591490246574,507.17392075749535,-74.7852282671621,74.78522826716207,-1.0000000000000004,-0.12850597570722866,stop,0.11660947985138766,1,BASE 1d [adx_min=15 adx_rise=3 swing=10] exit=trail3ATR,BTC>200D,2023,BASE
PHAUSDT,2023-05-30 00:00:00+00:00,2023-05-31 00:00:00+00:00,2023-06-05 00:00:00+00:00,0.14147069999999998,0.1114790883486283,2416.554282428386,342.2134975490645,291.20054258746205,-51.012954961602475,73.22218740386535,-0.6966871213534592,-0.14906762978946655,trail_stop,0.07003443315019586,1,BASE 1d [adx_min=15 adx_rise=3 swing=10] exit=trail3ATR,BTC>200D,2023,BASE
FILUSDT,2023-06-02 00:00:00+00:00,2023-06-03 00:00:00+00:00,2023-06-05 00:00:00+00:00,4.9654815,4.224739897845862,97.06023597382594,482.4327569197808,421.0923526293302,-61.34040429045058,72.99338185681779,-0.8403556970517486,-0.1271480914399233,trail_stop,0.09903996647101197,1,BASE 1d [adx_min=15 adx_rise=3 swing=10] exit=trail3ATR,BTC>200D,2023,BASE
QNTUSDT,2023-06-16 00:00:00+00:00,2023-06-17 00:00:00+00:00,2023-07-07 00:00:00+00:00,112.056,92.34479908172511,3.5837021331012804,401.9769015530238,363.96728761363363,-38.00961393939019,71.53688701508455,-0.5313288783641835,-0.0945567115735789,trail_stop,0.0842031313458159,1,BASE 1d [adx_min=15 adx_rise=3 swing=10] exit=trail3ATR,BTC>200D,2023,BASE
SFPUSDT,2023-06-17 00:00:00+00:00,2023-06-18 00:00:00+00:00,2023-06-28 00:00:00+00:00,0.41810895,0.27744949952136805,502.7466982895679,210.41309703195583,219.01004788686336,8.596950854907533,71.13543769182475,0.12085327839200938,0.04085748927312209,trail_stop,0.04432450989796376,1,BASE 1d [adx_min=15 adx_rise=3 swing=10] exit=trail3ATR,BTC>200D,2023,BASE
WAVESUSDT,2023-06-24 00:00:00+00:00,2023-06-25 00:00:00+00:00,2023-06-26 00:00:00+00:00,2.4372179999999997,1.220146359655451,58.51272062026945,142.7508641806165,116.88508357298541,-25.865780607631095,71.46383654980433,-0.36194223339247683,-0.1811952646038222,trail_stop,0.029932955493924357,1,BASE 1d [adx_min=15 adx_rise=3 swing=10] exit=trail3ATR,BTC>200D,2023,BASE
MDXUSDT,2023-06-30 00:00:00+00:00,2023-07-01 00:00:00+00:00,2023-07-13 00:00:00+00:00,0.06593294999999999,0.05864236722694152,9543.088857600715,629.8332044942387,640.6973849105719,10.864180416333284,71.04304739472309,0.15292390761295313,0.017249297653427642,trail_stop,0.13284987558271902,1,BASE 1d [adx_min=15 adx_rise=3 swing=10] exit=trail3ATR,BTC>200D,2023,BASE
HOOKUSDT,2023-07-05 00:00:00+00:00,2023-07-06 00:00:00+00:00,2023-07-16 00:00:00+00:00,1.2868431,0.9461787854432901,207.50376399916811,267.29181171328423,215.41977716291177,-51.87203455037246,71.250557638904,-0.7280228572140951,-0.194065183732654,trail_stop,0.0562153046463789,1,BASE 1d [adx_min=15 adx_rise=3 swing=10] exit=trail3ATR,BTC>200D,2023,BASE
SFPUSDT,2023-07-09 00:00:00+00:00,2023-07-10 00:00:00+00:00,2023-07-24 00:00:00+00:00,0.44392184999999995,0.40010222728402517,1573.301738102745,699.1214412049727,651.8782481236873,-47.243193081285426,70.5838191538786,-0.6693204426681891,-0.0675750882419788,trail_stop,0.14842417707608718,1,BASE 1d [adx_min=15 adx_rise=3 swing=10] exit=trail3ATR,BTC>200D,2023,BASE
ADAUSDT,2023-07-13 00:00:00+00:00,2023-07-14 00:00:00+00:00,2023-07-16 00:00:00+00:00,0.35687835,0.26653935084350666,782.3056264903078,279.4671291187549,245.53228842632734,-33.93484069242754,71.26456386595747,-0.4761811319894705,-0.12142694849098871,trail_stop,0.058764396924403946,1,BASE 1d [adx_min=15 adx_rise=3 swing=10] exit=trail3ATR,BTC>200D,2023,BASE
ARUSDT,2023-07-15 00:00:00+00:00,2023-07-16 00:00:00+00:00,2023-07-30 00:00:00+00:00,5.98299,5.266528978793214,96.36772391921211,577.1436956599382,515.9894922881259,-61.15420337181229,70.38131637331968,-0.8688982605473797,-0.10596009942010225,trail_stop,0.12288072138488164,1,BASE 1d [adx_min=15 adx_rise=3 swing=10] exit=trail3ATR,BTC>200D,2023,BASE
GMTUSDT,2023-07-15 00:00:00+00:00,2023-07-16 00:00:00+00:00,2023-07-20 00:00:00+00:00,0.2385192,0.19719346274759714,1681.3876799092236,401.44428754610584,385.5548575261678,-15.889430019938061,70.38280093256182,-0.22575728458381078,-0.03958066041259377,trail_stop,0.08547043574311615,1,BASE 1d [adx_min=15 adx_rise=3 swing=10] exit=trail3ATR,BTC>200D,2023,BASE
SANDUSDT,2023-07-15 00:00:00+00:00,2023-07-16 00:00:00+00:00,2023-08-04 00:00:00+00:00,0.45352665,0.38348583114126594,990.2123315946639,449.5367692183538,396.8623981351982,-52.67437108315562,70.37377896272561,-0.7484942809601753,-0.11717477788245184,trail_stop,0.09572194817931026,1,BASE 1d [adx_min=15 adx_rise=3 swing=10] exit=trail3ATR,BTC>200D,2023,BASE
KLAYUSDT,2023-07-17 00:00:00+00:00,2023-07-18 00:00:00+00:00,2023-08-01 00:00:00+00:00,0.17428709999999997,0.15358044796390607,3333.9165833619745,581.6397116090227,528.5966463760789,-53.04306523294383,70.38308985331471,-0.753633654667489,-0.09119574226836716,trail_stop,0.12383485596477437,1,BASE 1d [adx_min=15 adx_rise=3 swing=10] exit=trail3ATR,BTC>200D,2023,BASE
SUSHIUSDT,2023-07-17 00:00:00+00:00,2023-07-18 00:00:00+00:00,2023-08-16 00:00:00+00:00,0.7413704999999999,0.5853238905052748,446.32428097574405,331.2225470044769,303.68896598322345,-27.53358102125344,70.37001821150422,-0.39126863572066267,-0.08312713391724896,trail_stop,0.0705325216105386,1,BASE 1d [adx_min=15 adx_rise=3 swing=10] exit=trail3ATR,BTC>200D,2023,BASE
GALAUSDT,2023-07-20 00:00:00+00:00,2023-07-21 00:00:00+00:00,2023-07-30 00:00:00+00:00,0.02651325,0.022737062067491442,17906.759884939795,475.24116792089933,418.80833211992166,-56.43283580097767,68.70457408219919,-0.8213839697697649,-0.11874568032029273,trail_stop,0.1036538850276611,1,BASE 1d [adx_min=15 adx_rise=3 swing=10] exit=trail3ATR,BTC>200D,2023,BASE
APTUSDT,2023-07-22 00:00:00+00:00,2023-07-23 00:00:00+00:00,2023-08-03 00:00:00+00:00,7.66793205,6.692022926416479,68.26327982376384,523.9616293899558,458.1294698106241,-65.83215957933169,67.8271965176474,-0.9705864750314922,-0.12564309271268495,trail_stop,0.11575847552446784,1,BASE 1d [adx_min=15 adx_rise=3 swing=10] exit=trail3ATR,BTC>200D,2023,BASE
ADAUSDT,2023-07-23 00:00:00+00:00,2023-07-24 00:00:00+00:00,2023-08-03 00:00:00+00:00,0.3173586,0.2905472562888037,2488.1795865560052,790.4348353281305,721.8497128664918,-68.58512246163866,68.58512246163876,-0.9999999999999986,-0.0867688510124521,stop,0.17270039663040465,1,BASE 1d [adx_min=15 adx_rise=3 swing=10] exit=trail3ATR,BTC>200D,2023,BASE
MDXUSDT,2023-07-23 00:00:00+00:00,2023-07-24 00:00:00+00:00,2023-08-04 00:00:00+00:00,0.06773385,0.06310535738170124,2871.8124868902714,194.71343513136776,189.88127258867846,-4.832162542689304,13.758431329525918,-0.3512146426402092,-0.024816790579598052,trail_stop,0.04255585516254633,1,BASE 1d [adx_min=15 adx_rise=3 swing=10] exit=trail3ATR,BTC>200D,2023,BASE
LAZIOUSDT,2023-07-26 00:00:00+00:00,2023-07-27 00:00:00+00:00,2023-08-13 00:00:00+00:00,2.131065,1.9420329733807333,305.5875916983221,651.8782481236873,678.1257007132775,26.24745258959024,59.30696382794891,0.4425694875518295,0.04026434792867954,trail_stop,0.15121364889043057,1,BASE 1d [adx_min=15 adx_rise=3 swing=10] exit=trail3ATR,BTC>200D,2023,BASE
TWTUSDT,2023-08-01 00:00:00+00:00,2023-08-02 00:00:00+00:00,2023-08-07 00:00:00+00:00,0.9668831999999999,0.8308336711482389,472.53349937281945,457.3415866827704,408.97600526734124,-48.365581415429176,65.33354347299239,-0.7402871303838366,-0.10575373599028813,trail_stop,0.10489666051168421,1,BASE 1d [adx_min=15 adx_rise=3 swing=10] exit=trail3ATR,BTC>200D,2023,BASE
APTUSDT,2023-08-09 00:00:00+00:00,2023-08-10 00:00:00+00:00,2023-08-15 00:00:00+00:00,7.41360495,6.261291486135281,53.783563803188066,399.1288249347958,355.64320742505964,-43.48561750973613,62.87921827779795,-0.6915737615823777,-0.1089513329858855,trail_stop,0.09511809444220069,1,BASE 1d [adx_min=15 adx_rise=3 swing=10] exit=trail3ATR,BTC>200D,2023,BASE
HFTUSDT,2023-08-11 00:00:00+00:00,2023-08-12 00:00:00+00:00,2023-08-16 00:00:00+00:00,0.38149064999999993,0.32710593171123215,1131.3587776276422,432.0343982558349,385.64562935928035,-46.38876889655455,62.51515741376412,-0.742040343744556,-0.10737285985521187,trail_stop,0.10355955578990851,1,BASE 1d [adx_min=15 adx_rise=3 swing=10] exit=trail3ATR,BTC>200D,2023,BASE
JASMYUSDT,2023-08-14 00:00:00+00:00,2023-08-15 00:00:00+00:00,2023-08-15 00:00:00+00:00,0.00404202,0.0035877355333481338,135834.87163708694,549.5963151223926,486.608829916497,-62.987485205895666,62.987485205895624,-1.0000000000000007,-0.11460681862808457,stop,0.13075151342996005,1,BASE 1d [adx_min=15 adx_rise=3 swing=10] exit=trail3ATR,BTC>200D,2023,BASE
PHAUSDT,2023-08-14 00:00:00+00:00,2023-08-15 00:00:00+00:00,2023-08-16 00:00:00+00:00,0.1138569,0.08611001062527872,2249.926050743198,256.42577497223004,216.79229565980552,-39.63347931242453,62.97513370026721,-0.6293512531638557,-0.15456121490406605,trail_stop,0.06101684672543449,1,BASE 1d [adx_min=15 adx_rise=3 swing=10] exit=trail3ATR,BTC>200D,2023,BASE
DYDXUSDT,2023-08-23 00:00:00+00:00,2023-08-24 00:00:00+00:00,2023-09-10 00:00:00+00:00,2.1510749999999996,1.6421582265456975,115.99329186797003,249.75978057519845,224.99565614766337,-24.76412442753508,59.5660658781237,-0.4157421522214375,-0.0991517704351883,trail_stop,0.06283198326763989,1,BASE 1d [adx_min=15 adx_rise=3 swing=10] exit=trail3ATR,BTC<200D,2023,BASE
QNTUSDT,2023-08-26 00:00:00+00:00,2023-08-27 00:00:00+00:00,2023-09-10 00:00:00+00:00,103.2516,88.86079818232685,4.064256460317077,420.06062332041273,393.07034349678827,-26.990279823624462,59.4490992720445,-0.45400653927681023,-0.06425329660818241,trail_stop,0.10588242399210102,1,BASE 1d [adx_min=15 adx_rise=3 swing=10] exit=trail3ATR,BTC<200D,2023,BASE
MDXUSDT,2023-09-03 00:00:00+00:00,2023-09-04 00:00:00+00:00,2023-09-20 00:00:00+00:00,0.06613305,0.058049335893746085,7174.307765523924,474.93331302695464,467.43358473208093,-7.499728294873705,59.09399921097376,-0.1269118420653616,-0.01579111864584673,trail_stop,0.12043325731236212,1,BASE 1d [adx_min=15 adx_rise=3 swing=10] exit=trail3ATR,BTC<200D,2023,BASE
PHAUSDT,2023-09-07 00:00:00+00:00,2023-09-08 00:00:00+00:00,2023-10-04 00:00:00+00:00,0.09434714999999999,0.07580238682025334,3185.9387583567027,300.88482616741896,317.09097215118663,16.20614598376767,59.745195913165425,0.27125437846621053,0.053861626025468665,trail_stop,0.07546654689082463,1,BASE 1d [adx_min=15 adx_rise=3 swing=10] exit=trail3ATR,BTC<200D,2023,BASE
HOOKUSDT,2023-09-19 00:00:00+00:00,2023-09-20 00:00:00+00:00,2023-10-04 00:00:00+00:00,0.8638316999999999,0.6974221406928225,349.39160092028953,302.1173561292839,269.8073951743153,-32.30996095496863,58.80930619602498,-0.5494021787516432,-0.10694506720475322,trail_stop,0.07698157658483705,1,BASE 1d [adx_min=15 adx_rise=3 swing=10] exit=trail3ATR,BTC<200D,2023,BASE
JASMYUSDT,2023-09-23 00:00:00+00:00,2023-09-24 00:00:00+00:00,2023-10-02 00:00:00+00:00,0.0036958469999999995,0.00328794236006199,141260.1981548524,522.5981556495867,463.7589384478283,-58.8392172017584,58.83921720175835,-1.0000000000000009,-0.11258979115343713,stop,0.1330939051533851,1,BASE 1d [adx_min=15 adx_rise=3 swing=10] exit=trail3ATR,BTC<200D,2023,BASE
LUNAUSDT,2023-09-27 00:00:00+00:00,2023-09-28 00:00:00+00:00,2023-09-29 00:00:00+00:00,0.5529763499999999,0.3606500596206403,304.2177232504935,168.39343141457636,146.49995642435795,-21.893474990218408,58.84181073860233,-0.37207344089864164,-0.13001383014945367,trail_stop,0.04288409995292844,1,BASE 1d [adx_min=15 adx_rise=3 swing=10] exit=trail3ATR,BTC<200D,2023,BASE
BANDUSDT,2023-09-28 00:00:00+00:00,2023-09-29 00:00:00+00:00,2023-10-09 00:00:00+00:00,1.1485739999999998,0.9843925221090918,353.053429878695,405.9134981596616,375.6864066554088,-30.22709150425277,58.89148284494582,-0.5132676245194413,-0.07446683010369681,trail_stop,0.10328522154141011,1,BASE 1d [adx_min=15 adx_rise=3 swing=10] exit=trail3ATR,BTC<200D,2023,BASE
MASKUSDT,2023-10-02 00:00:00+00:00,2023-10-03 00:00:00+00:00,2023-10-04 00:00:00+00:00,2.8384185,2.4516006663166956,147.6291863945431,419.4524472160216,375.38297506895634,-44.069472147065255,58.067346237061194,-0.7589372513624212,-0.10506428664217353,trail_stop,0.10824502262205332,1,BASE 1d [adx_min=15 adx_rise=3 swing=10] exit=trail3ATR,BTC<200D,2023,BASE
ADAUSDT,2023-10-03 00:00:00+00:00,2023-10-04 00:00:00+00:00,2023-10-12 00:00:00+00:00,0.26103045,0.23636766117765542,2257.766956296263,589.9352705217409,550.1284313552418,-39.80683916649912,57.07240338866797,-0.6974796364437489,-0.06747662185258699,trail_stop,0.15489428066932298,1,BASE 1d [adx_min=15 adx_rise=3 swing=10] exit=trail3ATR,BTC<200D,2023,BASE
MATICUSDT,2023-10-03 00:00:00+00:00,2023-10-04 00:00:00+00:00,2023-10-09 00:00:00+00:00,0.56678325,0.48977451081442347,728.6754716478869,413.41405306788795,386.64804670847656,-26.766006359411392,57.06253196474174,-0.46906447081510144,-0.06474382319803741,trail_stop,0.10856538549789395,1,BASE 1d [adx_min=15 adx_rise=3 swing=10] exit=trail3ATR,BTC<200D,2023,BASE
HFTUSDT,2023-10-04 00:00:00+00:00,2023-10-05 00:00:00+00:00,2023-10-14 00:00:00+00:00,0.3313656,0.2877804126134282,1268.3253678288509,420.69967590233364,364.45188138494086,-56.24779451739278,56.24779451739273,-1.0000000000000009,-0.1337005891358253,stop,0.11207890018937647,1,BASE 1d [adx_min=15 adx_rise=3 swing=10] exit=trail3ATR,BTC<200D,2023,BASE
TWTUSDT,2023-10-04 00:00:00+00:00,2023-10-05 00:00:00+00:00,2023-11-08 00:00:00+00:00,0.8722359,0.7301946911907577,390.54774481820533,340.9904134581721,572.9494292770025,231.95901581883044,56.24214478233494,4.124291787173918,0.6802508418533119,trail_stop,0.09085262440101825,1,BASE 1d [adx_min=15 adx_rise=3 swing=10] exit=trail3ATR,BTC<200D,2023,BASE
BANDUSDT,2023-10-15 00:00:00+00:00,2023-10-16 00:00:00+00:00,2023-10-17 00:00:00+00:00,1.4637315,0.9583652846086431,109.37645279269903,160.25785707024747,138.6880401740135,-21.56981689623396,55.592443241756214,-0.38799908114188775,-0.13459444229794637,trail_stop,0.04319771266790223,1,BASE 1d [adx_min=15 adx_rise=3 swing=10] exit=trail3ATR,BTC<200D,2023,BASE
APTUSDT,2023-10-21 00:00:00+00:00,2023-10-22 00:00:00+00:00,2023-11-28 00:00:00+00:00,5.549073149999999,4.5739419410541196,55.58901324597504,308.7759683390726,376.7720592611207,67.9960909220481,54.896313439756135,1.238627635654766,0.2202117324343724,trail_stop,0.08428639780431256,1,BASE 1d [adx_min=15 adx_rise=3 swing=10] exit=trail3ATR,BTC>200D,2023,BASE
MATICUSDT,2023-10-21 00:00:00+00:00,2023-10-22 00:00:00+00:00,2023-11-17 00:00:00+00:00,0.57298635,0.48901689946250704,643.6655358094715,369.1803775502476,514.3583516594102,145.17797410916262,54.88904054308285,2.6449355403691426,0.39324401549322063,trail_stop,0.10078830737479741,1,BASE 1d [adx_min=15 adx_rise=3 swing=10] exit=trail3ATR,BTC>200D,2023,BASE
BNBUSDT,2023-10-22 00:00:00+00:00,2023-10-23 00:00:00+00:00,2023-11-14 00:00:00+00:00,217.9089,201.8032046664171,3.3502875158288323,730.7875247252513,781.8565506120269,51.06902588677565,55.702577563596954,0.9168162070860891,0.06988218074189989,trail_stop,0.19659524725524669,1,BASE 1d [adx_min=15 adx_rise=3 swing=10] exit=trail3ATR,BTC>200D,2023,BASE
GMTUSDT,2023-10-23 00:00:00+00:00,2023-10-24 00:00:00+00:00,2023-10-31 00:00:00+00:00,0.16218105,0.13589500259093817,2125.9232449626747,345.1292485515412,371.1495973403663,26.020348788825117,56.66011273535387,0.45923573979388427,0.07539305607400373,trail_stop,0.09127703267143007,1,BASE 1d [adx_min=15 adx_rise=3 swing=10] exit=trail3ATR,BTC>200D,2023,BASE
LTCUSDT,2023-10-23 00:00:00+00:00,2023-10-24 00:00:00+00:00,2023-11-21 00:00:00+00:00,69.05451,58.46679438727839,5.272416411963504,364.44821597594193,350.85294729756583,-13.595268678376101,56.649167492340055,-0.23999061734163024,-0.037303704840397835,trail_stop,0.0964049820926305,1,BASE 1d [adx_min=15 adx_rise=3 swing=10] exit=trail3ATR,BTC>200D,2023,BASE
PHAUSDT,2023-10-23 00:00:00+00:00,2023-10-24 00:00:00+00:00,2023-10-31 00:00:00+00:00,0.09824909999999999,0.0857116158256043,4437.467314095281,436.41314705916784,439.72011643176864,3.306969372600804,56.640976964006725,0.05838475163841652,0.007577611707816981,trail_stop,0.11545806408838767,1,BASE 1d [adx_min=15 adx_rise=3 swing=10] exit=trail3ATR,BTC>200D,2023,BASE
APEUSDT,2023-10-24 00:00:00+00:00,2023-10-25 00:00:00+00:00,2023-11-09 00:00:00+00:00,1.232616,0.9997593531951273,241.10356884193982,297.48530472828816,301.1710850387836,3.6857803104954314,56.80120448911714,0.06488912239883242,0.012389789518718863,trail_stop,0.07848111301986996,1,BASE 1d [adx_min=15 adx_rise=3 swing=10] exit=trail3ATR,BTC>200D,2023,BASE
GALAUSDT,2023-10-24 00:00:00+00:00,2023-10-25 00:00:00+00:00,2023-10-27 00:00:00+00:00,0.015057524999999999,0.012102363822086551,19005.20723282724,286.4575544215154,322.7150960210602,36.25754159954482,56.79451887039186,0.6383986046661735,0.12657212574744223,trail_stop,0.07558072206532872,1,BASE 1d [adx_min=15 adx_rise=3 swing=10] exit=trail3ATR,BTC>200D,2023,BASE
LUNAUSDT,2023-10-24 00:00:00+00:00,2023-10-25 00:00:00+00:00,2023-11-11 00:00:00+00:00,0.44122049999999996,0.3691648519681153,264.06101778593217,116.62564343231588,181.53001109079827,64.90436765848239,19.289771219611318,3.364703858825247,0.5565188388105218,trail_stop,0.030773170240161046,1,BASE 1d [adx_min=15 adx_rise=3 swing=10] exit=trail3ATR,BTC>200D,2023,BASE
CRVUSDT,2023-10-28 00:00:00+00:00,2023-10-29 00:00:00+00:00,2023-11-09 00:00:00+00:00,0.4810404,0.3984393208850559,670.1988093260827,322.7150960210602,333.60288124265924,10.887785221599017,56.08195439609236,0.19414061686761847,0.033738072237217205,trail_stop,0.08243754791401407,1,BASE 1d [adx_min=15 adx_rise=3 swing=10] exit=trail3ATR,BTC>200D,2023,BASE
LAZIOUSDT,2023-11-01 00:00:00+00:00,2023-11-02 00:00:00+00:00,2023-11-13 00:00:00+00:00,1.7778884999999998,1.629907778288101,393.16770024367037,699.7073411675033,747.1231101571732,47.415768989669914,59.84116859435211,0.7923603449506345,0.06776514436814952,trail_stop,0.17521591303799552,1,BASE 1d [adx_min=15 adx_rise=3 swing=10] exit=trail3ATR,BTC>200D,2023,BASE
UNIUSDT,2023-11-01 00:00:00+00:00,2023-11-02 00:00:00+00:00,2023-12-11 00:00:00+00:00,4.798398,3.8353988058713306,23.143416049137294,111.16237260463163,137.51815657582773,26.355783971196104,22.531244289289866,1.1697438291823155,0.2370926722204378,trail_stop,0.027852072548226265,1,BASE 1d [adx_min=15 adx_rise=3 swing=10] exit=trail3ATR,BTC>200D,2023,BASE
FTTUSDT,2023-11-15 00:00:00+00:00,2023-11-16 00:00:00+00:00,2023-12-15 00:00:00+00:00,3.6186084,0.8010779188515764,23.6608784945388,85.70507312538916,94.59854541606424,8.893472290675078,66.77928765663425,0.13317710629684362,0.10376832976577308,trail_stop,0.01923188836154308,1,BASE 1d [adx_min=15 adx_rise=3 swing=10] exit=trail3ATR,BTC>200D,2023,BASE
HFTUSDT,2023-11-15 00:00:00+00:00,2023-11-16 00:00:00+00:00,2023-12-31 00:00:00+00:00,0.30445215,0.2433363934876084,1080.8235365532962,329.3881085237288,401.89513823427137,72.50702971054255,66.7787811925488,1.0857794708992519,0.2201264339368803,window_end,0.07391398366319041,1,BASE 1d [adx_min=15 adx_rise=3 swing=10] exit=trail3ATR,BTC>200D,2023,BASE
PHAUSDT,2023-11-22 00:00:00+00:00,2023-11-23 00:00:00+00:00,2023-12-04 00:00:00+00:00,0.10815405,0.09200343515957883,3977.232087788431,430.58391184235853,427.52565575013205,-3.058256092226486,65.21359290116723,-0.04689599140567744,-0.0071025786336070705,trail_stop,0.0989411269065138,1,BASE 1d [adx_min=15 adx_rise=3 swing=10] exit=trail3ATR,BTC>200D,2023,BASE
LTCUSDT,2023-11-23 00:00:00+00:00,2023-11-24 00:00:00+00:00,2023-12-13 00:00:00+00:00,69.544755,63.31253674817833,10.221439313708833,711.5583403120681,717.8309171476053,6.272576835537166,65.38348244922945,0.0959351903656684,0.008815267111880385,trail_stop,0.16307960348499906,1,BASE 1d [adx_min=15 adx_rise=3 swing=10] exit=trail3ATR,BTC>200D,2023,BASE
LAZIOUSDT,2023-12-20 00:00:00+00:00,2023-12-21 00:00:00+00:00,2023-12-31 00:00:00+00:00,2.2031009999999998,1.6454697868860193,116.35773793695043,256.60419665544003,227.37063885894466,-29.233557796495376,65.42815339158423,-0.44680395641817966,-0.11392470652282148,window_end,0.058770078823500715,1,BASE 1d [adx_min=15 adx_rise=3 swing=10] exit=trail3ATR,BTC>200D,2023,BASE
LTCUSDT,2024-01-11 00:00:00+00:00,2024-01-12 00:00:00+00:00,2024-01-23 00:00:00+00:00,71.91593999999999,55.59833052173079,3.963889604833182,285.3519138347946,262.6284369128342,-22.723476921960355,65.29673770740604,-0.34800324977618335,-0.07963316809964059,trail_stop,0.06548570196535426,2,BASE 1d [adx_min=15 adx_rise=3 swing=10] exit=trail3ATR,BTC>200D,2024,BASE
FTTUSDT,2024-03-02 00:00:00+00:00,2024-03-03 00:00:00+00:00,2024-03-16 00:00:00+00:00,2.33206545,1.5469715685765943,82.24912304063314,192.00214847399533,174.87573477544723,-17.126413698548106,64.95588555357664,-0.2636622309524511,-0.08919907321176512,trail_stop,0.04429398579540217,2,BASE 1d [adx_min=15 adx_rise=3 swing=10] exit=trail3ATR,BTC>200D,2024,BASE
TRBUSDT,2024-05-02 00:00:00+00:00,2024-05-03 00:00:00+00:00,2024-05-16 00:00:00+00:00,75.02749499999999,39.838482007617564,1.8315987835396101,137.55768884259817,198.06689692506504,60.50920808246687,64.69898934809841,0.9352419364220768,0.43988241291044927,trail_stop,0.03185991078654997,2,BASE 1d [adx_min=15 adx_rise=3 swing=10] exit=trail3ATR,BTC>200D,2024,BASE
MOVRUSDT,2024-05-11 00:00:00+00:00,2024-05-12 00:00:00+00:00,2024-06-04 00:00:00+00:00,16.062026999999997,10.885009441724726,12.684923467045625,203.949328803841,176.7761424421603,-27.173186361680706,66.08086132729744,-0.4112111406522435,-0.13323498793083033,trail_stop,0.04624915122053384,2,BASE 1d [adx_min=15 adx_rise=3 swing=10] exit=trail3ATR,BTC>200D,2024,BASE
FTTUSDT,2024-05-12 00:00:00+00:00,2024-05-13 00:00:00+00:00,2024-05-30 00:00:00+00:00,1.8848419499999998,1.3339772800482639,119.35573373105288,225.19166060322775,184.7176357696817,-40.47402483354605,66.21257070915554,-0.6112740284821702,-0.17973145508642308,trail_stop,0.05096464874415709,2,BASE 1d [adx_min=15 adx_rise=3 swing=10] exit=trail3ATR,BTC>200D,2024,BASE
LOOMUSDT,2024-05-17 00:00:00+00:00,2024-05-18 00:00:00+00:00,2024-06-03 00:00:00+00:00,0.09332664,0.07185826252362912,2996.940296959814,279.9740625640575,242.80344077364828,-37.1706217904092,64.94206464395472,-0.5723658770967226,-0.13276451914864307,trail_stop,0.06460243520034845,2,BASE 1d [adx_min=15 adx_rise=3 swing=10] exit=trail3ATR,BTC>200D,2024,BASE
ORDIUSDT,2024-05-30 00:00:00+00:00,2024-05-31 00:00:00+00:00,2024-06-12 00:00:00+00:00,49.194585,33.58022998928877,4.092109010365701,201.51091414424104,206.53016275971925,5.019248615478205,64.30300467050304,0.07805620656760111,0.02490807327629628,trail_stop,0.046959610729989505,2,BASE 1d [adx_min=15 adx_rise=3 swing=10] exit=trail3ATR,BTC>200D,2024,BASE
GMTUSDT,2024-06-05 00:00:00+00:00,2024-06-06 00:00:00+00:00,2024-06-07 00:00:00+00:00,0.24382184999999998,0.21729095679152416,2381.612135758592,581.269766000034,516.7267842671517,-64.54298173288225,64.54298173288232,-0.9999999999999989,-0.11103791304514275,stop,0.13495404023779492,2,BASE 1d [adx_min=15 adx_rise=3 swing=10] exit=trail3ATR,BTC>200D,2024,BASE
LUNAUSDT,2024-06-05 00:00:00+00:00,2024-06-06 00:00:00+00:00,2024-06-07 00:00:00+00:00,0.66033,0.5534256979646953,595.3246894892578,393.503862962652,328.97394455750464,-64.52991840514738,64.52991840514736,-1.0000000000000004,-0.1639880175998984,stop,0.09137871903284889,2,BASE 1d [adx_min=15 adx_rise=3 swing=10] exit=trail3ATR,BTC>200D,2024,BASE
MOVRUSDT,2024-06-08 00:00:00+00:00,2024-06-09 00:00:00+00:00,2024-06-12 00:00:00+00:00,16.031011499999998,13.078784877849335,20.980808158374497,336.6799204430615,273.9920084538444,-62.68791198921713,62.68791198921713,-1.0,-0.18619438874382993,stop,0.08048048647498007,2,BASE 1d [adx_min=15 adx_rise=3 swing=10] exit=trail3ATR,BTC>200D,2024,BASE
FTTUSDT,2024-06-16 00:00:00+00:00,2024-06-17 00:00:00+00:00,2024-06-18 00:00:00+00:00,1.6871431499999998,1.2273855090407222,132.17178120030798,223.21570799067374,187.98383813548688,-35.23186985518686,61.23323652187433,-0.5753716748681247,-0.15783777124080756,trail_stop,0.05462541128192825,2,BASE 1d [adx_min=15 adx_rise=3 swing=10] exit=trail3ATR,BTC>200D,2024,BASE
FTTUSDT,2024-06-19 00:00:00+00:00,2024-06-20 00:00:00+00:00,2024-07-03 00:00:00+00:00,1.5753872999999998,1.2079239297968174,163.69085079883638,258.1343639621563,225.39472621970071,-32.73963774245561,60.70475847404653,-0.5393257228171493,-0.1268317679208933,trail_stop,0.06372066060972793,2,BASE 1d [adx_min=15 adx_rise=3 swing=10] exit=trail3ATR,BTC>200D,2024,BASE
STORJUSDT,2024-07-27 00:00:00+00:00,2024-07-28 00:00:00+00:00,2024-08-01 00:00:00+00:00,0.48294135,0.3297744631620035,390.63172717947594,188.8408658905647,163.0728764337999,-25.76798945676478,60.21366390790969,-0.4279425596185966,-0.1364534595583649,trail_stop,0.04699569867532335,2,BASE 1d [adx_min=15 adx_rise=3 swing=10] exit=trail3ATR,BTC>200D,2024,BASE
TRBUSDT,2024-08-23 00:00:00+00:00,2024-08-24 00:00:00+00:00,2024-08-29 00:00:00+00:00,75.07752,47.835012537576205,2.1843243308445133,164.15764728910105,135.14004785718578,-29.017599431915272,59.827144066058224,-0.48502397841146233,-0.17676666248031592,trail_stop,0.041116868320103604,2,BASE 1d [adx_min=15 adx_rise=3 swing=10] exit=trail3ATR,BTC>200D,2024,BASE
LUNAUSDT,2024-08-24 00:00:00+00:00,2024-08-25 00:00:00+00:00,2024-08-27 00:00:00+00:00,0.37548765,0.2908841012316123,701.4964656940589,263.6666626461545,245.809009632227,-17.857653013927518,59.918472931912035,-0.298032512180675,-0.06772814141427054,trail_stop,0.06594041365659077,2,BASE 1d [adx_min=15 adx_rise=3 swing=10] exit=trail3ATR,BTC>200D,2024,BASE
STORJUSDT,2024-09-17 00:00:00+00:00,2024-09-18 00:00:00+00:00,2024-10-01 00:00:00+00:00,0.3725862,0.31575286702698463,1025.045768814354,382.2998257364472,386.5649284195815,4.26510268313433,59.12401527937059,0.07213824472138819,0.01115643376221322,trail_stop,0.09689410623348087,2,BASE 1d [adx_min=15 adx_rise=3 swing=10] exit=trail3ATR,BTC<200D,2024,BASE
UNIUSDT,2024-09-23 00:00:00+00:00,2024-09-24 00:00:00+00:00,2024-10-02 00:00:00+00:00,6.827412,6.1005792279419655,80.42204533681287,549.6235118344973,531.8968906799263,-17.726621154571035,59.73813886247558,-0.29673875838984304,-0.032252297750880926,trail_stop,0.13787032401389404,2,BASE 1d [adx_min=15 adx_rise=3 swing=10] exit=trail3ATR,BTC<200D,2024,BASE
LUNAUSDT,2024-10-22 00:00:00+00:00,2024-10-23 00:00:00+00:00,2024-10-25 00:00:00+00:00,0.3825912,0.3361144455078332,1244.044041841249,476.4362631237146,417.51417062141553,-58.92209250229905,58.922092502299044,-1.0000000000000002,-0.1236725603462282,stop,0.12116685336717868,2,BASE 1d [adx_min=15 adx_rise=3 swing=10] exit=trail3ATR,BTC>200D,2024,BASE
STXUSDT,2024-10-28 00:00:00+00:00,2024-10-29 00:00:00+00:00,2024-11-02 00:00:00+00:00,1.7658824999999998,1.4973254529643587,212.93117724107861,376.38745103401334,333.18679976010486,-43.20065127390848,58.038261114764545,-0.7443477878926066,-0.11477707653437288,trail_stop,0.09718023051661454,2,BASE 1d [adx_min=15 adx_rise=3 swing=10] exit=trail3ATR,BTC>200D,2024,BASE
AVAXUSDT,2024-10-29 00:00:00+00:00,2024-10-30 00:00:00+00:00,2024-11-03 00:00:00+00:00,26.89344,23.300477360407005,15.96598186187171,429.8095554185784,371.4571624183463,-58.3523930002321,58.35239300023214,-0.9999999999999992,-0.13576336836765876,stop,0.11037598112941835,2,BASE 1d [adx_min=15 adx_rise=3 swing=10] exit=trail3ATR,BTC>200D,2024,BASE
ARBUSDT,2024-11-06 00:00:00+00:00,2024-11-07 00:00:00+00:00,2024-12-09 00:00:00+00:00,0.5487742499999999,0.44202216428358515,523.4627935315096,287.5501648250821,508.7551037946986,221.20493896961648,56.51496545065244,3.9140949163769285,0.7692742555170375,trail_stop,0.07624429201164168,2,BASE 1d [adx_min=15 adx_rise=3 swing=10] exit=trail3ATR,BTC>200D,2024,BASE
AVAXUSDT,2024-11-06 00:00:00+00:00,2024-11-07 00:00:00+00:00,2024-11-14 00:00:00+00:00,27.023505,21.56614961681826,10.243281453581254,277.0861769448375,317.8066071539448,40.72043020910729,56.509288306247,0.7205971165028054,0.14695944293610122,trail_stop,0.07347713337242458,2,BASE 1d [adx_min=15 adx_rise=3 swing=10] exit=trail3ATR,BTC>200D,2024,BASE
ETCUSDT,2024-11-06 00:00:00+00:00,2024-11-07 00:00:00+00:00,2024-12-09 00:00:00+00:00,19.699845,16.862459936888023,19.602985690061672,386.5619554110644,611.7941151172347,225.2321597061703,56.50306113299289,3.986193936927326,0.58265475056039,trail_stop,0.10251898885331537,2,BASE 1d [adx_min=15 adx_rise=3 swing=10] exit=trail3ATR,BTC>200D,2024,BASE
ETHUSDT,2024-11-06 00:00:00+00:00,2024-11-07 00:00:00+00:00,2024-12-09 00:00:00+00:00,2723.24094,2296.9466008034647,0.1306343517260933,356.1045636056478,462.0503909275116,105.94582732186382,56.49437362538663,1.8753341354731898,0.2975132535487212,trail_stop,0.09445599410035647,2,BASE 1d [adx_min=15 adx_rise=3 swing=10] exit=trail3ATR,BTC>200D,2024,BASE
FILUSDT,2024-11-06 00:00:00+00:00,2024-11-07 00:00:00+00:00,2024-11-13 00:00:00+00:00,3.711855,3.0986266770656616,90.87447165917835,337.6501748624799,352.36548770854796,14.71531284606806,56.48635101529245,0.26051094789401796,0.04358153480021563,trail_stop,0.08957372602520193,2,BASE 1d [adx_min=15 adx_rise=3 swing=10] exit=trail3ATR,BTC>200D,2024,BASE
GALAUSDT,2024-11-06 00:00:00+00:00,2024-11-07 00:00:00+00:00,2024-11-13 00:00:00+00:00,0.021380685,0.016159893169451572,10724.091176858172,229.51770377904754,270.1863988183609,40.66869503931335,56.47739962311363,0.7200879521844965,0.1771919741688613,trail_stop,0.06089738998974199,2,BASE 1d [adx_min=15 adx_rise=3 swing=10] exit=trail3ATR,BTC>200D,2024,BASE
INJUSDT,2024-11-06 00:00:00+00:00,2024-11-07 00:00:00+00:00,2024-12-09 00:00:00+00:00,21.23061,15.20985373151511,9.311220195647442,197.88056748251242,252.48125648904576,54.600689006533344,56.47063287949327,0.9668864367617354,0.27592749354409773,trail_stop,0.05250947470867669,2,BASE 1d [adx_min=15 adx_rise=3 swing=10] exit=trail3ATR,BTC>200D,2024,BASE
STXUSDT,2024-11-06 00:00:00+00:00,2024-11-07 00:00:00+00:00,2024-11-14 00:00:00+00:00,1.7218605,1.3404857756800712,146.6248031464313,252.71992431497387,263.7663779048862,11.046453589912346,56.46618575553017,0.19562953371311223,0.04371025996408877,trail_stop,0.0670668968020537,2,BASE 1d [adx_min=15 adx_rise=3 swing=10] exit=trail3ATR,BTC>200D,2024,BASE
UNIUSDT,2024-11-06 00:00:00+00:00,2024-11-07 00:00:00+00:00,2024-11-13 00:00:00+00:00,9.291643500000001,6.287695815066165,18.678304030320042,173.72569437658134,156.58997246403337,-17.13572191254798,56.458306811983476,-0.30351108419905465,-0.09863665806051265,trail_stop,0.04610981590688882,2,BASE 1d [adx_min=15 adx_rise=3 swing=10] exit=trail3ATR,BTC>200D,2024,BASE
WLDUSDT,2024-11-06 00:00:00+00:00,2024-11-07 00:00:00+00:00,2024-11-13 00:00:00+00:00,1.9819905,1.4941110181252986,114.72153155522204,227.60436267358818,245.69629930423756,18.09193663064937,56.45468271383895,0.32046830769300255,0.07948853184591795,trail_stop,0.06041402805515082,2,BASE 1d [adx_min=15 adx_rise=3 swing=10] exit=trail3ATR,BTC>200D,2024,BASE
TRBUSDT,2024-11-10 00:00:00+00:00,2024-11-11 00:00:00+00:00,2024-11-20 00:00:00+00:00,84.8424,46.74959292751837,1.624433695022395,137.9586741798946,107.58722669162053,-30.371447488274057,62.130934650016165,-0.4888297216089949,-0.2201488791394912,trail_stop,0.033273486251956495,2,BASE 1d [adx_min=15 adx_rise=3 swing=10] exit=trail3ATR,BTC>200D,2024,BASE
BAKEUSDT,2024-11-15 00:00:00+00:00,2024-11-16 00:00:00+00:00,2024-12-09 00:00:00+00:00,0.25702845,0.2096098746944613,1257.5620188512157,323.55244570068294,449.0176125885026,125.46516688781963,60.35029283584511,2.078948767143338,0.3877738170580449,trail_stop,0.08033827210169307,2,BASE 1d [adx_min=15 adx_rise=3 swing=10] exit=trail3ATR,BTC>200D,2024,BASE
FTTUSDT,2024-11-15 00:00:00+00:00,2024-11-16 00:00:00+00:00,2024-12-06 00:00:00+00:00,1.85482695,1.531870009454488,184.46808472939125,342.4985313459293,588.0829302556355,245.58439890970618,60.341135046949745,4.069933366659806,0.7170378160298206,trail_stop,0.08505550352294569,2,BASE 1d [adx_min=15 adx_rise=3 swing=10] exit=trail3ATR,BTC>200D,2024,BASE
LUNAUSDT,2024-11-15 00:00:00+00:00,2024-11-16 00:00:00+00:00,2024-11-17 00:00:00+00:00,0.37408695,0.2974732229212782,779.1786375540878,291.7720405877919,342.0306144350265,50.25857384723463,60.33482132159355,0.8329944921747422,0.1722528784663047,trail_stop,0.07246575534071681,2,BASE 1d [adx_min=15 adx_rise=3 swing=10] exit=trail3ATR,BTC>200D,2024,BASE
OPUSDT,2024-11-16 00:00:00+00:00,2024-11-17 00:00:00+00:00,2024-12-09 00:00:00+00:00,1.778889,1.3951817321061073,165.67654988103106,295.01491233345877,350.22168786332804,55.206775529869276,64.2126242703786,0.8597495610428784,0.18713215238241387,trail_stop,0.06884632005546433,2,BASE 1d [adx_min=15 adx_rise=3 swing=10] exit=trail3ATR,BTC>200D,2024,BASE
ETHFIUSDT,2025-01-17 00:00:00+00:00,2025-01-18 00:00:00+00:00,2025-01-27 00:00:00+00:00,2.1270629999999997,1.5319738387885078,123.32247443684793,262.5769871155081,188.64350882845994,-73.93347828704813,73.93347828704809,-1.0000000000000007,-0.28156876617113696,stop,0.05321973452093451,3,BASE 1d [adx_min=15 adx_rise=5 swing=10] exit=3R,BTC>200D,2025,BASE
CRVUSDT,2025-03-26 00:00:00+00:00,2025-03-27 00:00:00+00:00,2025-07-17 00:00:00+00:00,0.5492745,0.3884359938774215,449.616398265293,247.20978517131863,463.21407921170083,216.0042940403822,72.82447611274236,2.9660947193904654,0.8737691911778058,target_3R,0.050868094533211006,3,BASE 1d [adx_min=15 adx_rise=5 swing=10] exit=3R,BTC>200D,2025,BASE
BCHUSDT,2025-04-12 00:00:00+00:00,2025-04-13 00:00:00+00:00,2025-12-31 00:00:00+00:00,344.87235,236.97648423828812,0.6752123125482643,233.09491903443183,404.18279909551615,171.08788006108432,73.32541324753312,2.3332685420199826,0.7339837383405681,window_end,0.04763602003674119,3,BASE 1d [adx_min=15 adx_rise=5 swing=10] exit=3R,BTC<200D,2025,BASE
AVAXUSDT,2025-04-22 00:00:00+00:00,2025-04-23 00:00:00+00:00,2025-06-19 00:00:00+00:00,22.121055,17.754019736502798,16.740874384768645,370.6961288165719,296.77213612105356,-73.92399269551834,73.9239926955183,-1.0000000000000007,-0.1994193813987668,stop,0.07514322268932512,3,BASE 1d [adx_min=15 adx_rise=5 swing=10] exit=3R,BTC>200D,2025,BASE
RAYUSDT,2025-04-22 00:00:00+00:00,2025-04-23 00:00:00+00:00,2025-10-10 00:00:00+00:00,2.6203095000000003,1.7120471760903253,80.91923371891828,212.2454702832483,138.32980853027007,-73.91566175297822,73.91566175297822,-1.0,-0.3482555441788012,stop,0.04302879088500996,3,BASE 1d [adx_min=15 adx_rise=5 swing=10] exit=3R,BTC>200D,2025,BASE
APTUSDT,2025-05-08 00:00:00+00:00,2025-05-09 00:00:00+00:00,2025-06-13 00:00:00+00:00,5.490744,4.423998483131727,69.76274820128448,383.43244050082325,308.1675010983969,-75.26493940242636,75.26493940242638,-0.9999999999999998,-0.19629257061327018,stop,0.07634020451307867,3,BASE 1d [adx_min=15 adx_rise=5 swing=10] exit=3R,BTC>200D,2025,BASE
ARBUSDT,2025-05-08 00:00:00+00:00,2025-05-09 00:00:00+00:00,2025-06-20 00:00:00+00:00,0.36268124999999996,0.28366201279228553,942.9757785318916,342.3416337117472,267.08531148490346,-75.25632222684374,75.25632222684376,-0.9999999999999997,-0.219828133116318,stop,0.06816695739796842,3,BASE 1d [adx_min=15 adx_rise=5 swing=10] exit=3R,BTC>200D,2025,BASE
DOTUSDT,2025-05-08 00:00:00+00:00,2025-05-09 00:00:00+00:00,2025-06-13 00:00:00+00:00,4.4572275,3.7121602107390363,99.65505930157805,444.6294561039576,369.3808275870229,-75.24862851693467,75.24862851693473,-0.9999999999999992,-0.1692389640045373,stop,0.08854352821855627,3,BASE 1d [adx_min=15 adx_rise=5 swing=10] exit=3R,BTC>200D,2025,BASE
EIGENUSDT,2025-05-08 00:00:00+00:00,2025-05-09 00:00:00+00:00,2025-10-10 00:00:00+00:00,1.128564,0.6928959964770681,171.84563530631408,194.13273636139886,118.892605522306,-75.24013083909286,75.24013083909284,-1.0000000000000002,-0.3875705470870472,stop,0.03866396736708014,3,BASE 1d [adx_min=15 adx_rise=5 swing=10] exit=3R,BTC>200D,2025,BASE
ENAUSDT,2025-05-08 00:00:00+00:00,2025-05-09 00:00:00+00:00,2025-06-22 00:00:00+00:00,0.34087035,0.2405526210967952,744.7662184655976,254.12259027810123,178.8868223350465,-75.23576794305473,75.23576794305471,-1.0000000000000002,-0.29606092028544106,stop,0.05061463353747429,3,BASE 1d [adx_min=15 adx_rise=5 swing=10] exit=3R,BTC>200D,2025,BASE
ETCUSDT,2025-05-08 00:00:00+00:00,2025-05-09 00:00:00+00:00,2025-06-22 00:00:00+00:00,18.639314999999996,15.125915914571845,21.16342861247681,394.866284200356,319.63622735200437,-75.23005684835164,75.23005684835162,-1.0000000000000002,-0.19052033525906137,stop,0.07865310002021048,3,BASE 1d [adx_min=15 adx_rise=5 swing=10] exit=3R,BTC>200D,2025,BASE
GALAUSDT,2025-05-08 00:00:00+00:00,2025-05-09 00:00:00+00:00,2025-06-18 00:00:00+00:00,0.017828909999999996,0.013735825420326838,18206.70315663656,324.9302776483654,249.70909493726242,-75.22118271110298,75.22118271110293,-1.0000000000000007,-0.231499456608061,stop,0.06473023826740683,3,BASE 1d [adx_min=15 adx_rise=5 swing=10] exit=3R,BTC>200D,2025,BASE
SANDUSDT,2025-05-08 00:00:00+00:00,2025-05-09 00:00:00+00:00,2025-06-18 00:00:00+00:00,0.31485735,0.251197171384918,1168.7514414962986,368.35797165988276,293.1468223652099,-75.21114929467285,75.21114929467291,-0.9999999999999992,-0.20417950765598694,stop,0.07339137583906104,3,BASE 1d [adx_min=15 adx_rise=5 swing=10] exit=3R,BTC>200D,2025,BASE
UNIUSDT,2025-05-08 00:00:00+00:00,2025-05-09 00:00:00+00:00,2025-07-18 00:00:00+00:00,6.153075,4.542834571498428,46.33093269491999,285.36278139548654,508.12644659353674,222.7636651980502,75.20462402652018,2.9621006431664996,0.7806332140045982,target_3R,0.0568604073317217,3,BASE 1d [adx_min=15 adx_rise=5 swing=10] exit=3R,BTC>200D,2025,BASE
TIAUSDT,2025-05-09 00:00:00+00:00,2025-05-10 00:00:00+00:00,2025-05-30 00:00:00+00:00,3.0585285,2.1502851905920886,85.29896897488788,261.1502169579407,183.14207580339112,-78.00814115454958,78.00814115454952,-1.0000000000000007,-0.29870984624574565,stop,0.05016578855149948,3,BASE 1d [adx_min=15 adx_rise=5 swing=10] exit=3R,BTC>200D,2025,BASE
OPUSDT,2025-05-10 00:00:00+00:00,2025-05-11 00:00:00+00:00,2025-06-18 00:00:00+00:00,0.910455,0.5404025904991294,232.89756185684976,212.25479243005853,125.66972100897316,-86.58507142108537,86.58507142108535,-1.0000000000000002,-0.40792987724701946,stop,0.036734291408473875,3,BASE 1d [adx_min=15 adx_rise=5 swing=10] exit=3R,BTC>200D,2025,BASE
TONUSDT,2025-06-01 00:00:00+00:00,2025-06-02 00:00:00+00:00,2025-06-21 00:00:00+00:00,3.189594,2.8087184315538862,159.5096098556708,509.2796654325264,447.3457788485652,-61.93388658396117,61.93388658396113,-1.0000000000000007,-0.1216107588575352,stop,0.11029816328611355,3,BASE 1d [adx_min=15 adx_rise=5 swing=10] exit=3R,BTC>200D,2025,BASE
ETHUSDT,2025-06-24 00:00:00+00:00,2025-06-25 00:00:00+00:00,2025-07-20 00:00:00+00:00,2449.68423,2036.2725987653173,0.14727289981655484,361.13287228717115,542.6102235148461,181.47735122767494,61.69478356178134,2.9415347741019784,0.5025223820759386,target_3R,0.08771538192342614,3,BASE 1d [adx_min=15 adx_rise=5 swing=10] exit=3R,BTC>200D,2025,BASE
APTUSDT,2025-06-29 00:00:00+00:00,2025-06-30 00:00:00+00:00,2025-10-10 00:00:00+00:00,4.956477,3.5562991019840244,44.36331283644345,220.1056254573543,157.53263467148307,-62.57299078587124,62.57299078587124,-1.0,-0.28428619512041875,stop,0.05271101883321344,3,BASE 1d [adx_min=15 adx_rise=5 swing=10] exit=3R,BTC>200D,2025,BASE
ARBUSDT,2025-07-02 00:00:00+00:00,2025-07-03 00:00:00+00:00,2025-10-10 00:00:00+00:00,0.34807394999999997,0.24873177833533833,624.1563234520714,217.46980947836153,155.0147186467993,-62.45509083156222,62.45509083156224,-0.9999999999999997,-0.28718970684423467,stop,0.052178106066811517,3,BASE 1d [adx_min=15 adx_rise=5 swing=10] exit=3R,BTC>200D,2025,BASE
TIAUSDT,2025-07-13 00:00:00+00:00,2025-07-14 00:00:00+00:00,2025-09-25 00:00:00+00:00,1.8909449999999999,1.3738551838061506,128.2162293849249,242.69228771215106,175.88639366674045,-66.80589404541061,66.80589404541061,-1.0,-0.27526995058304765,stop,0.05443752561176879,3,BASE 1d [adx_min=15 adx_rise=5 swing=10] exit=3R,BTC>200D,2025,BASE
USUALUSDT,2025-07-13 00:00:00+00:00,2025-07-14 00:00:00+00:00,2025-09-01 00:00:00+00:00,0.10675335,0.05818565856394072,1369.9368111519761,146.39158922266958,79.59114938987862,-66.80043983279096,66.80043983279097,-0.9999999999999998,-0.45631337283444506,stop,0.032839307101463565,3,BASE 1d [adx_min=15 adx_rise=5 swing=10] exit=3R,BTC>200D,2025,BASE
MOVEUSDT,2025-07-20 00:00:00+00:00,2025-07-21 00:00:00+00:00,2025-07-24 00:00:00+00:00,0.17038514999999999,0.1356736630768244,2137.8774802305284,364.6268377258512,289.61873347573305,-75.00810425011815,75.00810425011818,-0.9999999999999997,-0.2057119676596977,stop,0.07284464368064465,3,BASE 1d [adx_min=15 adx_rise=5 swing=10] exit=3R,BTC>200D,2025,BASE
APEUSDT,2025-07-25 00:00:00+00:00,2025-07-26 00:00:00+00:00,2025-07-30 00:00:00+00:00,0.6561279,0.5904569494027717,1075.4588754239442,706.3442120417423,634.0599660468547,-72.28424599488756,72.28424599488766,-0.9999999999999987,-0.10233572352202673,stop,0.14642995104040665,3,BASE 1d [adx_min=15 adx_rise=5 swing=10] exit=3R,BTC>200D,2025,BASE
FETUSDT,2025-07-25 00:00:00+00:00,2025-07-26 00:00:00+00:00,2025-07-30 00:00:00+00:00,0.7413704999999999,0.6709920919154218,1001.952520469321,743.5608591176772,671.2941005341835,-72.2667585834937,72.26675858349371,-0.9999999999999998,-0.09719010582300788,stop,0.15418251537151398,3,BASE 1d [adx_min=15 adx_rise=5 swing=10] exit=3R,BTC>200D,2025,BASE
FETUSDT,2025-08-12 00:00:00+00:00,2025-08-13 00:00:00+00:00,2025-09-01 00:00:00+00:00,0.724362,0.5827017086984903,497.1216312087306,360.4561150446441,289.2392583372156,-71.21685670742852,71.21685670742848,-1.0000000000000007,-0.19757427807434477,stop,0.07584496894568593,3,BASE 1d [adx_min=15 adx_rise=5 swing=10] exit=3R,BTC>200D,2025,BASE
WLDUSDT,2025-09-07 00:00:00+00:00,2025-09-08 00:00:00+00:00,2025-09-09 00:00:00+00:00,1.032516,0.797492726685077,290.19538595243097,299.93101050118224,503.4832806825708,203.55227018138856,68.84932823661691,2.956488834311256,0.6786636361517083,target_3R,0.06527980449401913,3,BASE 1d [adx_min=15 adx_rise=5 swing=10] exit=3R,BTC>200D,2025,BASE
ARKMUSDT,2025-09-08 00:00:00+00:00,2025-09-09 00:00:00+00:00,2025-10-10 00:00:00+00:00,0.5792894999999999,0.4279255893529222,469.5682373089103,272.28796535596643,200.6389547649229,-71.64901059104355,71.64901059104362,-0.999999999999999,-0.26313689809013646,stop,0.05694760063593178,3,BASE 1d [adx_min=15 adx_rise=5 swing=10] exit=3R,BTC>200D,2025,BASE
NEARUSDT,2025-09-08 00:00:00+00:00,2025-09-09 00:00:00+00:00,2025-10-10 00:00:00+00:00,2.5782884999999998,2.2076890052113547,190.29252121864909,491.1196481131429,419.47675686141093,-71.64289125173195,71.642891251732,-0.9999999999999994,-0.14587665455247079,stop,0.10272387333660009,3,BASE 1d [adx_min=15 adx_rise=5 swing=10] exit=3R,BTC>200D,2025,BASE
RENDERUSDT,2025-09-08 00:00:00+00:00,2025-09-09 00:00:00+00:00,2025-10-10 00:00:00+00:00,3.7148565,3.128067074858196,120.34546900806667,447.51321393795513,375.8842143880317,-71.62899954992344,71.62899954992348,-0.9999999999999994,-0.1600600771530611,stop,0.09362119056512272,3,BASE 1d [adx_min=15 adx_rise=5 swing=10] exit=3R,BTC>200D,2025,BASE
FILUSDT,2025-09-16 00:00:00+00:00,2025-09-17 00:00:00+00:00,2025-09-22 00:00:00+00:00,2.5572779999999997,2.254825092502345,237.7581418215983,608.6216790666543,535.299137641394,-73.32254142526028,73.32254142526037,-0.9999999999999989,-0.12047310167738903,stop,0.12438473631352873,3,BASE 1d [adx_min=15 adx_rise=5 swing=10] exit=3R,BTC>200D,2025,BASE
MOVEUSDT,2025-09-18 00:00:00+00:00,2025-09-19 00:00:00+00:00,2025-09-22 00:00:00+00:00,0.13386689999999998,0.11830997324028544,4867.048945405202,652.1882912241332,574.9569877545291,-77.23130346960409,77.23130346960393,-1.000000000000002,-0.11841872126321648,stop,0.12654261779864107,3,BASE 1d [adx_min=15 adx_rise=5 swing=10] exit=3R,BTC>200D,2025,BASE
THEUSDT,2025-09-26 00:00:00+00:00,2025-09-27 00:00:00+00:00,2025-10-10 00:00:00+00:00,0.38329155,0.303414835456859,838.556782375326,321.733140608531,254.04904950870826,-67.68409109982275,67.6840910998227,-1.0000000000000009,-0.21037338886446083,stop,0.07123056326610552,3,BASE 1d [adx_min=15 adx_rise=5 swing=10] exit=3R,BTC>200D,2025,BASE
FILUSDT,2025-10-02 00:00:00+00:00,2025-10-03 00:00:00+00:00,2025-10-10 00:00:00+00:00,2.3861924999999995,2.026575890573531,196.1989152838685,468.63654853866075,397.01577228975594,-71.6207762489048,71.62077624890486,-0.9999999999999992,-0.1528279782535919,stop,0.09805151619652984,3,BASE 1d [adx_min=15 adx_rise=5 swing=10] exit=3R,BTC>200D,2025,BASE
OPUSDT,2025-10-02 00:00:00+00:00,2025-10-03 00:00:00+00:00,2025-10-10 00:00:00+00:00,0.7511753999999999,0.6115651689853445,506.87309376219235,381.13134955500834,309.521105339903,-71.61024421510535,71.61024421510534,-1.0000000000000002,-0.1878886223836329,stop,0.0797547759673198,3,BASE 1d [adx_min=15 adx_rise=5 swing=10] exit=3R,BTC>200D,2025,BASE
TAOUSDT,2025-10-12 00:00:00+00:00,2025-10-13 00:00:00+00:00,2025-12-31 00:00:00+00:00,383.59169999999995,118.55927846319987,0.20945594150225594,80.42590623662683,45.843896220099744,-34.582010016527086,55.63019794375803,-0.6216409665032901,-0.4299859539634017,window_end,0.021664194173058673,3,BASE 1d [adx_min=15 adx_rise=5 swing=10] exit=3R,BTC>200D,2025,BASE
ETCUSDT,2025-11-07 00:00:00+00:00,2025-11-08 00:00:00+00:00,2025-11-21 00:00:00+00:00,17.92896,12.839150183492977,10.8037451945099,193.8936153580028,138.50291009131195,-55.390705266690844,55.39070526669082,-1.0000000000000004,-0.2856757565968231,stop,0.052454626054122905,3,BASE 1d [adx_min=15 adx_rise=5 swing=10] exit=3R,BTC<200D,2025,BASE
NEARUSDT,2025-11-07 00:00:00+00:00,2025-11-08 00:00:00+00:00,2025-12-01 00:00:00+00:00,2.7693839999999996,1.5955896552539774,46.97776029337778,130.22955717002802,74.84482998720215,-55.38472718282587,55.38472718282586,-1.0000000000000002,-0.42528538364386387,stop,0.03523519867206044,3,BASE 1d [adx_min=15 adx_rise=5 swing=10] exit=3R,BTC<200D,2025,BASE
UNIUSDT,2025-12-20 00:00:00+00:00,2025-12-21 00:00:00+00:00,2025-12-31 00:00:00+00:00,6.265130999999999,4.59297769058086,32.03852581174969,200.92628681875064,180.42632999854365,-20.49995682020699,53.99470730160675,-0.3796660421862674,-0.10202725160943905,window_end,0.05576256580194112,3,BASE 1d [adx_min=15 adx_rise=5 swing=10] exit=3R,BTC<200D,2025,BASE
THEUSDT,2025-12-30 00:00:00+00:00,2025-12-31 00:00:00+00:00,2025-12-31 00:00:00+00:00,0.19949969999999997,0.17098602200346738,1858.8853309085625,371.21791291650953,385.69715034334104,14.479237426831503,53.85111101429019,0.26887537051908217,0.03900468410339892,window_end,0.10329788713706829,3,BASE 1d [adx_min=15 adx_rise=5 swing=10] exit=3R,BTC<200D,2025,BASE
BTCUSDT,2026-01-05 00:00:00+00:00,2026-01-06 00:00:00+00:00,2026-01-29 00:00:00+00:00,93906.639855,85559.85149538018,0.006295484703635138,591.7790025917031,537.8330445503265,-53.945958041376684,53.94595804137677,-0.9999999999999984,-0.09115895934989197,stop,0.1643833485143084,4,BASE 1d [adx_min=15 adx_rise=5 swing=10] exit=2R,BTC<200D,2026,BASE
SOLUSDT,2026-01-05 00:00:00+00:00,2026-01-06 00:00:00+00:00,2026-01-25 00:00:00+00:00,137.97895499999998,118.79052245414096,2.7651338800000826,381.91181348070427,327.97915494931357,-53.9326585313907,53.932658531390686,-1.0000000000000002,-0.14121757072622107,stop,0.10611296390352505,4,BASE 1d [adx_min=15 adx_rise=5 swing=10] exit=2R,BTC<200D,2026,BASE
UNIUSDT,2026-01-05 00:00:00+00:00,2026-01-06 00:00:00+00:00,2026-01-08 00:00:00+00:00,6.1660815,5.395805943156462,68.73348203452436,424.24006825566664,370.31640749570624,-53.9236607599604,53.92366075996029,-1.000000000000002,-0.12710647766411237,stop,0.11789340134665639,4,BASE 1d [adx_min=15 adx_rise=5 swing=10] exit=2R,BTC<200D,2026,BASE
ZKUSDT,2026-01-06 00:00:00+00:00,2026-01-07 00:00:00+00:00,2026-01-25 00:00:00+00:00,0.03673836,0.026577528645675797,5268.8640278484745,193.7629928695934,139.82340457006043,-53.93958829953297,53.939588299532964,-1.0000000000000002,-0.278379206992511,stop,0.053829505252589206,4,BASE 1d [adx_min=15 adx_rise=5 swing=10] exit=2R,BTC<200D,2026,BASE
TAOUSDT,2026-01-08 00:00:00+00:00,2026-01-09 00:00:00+00:00,2026-01-30 00:00:00+00:00,284.04195,207.51382539861825,0.6822785305704588,193.98951999063408,141.36992531533892,-52.61959467529516,52.61959467529516,-1.0,-0.27124967718789994,stop,0.05524436062143061,4,BASE 1d [adx_min=15 adx_rise=5 swing=10] exit=2R,BTC<200D,2026,BASE
FILUSDT,2026-01-13 00:00:00+00:00,2026-01-14 00:00:00+00:00,2026-01-19 00:00:00+00:00,1.576788,1.378318327707882,265.3549316210151,418.82688039275797,365.1951331242984,-53.63174726845955,53.63174726845957,-0.9999999999999996,-0.12805230461370098,stop,0.11702261064508522,4,BASE 1d [adx_min=15 adx_rise=5 swing=10] exit=2R,BTC<200D,2026,BASE
ICPUSDT,2026-01-13 00:00:00+00:00,2026-01-14 00:00:00+00:00,2026-01-30 00:00:00+00:00,3.6278129999999997,2.9332257775441475,76.31840507595328,277.14577097588307,223.52343632979407,-53.622334646089,53.622334646089,-1.0,-0.1934806165624485,stop,0.07744969626028853,4,BASE 1d [adx_min=15 adx_rise=5 swing=10] exit=2R,BTC<200D,2026,BASE
NEARUSDT,2026-01-17 00:00:00+00:00,2026-01-18 00:00:00+00:00,2026-01-19 00:00:00+00:00,1.7518754999999997,1.5928145050653117,327.65715011072575,574.5885482124814,521.1144767411798,-53.47407147130161,53.474071471301606,-1.0000000000000002,-0.09306497951909587,stop,0.16101669030013843,4,BASE 1d [adx_min=15 adx_rise=5 swing=10] exit=2R,BTC<200D,2026,BASE
ZENUSDT,2026-01-21 00:00:00+00:00,2026-01-22 00:00:00+00:00,2026-01-30 00:00:00+00:00,10.203099,8.017061199794975,22.55449582552015,230.35587955667165,180.54963261405643,-49.80624694261522,49.806246942615196,-1.0000000000000004,-0.21621435076226042,stop,0.06930629226129326,4,BASE 1d [adx_min=15 adx_rise=5 swing=10] exit=2R,BTC<200D,2026,BASE
WLDUSDT,2026-01-28 00:00:00+00:00,2026-01-29 00:00:00+00:00,2026-01-31 00:00:00+00:00,0.5846922,0.40963796205976266,272.6408477612855,159.57038806449847,111.51657103132285,-48.05381703317562,48.05381703317562,-1.0,-0.3011449531209527,stop,0.049760139858616076,4,BASE 1d [adx_min=15 adx_rise=5 swing=10] exit=2R,BTC<200D,2026,BASE
FORMUSDT,2026-03-08 00:00:00+00:00,2026-03-09 00:00:00+00:00,2026-09-30 00:00:00+00:00,0.26763375,0.16327105730986635,439.0145069242668,117.61259389133502,126.90412125229327,9.291527360958241,46.04171287633882,0.20180672656366846,0.07900112610000674,end_of_data,0.038278907794367954,4,BASE 1d [adx_min=15 adx_rise=5 swing=10] exit=2R,BTC<200D,2026,BASE
ICPUSDT,2026-03-11 00:00:00+00:00,2026-03-12 00:00:00+00:00,2026-03-27 00:00:00+00:00,2.6843414999999995,2.235364736716907,101.31935961946022,272.2477375417211,226.14610829748202,-46.10162924423909,46.10162924423912,-0.9999999999999993,-0.1693370518356435,stop,0.08849223972293584,4,BASE 1d [adx_min=15 adx_rise=5 swing=10] exit=2R,BTC<200D,2026,BASE
UNIUSDT,2026-03-15 00:00:00+00:00,2026-03-16 00:00:00+00:00,2026-03-21 00:00:00+00:00,4.0710345,3.485503763788219,77.38156831054904,315.33805729060816,269.30931182973626,-46.0287454608719,46.0287454608719,-1.0,-0.14596635070423133,stop,0.10266074963659821,4,BASE 1d [adx_min=15 adx_rise=5 swing=10] exit=2R,BTC<200D,2026,BASE
ETHUSDT,2026-03-16 00:00:00+00:00,2026-03-17 00:00:00+00:00,2026-06-02 00:00:00+00:00,2354.1464849999998,1853.8393941898287,0.09168072198348441,216.0456792490817,169.7064770802648,-46.33920216881691,46.33920216881688,-1.0000000000000007,-0.21448798388322257,stop,0.06986412345212564,4,BASE 1d [adx_min=15 adx_rise=5 swing=10] exit=2R,BTC<200D,2026,BASE
XLMUSDT,2026-03-16 00:00:00+00:00,2026-03-17 00:00:00+00:00,2026-05-20 00:00:00+00:00,0.17618804999999998,0.14246010802533343,1358.0716261507916,239.51526756340877,193.18092075724593,-46.33434680616284,46.334346806162834,-1.0000000000000002,-0.1934504938976234,stop,0.07746175614803681,4,BASE 1d [adx_min=15 adx_rise=5 swing=10] exit=2R,BTC<200D,2026,BASE
ZECUSDT,2026-04-04 00:00:00+00:00,2026-04-05 00:00:00+00:00,2026-04-09 00:00:00+00:00,251.28557999999998,197.40213240716602,0.7998465675055175,201.19089853525972,286.756253090314,85.56535455505426,43.536238692445494,1.9653823372183448,0.4252943606196902,target_2R,0.0692491753983938,4,BASE 1d [adx_min=15 adx_rise=5 swing=10] exit=2R,BTC<200D,2026,BASE
ICPUSDT,2026-04-13 00:00:00+00:00,2026-04-14 00:00:00+00:00,2026-05-06 00:00:00+00:00,2.5162575,2.182592991977405,133.92555164717598,337.3281649476177,425.72424818908655,88.39608324146883,45.46150577900583,1.9444160884413606,0.2620477399365555,target_2R,0.11119006112951942,4,BASE 1d [adx_min=15 adx_rise=5 swing=10] exit=2R,BTC<200D,2026,BASE
ZENUSDT,2026-04-13 00:00:00+00:00,2026-04-14 00:00:00+00:00,2026-06-05 00:00:00+00:00,6.033015,4.8471640153465545,37.903371423256395,228.90027995542422,183.44836409801763,-45.45191585740659,45.451915857406576,-1.0000000000000002,-0.1985664493999651,stop,0.0754659965482448,4,BASE 1d [adx_min=15 adx_rise=5 swing=10] exit=2R,BTC<200D,2026,BASE
MIRAUSDT,2026-04-15 00:00:00+00:00,2026-04-16 00:00:00+00:00,2026-04-26 00:00:00+00:00,0.08624309999999999,0.07325216057403144,3436.2395986648435,296.6483072869435,385.05366123187343,88.40535394492991,45.31377454099195,1.9509598315398835,0.29801401785656145,target_2R,0.09809995691162011,4,BASE 1d [adx_min=15 adx_rise=5 swing=10] exit=2R,BTC<200D,2026,BASE
XRPUSDT,2026-04-20 00:00:00+00:00,2026-04-21 00:00:00+00:00,2026-05-28 00:00:00+00:00,1.4251122,1.2908384186111939,330.9030727526318,472.04558000326034,426.50189911807325,-45.54368088518709,45.543680885187044,-1.0000000000000009,-0.096481532323367,stop,0.15531485274084686,4,BASE 1d [adx_min=15 adx_rise=5 swing=10] exit=2R,BTC<200D,2026,BASE
STRKUSDT,2026-04-22 00:00:00+00:00,2026-04-23 00:00:00+00:00,2026-06-05 00:00:00+00:00,0.0458229,0.030623708878517286,2998.3055937345257,137.5284484485289,91.68155468452782,-45.84689376400108,45.84689376400108,-1.0,-0.3333629825770894,stop,0.0449510466614263,4,BASE 1d [adx_min=15 adx_rise=5 swing=10] exit=2R,BTC<200D,2026,BASE
HEMIUSDT,2026-04-23 00:00:00+00:00,2026-04-24 00:00:00+00:00,2026-05-28 00:00:00+00:00,0.00810405,0.006428834746115587,26958.80548901888,218.6939831309067,173.05382154026657,-45.64016159064013,45.64016159064015,-0.9999999999999997,-0.20869418050390837,stop,0.07180370314511166,4,BASE 1d [adx_min=15 adx_rise=5 swing=10] exit=2R,BTC<200D,2026,BASE
AVNTUSDT,2026-04-26 00:00:00+00:00,2026-04-27 00:00:00+00:00,2026-06-04 00:00:00+00:00,0.18029009999999998,0.12352661594444814,825.5732487632796,148.99152626043337,101.82735021967581,-47.16417604075757,47.16417604075757,-1.0,-0.31655609701128773,stop,0.04733762870623419,4,BASE 1d [adx_min=15 adx_rise=5 swing=10] exit=2R,BTC<200D,2026,BASE
BNBUSDT,2026-04-26 00:00:00+00:00,2026-04-27 00:00:00+00:00,2026-05-30 00:00:00+00:00,636.0878849999999,606.6382954435526,1.5214662511000885,968.7540360108951,1055.8137926540858,87.05975664319067,47.158350918511914,1.8461153740008227,0.0898677614822464,target_2R,0.30783081816201663,4,BASE 1d [adx_min=15 adx_rise=5 swing=10] exit=2R,BTC<200D,2026,BASE
HBARUSDT,2026-04-26 00:00:00+00:00,2026-04-27 00:00:00+00:00,2026-05-27 00:00:00+00:00,0.092356155,0.08533973683556854,712.5295864721272,65.87229942323597,60.71590716953589,-5.1563922537000835,5.15639225370009,-0.9999999999999988,-0.07827861329949572,stop,0.02094131960109513,4,BASE 1d [adx_min=15 adx_rise=5 swing=10] exit=2R,BTC<200D,2026,BASE
NEARUSDT,2026-05-06 00:00:00+00:00,2026-05-07 00:00:00+00:00,2026-05-22 00:00:00+00:00,1.4887439999999998,1.2091860302685309,171.666492273847,255.82302783410978,351.02178485148784,95.19875701737806,48.55756480949518,1.9605340051724016,0.37212739534577927,target_2R,0.07894777921104515,4,BASE 1d [adx_min=15 adx_rise=5 swing=10] exit=2R,BTC<200D,2026,BASE
SEIUSDT,2026-05-06 00:00:00+00:00,2026-05-07 00:00:00+00:00,2026-05-10 00:00:00+00:00,0.06159077999999999,0.05498644414409062,2755.7937870913584,169.90122035497677,205.82276957474437,35.9215492197676,18.59714039451505,1.9315630498956777,0.2114260812530731,target_2R,0.05244103319966094,4,BASE 1d [adx_min=15 adx_rise=5 swing=10] exit=2R,BTC<200D,2026,BASE
BCHUSDT,2026-05-10 00:00:00+00:00,2026-05-11 00:00:00+00:00,2026-05-13 00:00:00+00:00,464.63219999999995,430.1424724935401,0.44253745741754896,205.82276957474437,190.0687200475104,-15.754049527233974,15.754049527233965,-1.0000000000000007,-0.0765418207119835,stop,0.059978219677705946,4,BASE 1d [adx_min=15 adx_rise=5 swing=10] exit=2R,BTC<200D,2026,BASE
ASTERUSDT,2026-05-14 00:00:00+00:00,2026-05-15 00:00:00+00:00,2026-05-17 00:00:00+00:00,0.684342,0.6416108779918405,277.4619140814156,190.0687200475104,177.75563744091022,-12.313082606600176,12.313082606600194,-0.9999999999999986,-0.06478226719011074,stop,0.05681570351947776,4,BASE 1d [adx_min=15 adx_rise=5 swing=10] exit=2R,BTC<200D,2026,BASE
ASTERUSDT,2026-05-23 00:00:00+00:00,2026-05-24 00:00:00+00:00,2026-06-05 00:00:00+00:00,0.6833415,0.6128783244561212,666.530814176609,455.92363452202096,407.8897394091924,-48.03389511282859,48.03389511282857,-1.0000000000000004,-0.10535513291208545,stop,0.14223336415435378,4,BASE 1d [adx_min=15 adx_rise=5 swing=10] exit=2R,BTC<200D,2026,BASE
WLDUSDT,2026-05-23 00:00:00+00:00,2026-05-24 00:00:00+00:00,2026-06-02 00:00:00+00:00,0.30015,0.21546799676833756,562.9624225670486,169.1421443046331,263.9223965533639,94.78025224873082,48.0236487862376,1.9736162212624817,0.5603585826488462,target_2R,0.05277811309766299,4,BASE 1d [adx_min=15 adx_rise=5 swing=10] exit=2R,BTC<200D,2026,BASE
FETUSDT,2026-05-25 00:00:00+00:00,2026-05-26 00:00:00+00:00,2026-06-23 00:00:00+00:00,0.23191589999999998,0.17722658901218002,417.3744381240588,96.89256422298993,73.85893022251175,-23.033634000478187,23.03363400047818,-1.0000000000000002,-0.23772344333325984,stop,0.029877621057373308,4,BASE 1d [adx_min=15 adx_rise=5 swing=10] exit=2R,BTC<200D,2026,BASE
MMTUSDT,2026-05-29 00:00:00+00:00,2026-05-30 00:00:00+00:00,2026-06-04 00:00:00+00:00,0.13336665,0.11237212165068025,2167.2665823028506,289.3301248224191,243.175155290108,-46.15496953231113,46.15496953231114,-0.9999999999999997,-0.15952355310612562,stop,0.09393606582374679,4,BASE 1d [adx_min=15 adx_rise=5 swing=10] exit=2R,BTC<200D,2026,BASE
ICPUSDT,2026-05-30 00:00:00+00:00,2026-05-31 00:00:00+00:00,2026-06-05 00:00:00+00:00,2.6593289999999996,2.290191853678391,130.40271858512898,347.1305149434846,298.1994222590983,-48.93109268438633,48.93109268438638,-0.999999999999999,-0.140958776534966,stop,0.1063077826962964,4,BASE 1d [adx_min=15 adx_rise=5 swing=10] exit=2R,BTC<200D,2026,BASE
ENAUSDT,2026-06-03 00:00:00+00:00,2026-06-04 00:00:00+00:00,2026-06-10 00:00:00+00:00,0.112056,0.07662124196259956,1380.817477166136,154.88361210454985,105.64130299907163,-49.24230910547823,49.24230910547823,-1.0,-0.31793104794223537,stop,0.04713290847812259,4,BASE 1d [adx_min=15 adx_rise=5 swing=10] exit=2R,BTC<200D,2026,BASE
TAOUSDT,2026-06-13 00:00:00+00:00,2026-06-14 00:00:00+00:00,2026-09-30 00:00:00+00:00,262.9314,172.36280966356384,0.49048429517798137,129.09268613156902,147.36541812578824,18.272731994219214,44.67820452503285,0.4089853696779857,0.1415473838354867,end_of_data,0.043297528553403214,4,BASE 1d [adx_min=15 adx_rise=5 swing=10] exit=2R,BTC<200D,2026,BASE
XPLUSDT,2026-06-14 00:00:00+00:00,2026-06-15 00:00:00+00:00,2026-09-30 00:00:00+00:00,0.08974485,0.05470054248398961,1271.0476183891592,114.18404783304752,120.54307700246183,6.359029169414313,44.761309312053676,0.1420653074529682,0.055691046955281105,end_of_data,0.03822608619196759,4,BASE 1d [adx_min=15 adx_rise=5 swing=10] exit=2R,BTC<200D,2026,BASE
ATUSDT,2026-06-17 00:00:00+00:00,2026-06-18 00:00:00+00:00,2026-09-30 00:00:00+00:00,0.1572786,0.10901323106471648,926.281419615802,145.82992912806904,142.8958851668851,-2.9340439611839315,45.004413607714085,-0.06519458261935925,-0.020119628245908492,end_of_data,0.048556652516259374,4,BASE 1d [adx_min=15 adx_rise=5 swing=10] exit=2R,BTC<200D,2026,BASE
ASTERUSDT,2026-07-03 00:00:00+00:00,2026-07-04 00:00:00+00:00,2026-09-05 00:00:00+00:00,0.6513255,0.5691721710053597,529.550173610143,345.25444113331486,431.27048959801675,86.0160484647019,44.3011762937086,1.9416199672539485,0.2491381376075857,target_2R,0.11678342217654453,4,BASE 1d [adx_min=15 adx_rise=5 swing=10] exit=2R,BTC<200D,2026,BASE
ENSOUSDT,2026-07-08 00:00:00+00:00,2026-07-09 00:00:00+00:00,2026-08-01 00:00:00+00:00,0.6913455,0.5690108787332185,350.78344522354536,242.75506888612432,327.8461326209421,85.0910637348178,43.4547720692283,1.9581523428372434,0.35052229444788136,target_2R,0.08371205673686828,4,BASE 1d [adx_min=15 adx_rise=5 swing=10] exit=2R,BTC<200D,2026,BASE
VIRTUALUSDT,2026-07-10 00:00:00+00:00,2026-07-11 00:00:00+00:00,2026-09-28 00:00:00+00:00,0.6124060499999999,0.49339211693299284,364.92266938476837,223.70433136389528,309.8772560600577,86.1729246961624,43.92434792686841,1.961848695844854,0.38520901303420296,target_2R,0.07631787188467717,4,BASE 1d [adx_min=15 adx_rise=5 swing=10] exit=2R,BTC<200D,2026,BASE
ZBTUSDT,2026-07-10 00:00:00+00:00,2026-07-11 00:00:00+00:00,2026-07-14 00:00:00+00:00,0.12676335,0.11127806747797707,2783.489013726701,353.1972364602608,309.27682124688636,-43.92041521337444,43.92041521337439,-1.000000000000001,-0.12435095940598065,stop,0.12050582525939321,4,BASE 1d [adx_min=15 adx_rise=5 swing=10] exit=2R,BTC<200D,2026,BASE
ARBUSDT,2026-07-16 00:00:00+00:00,2026-07-17 00:00:00+00:00,2026-09-02 00:00:00+00:00,0.08914454999999999,0.07209699746255507,2482.641650426615,221.53528671127637,305.50111380207187,83.9658270907955,42.812674957687655,1.961237581482121,0.3790178455869512,target_2R,0.07754034510478455,4,BASE 1d [adx_min=15 adx_rise=5 swing=10] exit=2R,BTC<200D,2026,BASE
BTCUSDT,2026-07-20 00:00:00+00:00,2026-07-21 00:00:00+00:00,2026-08-21 00:00:00+00:00,65288.137754999996,60905.78357647439,0.009492813643807179,620.3878929842858,701.9157646182642,81.5278716339784,43.08760145911825,1.8921422607227858,0.13141434988648865,target_2R,0.21575863028049935,4,BASE 1d [adx_min=15 adx_rise=5 swing=10] exit=2R,BTC<200D,2026,BASE
CRVUSDT,2026-07-20 00:00:00+00:00,2026-07-21 00:00:00+00:00,2026-08-10 00:00:00+00:00,0.21520755,0.19348991813731284,1938.248774818072,417.542895889218,500.562396300536,83.019500411318,43.07365899927789,1.9273844465525856,0.1988286742000866,target_2R,0.14526015892662794,4,BASE 1d [adx_min=15 adx_rise=5 swing=10] exit=2R,BTC<200D,2026,BASE
LTCUSDT,2026-07-28 00:00:00+00:00,2026-07-29 00:00:00+00:00,2026-07-29 00:00:00+00:00,46.243109999999994,44.98313491688529,7.774679099488628,359.88486615316583,349.205019574203,-10.679846578962838,10.67984657896283,-1.0000000000000009,-0.02967573127795135,stop,0.12744375672800357,4,BASE 1d [adx_min=15 adx_rise=5 swing=10] exit=2R,BTC<200D,2026,BASE
FFUSDT,2026-07-29 00:00:00+00:00,2026-07-30 00:00:00+00:00,2026-08-24 00:00:00+00:00,0.06873435,0.05735506055685913,3623.3631448617602,249.29856008660494,331.01500413825147,81.71644405164653,41.791970903350354,1.9553144368478572,0.32778546343492193,target_2R,0.08938900410511505,4,BASE 1d [adx_min=15 adx_rise=5 swing=10] exit=2R,BTC<200D,2026,BASE
BNBUSDT,2026-07-30 00:00:00+00:00,2026-07-31 00:00:00+00:00,2026-08-21 00:00:00+00:00,592.285995,549.160255313937,0.16851091141326632,99.90645948759806,114.16951395263514,14.263054465037087,7.505727325659247,1.9002894517999727,0.1427640869087913,target_2R,0.035694120089494345,4,BASE 1d [adx_min=15 adx_rise=5 swing=10] exit=2R,BTC<200D,2026,BASE
ZBTUSDT,2026-08-05 00:00:00+00:00,2026-08-06 00:00:00+00:00,2026-08-06 00:00:00+00:00,0.1270635,0.09622207150897766,1356.4981295695693,172.5337614866495,255.6501571059401,83.11639561929061,42.20442378891982,1.969376386584187,0.48173989196730105,target_2R,0.0612594787273748,4,BASE 1d [adx_min=15 adx_rise=5 swing=10] exit=2R,BTC<200D,2026,BASE
MMTUSDT,2026-08-06 00:00:00+00:00,2026-08-07 00:00:00+00:00,2026-09-30 00:00:00+00:00,0.17278634999999998,0.12321330264013607,874.4764257671337,151.2486873591183,165.90137818967222,14.652690830553922,43.663125678593275,0.3355850183152989,0.09687813551573649,end_of_data,0.05190796149647651,4,BASE 1d [adx_min=15 adx_rise=5 swing=10] exit=2R,BTC<200D,2026,BASE
ICPUSDT,2026-08-10 00:00:00+00:00,2026-08-11 00:00:00+00:00,2026-09-07 00:00:00+00:00,2.2881435,1.9492744230503427,132.291936739667,303.0056380884335,391.7738809738986,88.7682428854651,45.51903042235598,1.9501347471994466,0.2929590467209647,target_2R,0.0997504556922457,4,BASE 1d [adx_min=15 adx_rise=5 swing=10] exit=2R,BTC<200D,2026,BASE
AVNTUSDT,2026-08-13 00:00:00+00:00,2026-08-14 00:00:00+00:00,2026-09-30 00:00:00+00:00,0.10825409999999999,0.07554369009018533,1359.8203165974685,147.35333065950897,174.61067081180917,27.257340152300202,44.78152348807287,0.608673801809354,0.18497946419198388,end_of_data,0.049308100663719365,4,BASE 1d [adx_min=15 adx_rise=5 swing=10] exit=2R,BTC<200D,2026,BASE
WLFIUSDT,2026-08-15 00:00:00+00:00,2026-08-16 00:00:00+00:00,2026-08-22 00:00:00+00:00,0.05712854999999999,0.04940693443392256,5419.490968577623,309.917268433708,392.7123559017325,82.79508746802452,42.558340256165096,1.9454491638928668,0.2671522238385196,target_2R,0.1045119199011155,4,BASE 1d [adx_min=15 adx_rise=5 swing=10] exit=2R,BTC<200D,2026,BASE
APTUSDT,2026-08-21 00:00:00+00:00,2026-08-22 00:00:00+00:00,2026-09-30 00:00:00+00:00,0.6493245,0.5001146534319768,344.0499976319963,223.62349278008455,264.7617267548837,41.138233974799135,51.81705808685707,0.7939129602039966,0.1839620402282833,end_of_data,0.06466985031635575,4,BASE 1d [adx_min=15 adx_rise=5 swing=10] exit=2R,BTC>200D,2026,BASE
FETUSDT,2026-08-21 00:00:00+00:00,2026-08-22 00:00:00+00:00,2026-09-30 00:00:00+00:00,0.1714857,0.1145546706709766,904.5397488351889,155.27074763883337,206.5580416318901,51.28729399305672,51.8068716721388,0.9899708733163771,0.33030879784486666,end_of_data,0.04491169617087094,4,BASE 1d [adx_min=15 adx_rise=5 swing=10] exit=2R,BTC>200D,2026,BASE
KITEUSDT,2026-08-23 00:00:00+00:00,2026-08-24 00:00:00+00:00,2026-09-30 00:00:00+00:00,0.11525759999999999,0.08579426504668816,1763.381808132622,203.44639824411547,249.6725941063862,46.22619586227074,52.385208443992134,0.8824284036531739,0.22721560205162197,end_of_data,0.05819672035083856,4,BASE 1d [adx_min=15 adx_rise=5 swing=10] exit=2R,BTC>200D,2026,BASE
WLFIUSDT,2026-08-25 00:00:00+00:00,2026-08-26 00:00:00+00:00,2026-09-11 00:00:00+00:00,0.05792895,0.054552970253595436,14586.878326593125,845.847547782534,794.5643010130553,-51.28324676947864,51.283246769478644,-0.9999999999999999,-0.06062942063723223,stop,0.2471574827454769,4,BASE 1d [adx_min=15 adx_rise=5 swing=10] exit=2R,BTC>200D,2026,BASE
2ZUSDT,2026-08-27 00:00:00+00:00,2026-08-28 00:00:00+00:00,2026-09-30 00:00:00+00:00,0.059759864999999995,0.04402458208876045,1866.017254658958,111.62445216531603,111.36460929992515,-0.25984286539087975,29.597007227934576,-0.008779362838605925,-0.0023278310473233226,end_of_data,0.03184158193429434,4,BASE 1d [adx_min=15 adx_rise=5 swing=10] exit=2R,BTC>200D,2026,BASE
MIRAUSDT,2026-09-02 00:00:00+00:00,2026-09-03 00:00:00+00:00,2026-09-30 00:00:00+00:00,0.046453215,0.038375097593432286,6420.79556353983,298.564863380946,334.53472435530637,35.96986097436036,52.53568178786722,0.6846748676376246,0.12047586767926391,end_of_data,0.08516114761445182,4,BASE 1d [adx_min=15 adx_rise=5 swing=10] exit=2R,BTC>200D,2026,BASE
STRKUSDT,2026-09-05 00:00:00+00:00,2026-09-06 00:00:00+00:00,2026-09-18 00:00:00+00:00,0.030125055,0.02315822187142793,7773.130364342792,234.40014572774464,341.9606439790874,107.56049825134278,54.65819592524149,1.9678750172884991,0.45887556049676737,target_2R,0.06426281798660427,4,BASE 1d [adx_min=15 adx_rise=5 swing=10] exit=2R,BTC>200D,2026,BASE
WALUSDT,2026-09-05 00:00:00+00:00,2026-09-06 00:00:00+00:00,2026-09-26 00:00:00+00:00,0.027213599999999998,0.021560191561403652,7481.663260285222,203.80659429139797,287.76463663777577,83.9580423463778,42.742379688320746,1.964280953905782,0.41194958700078427,target_2R,0.055880718150732984,4,BASE 1d [adx_min=15 adx_rise=5 swing=10] exit=2R,BTC>200D,2026,BASE
ZBTUSDT,2026-09-25 00:00:00+00:00,2026-09-26 00:00:00+00:00,2026-09-30 00:00:00+00:00,0.09054525,0.07173263533606926,3338.512965388524,302.58877757042455,291.3485000182112,-11.240277552213342,63.467545218970194,-0.17710276194601693,-0.03714704042385471,end_of_data,0.07144277205848029,4,BASE 1d [adx_min=15 adx_rise=5 swing=10] exit=2R,BTC>200D,2026,BASE
ATOMUSDT,2022-01-01 00:00:00+00:00,2022-01-02 00:00:00+00:00,2022-04-30 00:00:00+00:00,36.368175,18.578082581972005,8.401328821711944,305.84653781738433,155.8465378173843,-150.00000000000003,150.0,-1.0000000000000002,-0.4904420402154836,stop,0.03055409968205638,0,BREAKOUT 1d [lookback=20 swing=20 vol_mult=1.5] exit=3R,BTC<200D,2022,BREAKOUT
ONEUSDT,2022-01-02 00:00:00+00:00,2022-01-03 00:00:00+00:00,2022-02-20 00:00:00+00:00,0.29230607999999997,0.15031127586358495,1051.7659015979837,307.745005341546,157.85521521327544,-149.88979012827056,149.88979012827062,-0.9999999999999997,-0.4870584007104119,stop,0.03076636182264425,0,BREAKOUT 1d [lookback=20 swing=20 vol_mult=1.5] exit=3R,BTC<200D,2022,BREAKOUT
ALGOUSDT,2022-01-03 00:00:00+00:00,2022-01-04 00:00:00+00:00,2022-01-20 00:00:00+00:00,1.7957974499999998,1.1778266455654554,242.4133373518795,435.7605783155574,285.0927494019751,-150.6678289135823,150.6678289135823,-1.0,-0.34575828198134,stop,0.04333956919020005,0,BREAKOUT 1d [lookback=20 swing=20 vol_mult=1.5] exit=3R,BTC<200D,2022,BREAKOUT
CRVUSDT,2022-01-03 00:00:00+00:00,2022-01-04 00:00:00+00:00,2022-01-22 00:00:00+00:00,6.521259,2.901494556410342,41.496315037163235,270.878826120839,120.22079039379672,-150.65803572704226,150.65803572704226,-1.0,-0.556182400391213,stop,0.026942627049102375,0,BREAKOUT 1d [lookback=20 swing=20 vol_mult=1.5] exit=3R,BTC<200D,2022,BREAKOUT
FTMUSDT,2022-01-03 00:00:00+00:00,2022-01-04 00:00:00+00:00,2022-03-13 00:00:00+00:00,2.86913385,1.1264165676119036,86.22106242748609,247.62714856245714,96.97520050604402,-150.65194805641312,150.65194805641312,-1.0,-0.6083821944846863,stop,0.024630922996863237,0,BREAKOUT 1d [lookback=20 swing=20 vol_mult=1.5] exit=3R,BTC<200D,2022,BREAKOUT
ICPUSDT,2022-01-04 00:00:00+00:00,2022-01-05 00:00:00+00:00,2022-01-22 00:00:00+00:00,33.806895,19.267382495863686,10.282816763824462,347.97773674549217,197.82587833938175,-150.15185840611042,150.15185840611045,-0.9999999999999998,-0.431498462546557,stop,0.034727852554974424,0,BREAKOUT 1d [lookback=20 swing=20 vol_mult=1.5] exit=3R,BTC<200D,2022,BREAKOUT
LINKUSDT,2022-01-05 00:00:00+00:00,2022-01-06 00:00:00+00:00,2022-01-22 00:00:00+00:00,25.252619999999997,16.664830259944477,17.142665639044314,433.33011839101295,285.25123649784615,-148.0788818931668,148.07888189316674,-1.0000000000000004,-0.34172303195308634,stop,0.04385134621851365,0,BREAKOUT 1d [lookback=20 swing=20 vol_mult=1.5] exit=3R,BTC<200D,2022,BREAKOUT
ROSEUSDT,2022-01-12 00:00:00+00:00,2022-01-13 00:00:00+00:00,2022-02-18 00:00:00+00:00,0.51959967,0.27225684833307445,603.6003072822601,313.94415099623666,164.08789800473178,-149.85625299150487,149.85625299150487,-1.0,-0.47733411345924787,stop,0.03139313651064732,0,BREAKOUT 1d [lookback=20 swing=20 vol_mult=1.5] exit=3R,BTC<200D,2022,BREAKOUT
FTTUSDT,2022-01-14 00:00:00+00:00,2022-01-15 00:00:00+00:00,2022-01-22 00:00:00+00:00,44.752365,32.35090315791967,11.979629193726886,536.6528549805636,386.97068995408665,-149.68216502647692,149.6821650264769,-1.0000000000000002,-0.27891804476079435,stop,0.05372551280382892,0,BREAKOUT 1d [lookback=20 swing=20 vol_mult=1.5] exit=3R,BTC<200D,2022,BREAKOUT
ADAUSDT,2022-01-17 00:00:00+00:00,2022-01-18 00:00:00+00:00,2022-01-22 00:00:00+00:00,1.602801,1.0129844873890672,247.45932765945685,397.02468588973693,250.2965768247201,-146.72810906501684,146.72810906501684,-1.0,-0.3695692340545461,stop,0.04054724691396604,0,BREAKOUT 1d [lookback=20 swing=20 vol_mult=1.5] exit=3R,BTC<200D,2022,BREAKOUT
MANAUSDT,2022-02-06 00:00:00+00:00,2022-02-07 00:00:00+00:00,2022-04-30 00:00:00+00:00,3.3010496999999996,1.5599054894351476,75.74850248282006,250.29962096775873,117.98332316243618,-132.31629780532256,132.31629780532253,-1.0000000000000002,-0.5286316347333435,stop,0.028346799548940815,0,BREAKOUT 1d [lookback=20 swing=20 vol_mult=1.5] exit=3R,BTC<200D,2022,BREAKOUT
XRPUSDT,2022-02-07 00:00:00+00:00,2022-02-08 00:00:00+00:00,2022-05-09 00:00:00+00:00,0.8318156999999999,0.5231865759537413,428.18266343683973,356.5252309764938,223.6835044436348,-132.84172653285898,132.84172653285898,-1.0,-0.37260119338262887,stop,0.04021730271171377,0,BREAKOUT 1d [lookback=20 swing=20 vol_mult=1.5] exit=3R,BTC<200D,2022,BREAKOUT
SLPUSDT,2022-02-09 00:00:00+00:00,2022-02-10 00:00:00+00:00,2022-05-11 00:00:00+00:00,0.028514249999999998,0.007024296414428616,6176.758528208059,176.30176249981957,43.32232340200092,-132.97943909781867,132.97943909781867,-1.0,-0.7542717509585576,stop,0.019866864914364686,0,BREAKOUT 1d [lookback=20 swing=20 vol_mult=1.5] exit=3R,BTC<200D,2022,BREAKOUT
TLMUSDT,2022-02-10 00:00:00+00:00,2022-02-11 00:00:00+00:00,2022-04-30 00:00:00+00:00,0.15687839999999997,0.08190026726126397,1755.1617554830398,275.6223149093118,143.5326664096274,-132.0896484996844,132.0896484996844,-1.0,-0.4792414886405186,stop,0.03126819221667037,0,BREAKOUT 1d [lookback=20 swing=20 vol_mult=1.5] exit=3R,BTC<200D,2022,BREAKOUT
LUNAUSDT~20220513,2022-02-25 00:00:00+00:00,2022-02-26 00:00:00+00:00,2022-05-09 00:00:00+00:00,73.15656,43.95402220901126,4.303029242057809,315.10961174528495,188.8518342748481,-126.25777747043685,126.2577774704368,-1.0000000000000004,-0.40067891541339523,stop,0.03739906046604523,0,BREAKOUT 1d [lookback=20 swing=20 vol_mult=1.5] exit=3R,BTC<200D,2022,BREAKOUT
CHZUSDT,2022-03-05 00:00:00+00:00,2022-03-06 00:00:00+00:00,2022-05-09 00:00:00+00:00,0.2329164,0.1338825719174012,1277.1953288271804,297.7772178253303,170.7377896681752,-127.0394281571551,127.03942815715511,-0.9999999999999999,-0.426625747546858,stop,0.03512449745750313,0,BREAKOUT 1d [lookback=20 swing=20 vol_mult=1.5] exit=3R,BTC<200D,2022,BREAKOUT
ZECUSDT,2022-03-08 00:00:00+00:00,2022-03-09 00:00:00+00:00,2022-05-11 00:00:00+00:00,138.56924999999998,78.45396642537267,2.0656244002368616,286.5182559464442,161.81342373081154,-124.70483221563265,124.70483221563266,-0.9999999999999999,-0.43524218658842595,stop,0.0344291418588638,0,BREAKOUT 1d [lookback=20 swing=20 vol_mult=1.5] exit=3R,BTC<200D,2022,BREAKOUT
BATUSDT,2022-03-15 00:00:00+00:00,2022-03-16 00:00:00+00:00,2022-05-08 00:00:00+00:00,0.78489225,0.5353999987238571,494.9315750868718,388.85642552354466,264.58901761608524,-124.26740790745941,124.26740790745943,-0.9999999999999999,-0.31957144012767563,stop,0.04689097054176102,0,BREAKOUT 1d [lookback=20 swing=20 vol_mult=1.5] exit=3R,BTC<200D,2022,BREAKOUT
EGLDUSDT,2022-03-16 00:00:00+00:00,2022-03-17 00:00:00+00:00,2022-05-06 00:00:00+00:00,163.89190499999998,118.86835175149933,2.783034245223841,456.5729009141023,330.3186369646862,-126.2542639494161,126.25426394941611,-0.9999999999999999,-0.27652596922998074,stop,0.05419026294977839,0,BREAKOUT 1d [lookback=20 swing=20 vol_mult=1.5] exit=3R,BTC<200D,2022,BREAKOUT
ETCUSDT,2022-03-19 00:00:00+00:00,2022-03-20 00:00:00+00:00,2022-05-09 00:00:00+00:00,34.016999999999996,23.889472483675128,12.531824205563419,426.7213590646514,298.9297512141024,-127.79160785054898,127.79160785054901,-0.9999999999999998,-0.2994731928363296,stop,0.050037917728431566,0,BREAKOUT 1d [lookback=20 swing=20 vol_mult=1.5] exit=3R,BTC<200D,2022,BREAKOUT
LRCUSDT,2022-03-19 00:00:00+00:00,2022-03-20 00:00:00+00:00,2022-05-09 00:00:00+00:00,0.9343669499999999,0.613996583863677,396.5667798674167,370.90943146861554,243.12553388556807,-127.78389758304746,127.78389758304743,-1.0000000000000002,-0.3445150938251617,stop,0.04349596070998198,0,BREAKOUT 1d [lookback=20 swing=20 vol_mult=1.5] exit=3R,BTC<200D,2022,BREAKOUT
OMGUSDT,2022-03-20 00:00:00+00:00,2022-03-21 00:00:00+00:00,2022-05-09 00:00:00+00:00,4.865431500000001,3.406781183620871,86.35641254568485,420.58137103659703,293.7562523423227,-126.82511869427435,126.8251186942744,-0.9999999999999997,-0.3015471616864329,stop,0.049693768965390926,0,BREAKOUT 1d [lookback=20 swing=20 vol_mult=1.5] exit=3R,BTC<200D,2022,BREAKOUT
EOSUSDT,2022-03-21 00:00:00+00:00,2022-03-22 00:00:00+00:00,2022-05-09 00:00:00+00:00,2.3491739999999997,1.8044429002020463,233.04770136444384,548.0170704059209,419.8906984909093,-128.1263719150116,128.1263719150117,-0.9999999999999991,-0.23379996506332787,stop,0.06409331575800742,0,BREAKOUT 1d [lookback=20 swing=20 vol_mult=1.5] exit=3R,BTC<200D,2022,BREAKOUT
IOTXUSDT,2022-03-22 00:00:00+00:00,2022-03-23 00:00:00+00:00,2022-04-30 00:00:00+00:00,0.095017485,0.06157176708835832,3881.023609626526,369.13386771494663,238.60315901445054,-130.5307087004961,130.53070870049606,-1.0000000000000002,-0.35361347228451767,stop,0.04237682147177366,0,BREAKOUT 1d [lookback=20 swing=20 vol_mult=1.5] exit=3R,BTC<200D,2022,BREAKOUT
ADAUSDT,2022-03-23 00:00:00+00:00,2022-03-24 00:00:00+00:00,2022-04-30 00:00:00+00:00,1.108554,0.7427251915980915,364.5745915556218,404.5547723891181,270.37270065426446,-134.18207173485365,134.1820717348537,-0.9999999999999996,-0.33167838051306336,stop,0.04517935405327025,0,BREAKOUT 1d [lookback=20 swing=20 vol_mult=1.5] exit=3R,BTC<200D,2022,BREAKOUT
AXSUSDT,2022-03-23 00:00:00+00:00,2022-03-24 00:00:00+00:00,2022-04-25 00:00:00+00:00,58.36917,42.48955717205787,8.384922916920395,489.9104121657969,355.7374323051256,-134.17297986067132,134.17297986067138,-0.9999999999999996,-0.27387248061848524,stop,0.054715300168802564,0,BREAKOUT 1d [lookback=20 swing=20 vol_mult=1.5] exit=3R,BTC<200D,2022,BREAKOUT
CHRUSDT,2022-03-23 00:00:00+00:00,2022-03-24 00:00:00+00:00,2022-05-07 00:00:00+00:00,0.47013494999999994,0.3159182757782779,864.665588024316,406.91602250552484,272.7540527827434,-134.16196972278146,134.16196972278144,-1.0000000000000002,-0.3297043180966409,stop,0.04544985965462142,0,BREAKOUT 1d [lookback=20 swing=20 vol_mult=1.5] exit=3R,BTC<200D,2022,BREAKOUT
ALGOUSDT,2022-03-24 00:00:00+00:00,2022-03-25 00:00:00+00:00,2022-04-26 00:00:00+00:00,0.8912454,0.646136123962867,556.0405982372147,496.06419401755784,358.7391796745797,-137.32501434297814,137.32501434297802,-1.0000000000000009,-0.2768291200999635,stop,0.0541309201127536,0,BREAKOUT 1d [lookback=20 swing=20 vol_mult=1.5] exit=3R,BTC<200D,2022,BREAKOUT
ENJUSDT,2022-03-24 00:00:00+00:00,2022-03-25 00:00:00+00:00,2022-04-29 00:00:00+00:00,1.6878435,1.2184655219611624,290.3751885770842,490.5979824757069,353.2816143866545,-137.3163680890524,137.3163680890524,-1.0,-0.27989590865439795,stop,0.05353781360026153,0,BREAKOUT 1d [lookback=20 swing=20 vol_mult=1.5] exit=3R,BTC<200D,2022,BREAKOUT
FTTUSDT,2022-03-24 00:00:00+00:00,2022-03-25 00:00:00+00:00,2022-05-05 00:00:00+00:00,49.494735,37.39556434298977,11.249808386961588,557.3630911983546,420.0621043273233,-137.30098687103128,137.30098687103128,-1.0,-0.2463402924219978,stop,0.0608305480101673,0,BREAKOUT 1d [lookback=20 swing=20 vol_mult=1.5] exit=3R,BTC<200D,2022,BREAKOUT
HOTUSDT,2022-03-24 00:00:00+00:00,2022-03-25 00:00:00+00:00,2022-05-09 00:00:00+00:00,0.005327662499999999,0.0035466619175870094,76626.98168419131,408.65093950385983,271.36247868725906,-137.28846081660078,137.28846081660078,-1.0,-0.33595532897411595,stop,0.044604188987785114,0,BREAKOUT 1d [lookback=20 swing=20 vol_mult=1.5] exit=3R,BTC<200D,2022,BREAKOUT
SANDUSDT,2022-03-24 00:00:00+00:00,2022-03-25 00:00:00+00:00,2022-04-18 00:00:00+00:00,3.4765373999999998,2.5477466177681922,44.47819448560479,154.78473672029247,113.14924747037253,-41.63548924991994,41.63548924991993,-1.0000000000000004,-0.2689896312267428,stop,0.01689543675296018,0,BREAKOUT 1d [lookback=20 swing=20 vol_mult=1.5] exit=3R,BTC<200D,2022,BREAKOUT
TRXUSDT,2022-05-04 00:00:00+00:00,2022-05-05 00:00:00+00:00,2022-06-14 00:00:00+00:00,0.08634315,0.05608034468580995,3340.9167515544477,288.7537414931953,187.07881702916077,-101.67492446403455,101.67492446403456,-0.9999999999999999,-0.3521163879583205,stop,0.04255699393005457,0,BREAKOUT 1d [lookback=20 swing=20 vol_mult=1.5] exit=3R,BTC<200D,2022,BREAKOUT
SUSHIUSDT,2022-05-31 00:00:00+00:00,2022-06-01 00:00:00+00:00,2022-06-13 00:00:00+00:00,1.8779385,0.9650670320426179,93.38110577615974,175.53933768333238,89.98389311986918,-85.5554445634632,85.5554445634632,-1.0,-0.48738616479117985,stop,0.03074567164095703,0,BREAKOUT 1d [lookback=20 swing=20 vol_mult=1.5] exit=3R,BTC<200D,2022,BREAKOUT
COCOSUSDT,2022-06-04 00:00:00+00:00,2022-06-05 00:00:00+00:00,2022-06-18 00:00:00+00:00,0.9110552999999999,0.5988070135078216,270.44315159657265,246.63505527737166,161.70042201891792,-84.93463325845374,84.93463325845374,-1.0,-0.3443737272584152,stop,0.04351381594731922,0,BREAKOUT 1d [lookback=20 swing=20 vol_mult=1.5] exit=3R,BTC<200D,2022,BREAKOUT
LINKUSDT,2022-06-07 00:00:00+00:00,2022-06-08 00:00:00+00:00,2022-06-13 00:00:00+00:00,8.72436,5.796172636392986,28.6915312336662,250.5655626811818,166.05169978097567,-84.51386290020614,84.51386290020614,-1.0,-0.3372924115982414,stop,0.04442737064261043,0,BREAKOUT 1d [lookback=20 swing=20 vol_mult=1.5] exit=3R,BTC<200D,2022,BREAKOUT
THETAUSDT,2022-06-09 00:00:00+00:00,2022-06-10 00:00:00+00:00,2022-06-13 00:00:00+00:00,1.42071,0.9848117997672245,192.51133560281204,273.77628238387535,189.30314853197905,-84.4731338518963,84.47313385189626,-1.0000000000000004,-0.3085480346082438,stop,0.048566230551561,0,BREAKOUT 1d [lookback=20 swing=20 vol_mult=1.5] exit=3R,BTC<200D,2022,BREAKOUT
DYDXUSDT,2022-07-04 00:00:00+00:00,2022-07-05 00:00:00+00:00,2022-12-31 00:00:00+00:00,1.8959475,0.9057439601387663,79.5598774856097,150.99219216996713,87.6229569266,-63.36923524336713,79.03936895530963,-0.8017426768576216,-0.41968551044039676,window_end,0.028626497050685575,0,BREAKOUT 1d [lookback=20 swing=20 vol_mult=1.5] exit=3R,BTC<200D,2022,BREAKOUT
CRVUSDT,2022-07-05 00:00:00+00:00,2022-07-06 00:00:00+00:00,2022-11-21 00:00:00+00:00,0.9564779999999999,0.47749581349224435,164.33966312147575,157.34445957540595,78.35383311528417,-78.99062646012177,78.99062646012177,-1.0,-0.5020235645619681,stop,0.0298492262969566,0,BREAKOUT 1d [lookback=20 swing=20 vol_mult=1.5] exit=3R,BTC<200D,2022,BREAKOUT
ICPUSDT,2022-07-08 00:00:00+00:00,2022-07-09 00:00:00+00:00,2022-11-08 00:00:00+00:00,6.953475,4.575586426144141,33.21530582867432,231.19276049573818,151.75160922592494,-79.44115126981325,79.44115126981323,-1.0000000000000002,-0.34361435496280457,stop,0.043609979526719946,0,BREAKOUT 1d [lookback=20 swing=20 vol_mult=1.5] exit=3R,BTC<200D,2022,BREAKOUT
COCOSUSDT,2022-07-10 00:00:00+00:00,2022-07-11 00:00:00+00:00,2022-09-19 00:00:00+00:00,0.79629795,0.5982437121314731,395.0986408045064,314.9308539581352,236.01084779932668,-78.92000615880849,78.92000615880848,-1.0000000000000002,-0.2505947104480896,stop,0.059797810409566145,0,BREAKOUT 1d [lookback=20 swing=20 vol_mult=1.5] exit=3R,BTC<200D,2022,BREAKOUT
MATICUSDT,2022-07-14 00:00:00+00:00,2022-07-15 00:00:00+00:00,2022-12-31 00:00:00+00:00,0.7099548,0.3851920873776764,242.94408302244514,172.65179719125678,183.94825352093534,11.296456329678563,79.2119821533996,0.14261044885611088,0.06542912679423081,window_end,0.032661596109165345,0,BREAKOUT 1d [lookback=20 swing=20 vol_mult=1.5] exit=3R,BTC<200D,2022,BREAKOUT
ETCUSDT,2022-07-17 00:00:00+00:00,2022-07-18 00:00:00+00:00,2022-07-28 00:00:00+00:00,19.26963,12.641778030233809,11.92434248123397,230.00744527426716,466.17591745487834,236.1684721806112,79.48859643378081,2.971098783677165,1.0267862064160465,target_3R,0.043360496583572265,0,BREAKOUT 1d [lookback=20 swing=20 vol_mult=1.5] exit=3R,BTC<200D,2022,BREAKOUT
AVAXUSDT,2022-07-18 00:00:00+00:00,2022-07-19 00:00:00+00:00,2022-10-13 00:00:00+00:00,23.961975,14.74088245251494,8.89423075200636,213.33645825873137,130.91221236024302,-82.42424589848835,82.42424589848835,-1.0,-0.3863579932433556,stop,0.038785311154611896,0,BREAKOUT 1d [lookback=20 swing=20 vol_mult=1.5] exit=3R,BTC<200D,2022,BREAKOUT
ETHUSDT,2022-07-18 00:00:00+00:00,2022-07-19 00:00:00+00:00,2022-12-31 00:00:00+00:00,1581.820515,939.7032285977575,0.12776066473195963,202.29653492353373,152.5892127691621,-49.70732215437164,82.41945142226567,-0.6031018321112385,-0.2457151437277982,window_end,0.03678035409037946,0,BREAKOUT 1d [lookback=20 swing=20 vol_mult=1.5] exit=3R,BTC<200D,2022,BREAKOUT
FTMUSDT,2022-07-18 00:00:00+00:00,2022-07-19 00:00:00+00:00,2022-10-10 00:00:00+00:00,0.29624805,0.20764339325485281,923.8070935270567,273.9497260835917,191.53480186466174,-82.41492421892997,82.41492421892993,-1.0000000000000004,-0.3008395934434418,stop,0.04981064763947766,0,BREAKOUT 1d [lookback=20 swing=20 vol_mult=1.5] exit=3R,BTC<200D,2022,BREAKOUT
NEARUSDT,2022-07-18 00:00:00+00:00,2022-07-19 00:00:00+00:00,2022-10-13 00:00:00+00:00,4.064031,2.860116504858349,67.98132799354234,276.55450261131074,194.14296365645367,-82.41153895485706,82.41153895485708,-0.9999999999999998,-0.29799384272070256,stop,0.05028632420120112,0,BREAKOUT 1d [lookback=20 swing=20 vol_mult=1.5] exit=3R,BTC<200D,2022,BREAKOUT
ROSEUSDT,2022-07-18 00:00:00+00:00,2022-07-19 00:00:00+00:00,2022-08-07 00:00:00+00:00,0.05688843,0.04306722540748307,5910.296232858079,336.5637009957327,580.4180699064597,243.85436891072698,82.40532373033393,2.959206491424323,0.7245415004329858,target_3R,0.06120250336419278,0,BREAKOUT 1d [lookback=20 swing=20 vol_mult=1.5] exit=3R,BTC<200D,2022,BREAKOUT
SANDUSDT,2022-07-18 00:00:00+00:00,2022-07-19 00:00:00+00:00,2022-09-06 00:00:00+00:00,1.37858895,0.8979094121359761,170.45301133358842,235.21962255662842,152.8218626842258,-82.39775987240262,82.39775987240259,-1.0000000000000004,-0.35030138632488284,stop,0.042777492667749016,0,BREAKOUT 1d [lookback=20 swing=20 vol_mult=1.5] exit=3R,BTC<200D,2022,BREAKOUT
ZECUSDT,2022-07-18 00:00:00+00:00,2022-07-19 00:00:00+00:00,2022-11-08 00:00:00+00:00,65.63279999999999,47.31309394866349,4.464196035779303,293.29068326267287,210.89820966387143,-82.39247359880144,82.39247359880142,-1.0000000000000004,-0.2809242785424938,stop,0.053341829559057814,0,BREAKOUT 1d [lookback=20 swing=20 vol_mult=1.5] exit=3R,BTC<200D,2022,BREAKOUT
ADAUSDT,2022-07-19 00:00:00+00:00,2022-07-20 00:00:00+00:00,2022-10-11 00:00:00+00:00,0.5154576,0.38481392028241845,633.5235471672843,326.8810816935014,243.4231186513412,-83.4579630421602,83.45796304216022,-0.9999999999999998,-0.2553159779384669,stop,0.0586920376312151,0,BREAKOUT 1d [lookback=20 swing=20 vol_mult=1.5] exit=3R,BTC<200D,2022,BREAKOUT
ATOMUSDT,2022-07-19 00:00:00+00:00,2022-07-20 00:00:00+00:00,2022-12-31 00:00:00+00:00,10.5262605,6.472646167616494,20.48447833206773,215.84058008508035,191.30403464673267,-24.536545438347673,83.45061678926648,-0.29402473441638594,-0.11367901915698995,window_end,0.038757943936074846,0,BREAKOUT 1d [lookback=20 swing=20 vol_mult=1.5] exit=3R,BTC<200D,2022,BREAKOUT
AXSUSDT,2022-07-19 00:00:00+00:00,2022-07-20 00:00:00+00:00,2022-09-19 00:00:00+00:00,16.848419999999997,11.652969771627431,15.955790632769373,269.098691874977,185.6535403733615,-83.44515150161553,83.44515150161558,-0.9999999999999993,-0.3100912565579622,stop,0.04832453243393523,0,BREAKOUT 1d [lookback=20 swing=20 vol_mult=1.5] exit=3R,BTC<200D,2022,BREAKOUT
BNBUSDT,2022-07-19 00:00:00+00:00,2022-07-20 00:00:00+00:00,2022-12-31 00:00:00+00:00,268.7343,198.43552406141313,1.1774363666129386,316.7339553140477,289.5677182324102,-27.16623708163752,83.43910383732849,-0.3255816018182598,-0.08576989181567755,window_end,0.05688295832967368,0,BREAKOUT 1d [lookback=20 swing=20 vol_mult=1.5] exit=3R,BTC<200D,2022,BREAKOUT
BTCUSDT,2022-07-19 00:00:00+00:00,2022-07-20 00:00:00+00:00,2022-11-08 00:00:00+00:00,23410.179239999998,17959.12998418804,0.01516562150882853,355.38494772548273,271.95296209678145,-83.43198562870128,83.4319856287013,-0.9999999999999998,-0.23476510798411293,stop,0.06382982170429284,0,BREAKOUT 1d [lookback=20 swing=20 vol_mult=1.5] exit=3R,BTC<200D,2022,BREAKOUT
DOTUSDT,2022-07-19 00:00:00+00:00,2022-07-20 00:00:00+00:00,2022-10-13 00:00:00+00:00,7.793895,5.715900631714843,39.832505056218594,310.7608123571319,227.3372366917245,-83.42357566540738,83.42357566540738,-1.0,-0.26844947093758886,stop,0.055820616567722026,0,BREAKOUT 1d [lookback=20 swing=20 vol_mult=1.5] exit=3R,BTC<200D,2022,BREAKOUT
ENJUSDT,2022-07-19 00:00:00+00:00,2022-07-20 00:00:00+00:00,2022-10-13 00:00:00+00:00,0.6253124999999999,0.41689200668828663,397.8452785856191,249.02640339133546,165.6098116954659,-83.41659169586956,83.41659169586954,-1.0000000000000002,-0.33497087280654164,stop,0.04473527760626937,0,BREAKOUT 1d [lookback=20 swing=20 vol_mult=1.5] exit=3R,BTC<200D,2022,BREAKOUT
EOSUSDT,2022-07-19 00:00:00+00:00,2022-07-20 00:00:00+00:00,2022-08-17 00:00:00+00:00,1.0775385,0.8370196035323605,127.231608830541,137.23405388877973,228.55853717482736,91.32448328604764,30.89839288715073,2.9556386191213666,0.6654651720779221,target_3R,0.024656239759016787,0,BREAKOUT 1d [lookback=20 swing=20 vol_mult=1.5] exit=3R,BTC<200D,2022,BREAKOUT
ALICEUSDT,2022-07-28 00:00:00+00:00,2022-07-29 00:00:00+00:00,2022-09-18 00:00:00+00:00,2.7803894999999996,1.8007638569549678,89.854881977861,250.0814019453589,161.56479360464328,-88.5166083407156,88.51660834071559,-1.0000000000000002,-0.35395118410307014,stop,0.04233638890907445,0,BREAKOUT 1d [lookback=20 swing=20 vol_mult=1.5] exit=3R,BTC<200D,2022,BREAKOUT
CHRUSDT,2022-07-28 00:00:00+00:00,2022-07-29 00:00:00+00:00,2022-09-18 00:00:00+00:00,0.22011,0.1507846453832022,980.77614316772,216.09451550951945,147.6642279164191,-68.43028759310036,68.43028759310037,-0.9999999999999998,-0.31666832187643307,stop,0.036585614224384805,0,BREAKOUT 1d [lookback=20 swing=20 vol_mult=1.5] exit=3R,BTC<200D,2022,BREAKOUT
LRCUSDT,2022-08-07 00:00:00+00:00,2022-08-08 00:00:00+00:00,2022-09-06 00:00:00+00:00,0.4808403,0.33437750071001865,643.3485895312286,309.6572767235676,214.7987190732355,-94.85855765033207,94.8585576503321,-0.9999999999999997,-0.30633401757586576,stop,0.04891724106776303,0,BREAKOUT 1d [lookback=20 swing=20 vol_mult=1.5] exit=3R,BTC<200D,2022,BREAKOUT
ROSEUSDT,2022-08-07 00:00:00+00:00,2022-08-08 00:00:00+00:00,2022-12-16 00:00:00+00:00,0.1072536,0.04160339142526644,1441.0936610386048,154.71704556665367,59.864482062360146,-94.85256350429353,94.85256350429351,-1.0000000000000002,-0.6130711917157834,stop,0.024442536507182616,0,BREAKOUT 1d [lookback=20 swing=20 vol_mult=1.5] exit=3R,BTC<200D,2022,BREAKOUT
BATUSDT,2022-08-10 00:00:00+00:00,2022-08-11 00:00:00+00:00,2022-08-26 00:00:00+00:00,0.46463219999999994,0.3336645041549029,249.50448934973085,116.04374761623842,83.12595716111112,-32.9177904551273,32.91779045512731,-0.9999999999999998,-0.2836670749723443,stop,0.017542250380669883,0,BREAKOUT 1d [lookback=20 swing=20 vol_mult=1.5] exit=3R,BTC<200D,2022,BREAKOUT
CHZUSDT,2022-08-17 00:00:00+00:00,2022-08-18 00:00:00+00:00,2022-12-19 00:00:00+00:00,0.22261124999999998,0.10632579715246315,780.6628981101161,173.95812792049247,82.88013954378934,-91.07798837670313,91.07798837670313,-1.0,-0.5235627071034606,stop,0.028621242081808194,0,BREAKOUT 1d [lookback=20 swing=20 vol_mult=1.5] exit=3R,BTC<200D,2022,BREAKOUT
EOSUSDT,2022-08-17 00:00:00+00:00,2022-08-18 00:00:00+00:00,2022-10-10 00:00:00+00:00,1.4817405,1.0880074736602452,36.81202166704896,54.60040925433489,39.99169708812806,-14.608712166206828,14.608712166206834,-0.9999999999999997,-0.2675568254105531,stop,0.008983763118144427,0,BREAKOUT 1d [lookback=20 swing=20 vol_mult=1.5] exit=3R,BTC<200D,2022,BREAKOUT
SUSHIUSDT,2022-09-08 00:00:00+00:00,2022-09-09 00:00:00+00:00,2022-12-19 00:00:00+00:00,1.328664,0.9393422015639007,199.80541053442658,265.73973023829564,187.40421957729072,-78.33551066100492,78.33551066100496,-0.9999999999999994,-0.29478283352948187,stop,0.05083408285888634,0,BREAKOUT 1d [lookback=20 swing=20 vol_mult=1.5] exit=3R,BTC<200D,2022,BREAKOUT
ALGOUSDT,2022-09-09 00:00:00+00:00,2022-09-10 00:00:00+00:00,2022-11-09 00:00:00+00:00,0.32466225,0.26969422256963427,569.2746437061386,185.00680868027683,153.2998641042794,-31.706944575997426,31.706944575997415,-1.0000000000000004,-0.1713825820907619,stop,0.03331094465588815,0,BREAKOUT 1d [lookback=20 swing=20 vol_mult=1.5] exit=3R,BTC<200D,2022,BREAKOUT
XRPUSDT,2022-09-20 00:00:00+00:00,2022-09-21 00:00:00+00:00,2022-12-31 00:00:00+00:00,0.41410695,0.29933725568692665,609.8028433750834,252.77611916695483,206.35229367547785,-46.423825491476975,70.51312331708674,-0.6583714251702641,-0.18365589931703452,window_end,0.053718425101343927,0,BREAKOUT 1d [lookback=20 swing=20 vol_mult=1.5] exit=3R,BTC<200D,2022,BREAKOUT
EGLDUSDT,2022-10-04 00:00:00+00:00,2022-10-05 00:00:00+00:00,2022-11-08 00:00:00+00:00,55.26762,43.60057541183239,6.1700362960755255,341.3442246191073,268.61374163011914,-72.73048298898817,72.73048298898813,-1.0000000000000007,-0.21307078820549924,stop,0.07032881002234091,0,BREAKOUT 1d [lookback=20 swing=20 vol_mult=1.5] exit=3R,BTC<200D,2022,BREAKOUT
LTCUSDT,2022-10-25 00:00:00+00:00,2022-10-26 00:00:00+00:00,2022-11-23 00:00:00+00:00,55.94796,47.2163267973614,7.909042190005377,442.93727086081793,648.6971600689959,205.75988920817798,70.06131732649092,2.936854416386744,0.46453505438433274,target_3R,0.0947373228844688,0,BREAKOUT 1d [lookback=20 swing=20 vol_mult=1.5] exit=3R,BTC<200D,2022,BREAKOUT
THETAUSDT,2022-10-26 00:00:00+00:00,2022-10-27 00:00:00+00:00,2022-11-09 00:00:00+00:00,1.1195595,0.8863516214677829,304.340708745316,341.06825924426414,269.3483862304929,-71.71987301377123,71.71987301377132,-0.9999999999999988,-0.2102801156949857,stop,0.07126215874234608,0,BREAKOUT 1d [lookback=20 swing=20 vol_mult=1.5] exit=3R,BTC<200D,2022,BREAKOUT
AVAXUSDT,2022-10-28 00:00:00+00:00,2022-10-29 00:00:00+00:00,2022-11-09 00:00:00+00:00,18.339164999999998,13.976436624712653,16.429084766674045,301.59699203135676,229.27574676041766,-72.3212452709391,72.32124527093903,-1.0000000000000009,-0.23979431884857766,stop,0.06249111762517423,0,BREAKOUT 1d [lookback=20 swing=20 vol_mult=1.5] exit=3R,BTC<200D,2022,BREAKOUT
FILUSDT,2022-10-29 00:00:00+00:00,2022-10-30 00:00:00+00:00,2022-11-08 00:00:00+00:00,5.72286,4.572820716588731,42.61479527229318,244.1223857792677,194.5776113612576,-49.54477441801009,49.54477441801012,-0.9999999999999994,-0.20295055801563336,stop,0.0496333992127269,0,BREAKOUT 1d [lookback=20 swing=20 vol_mult=1.5] exit=3R,BTC<200D,2022,BREAKOUT
LTCUSDT,2022-11-23 00:00:00+00:00,2022-11-24 00:00:00+00:00,2022-12-31 00:00:00+00:00,79.049505,44.6926393285433,1.8432339253073844,145.85243612415044,129.09056552199212,-16.761870602158325,63.59697439629071,-0.2635639629286509,-0.1149234873793299,window_end,0.03436642956160522,0,BREAKOUT 1d [lookback=20 swing=20 vol_mult=1.5] exit=3R,BTC<200D,2022,BREAKOUT
COCOSUSDT,2022-11-26 00:00:00+00:00,2022-11-27 00:00:00+00:00,2022-12-31 00:00:00+00:00,0.9780888,0.40471779605142727,110.24169520499049,107.9339935403879,55.170285556854935,-52.76370798353297,63.38412047953751,-0.8324436402105925,-0.48885162359705775,window_end,0.02551731409000731,0,BREAKOUT 1d [lookback=20 swing=20 vol_mult=1.5] exit=3R,BTC<200D,2022,BREAKOUT
FTMUSDT,2022-11-30 00:00:00+00:00,2022-12-01 00:00:00+00:00,2022-12-31 00:00:00+00:00,0.24442214999999998,0.1543712027071934,708.3683843267032,173.31406441264824,141.3197759496942,-31.994288462954046,64.12635780771632,-0.49892570787957924,-0.18460295516916597,window_end,0.040499943254610905,0,BREAKOUT 1d [lookback=20 swing=20 vol_mult=1.5] exit=3R,BTC<200D,2022,BREAKOUT
ZECUSDT,2022-12-01 00:00:00+00:00,2022-12-02 00:00:00+00:00,2022-12-31 00:00:00+00:00,45.0225,35.19836326329453,6.409262627982735,288.84958769502106,238.70701731246837,-50.14257038255269,63.59231399899423,-0.7885004842463469,-0.1735940521247869,window_end,0.06806507151310374,0,BREAKOUT 1d [lookback=20 swing=20 vol_mult=1.5] exit=3R,BTC<200D,2022,BREAKOUT
FILUSDT,2022-12-02 00:00:00+00:00,2022-12-03 00:00:00+00:00,2022-12-16 00:00:00+00:00,4.652325,3.895694651740575,83.4705164898333,388.7203025991923,324.6880437882882,-64.03225881090407,64.03225881090407,-1.0,-0.1647257896815527,stop,0.09096945301633681,0,BREAKOUT 1d [lookback=20 swing=20 vol_mult=1.5] exit=3R,BTC<200D,2022,BREAKOUT
AXSUSDT,2022-12-05 00:00:00+00:00,2022-12-06 00:00:00+00:00,2022-12-31 00:00:00+00:00,8.804400000000001,5.600520671611099,19.655070696716113,173.22415554660952,118.5386114259666,-54.68554412064293,63.31058871296689,-0.8637661603270255,-0.31569236950864316,window_end,0.04100051222712547,0,BREAKOUT 1d [lookback=20 swing=20 vol_mult=1.5] exit=3R,BTC<200D,2022,BREAKOUT
EGLDUSDT,2022-12-06 00:00:00+00:00,2022-12-07 00:00:00+00:00,2022-12-16 00:00:00+00:00,45.43270499999999,38.364810934744405,8.780933368587585,399.3404969150556,336.3736986831006,-62.96679823195501,62.966798231954996,-1.0000000000000002,-0.15767696669478723,stop,0.09503616982955565,0,BREAKOUT 1d [lookback=20 swing=20 vol_mult=1.5] exit=3R,BTC<200D,2022,BREAKOUT
EOSUSDT,2022-12-09 00:00:00+00:00,2022-12-10 00:00:00+00:00,2022-12-31 00:00:00+00:00,1.032516,0.8004223550658884,262.42038447091755,271.22419893806625,225.86717495999574,-45.357023978070515,61.4920224722207,-0.7376082645283095,-0.16723074178358158,window_end,0.06609473102338884,0,BREAKOUT 1d [lookback=20 swing=20 vol_mult=1.5] exit=3R,BTC<200D,2022,BREAKOUT
DARUSDT,2022-12-13 00:00:00+00:00,2022-12-14 00:00:00+00:00,2022-12-19 00:00:00+00:00,0.15081537,0.11784620632016649,1830.2647143108059,276.3080821368152,215.3663263583536,-60.941755778461584,60.94175577846157,-1.0000000000000002,-0.22055726820283889,stop,0.06794160585646078,0,BREAKOUT 1d [lookback=20 swing=20 vol_mult=1.5] exit=3R,BTC<200D,2022,BREAKOUT
APEUSDT,2023-01-01 16:00:00+00:00,2023-01-01 20:00:00+00:00,2023-01-08 20:00:00+00:00,3.7658819999999995,3.5407780034301943,222.82009888142824,839.9533138154063,988.1033978063906,148.15008399098429,52.17984925291422,2.8392202375462054,0.1763789505371756,target_3R,0.2412178872581526,1,BREAKOUT 4h [lookback=20 swing=20 vol_mult=2.0] exit=3R,BTC<200D,2023,BREAKOUT
JASMYUSDT,2023-01-01 16:00:00+00:00,2023-01-01 20:00:00+00:00,2023-01-14 08:00:00+00:00,0.0032606295,0.0026718848920087965,87516.68767652402,285.64485307394096,439.27474584271033,153.62989276876937,52.16097232852855,2.94530346944365,0.5378353263344161,target_3R,0.08206120807614474,1,BREAKOUT 4h [lookback=20 swing=20 vol_mult=2.0] exit=3R,BTC<200D,2023,BREAKOUT
AXSUSDT,2023-01-01 20:00:00+00:00,2023-01-02 00:00:00+00:00,2023-01-12 00:00:00+00:00,6.333165,5.774390608570214,91.60052060482624,580.7013322873406,732.5731434499332,151.87181116259262,52.55728767697756,2.889643242170567,0.26153170781334445,target_3R,0.16556825039424078,1,BREAKOUT 4h [lookback=20 swing=20 vol_mult=2.0] exit=3R,BTC<200D,2023,BREAKOUT
ATOMUSDT,2023-01-02 00:00:00+00:00,2023-01-02 04:00:00+00:00,2023-01-09 00:00:00+00:00,9.634815,9.135874380065061,100.26096947136162,966.9618884697941,1114.395158346475,147.43326987668092,52.36376560355573,2.8155589686366933,0.15247061092551678,target_3R,0.27671689042306624,1,BREAKOUT 4h [lookback=20 swing=20 vol_mult=2.0] exit=3R,BTC<200D,2023,BREAKOUT
DOTUSDT,2023-01-02 00:00:00+00:00,2023-01-02 04:00:00+00:00,2023-01-12 00:00:00+00:00,4.444221,4.19977030066202,181.04199556590237,805.3952292144659,935.952597283079,130.55736806861307,46.200555091031426,2.825883104897093,0.16210347830834668,target_3R,0.23057019044706234,1,BREAKOUT 4h [lookback=20 swing=20 vol_mult=2.0] exit=3R,BTC<200D,2023,BREAKOUT
ADAUSDT,2023-01-08 20:00:00+00:00,2023-01-09 00:00:00+00:00,2023-02-02 00:00:00+00:00,0.29764874999999996,0.26197043307950285,1611.9679325797354,480.2800404126148,651.3589689110938,171.078928498479,58.62532376657431,2.9181745618950594,0.3562066171883863,target_3R,0.1227627096993546,1,BREAKOUT 4h [lookback=20 swing=20 vol_mult=2.0] exit=3R,BTC<200D,2023,BREAKOUT
ALGOUSDT,2023-01-08 20:00:00+00:00,2023-01-09 00:00:00+00:00,2023-01-28 00:00:00+00:00,0.19939964999999998,0.17865866354665652,2544.217311075639,507.8233573937758,664.6266673574007,156.80330996362494,53.958485248355466,2.9059991073119305,0.3087753008612337,target_3R,0.1298322197690706,1,BREAKOUT 4h [lookback=20 swing=20 vol_mult=2.0] exit=3R,BTC<200D,2023,BREAKOUT
APEUSDT,2023-01-09 00:00:00+00:00,2023-01-09 04:00:00+00:00,2023-03-09 20:00:00+00:00,4.70235,3.8231018821890124,68.3917410875724,321.9235056068492,261.07652192126153,-60.846983685587645,60.84698368558762,-1.0000000000000004,-0.18901068926572065,stop,0.07928130966153092,1,BREAKOUT 4h [lookback=20 swing=20 vol_mult=2.0] exit=3R,BTC<200D,2023,BREAKOUT
APTUSDT,2023-01-09 00:00:00+00:00,2023-01-09 04:00:00+00:00,2023-01-09 20:00:00+00:00,4.04992395,3.5349603798994447,116.03877701058718,470.41817036603027,648.2419522138612,177.8237818478309,60.840774724275036,2.922773134525529,0.3780121454693534,target_3R,0.11586347090589735,1,BREAKOUT 4h [lookback=20 swing=20 vol_mult=2.0] exit=3R,BTC<200D,2023,BREAKOUT
ARUSDT,2023-01-09 00:00:00+00:00,2023-01-09 04:00:00+00:00,2023-01-29 20:00:00+00:00,7.46373,6.3037683839729475,43.106027498713466,322.05348237359556,471.0283948007316,148.97491242713602,50.7305288232881,2.936592932947081,0.4625781759264409,target_3R,0.07933315642235265,1,BREAKOUT 4h [lookback=20 swing=20 vol_mult=2.0] exit=3R,BTC<200D,2023,BREAKOUT
CHZUSDT,2023-01-10 00:00:00+00:00,2023-01-10 04:00:00+00:00,2023-01-24 04:00:00+00:00,0.11795894999999999,0.10587842086604038,5095.663423148226,601.6801860549182,784.5758000881704,182.89561403325217,62.968400981505816,2.9045618307342704,0.3039747996896119,target_3R,0.1431858910768222,1,BREAKOUT 4h [lookback=20 swing=20 vol_mult=2.0] exit=3R,BTC<200D,2023,BREAKOUT
MASKUSDT,2023-01-10 00:00:00+00:00,2023-01-10 04:00:00+00:00,2023-01-31 16:00:00+00:00,2.7243614999999997,2.235316707236289,17.073817446045602,46.56176615894299,71.4575239810354,24.895757822092406,8.453605766890306,2.9449868504159515,0.53468242027393,target_3R,0.011084343236498692,1,BREAKOUT 4h [lookback=20 swing=20 vol_mult=2.0] exit=3R,BTC<200D,2023,BREAKOUT
AXSUSDT,2023-01-12 00:00:00+00:00,2023-01-12 04:00:00+00:00,2023-01-22 12:00:00+00:00,7.913955,6.798207826756122,58.619703099675945,464.37760613664005,659.13813460297,194.76052846632996,66.46624585446223,2.9302170742844003,0.419401206889858,target_3R,0.10469532763893516,1,BREAKOUT 4h [lookback=20 swing=20 vol_mult=2.0] exit=3R,BTC<200D,2023,BREAKOUT
BTCUSDT,2023-01-12 00:00:00+00:00,2023-01-12 04:00:00+00:00,2023-01-20 20:00:00+00:00,18233.79234,16840.91800845439,0.046266785169969266,844.4625719816397,1035.395498294828,190.93292631318832,66.45580953518916,2.873081039093911,0.2260999275138266,target_3R,0.19041652466408626,1,BREAKOUT 4h [lookback=20 swing=20 vol_mult=2.0] exit=3R,BTC<200D,2023,BREAKOUT
ETHUSDT,2023-01-12 00:00:00+00:00,2023-01-12 04:00:00+00:00,2023-03-18 12:00:00+00:00,1401.6904949999998,1255.330149443362,0.2563520532243848,359.6855626147326,471.177969260868,111.49240664613541,38.36165011914866,2.9063506470615215,0.3099718705294754,target_3R,0.08112809480197827,1,BREAKOUT 4h [lookback=20 swing=20 vol_mult=2.0] exit=3R,BTC<200D,2023,BREAKOUT
GMTUSDT,2023-01-14 08:00:00+00:00,2023-01-14 12:00:00+00:00,2023-05-08 00:00:00+00:00,0.5178588,0.2706038408975615,298.97149552358417,154.9798449259547,80.78152120647614,-74.19832371947855,74.19832371947855,-1.0,-0.47876111732418214,stop,0.031299565572005764,1,BREAKOUT 4h [lookback=20 swing=20 vol_mult=2.0] exit=3R,BTC>200D,2023,BREAKOUT
LAZIOUSDT,2023-01-14 08:00:00+00:00,2023-01-14 12:00:00+00:00,2023-02-25 20:00:00+00:00,3.6272127,3.169340218001677,78.30003738868938,284.29490091675564,247.78734246038655,-36.50755845636908,36.50755845636907,-1.0000000000000004,-0.12841439765062426,stop,0.05741893988897587,1,BREAKOUT 4h [lookback=20 swing=20 vol_mult=2.0] exit=3R,BTC>200D,2023,BREAKOUT
APTUSDT,2023-01-20 20:00:00+00:00,2023-01-21 00:00:00+00:00,2023-06-10 04:00:00+00:00,10.956975749999998,6.719788103629657,18.083214618588343,198.33548140197584,121.33315817135305,-77.00232323062279,77.00232323062279,-1.0,-0.3882428029836909,stop,0.03859701936482379,1,BREAKOUT 4h [lookback=20 swing=20 vol_mult=2.0] exit=3R,BTC>200D,2023,BREAKOUT
ATOMUSDT,2023-01-20 20:00:00+00:00,2023-01-21 00:00:00+00:00,2023-03-08 12:00:00+00:00,13.150571999999999,11.229401122954114,39.46199948505207,519.4668133576322,442.47014096677185,-76.99667239086034,76.99667239086037,-0.9999999999999997,-0.148222505097455,stop,0.10109810905680255,1,BREAKOUT 4h [lookback=20 swing=20 vol_mult=2.0] exit=3R,BTC>200D,2023,BREAKOUT
BANDUSDT,2023-01-20 20:00:00+00:00,2023-01-21 00:00:00+00:00,2023-03-07 12:00:00+00:00,1.9379685,1.6399486356974293,163.71572995516308,317.59320353522,268.0827941428992,-49.51040939232081,49.510409392320824,-0.9999999999999997,-0.15589253435277078,stop,0.06181904315383299,1,BREAKOUT 4h [lookback=20 swing=20 vol_mult=2.0] exit=3R,BTC>200D,2023,BREAKOUT
AVAXUSDT,2023-01-22 12:00:00+00:00,2023-01-22 16:00:00+00:00,2023-03-08 16:00:00+00:00,18.12906,15.438236477378622,29.894571741064667,542.5024452528337,460.8274194863579,-81.67502576647581,81.67502576647595,-0.9999999999999982,-0.1505523642910238,stop,0.09953357461758836,1,BREAKOUT 4h [lookback=20 swing=20 vol_mult=2.0] exit=3R,BTC>200D,2023,BREAKOUT
AXSUSDT,2023-01-22 12:00:00+00:00,2023-01-22 16:00:00+00:00,2023-03-08 20:00:00+00:00,11.435714999999998,7.851840723878923,10.189058592309829,116.63568935013632,79.88290089672974,-36.75278845340658,36.752788453406595,-0.9999999999999997,-0.3151075683453628,stop,0.021402484750901007,1,BREAKOUT 4h [lookback=20 swing=20 vol_mult=2.0] exit=3R,BTC>200D,2023,BREAKOUT
CHZUSDT,2023-01-24 04:00:00+00:00,2023-01-24 08:00:00+00:00,2023-01-25 00:00:00+00:00,0.1516758,0.13017087837206687,3847.04470728329,584.0870871965717,500.0222792872456,-84.06480790932608,84.06480790932605,-1.0000000000000004,-0.14392512649579337,stop,0.10411674007076847,1,BREAKOUT 4h [lookback=20 swing=20 vol_mult=2.0] exit=3R,BTC>200D,2023,BREAKOUT
QNTUSDT,2023-01-24 08:00:00+00:00,2023-01-24 12:00:00+00:00,2023-02-06 20:00:00+00:00,152.8764,134.42991673331431,1.3101330517145324,200.48871289159865,175.85698349650875,-24.631729395089906,24.63172939508991,-0.9999999999999999,-0.12285843447161,stop,0.036274565513257,1,BREAKOUT 4h [lookback=20 swing=20 vol_mult=2.0] exit=3R,BTC>200D,2023,BREAKOUT
DYDXUSDT,2023-01-25 12:00:00+00:00,2023-01-25 16:00:00+00:00,2023-01-31 20:00:00+00:00,1.9079534999999999,1.4662588981593674,179.63872554300355,343.08507747044825,579.907823534495,236.82274606404678,80.08316131024313,2.957210257304811,0.6902741087141734,target_3R,0.06419745353349471,1,BREAKOUT 4h [lookback=20 swing=20 vol_mult=2.0] exit=3R,BTC>200D,2023,BREAKOUT
OPUSDT,2023-01-25 16:00:00+00:00,2023-01-25 20:00:00+00:00,2023-03-11 08:00:00+00:00,2.3791889999999998,1.855054768360947,65.89658131212022,156.93720181679737,122.05846585154458,-34.87873596525279,34.878735965252766,-1.0000000000000007,-0.2222464499269518,stop,0.02914641850466635,1,BREAKOUT 4h [lookback=20 swing=20 vol_mult=2.0] exit=3R,BTC>200D,2023,BREAKOUT
GALAUSDT,2023-01-28 00:00:00+00:00,2023-01-28 04:00:00+00:00,2023-02-09 16:00:00+00:00,0.06148072499999999,0.04456601708614061,5140.1773493763785,316.3378518983062,228.73373026934928,-87.60412162895693,87.60412162895695,-0.9999999999999999,-0.27693215055756026,stop,0.05411078112398637,1,BREAKOUT 4h [lookback=20 swing=20 vol_mult=2.0] exit=3R,BTC>200D,2023,BREAKOUT
YFIIUSDT,2023-01-28 12:00:00+00:00,2023-01-28 16:00:00+00:00,2023-02-09 20:00:00+00:00,1351.6754999999998,1215.3271357465828,0.25741450117614034,348.2888154590945,312.37372059282717,-35.91509486626734,35.915094866267346,-0.9999999999999998,-0.10311871433174248,stop,0.06132246296048382,1,BREAKOUT 4h [lookback=20 swing=20 vol_mult=2.0] exit=3R,BTC>200D,2023,BREAKOUT
ETCUSDT,2023-01-30 00:00:00+00:00,2023-01-30 04:00:00+00:00,2023-01-30 16:00:00+00:00,23.081535,20.955503266438463,20.386765306716725,471.0283948007316,426.57431819401467,-44.45407660671691,44.45407660671684,-1.0000000000000016,-0.0943766386430338,stop,0.08076615756333348,1,BREAKOUT 4h [lookback=20 swing=20 vol_mult=2.0] exit=3R,BTC>200D,2023,BREAKOUT
SFPUSDT,2023-01-30 16:00:00+00:00,2023-01-30 20:00:00+00:00,2023-02-01 00:00:00+00:00,0.5122559999999999,0.4507158472231816,831.9046922319909,426.57431819401467,578.8654832651281,152.29116507111343,52.18393149167101,2.918353614185247,0.3570096899313294,target_3R,0.07730253159736047,1,BREAKOUT 4h [lookback=20 swing=20 vol_mult=2.0] exit=3R,BTC>200D,2023,BREAKOUT
FTMUSDT,2023-01-31 16:00:00+00:00,2023-01-31 20:00:00+00:00,2023-02-11 00:00:00+00:00,0.5394696,0.4268222013178933,132.3265256155161,71.4575239810354,56.39520734747871,-15.062316633556684,15.062316633556696,-0.9999999999999992,-0.21078699336901424,stop,0.01221210871653126,1,BREAKOUT 4h [lookback=20 swing=20 vol_mult=2.0] exit=3R,BTC>200D,2023,BREAKOUT
DYDXUSDT,2023-01-31 20:00:00+00:00,2023-02-01 00:00:00+00:00,2023-03-08 16:00:00+00:00,3.2226105,2.063289528144701,74.97845975647566,241.86799805673093,154.47029479681262,-87.3977032599183,87.39770325991827,-1.0000000000000002,-0.36134463410665385,stop,0.041470146698212876,1,BREAKOUT 4h [lookback=20 swing=20 vol_mult=2.0] exit=3R,BTC>200D,2023,BREAKOUT
ARUSDT,2023-02-01 00:00:00+00:00,2023-02-01 04:00:00+00:00,2023-02-25 20:00:00+00:00,11.335664999999999,9.581941094389897,49.913099651081225,566.3639749330298,477.547223256221,-88.81675167680879,88.8167516768088,-0.9999999999999999,-0.1568192109805554,stop,0.09555599018332667,1,BREAKOUT 4h [lookback=20 swing=20 vol_mult=2.0] exit=3R,BTC>200D,2023,BREAKOUT
SFPUSDT,2023-02-01 00:00:00+00:00,2023-02-01 04:00:00+00:00,2023-03-05 20:00:00+00:00,0.7139568,0.44716607764334293,331.1418124622708,236.6573697205347,147.85334638202013,-88.80402333851455,88.80402333851461,-0.9999999999999993,-0.3752430082502056,stop,0.03993416174465595,1,BREAKOUT 4h [lookback=20 swing=20 vol_mult=2.0] exit=3R,BTC>200D,2023,BREAKOUT
PHAUSDT,2023-02-01 16:00:00+00:00,2023-02-01 20:00:00+00:00,2023-03-09 20:00:00+00:00,0.16078035,0.1377497510539643,707.6125527493398,113.88396408932772,97.32729154113241,-16.55667254819531,16.556672548195305,-1.0000000000000002,-0.14538194802569984,stop,0.018977141327350913,1,BREAKOUT 4h [lookback=20 swing=20 vol_mult=2.0] exit=3R,BTC>200D,2023,BREAKOUT
BNBUSDT,2023-02-02 00:00:00+00:00,2023-02-02 04:00:00+00:00,2023-02-13 08:00:00+00:00,327.7638,299.1480251085962,1.9852963037725442,651.3589689110938,593.0069192748931,-58.35204963620072,58.35204963620072,-1.0,-0.08958508659787164,stop,0.10376789028684029,1,BREAKOUT 4h [lookback=20 swing=20 vol_mult=2.0] exit=3R,BTC>200D,2023,BREAKOUT
CHZUSDT,2023-02-07 08:00:00+00:00,2023-02-07 12:00:00+00:00,2023-02-12 20:00:00+00:00,0.150075,0.13309729426608313,1170.6233696106244,175.85698349650875,155.5731707985709,-20.283812697937833,20.28381269793784,-0.9999999999999997,-0.11534266251269187,stop,0.028990960216041296,1,BREAKOUT 4h [lookback=20 swing=20 vol_mult=2.0] exit=3R,BTC>200D,2023,BREAKOUT
CRVUSDT,2023-02-13 16:00:00+00:00,2023-02-13 20:00:00+00:00,2023-03-09 16:00:00+00:00,1.0655325,0.8667414808985655,388.4332986352896,414.30219208188475,336.16641394635775,-78.135778135527,78.13577813552708,-0.9999999999999991,-0.1885961011765148,stop,0.07945559262113211,1,BREAKOUT 4h [lookback=20 swing=20 vol_mult=2.0] exit=3R,BTC>200D,2023,BREAKOUT
HFTUSDT,2023-02-14 00:00:00+00:00,2023-02-14 04:00:00+00:00,2023-05-08 16:00:00+00:00,0.6169083,0.43833325966166725,436.6961435606754,269.67087701611274,191.13141213171937,-78.53946488439337,78.53946488439338,-0.9999999999999998,-0.29124192331565957,stop,0.05145212205171998,1,BREAKOUT 4h [lookback=20 swing=20 vol_mult=2.0] exit=3R,BTC>200D,2023,BREAKOUT
ADAUSDT,2023-02-14 12:00:00+00:00,2023-02-14 16:00:00+00:00,2023-03-03 00:00:00+00:00,0.37918949999999996,0.34086671433794674,1744.3738050609725,662.1096791851216,593.7073663565371,-68.40231282858451,68.40231282858453,-0.9999999999999998,-0.10330964034957063,stop,0.12169178884650107,1,BREAKOUT 4h [lookback=20 swing=20 vol_mult=2.0] exit=3R,BTC>200D,2023,BREAKOUT
MASKUSDT,2023-03-01 00:00:00+00:00,2023-03-01 04:00:00+00:00,2023-03-03 00:00:00+00:00,4.008003,3.3328783260530996,116.38013403050019,466.91837826098146,387.29919899438187,-79.61917926659959,79.61917926659956,-1.0000000000000004,-0.17052055128593993,stop,0.08787805852144558,1,BREAKOUT 4h [lookback=20 swing=20 vol_mult=2.0] exit=3R,BTC>200D,2023,BREAKOUT
UNIUSDT,2023-03-01 00:00:00+00:00,2023-03-01 04:00:00+00:00,2023-03-03 00:00:00+00:00,6.717357,6.210125706923144,38.4314886682664,258.41618745562613,238.30649850271337,-20.109688952912762,20.10968895291277,-0.9999999999999997,-0.07781899868933673,stop,0.04864362873840809,1,BREAKOUT 4h [lookback=20 swing=20 vol_mult=2.0] exit=3R,BTC>200D,2023,BREAKOUT
EOSUSDT,2023-03-03 08:00:00+00:00,2023-03-03 12:00:00+00:00,2023-03-08 20:00:00+00:00,1.2726359999999999,1.1030222671429006,427.4526189714317,544.5355827885242,470.7827579836065,-73.75282480491768,73.75282480491772,-0.9999999999999994,-0.1354416995621025,stop,0.11063811982176196,1,BREAKOUT 4h [lookback=20 swing=20 vol_mult=2.0] exit=3R,BTC>200D,2023,BREAKOUT
TWTUSDT,2023-03-04 08:00:00+00:00,2023-03-04 12:00:00+00:00,2023-03-08 04:00:00+00:00,1.3690842,1.2078523160961838,447.15328191438294,612.8026837403746,539.2852545670455,-73.5174291733291,73.51742917332903,-1.0000000000000009,-0.11996916972458324,stop,0.12490721590735805,1,BREAKOUT 4h [lookback=20 swing=20 vol_mult=2.0] exit=3R,BTC>200D,2023,BREAKOUT
QNTUSDT,2023-03-05 00:00:00+00:00,2023-03-05 04:00:00+00:00,2023-03-08 12:00:00+00:00,129.36465,117.83288383905773,0.4785919835155384,61.974797324733686,56.30931098642763,-5.665486338306053,5.665486338306053,-1.0,-0.09141597202198512,stop,0.012793757693760541,1,BREAKOUT 4h [lookback=20 swing=20 vol_mult=2.0] exit=3R,BTC>200D,2023,BREAKOUT
MASKUSDT,2023-03-06 12:00:00+00:00,2023-03-06 16:00:00+00:00,2023-03-09 20:00:00+00:00,3.5277629999999998,3.0202966861520686,41.86949087602508,147.85334638202013,126.26866034605952,-21.584686035960615,21.58468603596062,-0.9999999999999999,-0.14598713227761914,stop,0.030427558449318364,1,BREAKOUT 4h [lookback=20 swing=20 vol_mult=2.0] exit=3R,BTC>200D,2023,BREAKOUT
UNIUSDT,2023-03-07 12:00:00+00:00,2023-03-07 16:00:00+00:00,2023-03-09 16:00:00+00:00,6.451224,5.955220357715699,41.51382422370321,268.0827941428992,246.85325879889862,-21.229535344000595,21.22953534400058,-1.0000000000000007,-0.07919021961806462,stop,0.056683441818919246,1,BREAKOUT 4h [lookback=20 swing=20 vol_mult=2.0] exit=3R,BTC>200D,2023,BREAKOUT
BNBUSDT,2023-03-08 12:00:00+00:00,2023-03-08 16:00:00+00:00,2023-03-09 16:00:00+00:00,292.84635,281.5605516819631,3.5412006290718794,1038.064706520245,995.5673076650876,-42.49739885515737,42.4973988551575,-0.999999999999997,-0.04093906534749196,stop,0.22678005400686235,1,BREAKOUT 4h [lookback=20 swing=20 vol_mult=2.0] exit=3R,BTC>200D,2023,BREAKOUT
APEUSDT,2023-03-12 20:00:00+00:00,2023-03-13 00:00:00+00:00,2023-05-08 00:00:00+00:00,4.5152565,3.506075437561808,64.46272024607529,291.35678231537173,225.67225635862312,-65.68452595674862,65.68452595674866,-0.9999999999999993,-0.22544361395936227,stop,0.06646901512018932,1,BREAKOUT 4h [lookback=20 swing=20 vol_mult=2.0] exit=3R,BTC>200D,2023,BREAKOUT
AVAXUSDT,2023-03-12 20:00:00+00:00,2023-03-13 00:00:00+00:00,2023-06-05 16:00:00+00:00,16.178085,13.625636210880973,25.367513971934418,410.8081950739192,345.1302170048431,-65.67797806907612,65.67797806907615,-0.9999999999999996,-0.15987504352793713,stop,0.09372954436379212,1,BREAKOUT 4h [lookback=20 swing=20 vol_mult=2.0] exit=3R,BTC>200D,2023,BREAKOUT
DYDXUSDT,2023-03-12 20:00:00+00:00,2023-03-13 00:00:00+00:00,2023-06-10 04:00:00+00:00,2.2341165,1.6938333285642795,120.48744951338836,269.45218199977865,203.7796312158228,-65.67255078395584,65.67255078395584,-1.0,-0.2437261791556388,stop,0.06148299307414919,1,BREAKOUT 4h [lookback=20 swing=20 vol_mult=2.0] exit=3R,BTC>200D,2023,BREAKOUT
ETCUSDT,2023-03-12 20:00:00+00:00,2023-03-13 00:00:00+00:00,2023-06-10 04:00:00+00:00,18.739365,15.842200726362403,22.33813335469276,419.02103678661433,353.3545416112042,-65.66649517541015,65.66649517541012,-1.0000000000000004,-0.1567140773623036,stop,0.09562009512630755,1,BREAKOUT 4h [lookback=20 swing=20 vol_mult=2.0] exit=3R,BTC>200D,2023,BREAKOUT
SOLUSDT,2023-03-12 20:00:00+00:00,2023-03-13 00:00:00+00:00,2023-06-10 04:00:00+00:00,20.200095,15.615699826178586,14.186164924340916,286.84844103651164,221.19471356690303,-65.65372746960861,65.65372746960863,-0.9999999999999998,-0.22887949898689477,stop,0.065471197950643,1,BREAKOUT 4h [lookback=20 swing=20 vol_mult=2.0] exit=3R,BTC>200D,2023,BREAKOUT
ADAUSDT,2023-03-13 00:00:00+00:00,2023-03-13 04:00:00+00:00,2023-06-09 20:00:00+00:00,0.33726855,0.29320595884582934,1461.1923701708456,493.30704619054285,427.7878787043766,-65.51916748616622,65.51916748616628,-0.9999999999999991,-0.1328162003606554,stop,0.11282520463862056,1,BREAKOUT 4h [lookback=20 swing=20 vol_mult=2.0] exit=3R,BTC>200D,2023,BREAKOUT
BNBUSDT,2023-03-13 04:00:00+00:00,2023-03-13 08:00:00+00:00,2023-06-07 12:00:00+00:00,304.9524,261.75493459092684,1.5008260672794969,458.1381917106434,392.2595525538075,-65.8786391568359,65.87863915683597,-0.9999999999999989,-0.14379643598550795,stop,0.10420991926757618,1,BREAKOUT 4h [lookback=20 swing=20 vol_mult=2.0] exit=3R,BTC>200D,2023,BREAKOUT
PHAUSDT,2023-03-13 08:00:00+00:00,2023-03-13 12:00:00+00:00,2023-05-08 04:00:00+00:00,0.15257625,0.12733105324914717,2517.1312123270554,384.43849557595064,320.02836523374305,-64.4101303422076,64.41013034220764,-0.9999999999999993,-0.16754339402382393,stop,0.08943960501888945,1,BREAKOUT 4h [lookback=20 swing=20 vol_mult=2.0] exit=3R,BTC>200D,2023,BREAKOUT
ALGOUSDT,2023-03-13 12:00:00+00:00,2023-03-13 16:00:00+00:00,2023-04-26 16:00:00+00:00,0.20720355,0.1751902428580976,1629.1870925730832,337.9109225445167,284.98969859438387,-52.921223950132855,52.92122395013289,-0.9999999999999993,-0.1566129426998944,stop,0.07537807209479416,1,BREAKOUT 4h [lookback=20 swing=20 vol_mult=2.0] exit=3R,BTC>200D,2023,BREAKOUT
AXSUSDT,2023-03-19 00:00:00+00:00,2023-03-19 04:00:00+00:00,2023-04-26 20:00:00+00:00,9.64482,7.49028661538014,33.01342479137611,318.72694823605644,246.90921746194624,-71.8177307741102,71.81773077411017,-1.0000000000000004,-0.2253268233877744,stop,0.0665034670959997,1,BREAKOUT 4h [lookback=20 swing=20 vol_mult=2.0] exit=3R,BTC>200D,2023,BREAKOUT
EOSUSDT,2023-03-20 08:00:00+00:00,2023-03-20 12:00:00+00:00,2023-03-22 16:00:00+00:00,1.2056025,1.071454563196531,126.32581825478054,152.45102102481155,135.14941353317954,-17.301607491632012,17.301607491632,-1.0000000000000007,-0.11348961374824874,stop,0.032496612153837055,1,BREAKOUT 4h [lookback=20 swing=20 vol_mult=2.0] exit=3R,BTC>200D,2023,BREAKOUT
LTCUSDT,2023-03-22 20:00:00+00:00,2023-03-23 00:00:00+00:00,2023-05-08 16:00:00+00:00,87.29362499999999,75.25908367200775,1.5466696352001137,135.14941353317954,116.2263962797161,-18.923017253463442,18.923017253463446,-0.9999999999999998,-0.14001553361397157,stop,0.02983480075461038,1,BREAKOUT 4h [lookback=20 swing=20 vol_mult=2.0] exit=3R,BTC>200D,2023,BREAKOUT
JASMYUSDT,2023-04-28 04:00:00+00:00,2023-04-28 08:00:00+00:00,2023-05-10 08:00:00+00:00,0.0069144555,0.005679402213070982,53634.52264399957,371.224373605763,304.15526086744813,-67.06911273831486,67.0691127383148,-1.0000000000000009,-0.1806700138971523,stop,0.08294135070773465,1,BREAKOUT 4h [lookback=20 swing=20 vol_mult=2.0] exit=3R,BTC>200D,2023,BREAKOUT
TWTUSDT,2023-04-30 12:00:00+00:00,2023-04-30 16:00:00+00:00,2023-05-01 00:00:00+00:00,1.20730335,1.1429744516404576,132.95252466759493,160.67454245056712,151.73347294836398,-8.941069502203135,8.941069502203177,-0.9999999999999952,-0.05564708239299285,stop,0.03578124000607935,1,BREAKOUT 4h [lookback=20 swing=20 vol_mult=2.0] exit=3R,BTC>200D,2023,BREAKOUT
CRVUSDT,2023-05-03 16:00:00+00:00,2023-05-03 20:00:00+00:00,2023-05-08 00:00:00+00:00,0.9604799999999999,0.8648456033169245,157.8188937378256,151.73347294836398,136.2843111494333,-15.449161798930675,15.449161798930685,-0.9999999999999993,-0.1018177564826987,stop,0.03563883821425446,1,BREAKOUT 4h [lookback=20 swing=20 vol_mult=2.0] exit=3R,BTC>200D,2023,BREAKOUT
ETHUSDT,2023-05-15 00:00:00+00:00,2023-05-15 04:00:00+00:00,2023-06-10 04:00:00+00:00,1827.0130499999998,1727.6943363357423,0.5641627499797007,1031.763439243337,973.2392240800531,-58.524215163283884,58.524215163283856,-1.0000000000000004,-0.0567225130657893,stop,0.2641810839310788,1,BREAKOUT 4h [lookback=20 swing=20 vol_mult=2.0] exit=3R,BTC>200D,2023,BREAKOUT
LTCUSDT,2023-05-15 00:00:00+00:00,2023-05-15 04:00:00+00:00,2023-06-10 04:00:00+00:00,85.412685,76.2415911114701,4.006125203460684,342.516083983822,304.9753623807289,-37.54072160309312,37.540721603093125,-0.9999999999999998,-0.10960279928012452,stop,0.08773548587841633,1,BREAKOUT 4h [lookback=20 swing=20 vol_mult=2.0] exit=3R,BTC>200D,2023,BREAKOUT
XRPUSDT,2023-06-13 08:00:00+00:00,2023-06-13 12:00:00+00:00,2023-06-14 20:00:00+00:00,0.56198085,0.465540442260876,513.2607447521673,288.7311523170634,238.585338127727,-50.14581418933639,50.14581418933639,-1.0,-0.17367649381411374,stop,0.08628119243962558,1,BREAKOUT 4h [lookback=20 swing=20 vol_mult=2.0] exit=3R,BTC>200D,2023,BREAKOUT
PHAUSDT,2023-06-14 08:00:00+00:00,2023-06-14 12:00:00+00:00,2023-08-05 08:00:00+00:00,0.10205099999999999,0.09134638127682151,4544.096560722322,464.1933277163918,414.4643543723314,-49.72897334406042,49.72897334406046,-0.9999999999999991,-0.10712987536616064,stop,0.1398770878225844,1,BREAKOUT 4h [lookback=20 swing=20 vol_mult=2.0] exit=3R,BTC>200D,2023,BREAKOUT
MDXUSDT,2023-06-14 12:00:00+00:00,2023-06-14 16:00:00+00:00,2023-07-11 20:00:00+00:00,0.059929949999999996,0.054459619899392575,8880.505260163482,532.7404444525507,676.9295417063457,144.189097253795,49.83670506649518,2.8932309441687427,0.2706554359730753,target_3R,0.16018562087107172,1,BREAKOUT 4h [lookback=20 swing=20 vol_mult=2.0] exit=3R,BTC>200D,2023,BREAKOUT
TWTUSDT,2023-06-14 12:00:00+00:00,2023-06-14 16:00:00+00:00,2023-10-14 12:00:00+00:00,0.79289625,0.6996937291315779,524.3648667003787,416.18270337491856,561.5400249459692,145.35732157105065,49.83805313385405,2.916593093647797,0.3492632451861061,target_3R,0.12513538660563894,1,BREAKOUT 4h [lookback=20 swing=20 vol_mult=2.0] exit=3R,BTC>200D,2023,BREAKOUT
DOTUSDT,2023-06-14 16:00:00+00:00,2023-06-14 20:00:00+00:00,2023-06-15 08:00:00+00:00,4.726362,4.369678087841032,137.48719365698886,650.4640618346201,599.873915702867,-50.59014613175316,50.590146131753166,-0.9999999999999999,-0.0777754669321234,stop,0.19267020277863178,1,BREAKOUT 4h [lookback=20 swing=20 vol_mult=2.0] exit=3R,BTC>200D,2023,BREAKOUT
JASMYUSDT,2023-06-14 16:00:00+00:00,2023-06-14 20:00:00+00:00,2023-08-17 20:00:00+00:00,0.003623811,0.0032192649386606318,122459.74701787002,444.21474927887505,393.639221532107,-50.575527746768046,50.575527746768095,-0.999999999999999,-0.11385377867094879,stop,0.1316163166470169,1,BREAKOUT 4h [lookback=20 swing=20 vol_mult=2.0] exit=3R,BTC>200D,2023,BREAKOUT
LINKUSDT,2023-06-14 16:00:00+00:00,2023-06-14 20:00:00+00:00,2023-07-13 16:00:00+00:00,5.4497235,4.9451337743816515,97.71620567658681,533.058828708935,679.4257537380566,146.3669250291216,50.56370766686058,2.894703173142708,0.27457930934869107,target_3R,0.15797683565307827,1,BREAKOUT 4h [lookback=20 swing=20 vol_mult=2.0] exit=3R,BTC>200D,2023,BREAKOUT
UNIUSDT,2023-06-14 16:00:00+00:00,2023-06-14 20:00:00+00:00,2023-08-01 16:00:00+00:00,4.587292499999999,3.8878508480654386,2.9332239114222403,13.469011605737592,19.581007169715797,6.111995563978205,2.082174737787657,2.935390317179765,0.4537820400551581,target_3R,0.003992494371089156,1,BREAKOUT 4h [lookback=20 swing=20 vol_mult=2.0] exit=3R,BTC>200D,2023,BREAKOUT
BANDUSDT,2023-06-15 08:00:00+00:00,2023-06-15 12:00:00+00:00,2023-07-20 12:00:00+00:00,1.0835415,0.9422272183374328,330.0774363140657,358.01025306035706,496.84043681859737,138.8301837582403,47.46866481921266,2.9246700805043417,0.38778270334854037,target_3R,0.11301748274004732,1,BREAKOUT 4h [lookback=20 swing=20 vol_mult=2.0] exit=3R,BTC>200D,2023,BREAKOUT
QNTUSDT,2023-06-16 12:00:00+00:00,2023-06-16 16:00:00+00:00,2023-08-17 20:00:00+00:00,107.75385,94.33717193314968,3.5854534975763976,386.7327647781823,337.73434986536023,-48.99841491282206,48.99841491282207,-0.9999999999999997,-0.12669838031676992,stop,0.1182731377271723,1,BREAKOUT 4h [lookback=20 swing=20 vol_mult=2.0] exit=3R,BTC>200D,2023,BREAKOUT
SFPUSDT,2023-06-17 00:00:00+00:00,2023-06-17 04:00:00+00:00,2023-06-20 16:00:00+00:00,0.37978979999999996,0.3330003447422068,246.51165823483404,93.71623599205464,128.0327785237277,34.316542531673065,11.750860473410999,2.9203429492948256,0.36617499805031073,target_3R,0.028188236426216325,1,BREAKOUT 4h [lookback=20 swing=20 vol_mult=2.0] exit=3R,BTC>200D,2023,BREAKOUT
AVAXUSDT,2023-06-20 16:00:00+00:00,2023-06-20 20:00:00+00:00,2023-07-14 00:00:00+00:00,11.905949999999999,11.066259767451127,10.742937241469823,128.0327785237277,154.73471890717428,26.701940383446583,9.32691110339999,2.862892128746974,0.20855550189046348,target_3R,0.03758114954302816,1,BREAKOUT 4h [lookback=20 swing=20 vol_mult=2.0] exit=3R,BTC>200D,2023,BREAKOUT
GMTUSDT,2023-07-12 00:00:00+00:00,2023-07-12 04:00:00+00:00,2023-07-17 16:00:00+00:00,0.22231109999999998,0.20374009496443254,2838.2802659035165,631.6121892293245,787.9270883687917,156.31489913946723,54.20781641908799,2.8836228696425534,0.24748556440970257,target_3R,0.17460061565930876,1,BREAKOUT 4h [lookback=20 swing=20 vol_mult=2.0] exit=3R,BTC>200D,2023,BREAKOUT
SOLUSDT,2023-07-12 12:00:00+00:00,2023-07-12 16:00:00+00:00,2023-07-14 00:00:00+00:00,22.43121,20.199207754578595,2.0182629647096446,45.317352477021245,58.69823262285859,13.380880145837345,4.611170135214262,2.901840477247017,0.29527056225586645,target_3R,0.012555760845435015,1,BREAKOUT 4h [lookback=20 swing=20 vol_mult=2.0] exit=3R,BTC>200D,2023,BREAKOUT
ADAUSDT,2023-07-13 16:00:00+00:00,2023-07-13 20:00:00+00:00,2023-08-15 16:00:00+00:00,0.3479739,0.2801041821759404,840.0112059513801,292.5942773539835,234.93783352917023,-57.656443824813266,57.65644382481328,-0.9999999999999998,-0.197052534130939,stop,0.07604578672942934,1,BREAKOUT 4h [lookback=20 swing=20 vol_mult=2.0] exit=3R,BTC>200D,2023,BREAKOUT
ALGOUSDT,2023-07-13 16:00:00+00:00,2023-07-13 20:00:00+00:00,2023-08-16 20:00:00+00:00,0.11595794999999999,0.1011477770369018,3332.630762726665,386.83147638407314,336.58272958869145,-50.24874679538169,50.248746795381656,-1.0000000000000007,-0.12989828869430275,stop,0.10054967441775213,1,BREAKOUT 4h [lookback=20 swing=20 vol_mult=2.0] exit=3R,BTC>200D,2023,BREAKOUT
APEUSDT,2023-07-14 00:00:00+00:00,2023-07-14 04:00:00+00:00,2023-08-01 00:00:00+00:00,2.0870429999999995,1.7774758076441675,102.16355475102081,213.43295153003288,181.32094791900403,-32.112003611028854,32.11200361102888,-0.9999999999999991,-0.1504547605270326,stop,0.05456892554137677,1,BREAKOUT 4h [lookback=20 swing=20 vol_mult=2.0] exit=3R,BTC>200D,2023,BREAKOUT
GMTUSDT,2023-07-17 16:00:00+00:00,2023-07-17 20:00:00+00:00,2023-07-24 08:00:00+00:00,0.27223605,0.2126644131926149,949.1733009733435,258.6575894126666,201.55270092268051,-57.10488848998608,57.10488848998613,-0.9999999999999991,-0.22077406899080002,stop,0.06787488699879614,1,BREAKOUT 4h [lookback=20 swing=20 vol_mult=2.0] exit=3R,BTC>200D,2023,BREAKOUT
LINKUSDT,2023-07-17 20:00:00+00:00,2023-07-18 00:00:00+00:00,2023-08-17 20:00:00+00:00,7.1895929999999995,6.358804693614188,68.11863506637742,490.2350071046243,432.503583314647,-57.73142378997727,57.73142378997734,-0.9999999999999988,-0.11776275246222151,stop,0.1272474927063393,1,BREAKOUT 4h [lookback=20 swing=20 vol_mult=2.0] exit=3R,BTC>200D,2023,BREAKOUT
XMRUSDT,2023-07-17 20:00:00+00:00,2023-07-18 00:00:00+00:00,2023-08-16 00:00:00+00:00,168.18404999999998,154.19316246138354,0.23186203659113713,39.034491851500775,35.697931241479715,-3.33656061002106,3.3365606100210554,-1.0000000000000013,-0.08547723953252329,stop,0.010133893405171616,1,BREAKOUT 4h [lookback=20 swing=20 vol_mult=2.0] exit=3R,BTC>200D,2023,BREAKOUT
DOTUSDT,2023-07-21 00:00:00+00:00,2023-07-21 04:00:00+00:00,2023-08-01 00:00:00+00:00,5.660829,5.037064187272371,87.68046035763871,496.84043681859737,440.98984945688363,-55.850587361713735,55.85058736171372,-1.0000000000000002,-0.11241151730591824,stop,0.12474279321885784,1,BREAKOUT 4h [lookback=20 swing=20 vol_mult=2.0] exit=3R,BTC>200D,2023,BREAKOUT
SOLUSDT,2023-07-26 16:00:00+00:00,2023-07-26 20:00:00+00:00,2023-08-05 16:00:00+00:00,25.382685,22.413790667588557,7.932626102128575,201.55270092268051,177.5336094661233,-24.01909145655722,24.01909145655725,-0.9999999999999988,-0.1191702782775975,stop,0.05231243347407865,1,BREAKOUT 4h [lookback=20 swing=20 vol_mult=2.0] exit=3R,BTC>200D,2023,BREAKOUT
BNBUSDT,2023-08-01 04:00:00+00:00,2023-08-01 08:00:00+00:00,2023-08-02 16:00:00+00:00,245.62275,236.11472028910413,2.531072990053324,622.3107973758877,596.727454502926,-25.58334287296168,25.583342872961644,-1.0000000000000013,-0.041110234597952586,stop,0.16520028596292796,1,BREAKOUT 4h [lookback=20 swing=20 vol_mult=2.0] exit=3R,BTC>200D,2023,BREAKOUT
BTCUSDT,2023-08-01 20:00:00+00:00,2023-08-02 00:00:00+00:00,2023-08-17 00:00:00+00:00,29720.842995,28462.289339087245,0.0006581726409066751,19.581007169715797,18.70500985689619,-0.8759973128196066,0.875997312819603,-1.000000000000004,-0.04473709167393768,stop,0.005090635051913314,1,BREAKOUT 4h [lookback=20 swing=20 vol_mult=2.0] exit=3R,BTC>200D,2023,BREAKOUT
YFIIUSDT,2023-08-04 16:00:00+00:00,2023-08-04 20:00:00+00:00,2023-08-15 04:00:00+00:00,757.7787,712.1355227300811,0.7866826069137948,596.727454502926,559.3845726652871,-37.342881837638856,37.34288183763892,-0.9999999999999983,-0.06257945994582315,stop,0.16397563069233195,1,BREAKOUT 4h [lookback=20 swing=20 vol_mult=2.0] exit=3R,BTC>200D,2023,BREAKOUT
CRVUSDT,2023-08-05 08:00:00+00:00,2023-08-05 12:00:00+00:00,2023-08-16 20:00:00+00:00,0.644322,0.5290038526070042,463.6238438844087,299.0217653816292,244.8910340053573,-54.13073137627191,54.13073137627191,-1.0,-0.1810260577760521,stop,0.0827782208214079,1,BREAKOUT 4h [lookback=20 swing=20 vol_mult=2.0] exit=3R,BTC>200D,2023,BREAKOUT
APEUSDT,2023-08-05 20:00:00+00:00,2023-08-06 00:00:00+00:00,2023-08-16 20:00:00+00:00,1.8479234999999998,1.731168488416513,158.38508192675923,292.9761984568255,273.7801130682045,-19.196085388620986,19.196085388620975,-1.0000000000000007,-0.06552097231697072,stop,0.08090789390393803,1,BREAKOUT 4h [lookback=20 swing=20 vol_mult=2.0] exit=3R,BTC>200D,2023,BREAKOUT
PHAUSDT,2023-08-20 12:00:00+00:00,2023-08-20 16:00:00+00:00,2023-12-23 20:00:00+00:00,0.09204599999999999,0.07907324746921457,3781.5621161689605,348.4257442114329,494.50684849555995,146.08110428412704,49.8537282647475,2.9301941774217055,0.41926036382513,target_3R,0.10472967980341209,1,BREAKOUT 4h [lookback=20 swing=20 vol_mult=2.0] exit=3R,BTC<200D,2023,BREAKOUT
SFPUSDT,2023-08-20 16:00:00+00:00,2023-08-20 20:00:00+00:00,2023-12-23 16:00:00+00:00,0.4926462,0.3764639521827297,424.75577914657987,209.46357484512637,356.76579041309816,147.30221556797179,49.79811342152554,2.9579878723738857,0.7032354703049655,target_3R,0.06303079759869487,1,BREAKOUT 4h [lookback=20 swing=20 vol_mult=2.0] exit=3R,BTC<200D,2023,BREAKOUT
OPUSDT,2023-08-21 12:00:00+00:00,2023-08-21 16:00:00+00:00,2023-08-31 16:00:00+00:00,1.5257625,1.38034364113332,328.63513407799815,501.92058292244025,452.9492002659033,-48.971382656536946,48.97138265653691,-1.0000000000000007,-0.09756799048048662,stop,0.1535853604365457,1,BREAKOUT 4h [lookback=20 swing=20 vol_mult=2.0] exit=3R,BTC<200D,2023,BREAKOUT
NEARUSDT,2023-08-23 04:00:00+00:00,2023-08-23 08:00:00+00:00,2023-09-12 16:00:00+00:00,1.1845919999999999,1.0813642740589282,469.08521810646516,556.2302712838608,506.49137198094564,-49.73889930291517,49.73889930291516,-1.0000000000000002,-0.08942141747897056,stop,0.1675774708954826,1,BREAKOUT 4h [lookback=20 swing=20 vol_mult=2.0] exit=3R,BTC<200D,2023,BREAKOUT
DYDXUSDT,2023-08-23 08:00:00+00:00,2023-08-23 12:00:00+00:00,2023-10-12 08:00:00+00:00,2.0060024999999997,1.819538347375501,259.7434480919083,521.5670522372191,471.9044808429231,-49.66257139429598,49.66257139429612,-0.9999999999999971,-0.0952179996440965,stop,0.1573758642381227,1,BREAKOUT 4h [lookback=20 swing=20 vol_mult=2.0] exit=3R,BTC<200D,2023,BREAKOUT
LINKUSDT,2023-08-23 12:00:00+00:00,2023-08-23 16:00:00+00:00,2023-08-31 16:00:00+00:00,6.359177999999999,5.804478678119339,87.61162339253706,557.6950459301289,507.77724450739674,-49.91780142273217,49.91780142273225,-0.9999999999999983,-0.08950734238544078,stop,0.16741660053413024,1,BREAKOUT 4h [lookback=20 swing=20 vol_mult=2.0] exit=3R,BTC<200D,2023,BREAKOUT
BTCUSDT,2023-08-23 16:00:00+00:00,2023-08-23 20:00:00+00:00,2023-09-11 12:00:00+00:00,26645.326004999995,25151.79561696009,0.006469492078240426,172.55410723699254,162.47534484337066,-10.078762393621872,10.07876239362188,-0.9999999999999993,-0.058409287121629086,stop,0.050383633833378065,1,BREAKOUT 4h [lookback=20 swing=20 vol_mult=2.0] exit=3R,BTC<200D,2023,BREAKOUT
HFTUSDT,2023-09-02 16:00:00+00:00,2023-09-02 20:00:00+00:00,2023-09-10 04:00:00+00:00,0.33736859999999996,0.30376118494879006,1391.9034470869967,470.054101796193,422.17224246393965,-47.88185933225333,47.881859332253256,-1.0000000000000016,-0.10186457080000982,stop,0.14710723136933457,1,BREAKOUT 4h [lookback=20 swing=20 vol_mult=2.0] exit=3R,BTC<200D,2023,BREAKOUT
LUNAUSDT,2023-09-04 12:00:00+00:00,2023-09-04 16:00:00+00:00,2023-09-11 08:00:00+00:00,0.43811895,0.3818574761940092,829.7446636258658,363.89038765666334,316.3690952550154,-47.52129240164794,47.521292401647976,-0.9999999999999992,-0.13059232673792162,stop,0.11474651964113908,1,BREAKOUT 4h [lookback=20 swing=20 vol_mult=2.0] exit=3R,BTC<200D,2023,BREAKOUT
JASMYUSDT,2023-09-05 08:00:00+00:00,2023-09-05 12:00:00+00:00,2023-09-14 04:00:00+00:00,0.00370185,0.003412128111162464,34214.05514011192,126.78195532044373,116.56768360279752,-10.214271717646213,10.214271717646223,-0.999999999999999,-0.08056565851054634,stop,0.039612942509194934,1,BREAKOUT 4h [lookback=20 swing=20 vol_mult=2.0] exit=3R,BTC<200D,2023,BREAKOUT
OPUSDT,2023-09-12 00:00:00+00:00,2023-09-12 04:00:00+00:00,2023-10-09 16:00:00+00:00,1.3376685,1.1905090025996155,306.57669538434953,410.5080862379894,364.4350248597026,-46.07306137828681,46.07306137828691,-0.9999999999999979,-0.11223423587221677,stop,0.1335155433505691,1,BREAKOUT 4h [lookback=20 swing=20 vol_mult=2.0] exit=3R,BTC<200D,2023,BREAKOUT
BTCUSDT,2023-09-12 08:00:00+00:00,2023-09-12 12:00:00+00:00,2023-10-20 08:00:00+00:00,26112.029489999997,24748.10191633811,0.01876600889770938,490.5085963243362,565.9550845855604,75.44648826122415,26.781898000511404,2.8170702561776424,0.1538127747945463,target_3R,0.16061642346107666,1,BREAKOUT 4h [lookback=20 swing=20 vol_mult=2.0] exit=3R,BTC<200D,2023,BREAKOUT
AXSUSDT,2023-09-14 12:00:00+00:00,2023-09-14 16:00:00+00:00,2023-11-11 16:00:00+00:00,4.6023,3.9881311537250963,73.85314163003018,340.2342080376117,475.255494259436,135.02128622182425,46.13984985681182,2.926348625772359,0.3968480623997047,target_3R,0.11049916117370326,1,BREAKOUT 4h [lookback=20 swing=20 vol_mult=2.0] exit=3R,BTC<200D,2023,BREAKOUT
ENSUSDT,2023-09-14 12:00:00+00:00,2023-09-14 16:00:00+00:00,2023-10-12 08:00:00+00:00,7.62381,6.922351830760524,37.060512426318425,282.8248475461315,256.1612154571367,-26.663632088994802,26.663632088994834,-0.9999999999999988,-0.09427612998057289,stop,0.09184727316052697,1,BREAKOUT 4h [lookback=20 swing=20 vol_mult=2.0] exit=3R,BTC<200D,2023,BREAKOUT
ATOMUSDT,2023-10-10 04:00:00+00:00,2023-10-10 08:00:00+00:00,2023-10-11 00:00:00+00:00,7.213604999999999,6.504841284854231,50.470042912773415,364.4350248597026,327.8073335090016,-36.627691350701014,36.62769135070106,-0.9999999999999987,-0.10050540933819865,stop,0.11716886605700777,1,BREAKOUT 4h [lookback=20 swing=20 vol_mult=2.0] exit=3R,BTC<200D,2023,BREAKOUT
KLAYUSDT,2023-10-14 00:00:00+00:00,2023-10-14 04:00:00+00:00,2023-11-12 16:00:00+00:00,0.12836414999999998,0.11590468465726114,3519.5570431285832,452.2367331659315,582.4656263720159,130.22889320608436,44.91527970612157,2.899434091430923,0.2879661992390647,target_3R,0.15087903866135985,1,BREAKOUT 4h [lookback=20 swing=20 vol_mult=2.0] exit=3R,BTC<200D,2023,BREAKOUT
TWTUSDT,2023-10-14 12:00:00+00:00,2023-10-14 16:00:00+00:00,2023-11-06 12:00:00+00:00,1.0693344,0.8887716318905763,249.53499759001306,267.103193283845,401.4037378253218,134.30054454147682,45.65612481267734,2.9415668783213413,0.5028039646038917,target_3R,0.08766721596118433,1,BREAKOUT 4h [lookback=20 swing=20 vol_mult=2.0] exit=3R,BTC<200D,2023,BREAKOUT
BANDUSDT,2023-10-15 12:00:00+00:00,2023-10-15 16:00:00+00:00,2023-12-31 20:00:00+00:00,1.3936965,0.9794165205662939,109.5339736260091,152.8097727893348,240.175921441895,87.36614865256021,45.691254892055994,1.9120978151937327,0.5717314217396562,window_end,0.05011586441463743,1,BREAKOUT 4h [lookback=20 swing=20 vol_mult=2.0] exit=3R,BTC<200D,2023,BREAKOUT
BNBUSDT,2023-10-15 12:00:00+00:00,2023-10-15 16:00:00+00:00,2023-10-24 00:00:00+00:00,209.40465,201.83691368507252,3.5554073736148646,745.2633555159191,824.0005487954858,78.73719327956667,28.726964202895072,2.7408811012349026,0.10565016070736462,target_3R,0.24444554392296158,1,BREAKOUT 4h [lookback=20 swing=20 vol_mult=2.0] exit=3R,BTC<200D,2023,BREAKOUT
BTCUSDT,2023-10-20 08:00:00+00:00,2023-10-20 12:00:00+00:00,2023-11-02 00:00:00+00:00,29854.909994999998,27869.117434312586,0.018937913227183044,565.9550845855604,677.1930206053768,111.2379360198164,38.96356739644435,2.854921750054322,0.1965490531837418,target_3R,0.18264033938252688,1,BREAKOUT 4h [lookback=20 swing=20 vol_mult=2.0] exit=3R,BTC>200D,2023,BREAKOUT
ADAUSDT,2023-10-24 00:00:00+00:00,2023-10-24 04:00:00+00:00,2023-11-11 12:00:00+00:00,0.28244115,0.24686795813209816,1396.3414721848542,394.77867548777976,542.5864303158753,147.80775482809554,50.58360299049292,2.9220487685678638,0.374406633401532,target_3R,0.1169502371956502,1,BREAKOUT 4h [lookback=20 swing=20 vol_mult=2.0] exit=3R,BTC>200D,2023,BREAKOUT
ATOMUSDT,2023-10-24 00:00:00+00:00,2023-10-24 04:00:00+00:00,2023-11-10 08:00:00+00:00,7.095546,6.2931302078814335,60.43130158376517,429.221873307706,573.4050602892212,144.18318698151518,49.490086732543176,2.913375112084916,0.3359176126565929,target_3R,0.12717608376466377,1,BREAKOUT 4h [lookback=20 swing=20 vol_mult=2.0] exit=3R,BTC>200D,2023,BREAKOUT
MASKUSDT,2023-11-02 00:00:00+00:00,2023-11-02 04:00:00+00:00,2023-12-31 20:00:00+00:00,3.2196089999999997,2.7307552513852347,110.26407607000294,355.3622189033577,396.57564378674533,41.21342488338763,54.709519891104726,0.7533135908598708,0.11597582041943463,window_end,0.09733421506849681,1,BREAKOUT 4h [lookback=20 swing=20 vol_mult=2.0] exit=3R,BTC>200D,2023,BREAKOUT
SANDUSDT,2023-11-02 00:00:00+00:00,2023-11-02 04:00:00+00:00,2023-11-09 16:00:00+00:00,0.3709854,0.32743810779978977,866.6359711449817,321.8308017020191,283.34412996395287,-38.48667173806621,38.48667173806624,-0.9999999999999991,-0.11958666334772006,stop,0.08816544792345272,1,BREAKOUT 4h [lookback=20 swing=20 vol_mult=2.0] exit=3R,BTC>200D,2023,BREAKOUT
APTUSDT,2023-11-06 12:00:00+00:00,2023-11-06 16:00:00+00:00,2023-11-09 16:00:00+00:00,7.309452899999999,6.346145689790124,54.86084123891566,401.4037378253218,347.6328329073006,-53.77090491802119,53.770904918021266,-0.9999999999999986,-0.133957160462269,stop,0.10124390166983306,1,BREAKOUT 4h [lookback=20 swing=20 vol_mult=2.0] exit=3R,BTC>200D,2023,BREAKOUT
ETCUSDT,2023-11-09 20:00:00+00:00,2023-11-10 00:00:00+00:00,2023-12-31 20:00:00+00:00,20.680335,17.157609577417798,16.248968155157506,336.37013895784213,355.643293976802,19.27315501895987,57.99473809649221,0.3323259256192002,0.05729746129865412,window_end,0.08691325693045435,1,BREAKOUT 4h [lookback=20 swing=20 vol_mult=2.0] exit=3R,BTC>200D,2023,BREAKOUT
ETHUSDT,2023-11-09 20:00:00+00:00,2023-11-10 00:00:00+00:00,2023-12-31 20:00:00+00:00,2122.390665,1829.6134631270597,0.13867028170424475,294.60682391341135,315.9530725926741,21.34624867926277,41.27425223670851,0.5171807488320245,0.07245673537262226,window_end,0.07612893446415873,1,BREAKOUT 4h [lookback=20 swing=20 vol_mult=2.0] exit=3R,BTC>200D,2023,BREAKOUT
CRVUSDT,2023-11-10 08:00:00+00:00,2023-11-10 12:00:00+00:00,2023-12-31 20:00:00+00:00,0.6006001499999999,0.4476876748718194,384.0748623757854,230.90609537408014,232.13190966502592,1.2258142909457774,59.218345660730286,0.02069990772738957,0.00530871343590949,window_end,0.05843005677894885,1,BREAKOUT 4h [lookback=20 swing=20 vol_mult=2.0] exit=3R,BTC>200D,2023,BREAKOUT
SOLUSDT,2023-11-10 08:00:00+00:00,2023-11-10 12:00:00+00:00,2023-12-21 04:00:00+00:00,50.72535,39.36967603802573,5.164493171317382,262.2326944113718,437.2529801010881,175.02028568971627,59.21315632838185,2.9557668690906476,0.6674235875987188,target_3R,0.0663629689578253,1,BREAKOUT 4h [lookback=20 swing=20 vol_mult=2.0] exit=3R,BTC>200D,2023,BREAKOUT
TRXUSDT,2023-11-10 08:00:00+00:00,2023-11-10 12:00:00+00:00,2023-12-31 20:00:00+00:00,0.107803875,0.09490762369542517,743.8144910778941,80.26627050376925,79.944135563991,-0.3221349397782518,9.778459887239018,-0.032943320675543286,-0.004013328858516288,window_end,0.02031492769594921,1,BREAKOUT 4h [lookback=20 swing=20 vol_mult=2.0] exit=3R,BTC>200D,2023,BREAKOUT
AVAXUSDT,2023-11-11 12:00:00+00:00,2023-11-11 16:00:00+00:00,2023-12-06 00:00:00+00:00,15.157575,11.608160969435165,17.023780258067166,258.29726527121755,438.6538103658376,180.35654509462006,60.9788070922065,2.9576922490776445,0.6982518568488981,target_3R,0.06347432124778762,1,BREAKOUT 4h [lookback=20 swing=20 vol_mult=2.0] exit=3R,BTC>200D,2023,BREAKOUT
FILUSDT,2023-11-11 12:00:00+00:00,2023-11-11 16:00:00+00:00,2023-12-31 16:00:00+00:00,4.768383,4.093929067145665,59.560056288425876,284.28916504465775,403.9101297036389,119.62096465898117,40.82014941583631,2.930439167196527,0.4207721551406661,target_3R,0.06986825719881735,1,BREAKOUT 4h [lookback=20 swing=20 vol_mult=2.0] exit=3R,BTC>200D,2023,BREAKOUT
AXSUSDT,2023-11-11 16:00:00+00:00,2023-11-11 20:00:00+00:00,2023-12-25 04:00:00+00:00,6.563279999999999,5.112855002569625,42.249636251352264,277.57348880839095,460.44450487026535,182.8710160618744,61.88114113188222,2.9551978634675846,0.6588201807273832,target_3R,0.06721664812825523,1,BREAKOUT 4h [lookback=20 swing=20 vol_mult=2.0] exit=3R,BTC>200D,2023,BREAKOUT
DYDXUSDT,2023-11-11 16:00:00+00:00,2023-11-11 20:00:00+00:00,2023-12-31 20:00:00+00:00,3.0655319999999997,2.125975933214284,64.420962146249,197.68200545104503,189.75687059485657,-7.925134856188464,60.92995797757984,-0.1300695933370682,-0.040090319997037285,window_end,0.047875110424365326,1,BREAKOUT 4h [lookback=20 swing=20 vol_mult=2.0] exit=3R,BTC>200D,2023,BREAKOUT
LAZIOUSDT,2023-11-12 16:00:00+00:00,2023-11-12 20:00:00+00:00,2023-11-21 16:00:00+00:00,2.035017,1.76024649720196,222.288983073009,452.81422132575176,390.69667435682055,-62.11754696893121,62.117546968931265,-0.9999999999999991,-0.13718108673147045,stop,0.10923528412009066,1,BREAKOUT 4h [lookback=20 swing=20 vol_mult=2.0] exit=3R,BTC>200D,2023,BREAKOUT
MATICUSDT,2023-11-12 16:00:00+00:00,2023-11-12 20:00:00+00:00,2023-11-21 16:00:00+00:00,0.8792394,0.7501649485551167,147.3112819592719,129.65140504626413,110.34205386606678,-19.309351180197353,19.30935118019736,-0.9999999999999997,-0.14893283395815962,stop,0.03128512544096487,1,BREAKOUT 4h [lookback=20 swing=20 vol_mult=2.0] exit=3R,BTC>200D,2023,BREAKOUT
KLAYUSDT,2023-11-22 00:00:00+00:00,2023-11-22 04:00:00+00:00,2023-12-31 20:00:00+00:00,0.19169579999999997,0.16160102028956605,1896.8651485047696,363.9847032168753,431.45793806108287,67.47323484420758,57.909009614138704,1.1651595372429533,0.18537381996518842,window_end,0.09418769667042305,1,BREAKOUT 4h [lookback=20 swing=20 vol_mult=2.0] exit=3R,BTC>200D,2023,BREAKOUT
FTTUSDT,2023-11-22 08:00:00+00:00,2023-11-22 12:00:00+00:00,2023-12-31 20:00:00+00:00,4.1972976,2.7254962981339945,32.620300237494234,137.05402500601207,99.79872700209079,-37.25529800392128,48.28083277276026,-0.77163743590066,-0.2718292877738325,window_end,0.0351995188254067,1,BREAKOUT 4h [lookback=20 swing=20 vol_mult=2.0] exit=3R,BTC>200D,2023,BREAKOUT
AVAXUSDT,2023-12-06 00:00:00+00:00,2023-12-06 04:00:00+00:00,2023-12-21 16:00:00+00:00,26.71335,20.09468577285244,9.80902183682138,262.293865318137,456.1147281396058,193.82086282146878,65.48021903088271,2.9599910582164703,0.7389454670866316,target_3R,0.060025417758850785,1,BREAKOUT 4h [lookback=20 swing=20 vol_mult=2.0] exit=3R,BTC>200D,2023,BREAKOUT
CHZUSDT,2023-12-06 04:00:00+00:00,2023-12-06 08:00:00+00:00,2023-12-31 20:00:00+00:00,0.08303149499999998,0.07384784418269748,2121.8907510507215,176.3599450477006,182.86577170729836,6.505826659597773,19.897854729205662,0.3269612100468627,0.03688947996574916,window_end,0.04043105786064027,1,BREAKOUT 4h [lookback=20 swing=20 vol_mult=2.0] exit=3R,BTC>200D,2023,BREAKOUT
DOTUSDT,2023-12-21 04:00:00+00:00,2023-12-21 08:00:00+00:00,2023-12-31 20:00:00+00:00,7.441718999999999,6.265231030822034,58.69828784682021,437.2529801010881,480.7214326059183,43.468452504830225,70.04609924961004,0.6205692104271205,0.09941259289938012,window_end,0.09350301316457409,1,BREAKOUT 4h [lookback=20 swing=20 vol_mult=2.0] exit=3R,BTC>200D,2023,BREAKOUT
ALGOUSDT,2023-12-21 16:00:00+00:00,2023-12-21 20:00:00+00:00,2023-12-31 20:00:00+00:00,0.21780885,0.17743656742717004,1755.2130452412096,382.6832358238747,390.65032792108315,7.967092097208422,71.71126072017194,0.11109959603551256,0.02081902563632335,window_end,0.07996671604633641,1,BREAKOUT 4h [lookback=20 swing=20 vol_mult=2.0] exit=3R,BTC>200D,2023,BREAKOUT
ARUSDT,2023-12-21 16:00:00+00:00,2023-12-21 20:00:00+00:00,2023-12-31 20:00:00+00:00,9.848921999999998,8.230899577421264,7.448341471437132,73.43149231573108,71.71665618603306,-1.7148361296980141,12.216870818719185,-0.14036623249469682,-0.02335287048674957,window_end,0.01534688409658354,1,BREAKOUT 4h [lookback=20 swing=20 vol_mult=2.0] exit=3R,BTC>200D,2023,BREAKOUT
SFPUSDT,2023-12-23 16:00:00+00:00,2023-12-23 20:00:00+00:00,2023-12-31 20:00:00+00:00,0.83431695,0.6892163870049202,427.1870312979571,356.76579041309816,329.8483808776218,-26.917409535476338,62.78297736784102,-0.4287373849406526,-0.07544840413176594,window_end,0.07176936143984895,1,BREAKOUT 4h [lookback=20 swing=20 vol_mult=2.0] exit=3R,BTC>200D,2023,BREAKOUT
JASMYUSDT,2023-12-23 20:00:00+00:00,2023-12-24 00:00:00+00:00,2023-12-31 20:00:00+00:00,0.006679337999999999,0.0058390412090435105,73961.34701671037,494.50684849555995,483.57269406447153,-10.934154431088416,63.291074486604714,-0.17275981676377739,-0.022111229529688893,window_end,0.0980732555756925,1,BREAKOUT 4h [lookback=20 swing=20 vol_mult=2.0] exit=3R,BTC>200D,2023,BREAKOUT
AXSUSDT,2023-12-25 04:00:00+00:00,2023-12-25 08:00:00+00:00,2023-12-31 20:00:00+00:00,10.48524,7.072692917327576,22.878956618763162,240.13124244841754,202.17514916632294,-37.9560932820946,78.5580508587793,-0.483159814521452,-0.15806395242488253,window_end,0.04580523863720157,1,BREAKOUT 4h [lookback=20 swing=20 vol_mult=2.0] exit=3R,BTC>200D,2023,BREAKOUT
ENSUSDT,2023-12-25 04:00:00+00:00,2023-12-25 08:00:00+00:00,2023-12-31 20:00:00+00:00,9.834914999999999,8.3381238440424,22.378756629070537,220.3132624218478,216.07808093949572,-4.23518148235209,33.99622014092401,-0.12457801087285754,-0.019223452259731502,window_end,0.04202966547140372,1,BREAKOUT 4h [lookback=20 swing=20 vol_mult=2.0] exit=3R,BTC>200D,2023,BREAKOUT
FILUSDT,2023-12-31 16:00:00+00:00,2023-12-31 20:00:00+00:00,2023-12-31 20:00:00+00:00,7.1505735,5.5306892955041205,47.76785947990283,341.90915773886564,330.05792249632003,-11.851235242545613,78.1161203332694,-0.15171305477005637,-0.03466194155465423,window_end,0.06558843207230643,1,BREAKOUT 4h [lookback=20 swing=20 vol_mult=2.0] exit=3R,BTC>200D,2023,BREAKOUT
GMTUSDT,2023-12-31 16:00:00+00:00,2023-12-31 20:00:00+00:00,2023-12-31 20:00:00+00:00,0.3313656,0.2829468022623228,186.92052805674894,62.00097196477327,59.4822447190345,-2.5187272457387735,9.191712678184786,-0.27402153808795743,-0.040623996139444785,window_end,0.011894707085550993,1,BREAKOUT 4h [lookback=20 swing=20 vol_mult=2.0] exit=3R,BTC>200D,2023,BREAKOUT
FILUSDT,2023-12-31 00:00:00+00:00,2024-01-01 00:00:00+00:00,2024-01-03 00:00:00+00:00,6.9244604999999995,4.151694019667752,27.39819918348535,189.9074657651937,174.6148674686457,-15.292598296547993,76.32909260053145,-0.20035084625703406,-0.0805265776936655,trail_stop,0.03728285144369493,2,BREAKOUT 1d [lookback=20 swing=20 vol_mult=2.0] exit=trail3ATR,BTC>200D,2024,BREAKOUT
ICPUSDT,2023-12-31 00:00:00+00:00,2024-01-01 00:00:00+00:00,2024-01-07 00:00:00+00:00,13.302647999999998,4.618922581061473,8.768935641183374,116.76671423348601,99.94688776558591,-16.8198264679001,76.32441368929933,-0.22037282246765869,-0.1440464140685442,trail_stop,0.022925180528246433,2,BREAKOUT 1d [lookback=20 swing=20 vol_mult=2.0] exit=trail3ATR,BTC>200D,2024,BREAKOUT
GMTUSDT,2024-01-01 00:00:00+00:00,2024-01-02 00:00:00+00:00,2024-01-03 00:00:00+00:00,0.35587785,0.2140662243402211,537.174305054213,191.3596051946954,157.18922100001808,-34.170384194677325,76.54115871666349,-0.4464314986550918,-0.1785663393270031,trail_stop,0.03746385081500972,2,BREAKOUT 1d [lookback=20 swing=20 vol_mult=2.0] exit=trail3ATR,BTC>200D,2024,BREAKOUT
ARBUSDT,2024-01-03 00:00:00+00:00,2024-01-04 00:00:00+00:00,2024-01-08 00:00:00+00:00,1.9146568499999999,0.9466754835096509,77.96588158067121,149.42718714395565,122.5414420343955,-26.885745109560148,75.72947418008717,-0.3550235281658627,-0.17992539124529508,trail_stop,0.029567994004500782,2,BREAKOUT 1d [lookback=20 swing=20 vol_mult=2.0] exit=trail3ATR,BTC>200D,2024,BREAKOUT
GMTUSDT,2024-01-07 00:00:00+00:00,2024-01-08 00:00:00+00:00,2024-01-18 00:00:00+00:00,0.38749364999999997,0.21897019688748393,443.79213798878243,172.13860202596751,128.25049474918728,-43.88810727678023,75.10706748256924,-0.5843405786940854,-0.2549579627128586,trail_stop,0.03434429831063903,2,BREAKOUT 1d [lookback=20 swing=20 vol_mult=2.0] exit=trail3ATR,BTC>200D,2024,BREAKOUT
STXUSDT,2024-01-08 00:00:00+00:00,2024-01-09 00:00:00+00:00,2024-01-18 00:00:00+00:00,2.0232111,1.0704644947160042,78.19726135178423,158.3677767236874,117.91335395062764,-40.45442277305976,74.78590409667008,-0.5409364673958797,-0.2554460484953497,trail_stop,0.031732497400584744,2,BREAKOUT 1d [lookback=20 swing=20 vol_mult=2.0] exit=trail3ATR,BTC>200D,2024,BREAKOUT
ETCUSDT,2024-01-10 00:00:00+00:00,2024-01-11 00:00:00+00:00,2024-01-17 00:00:00+00:00,26.423205,17.416804866245208,8.202524962293474,216.953735594894,211.26146689572386,-5.6922686991701426,74.30618015025303,-0.07660558903256662,-0.026237246773196884,trail_stop,0.043752147834413946,2,BREAKOUT 1d [lookback=20 swing=20 vol_mult=2.0] exit=trail3ATR,BTC>200D,2024,BREAKOUT
ETHUSDT,2024-01-10 00:00:00+00:00,2024-01-11 00:00:00+00:00,2024-01-22 00:00:00+00:00,2585.6621849999997,2039.7061796839398,0.13470137147946284,348.6405347445866,322.5285451267503,-26.111989617836286,74.30130438014217,-0.3514337983118234,-0.07489659696904113,trail_stop,0.07031348481854567,2,BREAKOUT 1d [lookback=20 swing=20 vol_mult=2.0] exit=trail3ATR,BTC>200D,2024,BREAKOUT
SUIUSDT,2024-01-11 00:00:00+00:00,2024-01-12 00:00:00+00:00,2024-01-20 00:00:00+00:00,1.0933464,0.6245728679880393,158.66546775213925,173.64979428908865,167.8801832536041,-5.769611035484559,74.70024571476503,-0.07723684146254628,-0.0332255564085462,trail_stop,0.034834487419262004,2,BREAKOUT 1d [lookback=20 swing=20 vol_mult=2.0] exit=trail3ATR,BTC>200D,2024,BREAKOUT
TRXUSDT,2024-01-13 00:00:00+00:00,2024-01-14 00:00:00+00:00,2024-01-18 00:00:00+00:00,0.11429711999999999,0.09946022519853802,4952.454176314084,566.6173005339565,528.3506536810594,-38.26664685289711,74.78370489770623,-0.5116976606767556,-0.06753526024855969,trail_stop,0.11353768512651621,2,BREAKOUT 1d [lookback=20 swing=20 vol_mult=2.0] exit=trail3ATR,BTC>200D,2024,BREAKOUT
STORJUSDT,2024-01-29 00:00:00+00:00,2024-01-30 00:00:00+00:00,2024-02-28 00:00:00+00:00,0.6985491,0.4582739497690606,300.12643444791684,209.86270372047107,199.23017758904655,-10.632526131424527,72.52881859567273,-0.14659726074814203,-0.05066420065561834,trail_stop,0.04335925802925799,2,BREAKOUT 1d [lookback=20 swing=20 vol_mult=2.0] exit=trail3ATR,BTC>200D,2024,BREAKOUT
RNDRUSDT,2024-01-30 00:00:00+00:00,2024-01-31 00:00:00+00:00,2024-03-05 00:00:00+00:00,4.6063019999999995,3.322049096489307,55.95627333110888,258.00924525139106,360.7911536162161,102.78190836482503,72.39849927502225,1.4196690455472627,0.39836521464445807,trail_stop,0.05340265951753478,2,BREAKOUT 1d [lookback=20 swing=20 vol_mult=2.0] exit=trail3ATR,BTC>200D,2024,BREAKOUT
LINKUSDT,2024-02-01 00:00:00+00:00,2024-02-02 00:00:00+00:00,2024-02-23 00:00:00+00:00,17.200596,12.9696311671949,16.931363727184348,291.52077674755253,299.3279534765603,7.807176729007779,72.25651456562666,0.10804806702815627,0.0267808586959431,trail_stop,0.06045743050666613,2,BREAKOUT 1d [lookback=20 swing=20 vol_mult=2.0] exit=trail3ATR,BTC>200D,2024,BREAKOUT
STXUSDT,2024-02-08 00:00:00+00:00,2024-02-09 00:00:00+00:00,2024-03-05 00:00:00+00:00,1.7866929,1.1807826442659402,118.85089305064425,212.56239681901764,313.48744000460704,100.9250431855894,72.43576048842816,1.3933041153300585,0.4748019626045155,trail_stop,0.043973455653751777,2,BREAKOUT 1d [lookback=20 swing=20 vol_mult=2.0] exit=trail3ATR,BTC>200D,2024,BREAKOUT
BTCUSDT,2024-02-09 00:00:00+00:00,2024-02-10 00:00:00+00:00,2024-03-05 00:00:00+00:00,47156.34639,37809.58618085919,0.007707780910761196,363.83425731261065,471.8878876448312,108.05363033222056,72.84324699991352,1.4833719635307971,0.2969858614478395,trail_stop,0.07484649603686312,2,BREAKOUT 1d [lookback=20 swing=20 vol_mult=2.0] exit=trail3ATR,BTC>200D,2024,BREAKOUT
RUNEUSDT,2024-02-09 00:00:00+00:00,2024-02-10 00:00:00+00:00,2024-02-20 00:00:00+00:00,5.256626999999999,3.584779240295734,43.290309165997506,227.78856900833023,217.7172166136825,-10.071352394647732,72.83506911338382,-0.1382761424852835,-0.044213598770531035,trail_stop,0.046864994590603275,2,BREAKOUT 1d [lookback=20 swing=20 vol_mult=2.0] exit=trail3ATR,BTC>200D,2024,BREAKOUT
BCHUSDT,2024-02-11 00:00:00+00:00,2024-02-12 00:00:00+00:00,2024-02-20 00:00:00+00:00,277.83885,213.4002989375955,1.1255357473375711,313.03027523183545,287.9122750202727,-25.11800021156273,73.20077468763552,-0.3431384479023206,-0.08024144052187898,trail_stop,0.064080788558987,2,BREAKOUT 1d [lookback=20 swing=20 vol_mult=2.0] exit=trail3ATR,BTC>200D,2024,BREAKOUT
MINAUSDT,2024-02-11 00:00:00+00:00,2024-02-12 00:00:00+00:00,2024-02-21 00:00:00+00:00,1.3878936,0.8929433370641598,147.06734090061119,204.31793502618143,184.43287190979294,-19.885063116388494,73.19205141107162,-0.2716833690684139,-0.09732411946039103,trail_stop,0.04183114503621508,2,BREAKOUT 1d [lookback=20 swing=20 vol_mult=2.0] exit=trail3ATR,BTC>200D,2024,BREAKOUT
NEARUSDT,2024-02-12 00:00:00+00:00,2024-02-13 00:00:00+00:00,2024-03-05 00:00:00+00:00,3.38169,2.4357845119903336,77.84065782250634,263.4962071259433,286.24704379647204,22.75083667052877,74.17744820029947,0.30670826811263807,0.08634217895840357,trail_stop,0.05323039155532627,2,BREAKOUT 1d [lookback=20 swing=20 vol_mult=2.0] exit=trail3ATR,BTC>200D,2024,BREAKOUT
ATOMUSDT,2024-02-13 00:00:00+00:00,2024-02-14 00:00:00+00:00,2024-03-05 00:00:00+00:00,10.3001475,8.615447364067771,43.27743044835867,446.20968095612443,473.0432022982304,26.833521342105996,73.91435208509436,0.36303533190974513,0.060136573649876776,trail_stop,0.09046225214676107,2,BREAKOUT 1d [lookback=20 swing=20 vol_mult=2.0] exit=trail3ATR,BTC>200D,2024,BREAKOUT
WLDUSDT,2024-02-13 00:00:00+00:00,2024-02-14 00:00:00+00:00,2024-02-20 00:00:00+00:00,2.7743865,2.0525857423630214,101.56355584956064,282.0583347992581,640.140514933855,358.0821801345969,73.90302574482683,4.845297963455338,1.2695323482975438,trail_stop,0.05719181766940197,2,BREAKOUT 1d [lookback=20 swing=20 vol_mult=2.0] exit=trail3ATR,BTC>200D,2024,BREAKOUT
CAKEUSDT,2024-02-14 00:00:00+00:00,2024-02-15 00:00:00+00:00,2024-02-28 00:00:00+00:00,2.705352,2.3030174472830147,186.66168084416873,505.4905371467286,537.746910065211,32.25637291848233,76.25004214246539,0.4230341651249792,0.06381202129035954,trail_stop,0.0993413650811405,2,BREAKOUT 1d [lookback=20 swing=20 vol_mult=2.0] exit=trail3ATR,BTC>200D,2024,BREAKOUT
LOOMUSDT,2024-02-14 00:00:00+00:00,2024-02-15 00:00:00+00:00,2024-02-26 00:00:00+00:00,0.10111052999999999,0.07807974210252133,3279.106662386967,331.8837647730377,320.8978286299565,-10.985936143081176,76.23588193509129,-0.14410453272429924,-0.033101758233320115,trail_stop,0.0652354647466597,2,BREAKOUT 1d [lookback=20 swing=20 vol_mult=2.0] exit=trail3ATR,BTC>200D,2024,BREAKOUT
APTUSDT,2024-02-15 00:00:00+00:00,2024-02-16 00:00:00+00:00,2024-04-02 00:00:00+00:00,10.16397945,8.16049499105834,38.01547723250574,386.7749179025043,569.9921233395279,183.2172054370236,77.0149889187009,2.3789811309384548,0.47370498177756143,trail_stop,0.07525584333609657,2,BREAKOUT 1d [lookback=20 swing=20 vol_mult=2.0] exit=trail3ATR,BTC>200D,2024,BREAKOUT
BAKEUSDT,2024-02-15 00:00:00+00:00,2024-02-16 00:00:00+00:00,2024-03-05 00:00:00+00:00,0.41590784999999997,0.28742122424134225,595.4086426499613,247.88276356439962,221.39420063918254,-26.48856292521708,77.00629662502286,-0.3439791820427544,-0.10685923677922603,trail_stop,0.04823666491361221,2,BREAKOUT 1d [lookback=20 swing=20 vol_mult=2.0] exit=trail3ATR,BTC>200D,2024,BREAKOUT
BNBUSDT,2024-02-15 00:00:00+00:00,2024-02-16 00:00:00+00:00,2024-03-05 00:00:00+00:00,354.47715,290.69515026056416,0.8187889281263104,290.5322076594631,312.21578131047903,21.683573651015934,52.871145112853824,0.4101211275967675,0.07463397544010528,trail_stop,0.05654142137011774,2,BREAKOUT 1d [lookback=20 swing=20 vol_mult=2.0] exit=trail3ATR,BTC>200D,2024,BREAKOUT
FETUSDT,2024-02-20 00:00:00+00:00,2024-02-21 00:00:00+00:00,2024-03-05 00:00:00+00:00,1.0551272999999999,0.47248668929738175,139.34746631821773,147.17634521408016,205.894703569995,58.71835835591483,81.43524900602955,0.7210435170593911,0.39896600415307315,trail_stop,0.027082126786515223,2,BREAKOUT 1d [lookback=20 swing=20 vol_mult=2.0] exit=trail3ATR,BTC>200D,2024,BREAKOUT
MATICUSDT,2024-02-20 00:00:00+00:00,2024-02-21 00:00:00+00:00,2024-03-05 00:00:00+00:00,1.0231112999999998,0.7372438204068253,282.75436303209693,289.578473126383,266.807912372577,-22.770560753806024,81.43215041870572,-0.2796261751252416,-0.07863347198418333,trail_stop,0.053287770700205205,2,BREAKOUT 1d [lookback=20 swing=20 vol_mult=2.0] exit=trail3ATR,BTC>200D,2024,BREAKOUT
OPUSDT,2024-02-20 00:00:00+00:00,2024-02-21 00:00:00+00:00,2024-03-15 00:00:00+00:00,4.068033,2.688915691801807,58.697104174840774,239.0205385444777,220.7435578030273,-18.276980741450387,81.4256424963593,-0.22446222321509574,-0.07646615162340684,trail_stop,0.043987695300967335,2,BREAKOUT 1d [lookback=20 swing=20 vol_mult=2.0] exit=trail3ATR,BTC>200D,2024,BREAKOUT
FILUSDT,2024-02-22 00:00:00+00:00,2024-02-23 00:00:00+00:00,2024-03-05 00:00:00+00:00,8.0710335,4.579744244865433,23.108120278599532,186.69291930349675,192.6133793180101,5.920460014513338,81.02232945456527,0.07307195503226482,0.0317122900889924,trail_stop,0.03452870600231131,2,BREAKOUT 1d [lookback=20 swing=20 vol_mult=2.0] exit=trail3ATR,BTC>200D,2024,BREAKOUT
WLDUSDT,2024-02-22 00:00:00+00:00,2024-02-23 00:00:00+00:00,2024-03-05 00:00:00+00:00,8.1610785,1.764787049521929,12.645111706050562,103.3009470236219,86.83762316580912,-16.46332385781278,81.01848038112892,-0.203204550126905,-0.159372438802987,trail_stop,0.019106335145182143,2,BREAKOUT 1d [lookback=20 swing=20 vol_mult=2.0] exit=trail3ATR,BTC>200D,2024,BREAKOUT
UNIUSDT,2024-02-23 00:00:00+00:00,2024-02-24 00:00:00+00:00,2024-02-25 00:00:00+00:00,11.4026985,5.545727662371995,13.782333133549622,157.312945137775,143.07194484162974,-14.241000296145245,80.99449040965582,-0.17582677814400438,-0.0905265633649726,trail_stop,0.02910490365830324,2,BREAKOUT 1d [lookback=20 swing=20 vol_mult=2.0] exit=trail3ATR,BTC>200D,2024,BREAKOUT
DYDXUSDT,2024-02-24 00:00:00+00:00,2024-02-25 00:00:00+00:00,2024-03-17 00:00:00+00:00,3.5247615,2.4419103802960884,76.20702957995938,268.8802154966948,259.9243375918411,-8.955877904853708,83.06852197336683,-0.10781313657807844,-0.03330805834229852,trail_stop,0.048504222329655164,2,BREAKOUT 1d [lookback=20 swing=20 vol_mult=2.0] exit=trail3ATR,BTC>200D,2024,BREAKOUT
GALAUSDT,2024-02-26 00:00:00+00:00,2024-02-27 00:00:00+00:00,2024-02-28 00:00:00+00:00,0.033666825,0.020465482003577163,6466.0640184340555,217.9095375931635,228.0332030365739,10.123665443410403,85.77685129956993,0.11802328122367393,0.04645811080702332,trail_stop,0.03806828575237774,2,BREAKOUT 1d [lookback=20 swing=20 vol_mult=2.0] exit=trail3ATR,BTC>200D,2024,BREAKOUT
LTCUSDT,2024-02-27 00:00:00+00:00,2024-02-28 00:00:00+00:00,2024-03-05 00:00:00+00:00,74.006985,66.05852526280243,6.528377536898841,483.628683986057,535.2323766594471,51.60369267339013,53.02035840088631,0.9732807214016777,0.10670105885381657,trail_stop,0.08496896820829548,2,BREAKOUT 1d [lookback=20 swing=20 vol_mult=2.0] exit=trail3ATR,BTC>200D,2024,BREAKOUT
ETCUSDT,2024-02-28 00:00:00+00:00,2024-02-29 00:00:00+00:00,2024-03-05 00:00:00+00:00,29.584785,24.216102294213012,16.093109572115566,476.5872978591534,479.7884802111477,3.201182351994305,87.45928395407599,0.0366019730241013,0.006716885587119352,trail_stop,0.08165705774400388,2,BREAKOUT 1d [lookback=20 swing=20 vol_mult=2.0] exit=trail3ATR,BTC>200D,2024,BREAKOUT
ETHUSDT,2024-02-28 00:00:00+00:00,2024-02-29 00:00:00+00:00,2024-03-05 00:00:00+00:00,3384.801555,2355.0949090185472,0.08435909740644607,285.8243428838148,272.5137453228551,-13.310597560959707,87.44857323690053,-0.15221057437839428,-0.04656915302126787,trail_stop,0.04897829550166635,2,BREAKOUT 1d [lookback=20 swing=20 vol_mult=2.0] exit=trail3ATR,BTC>200D,2024,BREAKOUT
FTMUSDT,2024-02-28 00:00:00+00:00,2024-02-29 00:00:00+00:00,2024-03-05 00:00:00+00:00,0.4768383,0.3593232702248512,424.45469186130623,202.59864994786324,250.0217816899464,47.42313174208317,50.310900419666,0.9426015306127571,0.23407427322090768,trail_stop,0.034719460302813955,2,BREAKOUT 1d [lookback=20 swing=20 vol_mult=2.0] exit=trail3ATR,BTC>200D,2024,BREAKOUT
FTTUSDT,2024-03-05 00:00:00+00:00,2024-03-06 00:00:00+00:00,2024-03-16 00:00:00+00:00,2.4993490499999997,1.521269145831916,88.4208444175659,221.21554804873634,187.99787238276568,-33.21767566597066,86.90534618562916,-0.38222821867619006,-0.15015976932440764,trail_stop,0.038144008946791104,2,BREAKOUT 1d [lookback=20 swing=20 vol_mult=2.0] exit=trail3ATR,BTC>200D,2024,BREAKOUT
LUNAUSDT,2024-03-05 00:00:00+00:00,2024-03-06 00:00:00+00:00,2024-03-14 00:00:00+00:00,1.18809375,0.5518583610128561,136.1535040968137,161.92489038528174,131.9267189621145,-29.998171423167236,86.90010937395769,-0.3452029190674082,-0.18525979144892438,trail_stop,0.027922253796351562,2,BREAKOUT 1d [lookback=20 swing=20 vol_mult=2.0] exit=trail3ATR,BTC>200D,2024,BREAKOUT
NEARUSDT,2024-03-06 00:00:00+00:00,2024-03-07 00:00:00+00:00,2024-03-16 00:00:00+00:00,5.896947,2.8268731261020847,28.36162409737207,167.41424113026204,187.32129715979244,19.907056029530395,87.35975013889535,0.22787446161281016,0.11890897629217259,trail_stop,0.028716942391126793,2,BREAKOUT 1d [lookback=20 swing=20 vol_mult=2.0] exit=trail3ATR,BTC>200D,2024,BREAKOUT
RNDRUSDT,2024-03-06 00:00:00+00:00,2024-03-07 00:00:00+00:00,2024-04-01 00:00:00+00:00,9.308652,4.599477719159767,18.4866435951525,172.2578176071788,195.1070726685399,22.849255061361106,87.35641313275156,0.2615635674811663,0.1326456783138118,trail_stop,0.029548900711008935,2,BREAKOUT 1d [lookback=20 swing=20 vol_mult=2.0] exit=trail3ATR,BTC>200D,2024,BREAKOUT
FTMUSDT,2024-03-07 00:00:00+00:00,2024-03-08 00:00:00+00:00,2024-04-02 00:00:00+00:00,0.8483239499999999,0.3486023056625077,174.7365543558373,148.38143720453414,156.76598499416923,8.384547789635093,87.55921136438222,0.0957586033380584,0.056506716389850976,trail_stop,0.025394222096802598,2,BREAKOUT 1d [lookback=20 swing=20 vol_mult=2.0] exit=trail3ATR,BTC>200D,2024,BREAKOUT
RUNEUSDT,2024-03-07 00:00:00+00:00,2024-03-08 00:00:00+00:00,2024-03-15 00:00:00+00:00,6.970483499999999,4.018671007318029,29.531709280324364,206.0561425575631,265.0939003986506,59.03775784108748,87.55587667288893,0.6742866393954813,0.28651297218472827,trail_stop,0.035266100932498226,2,BREAKOUT 1d [lookback=20 swing=20 vol_mult=2.0] exit=trail3ATR,BTC>200D,2024,BREAKOUT
CYBERUSDT,2024-03-08 00:00:00+00:00,2024-03-09 00:00:00+00:00,2024-04-12 00:00:00+00:00,12.162078,6.929059343466113,16.60516687525396,202.15528807459478,190.88969183914006,-11.265596235454723,87.26963113873916,-0.12908953651408184,-0.05572743776703851,trail_stop,0.034711960868516974,2,BREAKOUT 1d [lookback=20 swing=20 vol_mult=2.0] exit=trail3ATR,BTC>200D,2024,BREAKOUT
STORJUSDT,2024-03-08 00:00:00+00:00,2024-03-09 00:00:00+00:00,2024-03-17 00:00:00+00:00,0.8556275999999999,0.5586905533020302,292.21266316341644,250.2752448917945,197.407926718638,-52.86731817315649,87.26359348063527,-0.6058347595425155,-0.2112367053961468,trail_stop,0.04297758258046164,2,BREAKOUT 1d [lookback=20 swing=20 vol_mult=2.0] exit=trail3ATR,BTC>200D,2024,BREAKOUT
GALAUSDT,2024-03-09 00:00:00+00:00,2024-03-10 00:00:00+00:00,2024-03-14 00:00:00+00:00,0.05630813999999999,0.023496814700804877,2692.1124378045893,151.73943188768573,174.7252119558741,22.985780068188376,88.57821725548287,0.25949698221958273,0.15148191727251198,trail_stop,0.025670167351600034,2,BREAKOUT 1d [lookback=20 swing=20 vol_mult=2.0] exit=trail3ATR,BTC>200D,2024,BREAKOUT
CAKEUSDT,2024-03-10 00:00:00+00:00,2024-03-11 00:00:00+00:00,2024-03-15 00:00:00+00:00,3.9939959999999997,2.3995573053181403,55.092217763178134,220.25813547463963,227.8677022939595,7.609566819319866,88.25943117676066,0.08621817201699256,0.03454840295874577,trail_stop,0.03739624668607654,2,BREAKOUT 1d [lookback=20 swing=20 vol_mult=2.0] exit=trail3ATR,BTC>200D,2024,BREAKOUT
GMTUSDT,2024-03-10 00:00:00+00:00,2024-03-11 00:00:00+00:00,2024-03-17 00:00:00+00:00,0.38289134999999996,0.23332107916362435,587.1770038231188,225.04982067847183,168.6126148300847,-56.43720584838712,88.2544811443002,-0.6394826088899628,-0.2507764977472203,trail_stop,0.03821193996628733,2,BREAKOUT 1d [lookback=20 swing=20 vol_mult=2.0] exit=trail3ATR,BTC>200D,2024,BREAKOUT
MINAUSDT,2024-03-10 00:00:00+00:00,2024-03-11 00:00:00+00:00,2024-03-15 00:00:00+00:00,1.5236614499999999,1.007576976808193,169.99675081224504,259.27651333371176,218.0613313325613,-41.21518200115045,88.24854265906399,-0.4670352706036132,-0.1589622656954773,trail_stop,0.044026363727934656,2,BREAKOUT 1d [lookback=20 swing=20 vol_mult=2.0] exit=trail3ATR,BTC>200D,2024,BREAKOUT
AVAXUSDT,2024-03-11 00:00:00+00:00,2024-03-12 00:00:00+00:00,2024-04-01 00:00:00+00:00,49.114545,33.03507253820631,5.564656077484949,273.57885687848517,288.5342505099022,14.955393631417053,90.0256910199455,0.16612361940219525,0.05466575086268363,trail_stop,0.04553792615709102,2,BREAKOUT 1d [lookback=20 swing=20 vol_mult=2.0] exit=trail3ATR,BTC>200D,2024,BREAKOUT
LOOMUSDT,2024-03-11 00:00:00+00:00,2024-03-12 00:00:00+00:00,2024-03-15 00:00:00+00:00,0.122771355,0.07856428525960986,2025.2937159026105,248.89670182812287,233.02078317756119,-15.875918650561687,90.01954266942427,-0.17636080099698226,-0.06378517085182149,trail_stop,0.04143234564423145,2,BREAKOUT 1d [lookback=20 swing=20 vol_mult=2.0] exit=trail3ATR,BTC>200D,2024,BREAKOUT
LTCUSDT,2024-03-11 00:00:00+00:00,2024-03-12 00:00:00+00:00,2024-03-16 00:00:00+00:00,103.921935,63.83379074489673,2.234266423855256,232.42147936264092,184.48041791245493,-47.941061450186,90.01364522612117,-0.5325977114886791,-0.206267775171437,trail_stop,0.03869234872490017,2,BREAKOUT 1d [lookback=20 swing=20 vol_mult=2.0] exit=trail3ATR,BTC>200D,2024,BREAKOUT
XRPUSDT,2024-03-11 00:00:00+00:00,2024-03-12 00:00:00+00:00,2024-03-17 00:00:00+00:00,0.7233615,0.5019782690894365,403.8785149785193,292.4423185810468,238.49078796263225,-53.95153061841452,90.00808669740567,-0.5994075932287268,-0.18448605824284123,trail_stop,0.04868732007293988,2,BREAKOUT 1d [lookback=20 swing=20 vol_mult=2.0] exit=trail3ATR,BTC>200D,2024,BREAKOUT
INJUSDT,2024-03-12 00:00:00+00:00,2024-03-13 00:00:00+00:00,2024-03-18 00:00:00+00:00,51.885929999999995,29.60611424368703,4.052878104334856,210.49763696967102,155.54367751990418,-54.95395944976684,90.6875897602685,-0.6059700075284495,-0.26106687106271287,trail_stop,0.034782159859349494,2,BREAKOUT 1d [lookback=20 swing=20 vol_mult=2.0] exit=trail3ATR,BTC>200D,2024,BREAKOUT
BNBUSDT,2024-03-13 00:00:00+00:00,2024-03-14 00:00:00+00:00,2024-03-19 00:00:00+00:00,630.81525,340.53217112448516,0.3139869806279654,198.2658434572567,166.35860052014917,-31.907242937107526,91.50350578018697,-0.34869967729713286,-0.16093161777503182,trail_stop,0.03246888313067163,2,BREAKOUT 1d [lookback=20 swing=20 vol_mult=2.0] exit=trail3ATR,BTC>200D,2024,BREAKOUT
SEIUSDT,2024-03-15 00:00:00+00:00,2024-03-16 00:00:00+00:00,2024-03-19 00:00:00+00:00,1.05402675,0.5531424907836059,171.80536588566727,181.26853888846776,134.0034268122176,-47.26511207625015,86.37819262808098,-0.5471880186213177,-0.2607463620884139,trail_stop,0.03144673081145722,2,BREAKOUT 1d [lookback=20 swing=20 vol_mult=2.0] exit=trail3ATR,BTC>200D,2024,BREAKOUT
SOLUSDT,2024-03-15 00:00:00+00:00,2024-03-16 00:00:00+00:00,2024-03-19 00:00:00+00:00,184.04197499999998,93.92618035168597,0.9550333119154062,175.94198313261805,159.14107539520165,-16.800907737416395,86.37386113111336,-0.19451379754707315,-0.09549118088973989,trail_stop,0.03052420279942568,2,BREAKOUT 1d [lookback=20 swing=20 vol_mult=2.0] exit=trail3ATR,BTC>200D,2024,BREAKOUT
STXUSDT,2024-03-20 00:00:00+00:00,2024-03-21 00:00:00+00:00,2024-04-12 00:00:00+00:00,3.4206094499999997,2.017120798237235,59.23112312960405,202.80914605074838,174.0791874709153,-28.729958579833095,83.51197044045982,-0.3440220417301281,-0.141660073716025,trail_stop,0.03639116735768191,2,BREAKOUT 1d [lookback=20 swing=20 vol_mult=2.0] exit=trail3ATR,BTC>200D,2024,BREAKOUT
ICPUSDT,2024-03-25 00:00:00+00:00,2024-03-26 00:00:00+00:00,2024-04-09 00:00:00+00:00,17.664827999999996,9.791778295879126,10.725100593555865,189.64651432513008,176.6882407237934,-12.958273601336685,84.78618131394543,-0.15283473557270988,-0.06832856194298945,trail_stop,0.03351791311953463,2,BREAKOUT 1d [lookback=20 swing=20 vol_mult=2.0] exit=trail3ATR,BTC>200D,2024,BREAKOUT
BCHUSDT,2024-03-27 00:00:00+00:00,2024-03-28 00:00:00+00:00,2024-04-12 00:00:00+00:00,539.2695,325.1978160495264,0.39169968599123955,211.44292550846737,215.93049367882006,4.487568170352688,84.25404921053722,0.05326234421254915,0.021223543703631647,trail_stop,0.03760620927906128,2,BREAKOUT 1d [lookback=20 swing=20 vol_mult=2.0] exit=trail3ATR,BTC>200D,2024,BREAKOUT
LTCUSDT,2024-03-29 00:00:00+00:00,2024-03-30 00:00:00+00:00,2024-04-12 00:00:00+00:00,109.11453,73.21847259068437,2.3433938175950124,255.95401332679728,210.85431597144472,-45.09969735535256,84.63158110818377,-0.5328944203193136,-0.17620234498050286,trail_stop,0.04531966288416532,2,BREAKOUT 1d [lookback=20 swing=20 vol_mult=2.0] exit=trail3ATR,BTC>200D,2024,BREAKOUT
MOVRUSDT,2024-05-03 00:00:00+00:00,2024-05-04 00:00:00+00:00,2024-05-20 00:00:00+00:00,15.088540499999999,10.338649475400254,16.815778500533145,253.9792804992679,229.57837218648072,-24.40090831278718,80.38753265942374,-0.30354095349792637,-0.09607440522242726,trail_stop,0.04734419876138212,2,BREAKOUT 1d [lookback=20 swing=20 vol_mult=2.0] exit=trail3ATR,BTC>200D,2024,BREAKOUT
TRBUSDT,2024-05-05 00:00:00+00:00,2024-05-06 00:00:00+00:00,2024-05-16 00:00:00+00:00,90.46521,38.96926565988914,1.5499828054528342,140.35973951167145,167.61328262621137,27.253543114539923,80.04862013444476,0.34046237235278437,0.1941692340649698,trail_stop,0.026275191206826986,2,BREAKOUT 1d [lookback=20 swing=20 vol_mult=2.0] exit=trail3ATR,BTC>200D,2024,BREAKOUT
RNDRUSDT,2024-05-07 00:00:00+00:00,2024-05-08 00:00:00+00:00,2024-06-02 00:00:00+00:00,10.293144,6.412854652066192,20.615827194307606,212.41387966811425,202.26131461178105,-10.152565056333202,80.40581969074815,-0.12626654507573415,-0.04779614718301865,trail_stop,0.039586999822826444,2,BREAKOUT 1d [lookback=20 swing=20 vol_mult=2.0] exit=trail3ATR,BTC>200D,2024,BREAKOUT
FTTUSDT,2024-05-08 00:00:00+00:00,2024-05-09 00:00:00+00:00,2024-05-29 00:00:00+00:00,1.9559775,1.0813031193002385,92.13527431344828,180.39473803694617,146.17673215394308,-34.21800588300309,80.91796795042073,-0.42287277782320004,-0.18968405761367046,trail_stop,0.03340689245135,2,BREAKOUT 1d [lookback=20 swing=20 vol_mult=2.0] exit=trail3ATR,BTC>200D,2024,BREAKOUT
BAKEUSDT,2024-05-09 00:00:00+00:00,2024-05-10 00:00:00+00:00,2024-06-03 00:00:00+00:00,0.28314149999999993,0.20099517813833945,983.1415126865886,278.64653077696397,282.54044509733234,3.893914320368367,81.3361385511913,0.04787434453773112,0.013974386508637924,trail_stop,0.05133662002637679,2,BREAKOUT 1d [lookback=20 swing=20 vol_mult=2.0] exit=trail3ATR,BTC>200D,2024,BREAKOUT
FTMUSDT,2024-05-16 00:00:00+00:00,2024-05-17 00:00:00+00:00,2024-05-30 00:00:00+00:00,0.80029995,0.5802819646901292,360.54661979379136,288.8339872354338,280.8445122232922,-7.989475012141611,79.9290097811016,-0.09995713739006737,-0.027661131879293848,trail_stop,0.05415032212657235,2,BREAKOUT 1d [lookback=20 swing=20 vol_mult=2.0] exit=trail3ATR,BTC>200D,2024,BREAKOUT
LINKUSDT,2024-05-16 00:00:00+00:00,2024-05-17 00:00:00+00:00,2024-06-07 00:00:00+00:00,15.523757999999999,11.890180863144115,21.795483898534357,338.6861653512776,360.7177397371755,22.031574385897898,79.9225185901659,0.27566166300230666,0.06505011612460534,trail_stop,0.06350171832085684,2,BREAKOUT 1d [lookback=20 swing=20 vol_mult=2.0] exit=trail3ATR,BTC>200D,2024,BREAKOUT
ETCUSDT,2024-05-20 00:00:00+00:00,2024-05-21 00:00:00+00:00,2024-06-02 00:00:00+00:00,32.366175,23.01316175060875,8.656458950326515,280.4566417318508,251.91800897923616,-28.53863275261466,81.54287084925397,-0.3499831739475206,-0.10175773544311678,trail_stop,0.05153910985999107,2,BREAKOUT 1d [lookback=20 swing=20 vol_mult=2.0] exit=trail3ATR,BTC>200D,2024,BREAKOUT
ETHUSDT,2024-05-20 00:00:00+00:00,2024-05-21 00:00:00+00:00,2024-06-11 00:00:00+00:00,3663.6208949999996,2730.8593451501674,0.0866944437328582,317.93319111564114,309.6622751297004,-8.270915985940746,81.53786639776472,-0.10143650246614112,-0.02601463520344557,trail_stop,0.05842970687827715,2,BREAKOUT 1d [lookback=20 swing=20 vol_mult=2.0] exit=trail3ATR,BTC>200D,2024,BREAKOUT
INJUSDT,2024-05-20 00:00:00+00:00,2024-05-21 00:00:00+00:00,2024-06-16 00:00:00+00:00,28.254119999999997,20.003508194683015,9.812500944462812,277.5208227641505,243.37340230029844,-34.147420463852086,81.53070823361166,-0.4188289443777277,-0.12304453454605126,trail_stop,0.05100720670619719,2,BREAKOUT 1d [lookback=20 swing=20 vol_mult=2.0] exit=trail3ATR,BTC>200D,2024,BREAKOUT
STORJUSDT,2024-05-20 00:00:00+00:00,2024-05-21 00:00:00+00:00,2024-06-07 00:00:00+00:00,0.5673835500000001,0.4479613737254662,675.6473386332938,383.7345367273522,338.8616840754981,-44.87285265185409,81.52447129222386,-0.5504218787388105,-0.11693722705948871,trail_stop,0.07053425421816431,2,BREAKOUT 1d [lookback=20 swing=20 vol_mult=2.0] exit=trail3ATR,BTC>200D,2024,BREAKOUT
UNIUSDT,2024-05-20 00:00:00+00:00,2024-05-21 00:00:00+00:00,2024-06-02 00:00:00+00:00,9.3316635,6.233181053551074,26.150346422056323,244.27025945227763,249.6973405402529,5.427081087975267,81.51483385638974,0.06657783413429422,0.02221752701349851,trail_stop,0.04490463054533907,2,BREAKOUT 1d [lookback=20 swing=20 vol_mult=2.0] exit=trail3ATR,BTC>200D,2024,BREAKOUT
ARBUSDT,2024-05-21 00:00:00+00:00,2024-05-22 00:00:00+00:00,2024-06-06 00:00:00+00:00,1.20370155,0.884533055987136,252.94037225447084,304.7691828584238,271.83501367222,-32.9341691862038,81.37055171927182,-0.40474309796775865,-0.10806266197033086,trail_stop,0.056125596737506334,2,BREAKOUT 1d [lookback=20 swing=20 vol_mult=2.0] exit=trail3ATR,BTC>200D,2024,BREAKOUT
BNBUSDT,2024-05-21 00:00:00+00:00,2024-05-22 00:00:00+00:00,2024-06-10 00:00:00+00:00,618.80925,528.0217881343743,0.8825007649185677,546.6457361001488,574.5766843606782,27.930948260529362,81.36484063596092,0.34328031668490344,0.05109515434949307,trail_stop,0.1006760964924065,2,BREAKOUT 1d [lookback=20 swing=20 vol_mult=2.0] exit=trail3ATR,BTC>200D,2024,BREAKOUT
CAKEUSDT,2024-05-21 00:00:00+00:00,2024-05-22 00:00:00+00:00,2024-06-02 00:00:00+00:00,2.851425,2.360159387546309,163.47143342650728,466.5926585902366,432.19946196259247,-34.39319662764416,81.35255544099071,-0.42276725594184134,-0.07371139685643531,trail_stop,0.0859456466114856,2,BREAKOUT 1d [lookback=20 swing=20 vol_mult=2.0] exit=trail3ATR,BTC>200D,2024,BREAKOUT
LDOUSDT,2024-05-21 00:00:00+00:00,2024-05-22 00:00:00+00:00,2024-06-07 00:00:00+00:00,2.22111,1.4093872762170057,99.67692012763833,221.61479746876344,214.35268953485877,-7.262107933904673,81.34206934112032,-0.08927862289131004,-0.03276905701627738,trail_stop,0.040826365592492836,2,BREAKOUT 1d [lookback=20 swing=20 vol_mult=2.0] exit=trail3ATR,BTC>200D,2024,BREAKOUT
TIAUSDT,2024-05-28 00:00:00+00:00,2024-05-29 00:00:00+00:00,2024-06-07 00:00:00+00:00,11.66583,7.5398518124379805,19.813625348140363,231.37352738009136,185.03927190881095,-46.334255471280414,82.20574139053683,-0.5636377056823699,-0.20025737600985058,trail_stop,0.0421763214622083,2,BREAKOUT 1d [lookback=20 swing=20 vol_mult=2.0] exit=trail3ATR,BTC>200D,2024,BREAKOUT
LUNAUSDT,2024-05-30 00:00:00+00:00,2024-05-31 00:00:00+00:00,2024-06-07 00:00:00+00:00,0.6809402999999999,0.5228116671283866,497.5080879594568,339.1120799742064,271.58353206303644,-67.52854791116994,79.39907159606419,-0.85049543469117,-0.1991334190050272,trail_stop,0.06400074330673883,2,BREAKOUT 1d [lookback=20 swing=20 vol_mult=2.0] exit=trail3ATR,BTC>200D,2024,BREAKOUT
ORDIUSDT,2024-05-30 00:00:00+00:00,2024-05-31 00:00:00+00:00,2024-06-12 00:00:00+00:00,49.194585,31.360229989288772,4.42775538444982,218.03941020814383,223.47035181472873,5.430941606584895,79.39219672856113,0.06840649119652244,0.024908073276296395,trail_stop,0.04115421872584934,2,BREAKOUT 1d [lookback=20 swing=20 vol_mult=2.0] exit=trail3ATR,BTC>200D,2024,BREAKOUT
CAKEUSDT,2024-06-05 00:00:00+00:00,2024-06-06 00:00:00+00:00,2024-06-07 00:00:00+00:00,3.2046015,2.4504946213217353,105.32825440901388,337.872617153579,288.0883889708426,-49.7842281827364,80.15332667927636,-0.6211124384386669,-0.1473461466103574,trail_stop,0.06316676351228298,2,BREAKOUT 1d [lookback=20 swing=20 vol_mult=2.0] exit=trail3ATR,BTC>200D,2024,BREAKOUT
STXUSDT,2024-06-05 00:00:00+00:00,2024-06-06 00:00:00+00:00,2024-06-14 00:00:00+00:00,2.411205,1.7136882245978788,114.08683393107823,275.36183115319426,220.58982844866827,-54.77200270452599,80.14573340505376,-0.6834050969090293,-0.19890920421012975,trail_stop,0.051484976065757596,2,BREAKOUT 1d [lookback=20 swing=20 vol_mult=2.0] exit=trail3ATR,BTC>200D,2024,BREAKOUT
MOVRUSDT,2024-06-06 00:00:00+00:00,2024-06-07 00:00:00+00:00,2024-06-11 00:00:00+00:00,17.588789999999996,13.024481278452484,17.353909982424373,305.53951263812564,232.84539795755256,-72.69411468057308,79.85276246476292,-0.910351908146587,-0.2379205034822138,trail_stop,0.05733695408993365,2,BREAKOUT 1d [lookback=20 swing=20 vol_mult=2.0] exit=trail3ATR,BTC>200D,2024,BREAKOUT
ARKUSDT,2024-06-09 00:00:00+00:00,2024-06-10 00:00:00+00:00,2024-06-17 00:00:00+00:00,0.8763379499999999,0.6820010782448394,388.5431633311228,340.8356143593514,270.1438406764466,-70.6917736829048,76.24610581394143,-0.9271525795089061,-0.20740723887021006,trail_stop,0.06698606747294088,2,BREAKOUT 1d [lookback=20 swing=20 vol_mult=2.0] exit=trail3ATR,BTC>200D,2024,BREAKOUT
BAKEUSDT,2024-06-12 00:00:00+00:00,2024-06-13 00:00:00+00:00,2024-06-18 00:00:00+00:00,0.374187,0.2523929484825251,612.6126999390185,229.46094006043356,230.49648146481658,1.035541404383025,75.07366582384464,0.013793670430492287,0.0045129310640420655,trail_stop,0.04580135507635096,2,BREAKOUT 1d [lookback=20 swing=20 vol_mult=2.0] exit=trail3ATR,BTC>200D,2024,BREAKOUT
TIAUSDT,2024-07-09 00:00:00+00:00,2024-07-10 00:00:00+00:00,2024-07-25 00:00:00+00:00,7.2556259999999995,3.767875732249034,20.66692982234717,150.1014648725567,116.66607725476544,-33.435387617791264,72.34780823463585,-0.46214789962060493,-0.2227519074925718,trail_stop,0.031089714467827434,2,BREAKOUT 1d [lookback=20 swing=20 vol_mult=2.0] exit=trail3ATR,BTC<200D,2024,BREAKOUT
XRPUSDT,2024-07-13 00:00:00+00:00,2024-07-14 00:00:00+00:00,2024-07-19 00:00:00+00:00,0.5259628499999999,0.36876532692947384,454.79463624261996,239.4442881259245,246.93567380185954,7.4913856759350494,71.9832802889769,0.10407119050230663,0.03128654993012532,trail_stop,0.04984596744186832,2,BREAKOUT 1d [lookback=20 swing=20 vol_mult=2.0] exit=trail3ATR,BTC>200D,2024,BREAKOUT
FTTUSDT,2024-07-16 00:00:00+00:00,2024-07-17 00:00:00+00:00,2024-07-25 00:00:00+00:00,1.6161076499999998,0.9328759247646083,105.65723393170164,170.92421749889743,137.27896886240595,-33.64524863649149,72.50692603896394,-0.4640280656555641,-0.1968430754214716,trail_stop,0.035324928257840366,2,BREAKOUT 1d [lookback=20 swing=20 vol_mult=2.0] exit=trail3ATR,BTC>200D,2024,BREAKOUT
LUNAUSDT,2024-07-16 00:00:00+00:00,2024-07-17 00:00:00+00:00,2024-07-31 00:00:00+00:00,0.4532265,0.27673859445357546,408.7789419713361,185.45471859251512,156.00697497198558,-29.447743620529536,72.499439551458,-0.4061789139711678,-0.1587867046145788,trail_stop,0.03833190648567832,2,BREAKOUT 1d [lookback=20 swing=20 vol_mult=2.0] exit=trail3ATR,BTC>200D,2024,BREAKOUT
INJUSDT,2024-07-17 00:00:00+00:00,2024-07-18 00:00:00+00:00,2024-07-31 00:00:00+00:00,25.662824999999998,15.888880482720467,7.377450004108056,189.51553461007597,165.41591058423285,-24.099624025843127,72.47188374992052,-0.3325375687625831,-0.12716437243747628,trail_stop,0.03918613645844729,2,BREAKOUT 1d [lookback=20 swing=20 vol_mult=2.0] exit=trail3ATR,BTC>200D,2024,BREAKOUT
WLDUSDT,2024-07-17 00:00:00+00:00,2024-07-18 00:00:00+00:00,2024-07-25 00:00:00+00:00,2.949474,1.5718936896448152,52.40234845083113,154.71392365896133,108.22060563881658,-46.493318020144756,72.46651800234935,-0.641583441592122,-0.300511530705089,trail_stop,0.03199257434095065,2,BREAKOUT 1d [lookback=20 swing=20 vol_mult=2.0] exit=trail3ATR,BTC>200D,2024,BREAKOUT
LOOMUSDT,2024-07-18 00:00:00+00:00,2024-07-19 00:00:00+00:00,2024-07-22 00:00:00+00:00,0.06523259999999999,0.03789408172937099,2612.2095514513585,170.57162200679184,168.83656843745194,-1.7350535693398967,71.73277119956481,-0.02418773930415814,-0.010171994314920744,trail_stop,0.0356325047679964,2,BREAKOUT 1d [lookback=20 swing=20 vol_mult=2.0] exit=trail3ATR,BTC>200D,2024,BREAKOUT
AVAXUSDT,2024-07-21 00:00:00+00:00,2024-07-22 00:00:00+00:00,2024-07-25 00:00:00+00:00,32.65632,20.799585010727387,6.0576090078663425,198.01703741396156,163.4733425247295,-34.54369488923206,72.2102145255021,-0.47837684898488214,-0.17444809467085023,trail_stop,0.041092361966166786,2,BREAKOUT 1d [lookback=20 swing=20 vol_mult=2.0] exit=trail3ATR,BTC>200D,2024,BREAKOUT
STORJUSDT,2024-07-27 00:00:00+00:00,2024-07-28 00:00:00+00:00,2024-08-01 00:00:00+00:00,0.48294135,0.29517446316200346,370.5102542106215,179.11365707967803,154.67297891700537,-24.44067816267267,69.91248476253165,-0.3495896082894083,-0.1364534595583648,trail_stop,0.03839115208787808,2,BREAKOUT 1d [lookback=20 swing=20 vol_mult=2.0] exit=trail3ATR,BTC>200D,2024,BREAKOUT
BCHUSDT,2024-07-29 00:00:00+00:00,2024-07-30 00:00:00+00:00,2024-08-03 00:00:00+00:00,439.2195,313.85771897408995,0.5524146410278018,242.87391370733548,204.71739553781745,-38.15651816951802,69.7542972554006,-0.5470131543266866,-0.1571042257568133,trail_stop,0.05217555590945158,2,BREAKOUT 1d [lookback=20 swing=20 vol_mult=2.0] exit=trail3ATR,BTC>200D,2024,BREAKOUT
SUIUSDT,2024-08-10 00:00:00+00:00,2024-08-11 00:00:00+00:00,2024-08-15 00:00:00+00:00,0.91995975,0.42353519188947986,137.49603156039407,126.61730563511252,116.79838956481974,-9.818916070292772,68.47022001910143,-0.14340418458643112,-0.07754797830392204,trail_stop,0.027710765669733038,2,BREAKOUT 1d [lookback=20 swing=20 vol_mult=2.0] exit=trail3ATR,BTC<200D,2024,BREAKOUT
BAKEUSDT,2024-08-17 00:00:00+00:00,2024-08-18 00:00:00+00:00,2024-08-20 00:00:00+00:00,0.3583791,0.21035495590393002,459.47463344423176,164.83077171218022,128.6037631616645,-36.227008550515734,68.32293627804702,-0.5302320205192338,-0.2197830427790124,trail_stop,0.036151718861243416,2,BREAKOUT 1d [lookback=20 swing=20 vol_mult=2.0] exit=trail3ATR,BTC<200D,2024,BREAKOUT
TRXUSDT,2024-08-19 00:00:00+00:00,2024-08-20 00:00:00+00:00,2024-08-22 00:00:00+00:00,0.1432716,0.115219968226722,2406.574303790202,345.1385447739312,361.8859860351653,16.747441261234087,68.26891943549803,0.2453157512923203,0.04852382185305849,trail_stop,0.07575784570942498,2,BREAKOUT 1d [lookback=20 swing=20 vol_mult=2.0] exit=trail3ATR,BTC<200D,2024,BREAKOUT
MATICUSDT,2024-08-21 00:00:00+00:00,2024-08-22 00:00:00+00:00,2024-08-27 00:00:00+00:00,0.5252625,0.3188070375891684,328.5377030160118,172.7411037656783,159.85732280225974,-12.883780963418559,68.15802975848,-0.18902807210056716,-0.0745843385422342,trail_stop,0.03797832827077373,2,BREAKOUT 1d [lookback=20 swing=20 vol_mult=2.0] exit=trail3ATR,BTC<200D,2024,BREAKOUT
MOVRUSDT,2024-08-21 00:00:00+00:00,2024-08-22 00:00:00+00:00,2024-08-27 00:00:00+00:00,10.6963455,5.564208030548241,13.230886039550377,141.66365047850763,121.97759951429494,-19.686050964212697,68.15464041980044,-0.28884388271959044,-0.1389633183792574,trail_stop,0.03114728376786553,2,BREAKOUT 1d [lookback=20 swing=20 vol_mult=2.0] exit=trail3ATR,BTC<200D,2024,BREAKOUT
CAKEUSDT,2024-08-22 00:00:00+00:00,2024-08-23 00:00:00+00:00,2024-08-30 00:00:00+00:00,1.944972,1.138133047419208,83.9823552816844,163.50667284644518,145.00655930154056,-18.50011354490462,68.06690574963139,-0.2717930739051526,-0.11314592378916989,trail_stop,0.03599619985321858,2,BREAKOUT 1d [lookback=20 swing=20 vol_mult=2.0] exit=trail3ATR,BTC<200D,2024,BREAKOUT
FTTUSDT,2024-08-22 00:00:00+00:00,2024-08-23 00:00:00+00:00,2024-08-28 00:00:00+00:00,1.5150571499999999,1.0320197299626812,140.01380982983332,212.34105260511063,184.21008294884842,-28.13096965626221,68.06071166629016,-0.41332170892058445,-0.13248012718754484,trail_stop,0.046751404405273374,2,BREAKOUT 1d [lookback=20 swing=20 vol_mult=2.0] exit=trail3ATR,BTC<200D,2024,BREAKOUT
TRBUSDT,2024-08-23 00:00:00+00:00,2024-08-24 00:00:00+00:00,2024-08-29 00:00:00+00:00,75.07752,38.2750125375762,1.8505048200360281,139.07024394898767,114.48726107580178,-24.582982873185884,68.34835548999747,-0.3596718998862162,-0.1767666624803158,trail_stop,0.030490414503831786,2,BREAKOUT 1d [lookback=20 swing=20 vol_mult=2.0] exit=trail3ATR,BTC>200D,2024,BREAKOUT
CYBERUSDT,2024-08-24 00:00:00+00:00,2024-08-25 00:00:00+00:00,2024-08-28 00:00:00+00:00,4.4052014999999995,2.0540912006125986,29.02702753465792,127.99777514145255,98.68698766011802,-29.31078748133453,68.46301973324951,-0.4281258348746127,-0.22899450751345227,trail_stop,0.028015833745231845,2,BREAKOUT 1d [lookback=20 swing=20 vol_mult=2.0] exit=trail3ATR,BTC>200D,2024,BREAKOUT
GMTUSDT,2024-09-10 00:00:00+00:00,2024-09-11 00:00:00+00:00,2024-09-16 00:00:00+00:00,0.14637315,0.10100697407617265,1446.0912190379922,211.88059584484878,176.79426989506243,-35.08632594978636,66.03432248645802,-0.5313346851855969,-0.165594804988554,trail_stop,0.04808157007168633,2,BREAKOUT 1d [lookback=20 swing=20 vol_mult=2.0] exit=trail3ATR,BTC<200D,2024,BREAKOUT
TIAUSDT,2024-09-17 00:00:00+00:00,2024-09-18 00:00:00+00:00,2024-10-01 00:00:00+00:00,5.2296135,3.5099090122703207,37.861595907339776,198.1995146016574,195.20383948014845,-2.9956751215089525,65.50802759721124,-0.04572989344036489,-0.015114442270606357,trail_stop,0.04533830135430563,2,BREAKOUT 1d [lookback=20 swing=20 vol_mult=2.0] exit=trail3ATR,BTC<200D,2024,BREAKOUT
MINAUSDT,2024-09-19 00:00:00+00:00,2024-09-20 00:00:00+00:00,2024-10-01 00:00:00+00:00,0.4628313,0.36978246041748924,700.7094441606863,324.634573226131,374.31740850532475,49.68283527919374,65.91304646503923,0.753763297916231,0.15304234168732891,trail_stop,0.07380411322707965,2,BREAKOUT 1d [lookback=20 swing=20 vol_mult=2.0] exit=trail3ATR,BTC<200D,2024,BREAKOUT
SEIUSDT,2024-09-19 00:00:00+00:00,2024-09-20 00:00:00+00:00,2024-10-03 00:00:00+00:00,0.33566775,0.2377278617196351,668.1982657688751,224.51690103296482,269.5842303664899,45.067329333525095,65.90575069967826,0.6838148242767091,0.2007302306693965,trail_stop,0.05104849107476335,2,BREAKOUT 1d [lookback=20 swing=20 vol_mult=2.0] exit=trail3ATR,BTC<200D,2024,BREAKOUT
STXUSDT,2024-09-19 00:00:00+00:00,2024-09-20 00:00:00+00:00,2024-10-01 00:00:00+00:00,1.6878435,1.2594658371806897,152.56414678913248,257.76190789457416,257.90692145253166,0.1450135579574976,65.90070495666566,0.0022004856860462145,0.0005625872307587389,trail_stop,0.058611907944022074,2,BREAKOUT 1d [lookback=20 swing=20 vol_mult=2.0] exit=trail3ATR,BTC<200D,2024,BREAKOUT
APTUSDT,2024-09-20 00:00:00+00:00,2024-09-21 00:00:00+00:00,2024-10-25 00:00:00+00:00,7.303649999999999,5.254624963262709,32.213432273630985,235.5109102599302,293.1044953105639,57.59358505063369,66.49522450584959,0.8661311466895969,0.2445474181517469,trail_stop,0.0530735033320944,2,BREAKOUT 1d [lookback=20 swing=20 vol_mult=2.0] exit=trail3ATR,BTC<200D,2024,BREAKOUT
ARKUSDT,2024-09-20 00:00:00+00:00,2024-09-21 00:00:00+00:00,2024-09-22 00:00:00+00:00,0.52156065,0.2521025845004225,245.95110485347766,128.40669653371353,115.18514379597947,-13.221552737734058,66.49476370075426,-0.19883599853418357,-0.10296622446215414,trail_stop,0.02893726008852849,2,BREAKOUT 1d [lookback=20 swing=20 vol_mult=2.0] exit=trail3ATR,BTC<200D,2024,BREAKOUT
AVAXUSDT,2024-09-20 00:00:00+00:00,2024-09-21 00:00:00+00:00,2024-10-01 00:00:00+00:00,27.683835,19.698856397398586,8.267824945237521,229.11398669443238,215.21659329968958,-13.897393394742807,66.49150899049305,-0.20901004663211742,-0.06065711480669077,trail_stop,0.05163481136190612,2,BREAKOUT 1d [lookback=20 swing=20 vol_mult=2.0] exit=trail3ATR,BTC<200D,2024,BREAKOUT
GASUSDT,2024-09-20 00:00:00+00:00,2024-09-21 00:00:00+00:00,2024-09-22 00:00:00+00:00,3.889944,2.7950392884043636,60.27852662141632,234.71457305277846,227.07292900167775,-7.641644051100712,66.4863599335974,-0.11493551547614773,-0.03255717764649575,trail_stop,0.05290109727634436,2,BREAKOUT 1d [lookback=20 swing=20 vol_mult=2.0] exit=trail3ATR,BTC<200D,2024,BREAKOUT
LDOUSDT,2024-09-20 00:00:00+00:00,2024-09-21 00:00:00+00:00,2024-10-01 00:00:00+00:00,1.1155575,0.8380571141529864,237.54374960349324,265.25870515974714,269.2171386652214,3.958433505474261,66.48198918826604,0.05954144203273806,0.014922916490489418,trail_stop,0.05978921088639819,2,BREAKOUT 1d [lookback=20 swing=20 vol_mult=2.0] exit=trail3ATR,BTC<200D,2024,BREAKOUT
SUIUSDT,2024-09-20 00:00:00+00:00,2024-09-21 00:00:00+00:00,2024-10-25 00:00:00+00:00,1.47063495,0.6884997630286648,84.71734151180202,124.71287158164021,156.99578846001282,32.2829168783726,66.47246466674422,0.4856584909288546,0.25885793879134106,trail_stop,0.02811426142906493,2,BREAKOUT 1d [lookback=20 swing=20 vol_mult=2.0] exit=trail3ATR,BTC<200D,2024,BREAKOUT
CAKEUSDT,2024-09-21 00:00:00+00:00,2024-09-22 00:00:00+00:00,2024-10-01 00:00:00+00:00,2.001,1.4752598326867883,128.14366295393273,256.6718850403902,246.25637137330193,-10.415513667088248,67.91015954665376,-0.1533719510691603,-0.0405790983513806,trail_stop,0.05663706386847698,2,BREAKOUT 1d [lookback=20 swing=20 vol_mult=2.0] exit=trail3ATR,BTC<200D,2024,BREAKOUT
NEARUSDT,2024-09-23 00:00:00+00:00,2024-09-24 00:00:00+00:00,2024-10-01 00:00:00+00:00,5.1795884999999995,3.2497952526339313,34.90117929188732,180.95452064359435,167.328578876055,-13.62594176753936,67.70290968881102,-0.20126080001833752,-0.07530036673898209,trail_stop,0.040051546025334284,2,BREAKOUT 1d [lookback=20 swing=20 vol_mult=2.0] exit=trail3ATR,BTC<200D,2024,BREAKOUT
TRBUSDT,2024-09-23 00:00:00+00:00,2024-09-24 00:00:00+00:00,2024-10-01 00:00:00+00:00,73.84690499999999,49.10739301929627,2.72024974531417,201.08290654300816,167.14146330758058,-33.941443235427585,67.69884295706862,-0.5013592810877378,-0.168793279443512,trail_stop,0.04450933333806299,2,BREAKOUT 1d [lookback=20 swing=20 vol_mult=2.0] exit=trail3ATR,BTC<200D,2024,BREAKOUT
WLDUSDT,2024-09-23 00:00:00+00:00,2024-09-24 00:00:00+00:00,2024-10-01 00:00:00+00:00,1.7098545,1.2166952843869483,136.28993176874093,233.26898909261408,233.49749894509162,0.22850985247754352,67.6943238644481,0.003375613189299509,0.0009795980741650102,trail_stop,0.051637110728687215,2,BREAKOUT 1d [lookback=20 swing=20 vol_mult=2.0] exit=trail3ATR,BTC<200D,2024,BREAKOUT
DYDXUSDT,2024-09-24 00:00:00+00:00,2024-09-25 00:00:00+00:00,2024-10-01 00:00:00+00:00,1.01160555,0.7701045739067665,286.94442332643206,290.5648457497467,262.18691018373664,-28.37793556601008,69.91898821970653,-0.4058687959962758,-0.09766472435020924,trail_stop,0.062273763945161355,2,BREAKOUT 1d [lookback=20 swing=20 vol_mult=2.0] exit=trail3ATR,BTC>200D,2024,BREAKOUT
RUNEUSDT,2024-09-26 00:00:00+00:00,2024-09-27 00:00:00+00:00,2024-10-01 00:00:00+00:00,5.3836905,3.27035071059463,33.47589888577019,180.40410268909184,152.6436563128533,-27.760446376238548,71.09033513581777,-0.3904953651322974,-0.15387924089554028,trail_stop,0.038027084511410306,2,BREAKOUT 1d [lookback=20 swing=20 vol_mult=2.0] exit=trail3ATR,BTC>200D,2024,BREAKOUT
CYBERUSDT,2024-09-27 00:00:00+00:00,2024-09-28 00:00:00+00:00,2024-10-01 00:00:00+00:00,3.9789885,2.89233764063452,66.03898412427166,263.03112674054165,212.04856432763538,-50.982562412906276,72.31050226442329,-0.7050505917726098,-0.19382710725030022,trail_stop,0.054508339069740085,2,BREAKOUT 1d [lookback=20 swing=20 vol_mult=2.0] exit=trail3ATR,BTC>200D,2024,BREAKOUT
XRPUSDT,2024-09-28 00:00:00+00:00,2024-09-29 00:00:00+00:00,2024-10-01 00:00:00+00:00,0.6142069499999999,0.511403047013873,680.2840971385444,418.253055657406,399.0354709049933,-19.217584752412677,70.87537063616038,-0.2711461623398965,-0.04594726683396651,trail_stop,0.08843027204371137,2,BREAKOUT 1d [lookback=20 swing=20 vol_mult=2.0] exit=trail3ATR,BTC>200D,2024,BREAKOUT
FTTUSDT,2024-09-29 00:00:00+00:00,2024-09-30 00:00:00+00:00,2024-10-01 00:00:00+00:00,2.2068028500000003,1.159229503985334,68.76047937606589,151.89256267632288,126.1304600067163,-25.762102669606577,72.30291018542542,-0.3563079633107163,-0.16960740022870383,trail_stop,0.03148023118267012,2,BREAKOUT 1d [lookback=20 swing=20 vol_mult=2.0] exit=trail3ATR,BTC>200D,2024,BREAKOUT
LUNAUSDT,2024-09-29 00:00:00+00:00,2024-09-30 00:00:00+00:00,2024-10-03 00:00:00+00:00,0.44992485,0.3276369836093391,586.6921607466837,264.23134980254764,204.79938127328282,-59.43196852926482,72.29753691201518,-0.8220469336540811,-0.22492398639932995,trail_stop,0.05476688287625299,2,BREAKOUT 1d [lookback=20 swing=20 vol_mult=2.0] exit=trail3ATR,BTC>200D,2024,BREAKOUT
UNIUSDT,2024-10-10 00:00:00+00:00,2024-10-11 00:00:00+00:00,2024-10-25 00:00:00+00:00,8.1370665,6.147658373622069,31.509341459642204,256.65000043514397,226.9959473162505,-29.654053118893472,63.23179970943162,-0.4689737324441564,-0.11554277447346865,trail_stop,0.06082230966219173,2,BREAKOUT 1d [lookback=20 swing=20 vol_mult=2.0] exit=trail3ATR,BTC<200D,2024,BREAKOUT
BCHUSDT,2024-10-14 00:00:00+00:00,2024-10-15 00:00:00+00:00,2024-11-03 00:00:00+00:00,369.7848,299.780618014032,0.9142517835449193,338.41448934072906,307.46023647422254,-30.954252866506522,64.75050005875708,-0.4780542673557339,-0.09146846202362381,trail_stop,0.07831825529247291,2,BREAKOUT 1d [lookback=20 swing=20 vol_mult=2.0] exit=trail3ATR,BTC>200D,2024,BREAKOUT
BTCUSDT,2024-10-15 00:00:00+00:00,2024-10-16 00:00:00+00:00,2024-11-04 00:00:00+00:00,67107.67706999999,57851.14406796315,0.006833302257699617,459.0256082726391,459.6219883297589,0.5963800571198021,64.30402877539917,0.009274380913252507,0.0012992304707444145,trail_stop,0.10696850181030383,2,BREAKOUT 1d [lookback=20 swing=20 vol_mult=2.0] exit=trail3ATR,BTC>200D,2024,BREAKOUT
STORJUSDT,2024-10-15 00:00:00+00:00,2024-10-16 00:00:00+00:00,2024-10-20 00:00:00+00:00,0.60600285,0.3368871030395718,237.92490634921796,144.32735450494278,140.66409448146644,-3.66326002347634,64.2937127357385,-0.056976955717787776,-0.025381605836549054,trail_stop,0.03363855465764612,2,BREAKOUT 1d [lookback=20 swing=20 vol_mult=2.0] exit=trail3ATR,BTC>200D,2024,BREAKOUT
ARKUSDT,2024-10-16 00:00:00+00:00,2024-10-17 00:00:00+00:00,2024-10-25 00:00:00+00:00,0.6259128,0.3396536803609873,223.23257299063346,139.8638489365835,112.90950626879926,-26.954342667784246,64.15577868046871,-0.42013896833879594,-0.1927184392015822,trail_stop,0.03266832567982891,2,BREAKOUT 1d [lookback=20 swing=20 vol_mult=2.0] exit=trail3ATR,BTC>200D,2024,BREAKOUT
DYDXUSDT,2024-10-20 00:00:00+00:00,2024-10-21 00:00:00+00:00,2024-10-23 00:00:00+00:00,1.3152572999999999,0.7754395697118621,118.8340919398311,156.45370431964673,126.13619223793945,-30.317512081707278,64.44322411007704,-0.47045306159606787,-0.19377944557813928,trail_stop,0.0363802577550493,2,BREAKOUT 1d [lookback=20 swing=20 vol_mult=2.0] exit=trail3ATR,BTC>200D,2024,BREAKOUT
BTCUSDT,2024-11-06 00:00:00+00:00,2024-11-07 00:00:00+00:00,2024-12-19 00:00:00+00:00,75609.775995,63983.360787239275,0.005248287221985631,397.2186430329661,505.8515242454325,108.63288121246637,61.91912487433334,1.754431792001905,0.27348384351499505,trail_stop,0.09613067578485222,2,BREAKOUT 1d [lookback=20 swing=20 vol_mult=2.0] exit=trail3ATR,BTC>200D,2024,BREAKOUT
LDOUSDT,2024-11-06 00:00:00+00:00,2024-11-07 00:00:00+00:00,2024-11-12 00:00:00+00:00,1.3456724999999998,0.8653696864294989,128.19276696925348,172.67798669064214,144.10631592383106,-28.57167076681108,61.910197870694226,-0.46150184863705224,-0.16546214902307205,trail_stop,0.04179573490535308,2,BREAKOUT 1d [lookback=20 swing=20 vol_mult=2.0] exit=trail3ATR,BTC>200D,2024,BREAKOUT
SOLUSDT,2024-11-06 00:00:00+00:00,2024-11-07 00:00:00+00:00,2024-12-02 00:00:00+00:00,186.683295,144.55240108677702,1.4553982420685379,271.97023790592874,323.12897051725395,51.158732611325206,61.90439425243475,0.8264152041082785,0.18810415803298447,trail_stop,0.06583503707151034,2,BREAKOUT 1d [lookback=20 swing=20 vol_mult=2.0] exit=trail3ATR,BTC>200D,2024,BREAKOUT
SUIUSDT,2024-11-06 00:00:00+00:00,2024-11-07 00:00:00+00:00,2024-11-26 00:00:00+00:00,2.3049519,1.499921126410146,76.456817962595,176.40551711866826,229.7049137811031,53.299396662434845,61.89828205365934,0.8610803869520941,0.3021413249030089,trail_stop,0.04270618230035813,2,BREAKOUT 1d [lookback=20 swing=20 vol_mult=2.0] exit=trail3ATR,BTC>200D,2024,BREAKOUT
UNIUSDT,2024-11-06 00:00:00+00:00,2024-11-07 00:00:00+00:00,2024-11-13 00:00:00+00:00,9.291643500000001,6.287695815066165,20.47687071802516,190.4540464901863,171.6682958302928,-18.785750659893495,61.894776296120504,-0.30351108419905487,-0.0986366580605127,trail_stop,0.046109815906888826,2,BREAKOUT 1d [lookback=20 swing=20 vol_mult=2.0] exit=trail3ATR,BTC>200D,2024,BREAKOUT
ADAUSDT,2024-11-07 00:00:00+00:00,2024-11-08 00:00:00+00:00,2024-11-13 00:00:00+00:00,0.4068033,0.30383465899654327,596.1930191179614,242.7758209017639,327.0569332504608,84.28111234869692,61.9033438238769,1.361495310955862,0.34715612137833196,trail_stop,0.0587690274787551,2,BREAKOUT 1d [lookback=20 swing=20 vol_mult=2.0] exit=trail3ATR,BTC>200D,2024,BREAKOUT
ETHUSDT,2024-11-07 00:00:00+00:00,2024-11-08 00:00:00+00:00,2024-12-09 00:00:00+00:00,2896.9177349999995,2293.541843603217,0.10151841520187299,294.3845879248268,359.0680614293398,64.68347350451302,61.896993444422215,1.0450180195358407,0.21972438829246863,trail_stop,0.07126933338647512,2,BREAKOUT 1d [lookback=20 swing=20 vol_mult=2.0] exit=trail3ATR,BTC>200D,2024,BREAKOUT
ICPUSDT,2024-11-08 00:00:00+00:00,2024-11-09 00:00:00+00:00,2024-11-15 00:00:00+00:00,8.6233095,6.5654186695954415,30.05327842857701,259.41788010067245,235.3450659970199,-24.072814103652547,62.40139469988164,-0.38577365489073284,-0.09279550852204403,trail_stop,0.06229637717851795,2,BREAKOUT 1d [lookback=20 swing=20 vol_mult=2.0] exit=trail3ATR,BTC>200D,2024,BREAKOUT
JTOUSDT,2024-11-08 00:00:00+00:00,2024-11-09 00:00:00+00:00,2024-12-18 00:00:00+00:00,2.9484735,1.7103429302037485,50.17048860219902,148.0742824817615,155.97061490348062,7.896332421719137,62.394212202480844,0.12655552723534785,0.05332683224510468,trail_stop,0.035562518758692055,2,BREAKOUT 1d [lookback=20 swing=20 vol_mult=2.0] exit=trail3ATR,BTC>200D,2024,BREAKOUT
LINKUSDT,2024-11-08 00:00:00+00:00,2024-11-09 00:00:00+00:00,2024-12-09 00:00:00+00:00,13.696844999999998,9.68925832745844,15.459125249946338,211.9529836264853,330.45556220086206,118.50257857437677,62.39013185658558,1.8993801591375903,0.5590984214839281,trail_stop,0.0509073877750791,2,BREAKOUT 1d [lookback=20 swing=20 vol_mult=2.0] exit=trail3ATR,BTC>200D,2024,BREAKOUT
MOVRUSDT,2024-11-08 00:00:00+00:00,2024-11-09 00:00:00+00:00,2024-12-09 00:00:00+00:00,12.799396499999999,7.378599443679152,11.458082025167212,146.80319150460772,182.19829128766452,35.39509978305679,62.385368472264794,0.5673621980575895,0.2411057921853548,trail_stop,0.03526224302935033,2,BREAKOUT 1d [lookback=20 swing=20 vol_mult=2.0] exit=trail3ATR,BTC>200D,2024,BREAKOUT
BNBUSDT,2024-11-09 00:00:00+00:00,2024-11-10 00:00:00+00:00,2024-12-09 00:00:00+00:00,624.9823349999999,532.9179750498336,0.6821016280892599,426.72776969875764,459.6037364000504,32.87596670129278,63.76862585475462,0.5155508098320035,0.0770420137515332,trail_stop,0.10027692988120315,2,BREAKOUT 1d [lookback=20 swing=20 vol_mult=2.0] exit=trail3ATR,BTC>200D,2024,BREAKOUT
ETCUSDT,2024-11-09 00:00:00+00:00,2024-11-10 00:00:00+00:00,2024-12-09 00:00:00+00:00,21.780884999999998,16.81236679349234,12.712354889675805,277.16322627114755,396.74282447333627,119.57959820218872,63.75893335430682,1.8754955880094142,0.4314410674567792,trail_stop,0.06514059882226207,2,BREAKOUT 1d [lookback=20 swing=20 vol_mult=2.0] exit=trail3ATR,BTC>200D,2024,BREAKOUT
ARBUSDT,2024-11-10 00:00:00+00:00,2024-11-11 00:00:00+00:00,2024-12-09 00:00:00+00:00,0.6291144,0.4405611759189784,347.838058149634,219.04876118122203,338.0648817154397,119.01612053421766,66.03460654736497,1.8023295171578009,0.5433316303293494,trail_stop,0.049708011304575014,2,BREAKOUT 1d [lookback=20 swing=20 vol_mult=2.0] exit=trail3ATR,BTC>200D,2024,BREAKOUT
ATOMUSDT,2024-11-10 00:00:00+00:00,2024-11-11 00:00:00+00:00,2024-11-15 00:00:00+00:00,5.2716345,3.685411353612245,41.34520438632605,218.17476265836024,199.50933727165352,-18.665425386706715,66.02916193702676,-0.2826845720760212,-0.08555263294102855,trail_stop,0.04951376016108849,2,BREAKOUT 1d [lookback=20 swing=20 vol_mult=2.0] exit=trail3ATR,BTC>200D,2024,BREAKOUT
AVAXUSDT,2024-11-10 00:00:00+00:00,2024-11-11 00:00:00+00:00,2024-11-14 00:00:00+00:00,31.905945,21.47801838312022,6.292736758686031,200.97648863503684,195.2375640612437,-5.738924573793156,66.02363854775885,-0.08692227056892432,-0.028555203709498343,trail_stop,0.04561450656272488,2,BREAKOUT 1d [lookback=20 swing=20 vol_mult=2.0] exit=trail3ATR,BTC>200D,2024,BREAKOUT
BCHUSDT,2024-11-10 00:00:00+00:00,2024-11-11 00:00:00+00:00,2024-12-10 00:00:00+00:00,441.52065,309.80831294993783,0.49781262816831157,220.01434972224828,251.19139618651744,31.177046464269154,66.01912184675074,0.47224267139814424,0.14170460473886295,trail_stop,0.0499388394647131,2,BREAKOUT 1d [lookback=20 swing=20 vol_mult=2.0] exit=trail3ATR,BTC>200D,2024,BREAKOUT
DOTUSDT,2024-11-10 00:00:00+00:00,2024-11-11 00:00:00+00:00,2024-11-14 00:00:00+00:00,5.2446209999999995,3.53539997718578,10.22904703099398,53.70112234360741,49.94007268920121,-3.7610496544062,17.59157728067271,-0.21379831918416675,-0.07003670482603826,trail_stop,0.012189989423915302,2,BREAKOUT 1d [lookback=20 swing=20 vol_mult=2.0] exit=trail3ATR,BTC>200D,2024,BREAKOUT
MINAUSDT,2024-11-12 00:00:00+00:00,2024-11-13 00:00:00+00:00,2024-12-09 00:00:00+00:00,0.65742855,0.42085379071841617,218.9779460752972,144.10631592383106,177.13541003610604,33.029094112274976,52.086807703494266,0.634116306384029,0.22919948997747508,trail_stop,0.03264516740044124,2,BREAKOUT 1d [lookback=20 swing=20 vol_mult=2.0] exit=trail3ATR,BTC>200D,2024,BREAKOUT
XRPUSDT,2024-11-14 00:00:00+00:00,2024-11-15 00:00:00+00:00,2024-11-17 00:00:00+00:00,0.7739867999999999,0.46724652476689355,205.29455354327473,159.0541698289422,210.71638180020634,51.66221197126413,63.2748399207378,0.8164732148825599,0.3248089127548509,trail_stop,0.037667880650531185,2,BREAKOUT 1d [lookback=20 swing=20 vol_mult=2.0] exit=trail3ATR,BTC>200D,2024,BREAKOUT
ADAUSDT,2024-11-15 00:00:00+00:00,2024-11-16 00:00:00+00:00,2024-11-26 00:00:00+00:00,0.7074535499999999,0.29329879548740156,157.08175236956487,111.23917139742362,143.20076449204254,31.96159309461892,65.23636743158013,0.48993520566791554,0.2873231856468069,trail_stop,0.025552015170975127,2,BREAKOUT 1d [lookback=20 swing=20 vol_mult=2.0] exit=trail3ATR,BTC>200D,2024,BREAKOUT
FILUSDT,2024-11-16 00:00:00+00:00,2024-11-17 00:00:00+00:00,2024-12-09 00:00:00+00:00,4.748373,3.0399923231060946,39.68772132205719,188.64055646153784,263.0466734855845,74.40611702404667,68.17110354793677,1.0914612372634622,0.39443329907276553,trail_stop,0.04146597925277775,2,BREAKOUT 1d [lookback=20 swing=20 vol_mult=2.0] exit=trail3ATR,BTC>200D,2024,BREAKOUT
LTCUSDT,2024-11-16 00:00:00+00:00,2024-11-17 00:00:00+00:00,2024-12-09 00:00:00+00:00,95.48772,61.537284753807775,1.9967740686591666,190.85807057455864,231.77744648821826,40.91937591365962,68.1662687661111,0.600287747214979,0.21439688555205466,trail_stop,0.041956397193807754,2,BREAKOUT 1d [lookback=20 swing=20 vol_mult=2.0] exit=trail3ATR,BTC>200D,2024,BREAKOUT
LUNAUSDT,2024-11-16 00:00:00+00:00,2024-11-17 00:00:00+00:00,2024-12-09 00:00:00+00:00,0.46713344999999995,0.2673037069983298,339.62213313275754,158.807507605411,204.82434217766777,46.01683457225678,68.1613804319646,0.6751159422040838,0.2897648559953149,trail_stop,0.03491321428818918,2,BREAKOUT 1d [lookback=20 swing=20 vol_mult=2.0] exit=trail3ATR,BTC>200D,2024,BREAKOUT
SEIUSDT,2024-11-16 00:00:00+00:00,2024-11-17 00:00:00+00:00,2024-12-09 00:00:00+00:00,0.54297135,0.3071712730339772,287.8220057928543,156.43538214809894,161.49584175872792,5.060459610628982,68.15730199407903,0.07424677125671134,0.03234856169455446,trail_stop,0.03439376966358576,2,BREAKOUT 1d [lookback=20 swing=20 vol_mult=2.0] exit=trail3ATR,BTC>200D,2024,BREAKOUT
GMTUSDT,2024-11-18 00:00:00+00:00,2024-11-19 00:00:00+00:00,2024-12-09 00:00:00+00:00,0.16728359999999998,0.10885904393068188,1163.7517914846208,194.87126577518265,241.74456672970817,46.87330095452552,68.37632240018534,0.6855194796846585,0.2405346974479136,trail_stop,0.04270701809171935,2,BREAKOUT 1d [lookback=20 swing=20 vol_mult=2.0] exit=trail3ATR,BTC>200D,2024,BREAKOUT
OPUSDT,2024-11-21 00:00:00+00:00,2024-11-22 00:00:00+00:00,2024-12-09 00:00:00+00:00,2.0840415,1.2008519661801496,79.00644280905165,164.81735828702165,167.0107795734077,2.193421286386041,70.08458122463357,0.031296773813283336,0.013308193440197612,trail_stop,0.03524014184811184,2,BREAKOUT 1d [lookback=20 swing=20 vol_mult=2.0] exit=trail3ATR,BTC>200D,2024,BREAKOUT
ATOMUSDT,2024-11-22 00:00:00+00:00,2024-11-23 00:00:00+00:00,2024-12-09 00:00:00+00:00,7.5527745,3.544417862972134,8.564466387625252,64.75016882190167,71.33617683298232,6.586008011080651,34.43964006423116,0.19123335780506154,0.10171414423946554,trail_stop,0.013309079395430195,2,BREAKOUT 1d [lookback=20 swing=20 vol_mult=2.0] exit=trail3ATR,BTC>200D,2024,BREAKOUT
FTMUSDT,2024-11-26 00:00:00+00:00,2024-11-27 00:00:00+00:00,2024-12-09 00:00:00+00:00,1.0835415,0.592984526301208,148.63031833400015,161.2081651911731,156.5131170297264,-4.695048161446692,73.20484543051572,-0.06413575677723572,-0.029124133730316585,trail_stop,0.03299927425418077,2,BREAKOUT 1d [lookback=20 swing=20 vol_mult=2.0] exit=trail3ATR,BTC>200D,2024,BREAKOUT
INJUSDT,2024-11-26 00:00:00+00:00,2024-11-27 00:00:00+00:00,2024-12-09 00:00:00+00:00,30.8154,19.226997955778568,6.284457816949063,193.85173949382454,170.4081498059101,-23.443589687914425,73.20166836493897,-0.32026031935555016,-0.12093566840890412,trail_stop,0.039683128623575384,2,BREAKOUT 1d [lookback=20 swing=20 vol_mult=2.0] exit=trail3ATR,BTC>200D,2024,BREAKOUT
AVAXUSDT,2024-12-02 00:00:00+00:00,2024-12-03 00:00:00+00:00,2024-12-09 00:00:00+00:00,52.296135,28.773213646464853,3.5221875308311192,184.3809914022685,155.9782453313296,-28.402746070938917,83.1883033839143,-0.3414271588141442,-0.15404378648215397,trail_stop,0.03321322597918461,2,BREAKOUT 1d [lookback=20 swing=20 vol_mult=2.0] exit=trail3ATR,BTC>200D,2024,BREAKOUT
XRPUSDT,2024-12-02 00:00:00+00:00,2024-12-03 00:00:00+00:00,2024-12-05 00:00:00+00:00,2.7257622,0.5354410407049717,37.916980034344235,103.45602358668597,82.73951712420245,-20.716506462483522,83.18415964642843,-0.24904388708785857,-0.20024456521978276,trail_stop,0.01863684228254527,2,BREAKOUT 1d [lookback=20 swing=20 vol_mult=2.0] exit=trail3ATR,BTC>200D,2024,BREAKOUT
GALAUSDT,2024-12-03 00:00:00+00:00,2024-12-04 00:00:00+00:00,2024-12-09 00:00:00+00:00,0.051345659999999994,0.02188584723654973,1033.8681881190264,53.13772911644753,52.94655914237272,-0.1911699740748105,30.544577196847296,-0.006258720585418429,-0.003597631612293314,trail_stop,0.009305664049463883,2,BREAKOUT 1d [lookback=20 swing=20 vol_mult=2.0] exit=trail3ATR,BTC>200D,2024,BREAKOUT
FTTUSDT,2024-12-05 00:00:00+00:00,2024-12-06 00:00:00+00:00,2024-12-16 00:00:00+00:00,3.4659321,1.6375967329271233,23.84837840993438,82.73951712420245,61.651790166328304,-21.087726957874146,43.74405206732546,-0.4820707264479868,-0.25486886666523334,trail_stop,0.014310962649686076,2,BREAKOUT 1d [lookback=20 swing=20 vol_mult=2.0] exit=trail3ATR,BTC>200D,2024,BREAKOUT
XLMUSDT,2025-01-01 08:00:00+00:00,2025-01-01 12:00:00+00:00,2025-01-16 12:00:00+00:00,0.36328154999999995,0.3148681624689697,1551.8188933583365,564.3109200713996,787.9502954497694,223.6393753783699,76.42523987100294,2.926250225133052,0.39630524135537526,target_3R,0.11064679165875865,3,BREAKOUT 4h [lookback=20 swing=20 vol_mult=1.5] exit=3R,BTC>200D,2025,BREAKOUT
TROYUSDT,2025-01-01 12:00:00+00:00,2025-01-01 16:00:00+00:00,2025-01-02 16:00:00+00:00,0.006593295,0.004771029507416408,41902.737654743214,276.5533877759955,199.61941895521892,-76.93396882077656,76.93396882077653,-1.0000000000000004,-0.27818848808712493,stop,0.053866409383273556,3,BREAKOUT 4h [lookback=20 swing=20 vol_mult=1.5] exit=3R,BTC>200D,2025,BREAKOUT
XRPUSDT,2025-01-01 12:00:00+00:00,2025-01-01 16:00:00+00:00,2025-01-15 12:00:00+00:00,2.2294141499999998,1.9664593912609905,286.9016063267727,640.2621233034391,864.6504384043386,224.3883151008995,76.92775362130797,2.916870759095543,0.35046320395022845,target_3R,0.12471880511771558,3,BREAKOUT 4h [lookback=20 swing=20 vol_mult=1.5] exit=3R,BTC>200D,2025,BREAKOUT
ADAUSDT,2025-01-01 16:00:00+00:00,2025-01-01 20:00:00+00:00,2025-02-02 16:00:00+00:00,0.91775865,0.8166893855499749,761.2804281878085,699.3703697431101,620.7973615250538,-78.57300821805632,78.57300821805619,-1.0000000000000016,-0.1123482086421783,stop,0.13338009716506743,3,BREAKOUT 4h [lookback=20 swing=20 vol_mult=1.5] exit=3R,BTC>200D,2025,BREAKOUT
ALGOUSDT,2025-01-01 16:00:00+00:00,2025-01-01 20:00:00+00:00,2025-02-02 16:00:00+00:00,0.37608795,0.3034655881416737,1069.4677937912472,402.6161641081309,324.0600153052134,-78.55614880291745,78.5561488029174,-1.0000000000000004,-0.1951142447967379,stop,0.0768012350949864,3,BREAKOUT 4h [lookback=20 swing=20 vol_mult=1.5] exit=3R,BTC>200D,2025,BREAKOUT
GALAUSDT,2025-01-01 16:00:00+00:00,2025-01-01 20:00:00+00:00,2025-01-13 08:00:00+00:00,0.037318649999999995,0.03248935563958015,15980.023258932913,596.9492478869686,518.4021473903811,-78.54710049658752,78.54710049658738,-1.0000000000000018,-0.131580868515409,stop,0.11388445109146064,3,BREAKOUT 4h [lookback=20 swing=20 vol_mult=1.5] exit=3R,BTC>200D,2025,BREAKOUT
HBARUSDT,2025-01-01 16:00:00+00:00,2025-01-01 20:00:00+00:00,2025-01-13 12:00:00+00:00,0.2959479,0.25907495852109796,2091.160111382992,619.49331797109,540.9548391724566,-78.53847879863349,78.53847879863349,-1.0,-0.12677857294063447,stop,0.11819832513836463,3,BREAKOUT 4h [lookback=20 swing=20 vol_mult=1.5] exit=3R,BTC>200D,2025,BREAKOUT
LTCUSDT,2025-01-01 16:00:00+00:00,2025-01-01 20:00:00+00:00,2025-01-13 08:00:00+00:00,107.25359999999999,95.55245557183876,6.569959540937648,705.35646443253,626.8344173813902,-78.5220470511398,78.52204705113984,-0.9999999999999994,-0.11132250289123242,stop,0.13460903766829674,3,BREAKOUT 4h [lookback=20 swing=20 vol_mult=1.5] exit=3R,BTC>200D,2025,BREAKOUT
TAOUSDT,2025-01-01 20:00:00+00:00,2025-01-02 00:00:00+00:00,2025-01-09 20:00:00+00:00,489.74474999999995,427.8329274969958,1.2037178175486445,590.1039961075323,514.2178900805469,-75.88610602698543,75.88610602698535,-1.000000000000001,-0.12859785144237018,stop,0.11286883914296611,3,BREAKOUT 4h [lookback=20 swing=20 vol_mult=1.5] exit=3R,BTC>200D,2025,BREAKOUT
AVAXUSDT,2025-01-03 08:00:00+00:00,2025-01-03 12:00:00+00:00,2025-01-13 08:00:00+00:00,41.34066,34.40203007552686,4.823822332692867,199.61941895521892,165.70044002148617,-33.918978933732745,33.918978933732774,-0.9999999999999991,-0.16991823296180353,stop,0.035865899743011256,3,BREAKOUT 4h [lookback=20 swing=20 vol_mult=1.5] exit=3R,BTC>200D,2025,BREAKOUT
OMUSDT,2025-01-10 08:00:00+00:00,2025-01-10 12:00:00+00:00,2025-01-13 08:00:00+00:00,4.1048514,3.6188502944146888,125.14562302904615,514.2178900805469,452.20417627289567,-62.01371380765124,62.01371380765122,-1.0000000000000004,-0.12059812582159955,stop,0.1041405370424013,3,BREAKOUT 4h [lookback=20 swing=20 vol_mult=1.5] exit=3R,BTC>200D,2025,BREAKOUT
BTCUSDT,2025-01-14 08:00:00+00:00,2025-01-14 12:00:00+00:00,2025-02-25 04:00:00+00:00,96596.31401999999,88479.33663276021,0.008653862710485702,836.767171107913,764.539882730869,-72.22728837704403,72.22728837704412,-0.9999999999999988,-0.08631706748415122,stop,0.17360431050054365,3,BREAKOUT 4h [lookback=20 swing=20 vol_mult=1.5] exit=3R,BTC>200D,2025,BREAKOUT
RAYUSDT,2025-01-14 20:00:00+00:00,2025-01-15 00:00:00+00:00,2025-02-18 16:00:00+00:00,5.3016495,4.037649179967721,57.55551210836336,305.44429114354006,232.04049901203828,-73.40379213150177,73.40379213150182,-0.9999999999999994,-0.2403181014013665,stop,0.062354915828782304,3,BREAKOUT 4h [lookback=20 swing=20 vol_mult=1.5] exit=3R,BTC>200D,2025,BREAKOUT
HBARUSDT,2025-01-15 00:00:00+00:00,2025-01-15 04:00:00+00:00,2025-02-02 16:00:00+00:00,0.29938961999999997,0.2447649614703146,1369.788704523163,410.51062024720943,334.77353270399624,-75.73708754321319,75.73708754321318,-1.0000000000000002,-0.18449483109012949,stop,0.08122186890804817,3,BREAKOUT 4h [lookback=20 swing=20 vol_mult=1.5] exit=3R,BTC>200D,2025,BREAKOUT
APTUSDT,2025-01-15 12:00:00+00:00,2025-01-15 16:00:00+00:00,2025-01-27 00:00:00+00:00,9.30465,7.737601140056861,49.59893960711392,461.96227418874787,383.2013383205475,-78.76093586820036,78.76093586820035,-1.0000000000000002,-0.17049213814377479,stop,0.08789270372325458,3,BREAKOUT 4h [lookback=20 swing=20 vol_mult=1.5] exit=3R,BTC>200D,2025,BREAKOUT
ARBUSDT,2025-01-15 12:00:00+00:00,2025-01-15 16:00:00+00:00,2025-01-27 04:00:00+00:00,0.77648805,0.6332921193500823,543.399428437614,422.365105721196,343.6145518906346,-78.75055383056144,78.75055383056153,-0.9999999999999989,-0.18645137290897518,stop,0.08036956098108539,3,BREAKOUT 4h [lookback=20 swing=20 vol_mult=1.5] exit=3R,BTC>200D,2025,BREAKOUT
ARKMUSDT,2025-01-15 12:00:00+00:00,2025-01-15 16:00:00+00:00,2025-01-19 20:00:00+00:00,1.3846919999999998,1.1302769014670697,305.79372977793827,423.85356140494645,345.113314813189,-78.74024659175745,78.74024659175744,-1.0000000000000002,-0.1857722896812695,stop,0.08066334871968721,3,BREAKOUT 4h [lookback=20 swing=20 vol_mult=1.5] exit=3R,BTC>200D,2025,BREAKOUT
AVAXUSDT,2025-01-15 12:00:00+00:00,2025-01-15 16:00:00+00:00,2025-01-28 20:00:00+00:00,39.349664999999995,32.210823704829366,7.815464221371772,307.84343482939545,251.36505226696875,-56.4783825624267,56.47838256242672,-0.9999999999999998,-0.1834646322528418,stop,0.058596024522106695,3,BREAKOUT 4h [lookback=20 swing=20 vol_mult=1.5] exit=3R,BTC>200D,2025,BREAKOUT
DOTUSDT,2025-01-16 12:00:00+00:00,2025-01-16 16:00:00+00:00,2025-01-27 00:00:00+00:00,7.241619,5.8884815106734765,59.46446758484881,431.0496373056126,349.63035986626033,-81.41927743935224,81.41927743935226,-0.9999999999999998,-0.18888608269869922,stop,0.07933361087761168,3,BREAKOUT 4h [lookback=20 swing=20 vol_mult=1.5] exit=3R,BTC>200D,2025,BREAKOUT
LINKUSDT,2025-01-16 12:00:00+00:00,2025-01-16 16:00:00+00:00,2025-02-03 00:00:00+00:00,23.31165,17.466061504041814,13.809726933602203,322.2494483925795,240.83985826712438,-81.40959012545511,81.4095901254551,-1.0000000000000002,-0.25262910621425827,stop,0.05931626489746589,3,BREAKOUT 4h [lookback=20 swing=20 vol_mult=1.5] exit=3R,BTC>200D,2025,BREAKOUT
LTCUSDT,2025-01-16 12:00:00+00:00,2025-01-16 16:00:00+00:00,2025-02-03 00:00:00+00:00,126.673305,90.44950558372855,0.27327457161095586,34.65120975157737,24.680485924754905,-9.970723826822464,9.970723826822462,-1.0000000000000002,-0.28774533121079804,stop,0.0063786327703553355,3,BREAKOUT 4h [lookback=20 swing=20 vol_mult=1.5] exit=3R,BTC>200D,2025,BREAKOUT
WLDUSDT,2025-01-22 12:00:00+00:00,2025-01-22 16:00:00+00:00,2025-01-28 20:00:00+00:00,2.4442215,1.7228234524712387,107.75432936069731,263.6388239900391,185.36331602017052,-78.27550796986858,78.27550796986857,-1.0000000000000002,-0.2969043283732218,stop,0.050470853918229745,3,BREAKOUT 4h [lookback=20 swing=20 vol_mult=1.5] exit=3R,BTC>200D,2025,BREAKOUT
ETCUSDT,2025-01-23 12:00:00+00:00,2025-01-23 16:00:00+00:00,2025-02-02 00:00:00+00:00,28.234109999999998,24.509698113432325,2.882793108244761,81.47449082314989,70.5504395515469,-10.924051271602991,10.924051271603004,-0.9999999999999989,-0.13407940523758471,stop,0.015682032670900764,3,BREAKOUT 4h [lookback=20 swing=20 vol_mult=1.5] exit=3R,BTC>200D,2025,BREAKOUT
MOVEUSDT,2025-01-27 00:00:00+00:00,2025-01-27 04:00:00+00:00,2025-02-02 20:00:00+00:00,0.7466731499999999,0.6141797132594384,539.7836240195697,403.4449808039728,331.0270309574219,-72.41794984655087,72.4179498465509,-0.9999999999999996,-0.17949894853627527,stop,0.08348246665069813,3,BREAKOUT 4h [lookback=20 swing=20 vol_mult=1.5] exit=3R,BTC>200D,2025,BREAKOUT
XRPUSDT,2025-01-28 12:00:00+00:00,2025-01-28 16:00:00+00:00,2025-02-02 16:00:00+00:00,3.1873929,2.6058717842292927,124.59075894545535,397.51682016882415,324.1807043304796,-73.33611583834454,73.33611583834455,-0.9999999999999998,-0.1844855666917413,stop,0.08122594766480344,3,BREAKOUT 4h [lookback=20 swing=20 vol_mult=1.5] exit=3R,BTC>200D,2025,BREAKOUT
USUALUSDT,2025-01-30 04:00:00+00:00,2025-01-30 08:00:00+00:00,2025-02-03 00:00:00+00:00,0.36728354999999996,0.2654949712130954,714.744871562211,262.7765478054345,189.47662222705117,-73.29992557838335,73.29992557838335,-1.0,-0.2789439399769275,stop,0.053720525300726914,3,BREAKOUT 4h [lookback=20 swing=20 vol_mult=1.5] exit=3R,BTC>200D,2025,BREAKOUT
BCHUSDT,2025-01-30 12:00:00+00:00,2025-01-30 16:00:00+00:00,2025-02-02 00:00:00+00:00,435.41759999999994,392.1514024409712,1.031164753799677,449.4362695863502,403.766347480069,-45.669922106281206,45.66992210628125,-0.9999999999999991,-0.10161601365264679,stop,0.0902730731348582,3,BREAKOUT 4h [lookback=20 swing=20 vol_mult=1.5] exit=3R,BTC>200D,2025,BREAKOUT
OMUSDT,2025-02-03 20:00:00+00:00,2025-02-04 00:00:00+00:00,2025-04-13 16:00:00+00:00,6.06713205,4.239839708051948,33.47042392543749,203.27255120683367,141.6964395104114,-61.57611169642226,61.57611169642223,-1.0000000000000004,-0.30292388879287196,stop,0.04946792095113101,3,BREAKOUT 4h [lookback=20 swing=20 vol_mult=1.5] exit=3R,BTC>200D,2025,BREAKOUT
BNBUSDT,2025-02-08 12:00:00+00:00,2025-02-08 16:00:00+00:00,2025-02-13 00:00:00+00:00,597.0583799999999,555.0846931366178,1.3720919085541163,820.0381911045612,990.5067451211144,170.46855401655318,59.55303509997741,2.862466266083185,0.2078787986531924,target_3R,0.20634186924909712,3,BREAKOUT 4h [lookback=20 swing=20 vol_mult=1.5] exit=3R,BTC>200D,2025,BREAKOUT
CRVUSDT,2025-02-09 20:00:00+00:00,2025-02-10 00:00:00+00:00,2025-02-24 20:00:00+00:00,0.526263,0.44091886459291985,693.0881107992902,365.11137508202046,305.13738223997166,-59.9739928420488,59.9739928420488,-1.0,-0.16426218665078823,stop,0.09122619934965462,3,BREAKOUT 4h [lookback=20 swing=20 vol_mult=1.5] exit=3R,BTC>200D,2025,BREAKOUT
LTCUSDT,2025-02-10 00:00:00+00:00,2025-02-10 04:00:00+00:00,2025-03-04 16:00:00+00:00,112.486215,97.81403918905536,3.9988225490252205,450.26222540949544,390.55446961264335,-59.7077557968521,59.707755796852126,-0.9999999999999996,-0.13260662882068397,stop,0.11300351361226686,3,BREAKOUT 4h [lookback=20 swing=20 vol_mult=1.5] exit=3R,BTC>200D,2025,BREAKOUT
RUNEUSDT,2025-02-10 12:00:00+00:00,2025-02-10 16:00:00+00:00,2025-02-18 16:00:00+00:00,1.4017005,1.1163970407883972,209.4102676918929,293.82400740578896,233.434442549694,-60.38956485609495,60.38956485609494,-1.0000000000000002,-0.20552971620420812,stop,0.07290923795236662,3,BREAKOUT 4h [lookback=20 swing=20 vol_mult=1.5] exit=3R,BTC>200D,2025,BREAKOUT
TIAUSDT,2025-02-10 12:00:00+00:00,2025-02-10 16:00:00+00:00,2025-03-11 00:00:00+00:00,3.2536259999999997,2.6579287402039733,100.14813588789602,326.1704233551679,265.7874618346147,-60.38296152055318,60.38296152055323,-0.9999999999999992,-0.1851270292978159,stop,0.08094450087517158,3,BREAKOUT 4h [lookback=20 swing=20 vol_mult=1.5] exit=3R,BTC>200D,2025,BREAKOUT
ADAUSDT,2025-02-11 00:00:00+00:00,2025-02-11 04:00:00+00:00,2025-02-25 08:00:00+00:00,0.75127545,0.6375803398888255,538.0639416133729,404.63846409422473,342.54457381910714,-62.09389027511759,62.09389027511756,-1.0000000000000004,-0.15345523420299043,stop,0.0976507257171354,3,BREAKOUT 4h [lookback=20 swing=20 vol_mult=1.5] exit=3R,BTC>200D,2025,BREAKOUT
BNBUSDT,2025-02-13 00:00:00+00:00,2025-02-13 04:00:00+00:00,2025-02-25 04:00:00+00:00,717.548595,587.2423855524321,0.48865309259470463,350.9829723737689,286.5275145700874,-64.4554578036815,64.4554578036815,-1.0,-0.18364269174585932,stop,0.08159875485680937,3,BREAKOUT 4h [lookback=20 swing=20 vol_mult=1.5] exit=3R,BTC>200D,2025,BREAKOUT
THEUSDT,2025-02-13 00:00:00+00:00,2025-02-13 04:00:00+00:00,2025-03-04 00:00:00+00:00,0.8580288,0.4322392966399326,150.82646599333418,129.54286507612582,65.0953684838448,-64.44749659228103,64.44749659228101,-1.0000000000000002,-0.49749939183766295,stop,0.030120669956325674,3,BREAKOUT 4h [lookback=20 swing=20 vol_mult=1.5] exit=3R,BTC>200D,2025,BREAKOUT
TROYUSDT,2025-02-13 20:00:00+00:00,2025-02-14 00:00:00+00:00,2025-02-25 04:00:00+00:00,0.001508754,0.0013023530283519894,299493.7486969468,452.31425371283467,389.4617157253717,-62.852537987462995,62.852537987462966,-1.0000000000000004,-0.13895767703877585,stop,0.10783869811549497,3,BREAKOUT 4h [lookback=20 swing=20 vol_mult=1.5] exit=3R,BTC>200D,2025,BREAKOUT
XRPUSDT,2025-02-13 20:00:00+00:00,2025-02-14 00:00:00+00:00,2025-02-24 20:00:00+00:00,2.56128,2.2972664088513164,22.818032859274712,58.501814573004935,52.340497962622045,-6.16131661038289,6.161316610382888,-1.0000000000000004,-0.1053183846578661,stop,0.013949991530933669,3,BREAKOUT 4h [lookback=20 swing=20 vol_mult=1.5] exit=3R,BTC>200D,2025,BREAKOUT
APTUSDT,2025-02-19 04:00:00+00:00,2025-02-19 08:00:00+00:00,2025-02-25 04:00:00+00:00,6.183089999999999,5.227017486815683,64.215225339645,397.4455661629508,335.15079243853165,-62.294773724419144,62.294773724419166,-0.9999999999999997,-0.15673787564377706,stop,0.09560557665762856,3,BREAKOUT 4h [lookback=20 swing=20 vol_mult=1.5] exit=3R,BTC>200D,2025,BREAKOUT
TAOUSDT,2025-02-19 08:00:00+00:00,2025-02-19 12:00:00+00:00,2025-02-26 20:00:00+00:00,404.70225,338.4619975808494,0.167929419677792,68.0293753987815,56.75249866534661,-11.27687673343489,11.276876733434891,-0.9999999999999999,-0.16576481361663176,stop,0.01619967038678015,3,BREAKOUT 4h [lookback=20 swing=20 vol_mult=1.5] exit=3R,BTC>200D,2025,BREAKOUT
RUNEUSDT,2025-02-26 12:00:00+00:00,2025-02-26 16:00:00+00:00,2025-02-28 00:00:00+00:00,1.6288139999999998,1.205613587767165,132.53876252803934,216.09687294029416,159.55092710540185,-56.54594583489231,56.54594583489233,-0.9999999999999997,-0.261669431239366,stop,0.05726696815153474,3,BREAKOUT 4h [lookback=20 swing=20 vol_mult=1.5] exit=3R,BTC>200D,2025,BREAKOUT
APTUSDT,2025-02-27 00:00:00+00:00,2025-02-27 04:00:00+00:00,2025-03-13 16:00:00+00:00,6.263129999999999,4.912774104021969,41.17509019372439,258.142827587666,201.98059210120473,-56.16223548646124,56.162235486461206,-1.0000000000000007,-0.21756264162477418,stop,0.06887678359255879,3,BREAKOUT 4h [lookback=20 swing=20 vol_mult=1.5] exit=3R,BTC>200D,2025,BREAKOUT
BCHUSDT,2025-02-28 12:00:00+00:00,2025-02-28 16:00:00+00:00,2025-04-07 00:00:00+00:00,305.05244999999996,264.28841621966495,1.3312763949212671,406.5152350237979,351.3133444898853,-55.201890533912604,55.20189053391256,-1.0000000000000007,-0.13579291937405744,stop,0.11035196131056749,3,BREAKOUT 4h [lookback=20 swing=20 vol_mult=1.5] exit=3R,BTC>200D,2025,BREAKOUT
USUALUSDT,2025-02-28 16:00:00+00:00,2025-02-28 20:00:00+00:00,2025-03-04 00:00:00+00:00,0.23711849999999998,0.1988255158397762,1451.383471129066,344.49402147051626,288.1393535136023,-56.35466795691394,56.354667956913985,-0.9999999999999992,-0.16358678074109073,stop,0.09160284784093772,3,BREAKOUT 4h [lookback=20 swing=20 vol_mult=1.5] exit=3R,BTC>200D,2025,BREAKOUT
HBARUSDT,2025-03-01 04:00:00+00:00,2025-03-01 08:00:00+00:00,2025-03-29 04:00:00+00:00,0.22948468499999997,0.17479647437918916,1024.24017809346,235.2824820687556,178.76511120696324,-56.51737086179236,56.51737086179235,-1.0000000000000002,-0.24021070487209722,stop,0.062382794276358004,3,BREAKOUT 4h [lookback=20 swing=20 vol_mult=1.5] exit=3R,BTC>200D,2025,BREAKOUT
ALGOUSDT,2025-03-01 20:00:00+00:00,2025-03-02 00:00:00+00:00,2025-03-09 16:00:00+00:00,0.2535267,0.20730084100441826,1202.4074928941818,305.14724613246403,248.88631901025977,-56.260927122204265,56.26092712220429,-0.9999999999999994,-0.18437304558790438,stop,0.08127551908269859,3,BREAKOUT 4h [lookback=20 swing=20 vol_mult=1.5] exit=3R,BTC>200D,2025,BREAKOUT
XLMUSDT,2025-03-01 20:00:00+00:00,2025-03-02 00:00:00+00:00,2025-03-10 16:00:00+00:00,0.31165575,0.24680269898621396,858.3573384736287,267.7795120900926,211.52724639062382,-56.25226569946881,56.252265699468786,-1.0000000000000004,-0.2100693412292988,stop,0.0713336601015865,3,BREAKOUT 4h [lookback=20 swing=20 vol_mult=1.5] exit=3R,BTC>200D,2025,BREAKOUT
ADAUSDT,2025-03-02 12:00:00+00:00,2025-03-02 16:00:00+00:00,2025-04-06 20:00:00+00:00,0.8666330999999999,0.5608026657904628,184.8498337277231,160.35718142237914,103.50883493828253,-56.84834648409661,56.8483464840966,-1.0000000000000002,-0.35451076141303994,stop,0.04226956306005043,3,BREAKOUT 4h [lookback=20 swing=20 vol_mult=1.5] exit=3R,BTC>200D,2025,BREAKOUT
RENDERUSDT,2025-03-02 12:00:00+00:00,2025-03-02 16:00:00+00:00,2025-03-04 12:00:00+00:00,3.9109544999999994,3.3563817078674023,100.87352651538818,394.9062842286828,338.0623734005494,-56.8439108281334,56.84391082813347,-0.9999999999999989,-0.1439427861705441,stop,0.1041039664694322,3,BREAKOUT 4h [lookback=20 swing=20 vol_mult=1.5] exit=3R,BTC>200D,2025,BREAKOUT
SOLUSDT,2025-03-02 12:00:00+00:00,2025-03-02 16:00:00+00:00,2025-03-10 12:00:00+00:00,157.548735,122.43632399407511,0.6549144387056421,103.28412229266024,80.06507852381141,-23.219043768848834,23.219043768848838,-0.9999999999999999,-0.2248074849593689,stop,0.027232415782811048,3,BREAKOUT 4h [lookback=20 swing=20 vol_mult=1.5] exit=3R,BTC>200D,2025,BREAKOUT
TROYUSDT,2025-03-07 04:00:00+00:00,2025-03-07 08:00:00+00:00,2025-03-09 16:00:00+00:00,0.0013976985,0.0011680254396363968,223420.7691987131,312.5871488518653,260.56983093454903,-52.01731791731629,52.017317917316255,-1.0000000000000007,-0.16640900980215037,stop,0.09004930083311725,3,BREAKOUT 4h [lookback=20 swing=20 vol_mult=1.5] exit=3R,BTC>200D,2025,BREAKOUT
ENAUSDT,2025-03-07 12:00:00+00:00,2025-03-07 16:00:00+00:00,2025-04-03 04:00:00+00:00,0.4320159,0.3238752295875017,473.3099887444514,204.68191820719045,153.06351784545168,-51.618400361738765,51.61840036173877,-0.9999999999999999,-0.2521883750839571,stop,0.059419927583998514,3,BREAKOUT 4h [lookback=20 swing=20 vol_mult=1.5] exit=3R,BTC>200D,2025,BREAKOUT
RUNEUSDT,2025-03-08 20:00:00+00:00,2025-03-09 00:00:00+00:00,2025-03-10 08:00:00+00:00,1.308654,1.1283941909868023,274.8855683224695,360.08982862600044,309.71416465309784,-50.3756639729026,50.375663972902565,-1.0000000000000007,-0.1398974921483389,stop,0.10711425026208321,3,BREAKOUT 4h [lookback=20 swing=20 vol_mult=1.5] exit=3R,BTC>200D,2025,BREAKOUT
TIAUSDT,2025-03-12 08:00:00+00:00,2025-03-12 12:00:00+00:00,2025-04-06 12:00:00+00:00,3.4297139999999997,2.5545570895540926,50.59784125752358,173.7096606552369,129.06125611692568,-44.64840453831121,44.64840453831123,-0.9999999999999996,-0.25702890886952623,stop,0.05830089327664584,3,BREAKOUT 4h [lookback=20 swing=20 vol_mult=1.5] exit=3R,BTC<200D,2025,BREAKOUT
TROYUSDT,2025-03-12 16:00:00+00:00,2025-03-12 20:00:00+00:00,2025-04-01 20:00:00+00:00,0.0014267129999999998,0.000969728961733425,98083.95045118789,140.07758484726565,94.97222272001625,-45.10536212724941,45.10536212724943,-0.9999999999999996,-0.3220027114004734,stop,0.04653692175398542,3,BREAKOUT 4h [lookback=20 swing=20 vol_mult=1.5] exit=3R,BTC<200D,2025,BREAKOUT
XLMUSDT,2025-03-13 08:00:00+00:00,2025-03-13 12:00:00+00:00,2025-04-07 00:00:00+00:00,0.28124055,0.22153386403996392,741.7367274200119,208.815051619979,164.0734057806258,-44.7416458393532,44.741645839353176,-1.0000000000000004,-0.21426446749048625,stop,0.06993700430371338,3,BREAKOUT 4h [lookback=20 swing=20 vol_mult=1.5] exit=3R,BTC>200D,2025,BREAKOUT
LINKUSDT,2025-03-14 08:00:00+00:00,2025-03-14 12:00:00+00:00,2025-04-06 12:00:00+00:00,14.10705,12.077591354221381,21.34799395266663,301.45837530805574,257.4457275880814,-44.012647719974325,44.0126477199743,-1.0000000000000007,-0.14599908751912588,stop,0.10263773041082848,3,BREAKOUT 4h [lookback=20 swing=20 vol_mult=1.5] exit=3R,BTC<200D,2025,BREAKOUT
ORDIUSDT,2025-03-14 08:00:00+00:00,2025-03-14 12:00:00+00:00,2025-04-02 00:00:00+00:00,9.134565,7.825601722756478,33.09129410643312,302.57685152627954,258.5709787149371,-44.00587281134244,44.00587281134246,-0.9999999999999996,-0.14543701076062135,stop,0.1030343989239384,3,BREAKOUT 4h [lookback=20 swing=20 vol_mult=1.5] exit=3R,BTC<200D,2025,BREAKOUT
ARBUSDT,2025-03-14 12:00:00+00:00,2025-03-14 16:00:00+00:00,2025-04-02 20:00:00+00:00,0.36068025,0.3103679619689731,868.1144687506968,313.4248553612361,269.0309007617579,-44.39395459947821,44.3939545994782,-1.0000000000000002,-0.14164146155004906,stop,0.10579539932041741,3,BREAKOUT 4h [lookback=20 swing=20 vol_mult=1.5] exit=3R,BTC<200D,2025,BREAKOUT
BTCUSDT,2025-03-14 12:00:00+00:00,2025-03-14 16:00:00+00:00,2025-04-06 20:00:00+00:00,84766.94228999999,78185.91617181183,0.004041886563732059,342.9609834556924,315.54473415115746,-27.416249304534972,27.416249304534947,-1.0000000000000009,-0.07993984921633779,stop,0.11578697780545198,3,BREAKOUT 4h [lookback=20 swing=20 vol_mult=1.5] exit=3R,BTC<200D,2025,BREAKOUT
CRVUSDT,2025-04-01 00:00:00+00:00,2025-04-01 04:00:00+00:00,2025-04-06 16:00:00+00:00,0.53116545,0.43344374779693967,336.2163798158953,178.76511120696324,145.51236427195772,-33.25274693500552,33.252746935005526,-0.9999999999999998,-0.18601362822137893,stop,0.06532366819572516,3,BREAKOUT 4h [lookback=20 swing=20 vol_mult=1.5] exit=3R,BTC<200D,2025,BREAKOUT
RAYUSDT,2025-04-02 08:00:00+00:00,2025-04-02 12:00:00+00:00,2025-04-06 16:00:00+00:00,1.8819404999999998,1.5623003535448592,125.18534957819756,235.8269707572457,195.28384801935582,-40.54312273788989,40.543122737889895,-0.9999999999999998,-0.17191893958398824,stop,0.0871632585756748,3,BREAKOUT 4h [lookback=20 swing=20 vol_mult=1.5] exit=3R,BTC<200D,2025,BREAKOUT
SOLUSDT,2025-04-02 16:00:00+00:00,2025-04-02 20:00:00+00:00,2025-04-02 20:00:00+00:00,131.48570999999998,121.16040606120872,0.8943833671785474,117.71623067770764,108.2013603457573,-9.514870331950348,9.514870331950346,-1.0000000000000002,-0.08082887361557538,stop,0.04224019178099619,3,BREAKOUT 4h [lookback=20 swing=20 vol_mult=1.5] exit=3R,BTC<200D,2025,BREAKOUT
USUALUSDT,2025-04-04 00:00:00+00:00,2025-04-04 04:00:00+00:00,2025-05-30 16:00:00+00:00,0.13716855,0.10287093800988302,1128.5651106637156,154.95844345014174,115.92246476017083,-39.03597868997092,39.03597868997088,-1.0000000000000009,-0.25191256327075096,stop,0.059484984752068044,3,BREAKOUT 4h [lookback=20 swing=20 vol_mult=1.5] exit=3R,BTC<200D,2025,BREAKOUT
AVAXUSDT,2025-04-09 16:00:00+00:00,2025-04-09 20:00:00+00:00,2025-09-17 20:00:00+00:00,18.549269999999996,14.230611244034638,8.352165661724554,155.08150252000144,262.74246205735096,107.66095953734953,36.40330514787937,2.9574501298715505,0.6942217981378153,target_3R,0.06383757270721988,3,BREAKOUT 4h [lookback=20 swing=20 vol_mult=1.5] exit=3R,BTC<200D,2025,BREAKOUT
BCHUSDT,2025-04-09 16:00:00+00:00,2025-04-09 20:00:00+00:00,2025-06-19 16:00:00+00:00,306.7533,243.5608891368588,0.5699549226411247,175.01038892478113,282.4618427039887,107.45145377920755,36.39981988060495,2.951977623286573,0.6139718586957134,target_3R,0.07204797466507573,3,BREAKOUT 4h [lookback=20 swing=20 vol_mult=1.5] exit=3R,BTC<200D,2025,BREAKOUT
CRVUSDT,2025-04-09 16:00:00+00:00,2025-04-09 20:00:00+00:00,2025-07-17 00:00:00+00:00,0.5279638499999999,0.3809383581192253,245.70539880967718,129.8532918896639,237.74141106431455,107.88811917465065,36.39503180357579,2.9643639207934616,0.8308462388949137,target_3R,0.05346481177216499,3,BREAKOUT 4h [lookback=20 swing=20 vol_mult=1.5] exit=3R,BTC<200D,2025,BREAKOUT
EIGENUSDT,2025-04-09 16:00:00+00:00,2025-04-09 20:00:00+00:00,2025-05-09 04:00:00+00:00,0.8194094999999999,0.6402515880460128,201.12894975496098,164.9717791263919,272.49927387302586,107.52749474663395,36.39174495141062,2.954722146195574,0.6517932661940473,target_3R,0.06793036678000078,3,BREAKOUT 4h [lookback=20 swing=20 vol_mult=1.5] exit=3R,BTC<200D,2025,BREAKOUT
ENAUSDT,2025-04-09 16:00:00+00:00,2025-04-09 20:00:00+00:00,2025-06-21 20:00:00+00:00,0.32066025,0.24150039912006188,455.7469162635804,146.2860600259145,109.89802261366009,-36.38803741225442,36.388037412254434,-0.9999999999999996,-0.24874576159757325,stop,0.06024229272801879,3,BREAKOUT 4h [lookback=20 swing=20 vol_mult=1.5] exit=3R,BTC<200D,2025,BREAKOUT
FETUSDT,2025-04-09 16:00:00+00:00,2025-04-09 20:00:00+00:00,2025-04-25 20:00:00+00:00,0.43821899999999997,0.33509533737154484,349.63043264722506,153.36791326279854,260.9882712808389,107.62035801804035,36.38406619142848,2.9578980384384312,0.7017136487580099,target_3R,0.06316557545744954,3,BREAKOUT 4h [lookback=20 swing=20 vol_mult=1.5] exit=3R,BTC<200D,2025,BREAKOUT
HBARUSDT,2025-04-09 16:00:00+00:00,2025-04-09 20:00:00+00:00,2025-10-10 20:00:00+00:00,0.17090540999999998,0.12028171728574484,713.5929989814333,122.07886096811546,85.7034859896264,-36.37537497848906,36.37537497848907,-0.9999999999999998,-0.2979662055332379,stop,0.05029098839647914,3,BREAKOUT 4h [lookback=20 swing=20 vol_mult=1.5] exit=3R,BTC<200D,2025,BREAKOUT
RENDERUSDT,2025-04-09 16:00:00+00:00,2025-04-09 20:00:00+00:00,2025-10-10 20:00:00+00:00,3.399699,2.4131661179831325,36.60860875897546,124.58270883986937,88.21018447356175,-36.372524366307616,36.372524366307616,-1.0,-0.29195483630925484,stop,0.05132648314529725,3,BREAKOUT 4h [lookback=20 swing=20 vol_mult=1.5] exit=3R,BTC<200D,2025,BREAKOUT
RUNEUSDT,2025-04-09 16:00:00+00:00,2025-04-09 20:00:00+00:00,2025-05-10 04:00:00+00:00,1.112556,0.9382012577772432,205.62178983208685,228.99452176443566,335.81484791493307,106.82032615049741,36.36917539302317,2.9371115785866606,0.46647546555887653,target_3R,0.09435150242049983,3,BREAKOUT 4h [lookback=20 swing=20 vol_mult=1.5] exit=3R,BTC<200D,2025,BREAKOUT
SANDUSDT,2025-04-09 16:00:00+00:00,2025-04-09 20:00:00+00:00,2025-10-10 20:00:00+00:00,0.25962975,0.20805890706693897,697.3385370812244,181.2308798778118,144.86993518370343,-36.360944694108355,36.36094469410836,-0.9999999999999998,-0.20063327352724533,stop,0.07468858341176428,3,BREAKOUT 4h [lookback=20 swing=20 vol_mult=1.5] exit=3R,BTC<200D,2025,BREAKOUT
SUIUSDT,2025-04-09 16:00:00+00:00,2025-04-09 20:00:00+00:00,2025-05-08 20:00:00+00:00,2.25662775,1.6574443576507552,60.199203870702476,135.98304117651713,243.6923181622526,107.70927698573547,36.355825743724246,2.962641468935093,0.7920787478632721,target_3R,0.0560490063986449,3,BREAKOUT 4h [lookback=20 swing=20 vol_mult=1.5] exit=3R,BTC<200D,2025,BREAKOUT
TAOUSDT,2025-04-09 16:00:00+00:00,2025-04-09 20:00:00+00:00,2025-05-08 20:00:00+00:00,228.21405,161.58864438675158,0.5418016236716916,123.77038957752728,231.59220761934475,107.82181804181747,36.352679392226214,2.9659936996246405,0.8711438851396687,target_3R,0.051019654493940955,3,BREAKOUT 4h [lookback=20 swing=20 vol_mult=1.5] exit=3R,BTC<200D,2025,BREAKOUT
SEIUSDT,2025-04-12 04:00:00+00:00,2025-04-12 08:00:00+00:00,2025-06-24 04:00:00+00:00,0.17028509999999997,0.1326257184064888,986.2320821669881,168.10856936374873,278.94439443338075,110.83582506963202,37.504965158574855,2.955230716813274,0.6593109767641202,target_3R,0.06716735825174484,3,BREAKOUT 4h [lookback=20 swing=20 vol_mult=1.5] exit=3R,BTC<200D,2025,BREAKOUT
ALGOUSDT,2025-04-12 12:00:00+00:00,2025-04-12 16:00:00+00:00,2025-07-17 16:00:00+00:00,0.19169579999999997,0.1514478416247111,144.6730201245328,27.760943541519595,45.13381162087192,17.372868079352322,5.883381572081172,2.952871213010053,0.6258025075181345,target_3R,0.010600104953264522,3,BREAKOUT 4h [lookback=20 swing=20 vol_mult=1.5] exit=3R,BTC<200D,2025,BREAKOUT
TRXUSDT,2025-04-13 16:00:00+00:00,2025-04-13 20:00:00+00:00,2025-07-17 04:00:00+00:00,0.2525262,0.2329230281021646,560.555239914851,141.6964395104114,174.25917276486166,32.56273325445025,11.325999663646256,2.8750427530886142,0.2298062913010432,target_3R,0.057305384991403446,3,BREAKOUT 4h [lookback=20 swing=20 vol_mult=1.5] exit=3R,BTC<200D,2025,BREAKOUT
WLDUSDT,2025-04-25 20:00:00+00:00,2025-04-26 00:00:00+00:00,2025-09-09 00:00:00+00:00,1.048524,0.7696175649956922,155.67387374985756,163.39102059249535,293.04305030153165,129.6520297090363,43.76132706048255,2.962707907140114,0.7935076801582284,target_3R,0.05594932915566012,3,BREAKOUT 4h [lookback=20 swing=20 vol_mult=1.5] exit=3R,BTC>200D,2025,BREAKOUT
ARKMUSDT,2025-04-26 00:00:00+00:00,2025-04-26 04:00:00+00:00,2025-05-05 12:00:00+00:00,0.6283139999999999,0.5092484180067007,155.1767920775379,97.59725068834354,78.90504008479358,-18.692210603549952,18.692210603549945,-1.0000000000000004,-0.19152394633778802,stop,0.03247641415360774,3,BREAKOUT 4h [lookback=20 swing=20 vol_mult=1.5] exit=3R,BTC>200D,2025,BREAKOUT
BTCUSDT,2025-05-06 20:00:00+00:00,2025-05-07 00:00:00+00:00,2025-05-21 12:00:00+00:00,96882.43701,92876.23870533798,0.0008136274881564592,78.90504008479358,88.47201005480272,9.56696997000914,3.451691485430192,2.771675861064619,0.12124662708146658,target_3R,0.02934938012849571,3,BREAKOUT 4h [lookback=20 swing=20 vol_mult=1.5] exit=3R,BTC>200D,2025,BREAKOUT
ADAUSDT,2025-05-08 20:00:00+00:00,2025-05-09 00:00:00+00:00,2025-06-05 20:00:00+00:00,0.7697846999999999,0.6331556492450725,334.966260111926,258.1097539524312,211.76775726940576,-46.34199668302546,46.34199668302544,-1.0000000000000002,-0.17954376374155212,stop,0.08346162892399578,3,BREAKOUT 4h [lookback=20 swing=20 vol_mult=1.5] exit=3R,BTC>200D,2025,BREAKOUT
APEUSDT,2025-05-08 20:00:00+00:00,2025-05-09 00:00:00+00:00,2025-10-10 20:00:00+00:00,0.5658827999999999,0.45384750888230374,383.3970815425934,217.17477182916616,173.74289165720043,-43.43188017196573,43.43188017196575,-0.9999999999999996,-0.1999858446087379,stop,0.07023456351114397,3,BREAKOUT 4h [lookback=20 swing=20 vol_mult=1.5] exit=3R,BTC>200D,2025,BREAKOUT
ARBUSDT,2025-05-09 04:00:00+00:00,2025-05-09 08:00:00+00:00,2025-06-20 16:00:00+00:00,0.3775887,0.2896170371373147,550.0051349489096,207.883399622582,159.0520009532496,-48.8313986693324,48.831398669332366,-1.0000000000000007,-0.23489801859112916,stop,0.06379370534878108,3,BREAKOUT 4h [lookback=20 swing=20 vol_mult=1.5] exit=3R,BTC>200D,2025,BREAKOUT
ARKMUSDT,2025-05-09 04:00:00+00:00,2025-05-09 08:00:00+00:00,2025-06-13 00:00:00+00:00,0.632316,0.47107827472590363,102.08712562629499,64.61587425044385,48.01891451675749,-16.59695973368636,16.596959733686354,-1.0000000000000004,-0.2568557637920121,stop,0.019831069360345815,3,BREAKOUT 4h [lookback=20 swing=20 vol_mult=1.5] exit=3R,BTC>200D,2025,BREAKOUT
ORDIUSDT,2025-05-10 04:00:00+00:00,2025-05-10 08:00:00+00:00,2025-06-21 20:00:00+00:00,10.155075,6.450290815856413,13.695632522717526,139.2192556160763,88.20834563001766,-51.01090998605865,51.010909986058635,-1.0000000000000002,-0.3664070013901739,stop,0.040897185174302866,3,BREAKOUT 4h [lookback=20 swing=20 vol_mult=1.5] exit=3R,BTC>200D,2025,BREAKOUT
RUNEUSDT,2025-05-10 04:00:00+00:00,2025-05-10 08:00:00+00:00,2025-06-22 12:00:00+00:00,1.6438214999999998,1.1987072106683092,113.7156338121665,187.11513195031276,136.10735074691152,-51.00778120340124,51.00778120340123,-1.0000000000000002,-0.2726010487326382,stop,0.054970496462440246,3,BREAKOUT 4h [lookback=20 swing=20 vol_mult=1.5] exit=3R,BTC>200D,2025,BREAKOUT
BTCUSDT,2025-05-21 12:00:00+00:00,2025-05-21 16:00:00+00:00,2025-06-05 20:00:00+00:00,109027.82667,101281.7337669546,0.0008975196404101556,97.95247040334672,90.7660372039009,-7.18643319944583,7.186433199445827,-1.0000000000000004,-0.07336653348153119,stop,0.0293753528719957,3,BREAKOUT 4h [lookback=20 swing=20 vol_mult=1.5] exit=3R,BTC>200D,2025,BREAKOUT
FETUSDT,2025-06-03 12:00:00+00:00,2025-06-03 16:00:00+00:00,2025-06-13 00:00:00+00:00,0.8164079999999999,0.7017305446101174,141.8489996448697,115.92246476017083,99.39051587942286,-16.53194888074796,16.531948880747958,-1.0000000000000002,-0.142612123672064,stop,0.037561413909623136,3,BREAKOUT 4h [lookback=20 swing=20 vol_mult=1.5] exit=3R,BTC>200D,2025,BREAKOUT
INJUSDT,2025-06-08 08:00:00+00:00,2025-06-08 12:00:00+00:00,2025-06-15 20:00:00+00:00,13.46673,10.959321707688582,17.364454770286006,234.0762664126423,190.01728728833578,-44.05897912430652,44.058979124306525,-0.9999999999999999,-0.18822488840725513,stop,0.07961229310224092,3,BREAKOUT 4h [lookback=20 swing=20 vol_mult=1.5] exit=3R,BTC>200D,2025,BREAKOUT
XLMUSDT,2025-06-08 12:00:00+00:00,2025-06-08 16:00:00+00:00,2025-06-17 16:00:00+00:00,0.27173579999999997,0.25048521705399696,251.67511576223174,68.45752806066437,62.94636617524225,-5.511161885422126,5.5111618854221245,-1.0000000000000002,-0.08050483331122256,stop,0.02326542098128495,3,BREAKOUT 4h [lookback=20 swing=20 vol_mult=1.5] exit=3R,BTC>200D,2025,BREAKOUT
THEUSDT,2025-06-14 20:00:00+00:00,2025-06-15 00:00:00+00:00,2025-07-15 04:00:00+00:00,0.2605302,0.21646053085282657,565.2402993125266,147.40943039618037,221.65915012127397,74.2497197250936,25.240682294345532,2.941668488166311,0.5036972161519019,target_3R,0.053785658083662806,3,BREAKOUT 4h [lookback=20 swing=20 vol_mult=1.5] exit=3R,BTC>200D,2025,BREAKOUT
LTCUSDT,2025-06-16 12:00:00+00:00,2025-06-16 16:00:00+00:00,2025-06-20 16:00:00+00:00,87.99397499999999,82.13927561503029,2.1572779253182657,190.01728728833578,176.9315388154319,-13.085748472903873,13.0857484729039,-0.999999999999998,-0.06886609455195156,stop,0.06702132087152218,3,BREAKOUT 4h [lookback=20 swing=20 vol_mult=1.5] exit=3R,BTC>200D,2025,BREAKOUT
RAYUSDT,2025-06-19 00:00:00+00:00,2025-06-19 04:00:00+00:00,2025-06-21 20:00:00+00:00,2.3681834999999998,1.8772213491582768,26.553467116272753,62.94636617524225,49.7719901851599,-13.174375990082346,13.174375990082353,-0.9999999999999994,-0.209295258655678,stop,0.02353018347107098,3,BREAKOUT 4h [lookback=20 swing=20 vol_mult=1.5] exit=3R,BTC>200D,2025,BREAKOUT
BCHUSDT,2025-06-19 16:00:00+00:00,2025-06-19 20:00:00+00:00,2025-06-22 12:00:00+00:00,495.44759999999997,445.26701899213407,0.5695449186572865,282.4618427039887,253.21929556026254,-29.242547143726142,29.242547143726163,-0.9999999999999992,-0.10352742467368037,stop,0.10591811648352893,3,BREAKOUT 4h [lookback=20 swing=20 vol_mult=1.5] exit=3R,BTC>200D,2025,BREAKOUT
MOVEUSDT,2025-06-23 04:00:00+00:00,2025-06-23 08:00:00+00:00,2025-09-25 16:00:00+00:00,0.13626809999999998,0.10798368911411911,1295.585183321331,176.72347825066876,139.6922845061785,-37.03119374449025,37.031193744490245,-1.0000000000000002,-0.20954314679096758,stop,0.07151278967841158,3,BREAKOUT 4h [lookback=20 swing=20 vol_mult=1.5] exit=3R,BTC>200D,2025,BREAKOUT
INJUSDT,2025-06-24 04:00:00+00:00,2025-06-24 08:00:00+00:00,2025-10-10 20:00:00+00:00,11.555775,8.723647049223148,14.117113008325163,163.29731575535246,122.9680437481232,-40.329272007229264,40.32927200722926,-1.0000000000000002,-0.24696837067211483,stop,0.0606758466447904,3,BREAKOUT 4h [lookback=20 swing=20 vol_mult=1.5] exit=3R,BTC>200D,2025,BREAKOUT
SEIUSDT,2025-06-24 04:00:00+00:00,2025-06-24 08:00:00+00:00,2025-10-10 20:00:00+00:00,0.2797398,0.18411744375670613,419.2801531138611,117.4066355222169,77.0810334226256,-40.32560209959131,40.3256020995913,-1.0000000000000002,-0.3434695315151968,stop,0.04362836761359712,3,BREAKOUT 4h [lookback=20 swing=20 vol_mult=1.5] exit=3R,BTC>200D,2025,BREAKOUT
LINKUSDT,2025-06-24 12:00:00+00:00,2025-06-24 16:00:00+00:00,2025-08-09 04:00:00+00:00,13.366679999999999,10.742269003257139,15.218727518419653,203.62728460665548,322.75974326298507,119.13245865632959,40.38876347202235,2.949643623995909,0.5850515508589942,target_3R,0.07554967394093028,3,BREAKOUT 4h [lookback=20 swing=20 vol_mult=1.5] exit=3R,BTC>200D,2025,BREAKOUT
APTUSDT,2025-06-24 16:00:00+00:00,2025-06-24 20:00:00+00:00,2025-10-10 20:00:00+00:00,4.8914444999999995,3.6490726178492006,32.116967589075706,157.25546283473284,117.02140987572345,-40.23405295900939,40.23405295900939,-1.0,-0.2558515439383702,stop,0.058569179432525105,3,BREAKOUT 4h [lookback=20 swing=20 vol_mult=1.5] exit=3R,BTC>200D,2025,BREAKOUT
BCHUSDT,2025-06-26 04:00:00+00:00,2025-06-26 08:00:00+00:00,2025-12-31 20:00:00+00:00,499.8498,431.1374403913341,0.5801612638191218,290.283485179423,347.285141546413,57.001656366990005,40.52931168106989,1.406430408084475,0.19636548159726525,window_end,0.10732731928797466,3,BREAKOUT 4h [lookback=20 swing=20 vol_mult=1.5] exit=3R,BTC>200D,2025,BREAKOUT
SOLUSDT,2025-06-28 16:00:00+00:00,2025-06-28 20:00:00+00:00,2025-07-21 12:00:00+00:00,150.74533499999998,135.52541572572554,0.9512458936664046,143.5392767890246,186.5493871505844,43.01011036155981,14.81459412629302,2.9032256972349475,0.2996400102027578,target_3R,0.05407206588982212,3,BREAKOUT 4h [lookback=20 swing=20 vol_mult=1.5] exit=3R,BTC>200D,2025,BREAKOUT
THEUSDT,2025-07-15 04:00:00+00:00,2025-07-15 08:00:00+00:00,2025-10-10 20:00:00+00:00,0.4288143,0.25708691682984225,261.823070769393,112.38575029264352,67.21035274563931,-45.17539754700421,45.17539754700421,-1.0,-0.4019673083942678,stop,0.03727918831229181,3,BREAKOUT 4h [lookback=20 swing=20 vol_mult=1.5] exit=3R,BTC>200D,2025,BREAKOUT
ARBUSDT,2025-07-15 20:00:00+00:00,2025-07-16 00:00:00+00:00,2025-08-01 20:00:00+00:00,0.43681829999999994,0.376446174064056,249.90765174681883,109.27339982863045,93.93571123875802,-15.337688589872428,15.33768858987243,-0.9999999999999999,-0.14036067893857038,stop,0.0343298983504951,3,BREAKOUT 4h [lookback=20 swing=20 vol_mult=1.5] exit=3R,BTC>200D,2025,BREAKOUT
CRVUSDT,2025-07-17 04:00:00+00:00,2025-07-17 08:00:00+00:00,2025-10-10 20:00:00+00:00,0.9872934,0.6254112522040348,134.51743663930156,132.9409855562795,84.00256747848395,-48.93841807779553,48.93841807779553,-1.0,-0.3681213726001591,stop,0.04070672365250359,3,BREAKOUT 4h [lookback=20 swing=20 vol_mult=1.5] exit=3R,BTC>200D,2025,BREAKOUT
TRXUSDT,2025-07-17 04:00:00+00:00,2025-07-17 08:00:00+00:00,2025-08-14 00:00:00+00:00,0.31165575,0.29409954624065954,894.5152382250009,279.0595982728967,325.40501522739737,46.34541695450065,16.37755585580663,2.829812785408329,0.16607712919151682,target_3R,0.08545332054764457,3,BREAKOUT 4h [lookback=20 swing=20 vol_mult=1.5] exit=3R,BTC>200D,2025,BREAKOUT
ALGOUSDT,2025-07-17 16:00:00+00:00,2025-07-17 20:00:00+00:00,2025-07-23 20:00:00+00:00,0.3069534,0.2615509039795239,146.89110105303914,45.13381162087192,38.361890226319666,-6.771921394552251,6.771921394552249,-1.0000000000000002,-0.15004098150267034,stop,0.013922288266586803,3,BREAKOUT 4h [lookback=20 swing=20 vol_mult=1.5] exit=3R,BTC>200D,2025,BREAKOUT
ADAUSDT,2025-07-21 12:00:00+00:00,2025-07-21 16:00:00+00:00,2025-07-24 04:00:00+00:00,0.91235595,0.7816212847287483,204.265697096027,186.5493871505844,159.41900879453297,-27.130378356051438,27.13037835605146,-0.9999999999999992,-0.1454326855233866,stop,0.05215750299781311,3,BREAKOUT 4h [lookback=20 swing=20 vol_mult=1.5] exit=3R,BTC>200D,2025,BREAKOUT
ENAUSDT,2025-07-25 08:00:00+00:00,2025-07-25 12:00:00+00:00,2025-10-10 20:00:00+00:00,0.5673835500000001,0.40668336528545124,301.7283241596353,171.3668833849419,122.52388978971838,-48.84299359522352,48.842993595223525,-0.9999999999999999,-0.2850200262177107,stop,0.05257530561578425,3,BREAKOUT 4h [lookback=20 swing=20 vol_mult=1.5] exit=3R,BTC>200D,2025,BREAKOUT
ENSUSDT,2025-07-26 00:00:00+00:00,2025-07-26 04:00:00+00:00,2025-08-01 00:00:00+00:00,30.445214999999997,25.843421112383417,0.8667249683703283,26.414015635910744,22.36555083826145,-4.048464797649295,4.0484647976492925,-1.0000000000000007,-0.15326956921102414,stop,0.007977817957262885,3,BREAKOUT 4h [lookback=20 swing=20 vol_mult=1.5] exit=3R,BTC>200D,2025,BREAKOUT
LTCUSDT,2025-08-04 12:00:00+00:00,2025-08-04 16:00:00+00:00,2025-09-25 16:00:00+00:00,117.87890999999999,101.71258576959434,0.9856307375086812,116.30126207701946,100.10072447513673,-16.20053760188273,16.200537601882715,-1.0000000000000009,-0.13929803780765568,stop,0.0376139711397821,3,BREAKOUT 4h [lookback=20 swing=20 vol_mult=1.5] exit=3R,BTC>200D,2025,BREAKOUT
ARBUSDT,2025-08-09 04:00:00+00:00,2025-08-09 08:00:00+00:00,2025-10-10 20:00:00+00:00,0.4552275,0.3675457100433487,573.1851868904805,261.1905893248514,210.35585420311648,-50.834735121734894,50.834735121734916,-0.9999999999999996,-0.19462697815084776,stop,0.0769935140923818,3,BREAKOUT 4h [lookback=20 swing=20 vol_mult=1.5] exit=3R,BTC>200D,2025,BREAKOUT
BNBUSDT,2025-08-09 04:00:00+00:00,2025-08-09 08:00:00+00:00,2025-09-20 12:00:00+00:00,809.9147549999999,741.2390754585748,0.07594335812766106,61.569153938133695,77.03833899987731,15.469185061743616,5.361379503123127,2.8852993996661604,0.2512489464657491,target_3R,0.018151699777185445,3,BREAKOUT 4h [lookback=20 swing=20 vol_mult=1.5] exit=3R,BTC>200D,2025,BREAKOUT
ADAUSDT,2025-08-14 00:00:00+00:00,2025-08-14 04:00:00+00:00,2025-10-10 20:00:00+00:00,0.9822909,0.7511245124269482,234.56525333036242,230.6417251164123,175.92351806661773,-54.71820704979456,54.71820704979452,-1.0000000000000007,-0.23724331329110776,stop,0.0631630657030478,3,BREAKOUT 4h [lookback=20 swing=20 vol_mult=1.5] exit=3R,BTC>200D,2025,BREAKOUT
ALGOUSDT,2025-08-14 00:00:00+00:00,2025-08-14 04:00:00+00:00,2025-08-19 04:00:00+00:00,0.28684335,0.24521968999695468,330.0359638440131,94.76329011098508,80.8099602322209,-13.95332987876418,13.95332987876418,-1.0,-0.1472440421013484,stop,0.025954304100679206,3,BREAKOUT 4h [lookback=20 swing=20 vol_mult=1.5] exit=3R,BTC>200D,2025,BREAKOUT
ALGOUSDT,2025-08-22 12:00:00+00:00,2025-08-22 16:00:00+00:00,2025-08-29 16:00:00+00:00,0.26193089999999997,0.2323269647394359,308.2081228339982,80.8099602322209,71.49768590206178,-9.312274330159127,9.312274330159122,-1.0000000000000007,-0.11523671467475981,stop,0.024207258851108842,3,BREAKOUT 4h [lookback=20 swing=20 vol_mult=1.5] exit=3R,BTC>200D,2025,BREAKOUT
POLUSDT,2025-08-31 00:00:00+00:00,2025-08-31 04:00:00+00:00,2025-09-22 04:00:00+00:00,0.26503245000000003,0.2330191646885338,269.5000542100386,71.49768590206178,62.70451089860323,-8.793175003458543,8.793175003458545,-0.9999999999999998,-0.12298544900465058,stop,0.022788985054774162,3,BREAKOUT 4h [lookback=20 swing=20 vol_mult=1.5] exit=3R,BTC>200D,2025,BREAKOUT
NEARUSDT,2025-09-09 00:00:00+00:00,2025-09-09 04:00:00+00:00,2025-10-10 20:00:00+00:00,2.6223104999999998,2.3526801443982595,111.63830522797745,293.04305030153165,262.2553815526508,-30.787668748880833,30.78766874888084,-0.9999999999999998,-0.10506193106166939,stop,0.08632934631719995,3,BREAKOUT 4h [lookback=20 swing=20 vol_mult=1.5] exit=3R,BTC>200D,2025,BREAKOUT
AVAXUSDT,2025-09-17 20:00:00+00:00,2025-09-18 00:00:00+00:00,2025-09-26 04:00:00+00:00,31.83591,27.789705316062875,8.244777110981772,262.74246205735096,228.77636098130063,-33.966101076050336,33.966101076050315,-1.0000000000000007,-0.12927526373196685,stop,0.07376421027362735,3,BREAKOUT 4h [lookback=20 swing=20 vol_mult=1.5] exit=3R,BTC>200D,2025,BREAKOUT
BNBUSDT,2025-09-20 12:00:00+00:00,2025-09-20 16:00:00+00:00,2025-09-26 04:00:00+00:00,1021.600545,939.2987399339922,0.07533411958218471,77.03833899987731,70.65513711280822,-6.383201887069092,6.383201887069101,-0.9999999999999984,-0.08285747031850281,stop,0.02159471537220367,3,BREAKOUT 4h [lookback=20 swing=20 vol_mult=1.5] exit=3R,BTC>200D,2025,BREAKOUT
ETHFIUSDT,2025-09-24 04:00:00+00:00,2025-09-24 08:00:00+00:00,2025-10-10 20:00:00+00:00,1.5757875,1.1835922091464075,39.75273888742846,62.70451089860323,46.98047901684868,-15.724031881754549,15.724031881754543,-1.0000000000000004,-0.2507639666814594,stop,0.018990468552633182,3,BREAKOUT 4h [lookback=20 swing=20 vol_mult=1.5] exit=3R,BTC>200D,2025,BREAKOUT
ORDIUSDT,2025-09-27 12:00:00+00:00,2025-09-27 16:00:00+00:00,2025-10-10 16:00:00+00:00,8.8854405,7.423260871623625,31.489537825542513,280.07821313607866,233.40453830238005,-46.67367483369861,46.67367483369864,-0.9999999999999994,-0.1666451464078063,stop,0.08992170073975236,3,BREAKOUT 4h [lookback=20 swing=20 vol_mult=1.5] exit=3R,BTC>200D,2025,BREAKOUT
OMUSDT,2025-09-27 20:00:00+00:00,2025-09-28 00:00:00+00:00,2025-10-10 12:00:00+00:00,0.17888939999999998,0.15219061852122123,1447.192547645711,259.1462939393454,219.9188653766489,-39.2274285626965,39.22742856269652,-0.9999999999999997,-0.15137175209566336,stop,0.08388812354627091,3,BREAKOUT 4h [lookback=20 swing=20 vol_mult=1.5] exit=3R,BTC>200D,2025,BREAKOUT
TAOUSDT,2025-10-14 12:00:00+00:00,2025-10-14 16:00:00+00:00,2025-11-21 12:00:00+00:00,472.6362,266.7657642836186,0.18429975680155897,87.19384345232858,49.09114276466497,-38.10270068766361,38.10270068766361,-1.0,-0.43698842921743053,stop,0.034291560103434586,3,BREAKOUT 4h [lookback=20 swing=20 vol_mult=1.5] exit=3R,BTC>200D,2025,BREAKOUT
ENAUSDT,2025-10-19 08:00:00+00:00,2025-10-19 12:00:00+00:00,2025-11-02 12:00:00+00:00,0.4944471,0.3671474021852412,292.03726215280784,144.54137434075898,107.0599446678437,-37.48142967291528,37.48142967291528,-1.0,-0.25931280814137075,stop,0.05778740777372453,3,BREAKOUT 4h [lookback=20 swing=20 vol_mult=1.5] exit=3R,BTC<200D,2025,BREAKOUT
FETUSDT,2025-10-19 12:00:00+00:00,2025-10-19 16:00:00+00:00,2025-10-21 20:00:00+00:00,0.30004995,0.2447422644601107,671.4832515388681,201.67999456612486,164.09390320153346,-37.5860913645914,37.58609136459141,-0.9999999999999997,-0.18636499592064415,stop,0.08040681089809232,3,BREAKOUT 4h [lookback=20 swing=20 vol_mult=1.5] exit=3R,BTC<200D,2025,BREAKOUT
LINKUSDT,2025-10-20 04:00:00+00:00,2025-10-20 08:00:00+00:00,2025-11-03 12:00:00+00:00,18.62931,15.397796143303955,11.422967507576635,213.01480482139104,175.62478018996256,-37.390024631428474,37.390024631428474,-1.0,-0.17552782147127904,stop,0.08537116714267959,3,BREAKOUT 4h [lookback=20 swing=20 vol_mult=1.5] exit=3R,BTC>200D,2025,BREAKOUT
XRPUSDT,2025-10-20 16:00:00+00:00,2025-10-20 20:00:00+00:00,2025-11-04 16:00:00+00:00,2.5249618499999995,2.2105501477963037,116.06584278340705,293.35488694131675,256.1846401547675,-37.17024678654923,37.17024678654923,-1.0,-0.12670744017291533,stop,0.11826468094190215,3,BREAKOUT 4h [lookback=20 swing=20 vol_mult=1.5] exit=3R,BTC>200D,2025,BREAKOUT
ADAUSDT,2025-10-21 12:00:00+00:00,2025-10-21 16:00:00+00:00,2025-10-22 20:00:00+00:00,0.6807402,0.6137029387614751,544.0349385039543,370.71679929701367,333.37519372589225,-37.34160557112142,37.34160557112146,-0.9999999999999989,-0.10072811818059475,stop,0.14876695063585363,3,BREAKOUT 4h [lookback=20 swing=20 vol_mult=1.5] exit=3R,BTC>200D,2025,BREAKOUT
ALGOUSDT,2025-10-21 12:00:00+00:00,2025-10-21 16:00:00+00:00,2025-10-30 12:00:00+00:00,0.19299644999999999,0.17390196571454636,1909.801665278394,368.95352654442104,331.6202523803834,-37.33327416403762,37.33327416403761,-1.0000000000000002,-0.10118692864572143,stop,0.1480923987472824,3,BREAKOUT 4h [lookback=20 swing=20 vol_mult=1.5] exit=3R,BTC>200D,2025,BREAKOUT
ARBUSDT,2025-10-21 12:00:00+00:00,2025-10-21 16:00:00+00:00,2025-10-22 20:00:00+00:00,0.33266625,0.29955145979565695,1101.141267577405,366.67884874142703,329.3538663570728,-37.32498238435426,37.32498238435433,-0.9999999999999981,-0.10179202458082037,stop,0.14721207331049027,3,BREAKOUT 4h [lookback=20 swing=20 vol_mult=1.5] exit=3R,BTC>200D,2025,BREAKOUT
BTCUSDT,2025-10-21 12:00:00+00:00,2025-10-21 16:00:00+00:00,2025-11-04 04:00:00+00:00,113479.3113,105250.10364981584,0.001637765488256084,186.03835217788685,172.11651109944822,-13.921841078438632,13.921841078438634,-0.9999999999999999,-0.07483317775856665,stop,0.07470608006713823,3,BREAKOUT 4h [lookback=20 swing=20 vol_mult=1.5] exit=3R,BTC>200D,2025,BREAKOUT
APEUSDT,2025-10-24 00:00:00+00:00,2025-10-24 04:00:00+00:00,2025-11-03 12:00:00+00:00,0.4486242,0.36772614372362683,424.1561444540852,190.4769976917792,155.73942136842888,-34.73757632335031,34.73757632335033,-0.9999999999999993,-0.18237150282870904,stop,0.08216752481932187,3,BREAKOUT 4h [lookback=20 swing=20 vol_mult=1.5] exit=3R,BTC>200D,2025,BREAKOUT
XLMUSDT,2025-10-25 12:00:00+00:00,2025-10-25 16:00:00+00:00,2025-10-30 12:00:00+00:00,0.3273636,0.2988745962030033,1214.8246232722179,398.08705140508,362.53577994995214,-35.551271455127846,35.55127145512779,-1.0000000000000016,-0.0893052696128819,stop,0.16779541733619588,3,BREAKOUT 4h [lookback=20 swing=20 vol_mult=1.5] exit=3R,BTC>200D,2025,BREAKOUT
ADAUSDT,2025-10-26 08:00:00+00:00,2025-10-26 12:00:00+00:00,2025-10-30 12:00:00+00:00,0.6737367,0.6204755638724847,353.28473763466496,238.25891418763928,218.87584957349787,-19.383064614141404,19.38306461414142,-0.9999999999999991,-0.08135294614360744,stop,0.09816792294363179,3,BREAKOUT 4h [lookback=20 swing=20 vol_mult=1.5] exit=3R,BTC>200D,2025,BREAKOUT
FILUSDT,2025-11-01 12:00:00+00:00,2025-11-01 16:00:00+00:00,2025-11-04 16:00:00+00:00,1.6778385,1.372048327805426,110.52637357226153,185.63085024976783,151.420130572925,-34.21071967684284,34.210719676842864,-0.9999999999999993,-0.18429436503044638,stop,0.0813102179360686,3,BREAKOUT 4h [lookback=20 swing=20 vol_mult=1.5] exit=3R,BTC>200D,2025,BREAKOUT
FILUSDT,2025-11-06 16:00:00+00:00,2025-11-06 20:00:00+00:00,2025-11-07 16:00:00+00:00,1.7818904999999998,1.2187611750566179,55.38494891149752,98.78860422269112,191.96829224286006,93.17968802016894,31.388796594474698,2.9685651611304893,0.9432230443313233,target_3R,0.04716169064239704,3,BREAKOUT 4h [lookback=20 swing=20 vol_mult=1.5] exit=3R,BTC<200D,2025,BREAKOUT
NEARUSDT,2025-11-06 16:00:00+00:00,2025-11-06 20:00:00+00:00,2025-12-01 00:00:00+00:00,2.069034,1.679258042885198,79.58592109053195,164.83064263428528,133.444896967214,-31.38574566707129,31.38574566707131,-0.9999999999999994,-0.19041208094242398,stop,0.07869781639299497,3,BREAKOUT 4h [lookback=20 swing=20 vol_mult=1.5] exit=3R,BTC<200D,2025,BREAKOUT
APTUSDT,2025-11-07 00:00:00+00:00,2025-11-07 04:00:00+00:00,2025-11-22 04:00:00+00:00,3.0235109999999996,2.3302480616638697,45.512658479405374,137.74563157527712,105.89675355439196,-31.848878020885152,31.84887802088517,-0.9999999999999994,-0.2312151583803944,stop,0.06480982946784865,3,BREAKOUT 4h [lookback=20 swing=20 vol_mult=1.5] exit=3R,BTC<200D,2025,BREAKOUT
DOTUSDT,2025-11-07 00:00:00+00:00,2025-11-07 04:00:00+00:00,2025-11-21 04:00:00+00:00,2.7983985,2.294129253830857,62.37927497938519,174.7366316029324,142.89153193668213,-31.845099666250263,31.845099666250267,-0.9999999999999999,-0.18224627185565964,stop,0.08222398643569084,3,BREAKOUT 4h [lookback=20 swing=20 vol_mult=1.5] exit=3R,BTC<200D,2025,BREAKOUT
FETUSDT,2025-11-07 00:00:00+00:00,2025-11-07 04:00:00+00:00,2025-11-07 16:00:00+00:00,0.2399199,0.18864111055947347,614.6757436958168,147.6204159028859,241.66949944107188,94.04908353818598,31.84117267396639,2.953694089762005,0.6371007896364244,target_3R,0.0694727599089815,3,BREAKOUT 4h [lookback=20 swing=20 vol_mult=1.5] exit=3R,BTC<200D,2025,BREAKOUT
ETCUSDT,2025-11-07 04:00:00+00:00,2025-11-07 08:00:00+00:00,2025-11-21 04:00:00+00:00,15.96798,13.255193290066432,11.780285952814861,188.29547785931746,155.91582044082384,-32.37965741849362,32.37965741849362,-1.0,-0.17196194930759656,stop,0.08714145801063568,3,BREAKOUT 4h [lookback=20 swing=20 vol_mult=1.5] exit=3R,BTC<200D,2025,BREAKOUT
ARBUSDT,2025-11-07 12:00:00+00:00,2025-11-07 16:00:00+00:00,2025-11-16 16:00:00+00:00,0.28044015,0.22903310925112164,647.7435787338087,181.83495968802777,148.13226792346356,-33.70269176456421,33.70269176456417,-1.000000000000001,-0.18534770113727053,stop,0.0808481297208911,3,BREAKOUT 4h [lookback=20 swing=20 vol_mult=1.5] exit=3R,BTC<200D,2025,BREAKOUT
LTCUSDT,2025-11-07 12:00:00+00:00,2025-11-07 16:00:00+00:00,2025-12-01 00:00:00+00:00,93.176565,78.1059157589162,2.2052696259194593,205.68492809065216,171.98632284462212,-33.69860524603004,33.698605246030056,-0.9999999999999996,-0.16383604554232553,stop,0.09146348067308385,3,BREAKOUT 4h [lookback=20 swing=20 vol_mult=1.5] exit=3R,BTC<200D,2025,BREAKOUT
OPUSDT,2025-11-07 12:00:00+00:00,2025-11-07 16:00:00+00:00,2025-11-21 16:00:00+00:00,0.40009995,0.30966909210154003,369.0695037309434,147.8123546792645,114.11804116022216,-33.69431351904234,33.694313519042346,-0.9999999999999998,-0.22795329654381769,stop,0.06573721552710483,3,BREAKOUT 4h [lookback=20 swing=20 vol_mult=1.5] exit=3R,BTC<200D,2025,BREAKOUT
ORDIUSDT,2025-11-07 12:00:00+00:00,2025-11-07 16:00:00+00:00,2025-11-08 00:00:00+00:00,4.410204,3.5800010076272413,40.10855204237171,177.06378354812736,276.3665823935896,99.30279884546226,33.690438012727846,2.947506910059966,0.5608306614461955,target_3R,0.07875538598725704,3,BREAKOUT 4h [lookback=20 swing=20 vol_mult=1.5] exit=3R,BTC<200D,2025,BREAKOUT
RENDERUSDT,2025-11-07 12:00:00+00:00,2025-11-07 16:00:00+00:00,2025-11-21 12:00:00+00:00,2.3051519999999996,1.677850598292369,52.49632904298467,121.13302990398026,87.94891963778406,-33.1841102661962,33.18411026619621,-0.9999999999999998,-0.2739476614470932,stop,0.053885530159424495,3,BREAKOUT 4h [lookback=20 swing=20 vol_mult=1.5] exit=3R,BTC<200D,2025,BREAKOUT
ADAUSDT,2025-11-07 16:00:00+00:00,2025-11-07 20:00:00+00:00,2025-11-16 16:00:00+00:00,0.5804901,0.48015863748344695,370.2119925724841,215.11930098619015,177.49393408497846,-37.62536690121169,37.62536690121167,-1.0000000000000007,-0.17490465396978533,stop,0.08567533593247693,3,BREAKOUT 4h [lookback=20 swing=20 vol_mult=1.5] exit=3R,BTC<200D,2025,BREAKOUT
ALGOUSDT,2025-11-07 16:00:00+00:00,2025-11-07 20:00:00+00:00,2025-11-21 00:00:00+00:00,0.18479235,0.1415314827929277,861.712185157182,159.3970575385496,121.77652518077247,-37.62053235777714,37.620532357777144,-0.9999999999999998,-0.23601773419612057,stop,0.06349105517877349,3,BREAKOUT 4h [lookback=20 swing=20 vol_mult=1.5] exit=3R,BTC<200D,2025,BREAKOUT
APEUSDT,2025-11-07 16:00:00+00:00,2025-11-07 20:00:00+00:00,2025-11-18 00:00:00+00:00,0.41190584999999996,0.32337063776084707,143.3880358543191,59.12143315919218,46.29795256432445,-12.823480594867732,12.823480594867728,-1.0000000000000002,-0.21690070604917233,stop,0.02355068974252072,3,BREAKOUT 4h [lookback=20 swing=20 vol_mult=1.5] exit=3R,BTC<200D,2025,BREAKOUT
INJUSDT,2025-11-08 00:00:00+00:00,2025-11-08 04:00:00+00:00,2025-11-21 04:00:00+00:00,8.094045,5.813406522186823,16.581779514757837,134.3478832421006,96.25207844109883,-38.095804801001776,38.0958048010018,-0.9999999999999994,-0.2835608859750437,stop,0.05284584625798431,3,BREAKOUT 4h [lookback=20 swing=20 vol_mult=1.5] exit=3R,BTC<200D,2025,BREAKOUT
ORDIUSDT,2025-11-08 00:00:00+00:00,2025-11-08 04:00:00+00:00,2025-11-21 04:00:00+00:00,6.7683824999999995,3.4751633432059217,11.524360092459709,78.07927845067617,39.98898022111723,-38.09029822955894,38.09029822955893,-1.0000000000000002,-0.48784131955857074,stop,0.030716986003921035,3,BREAKOUT 4h [lookback=20 swing=20 vol_mult=1.5] exit=3R,BTC<200D,2025,BREAKOUT
UNIUSDT,2025-11-08 00:00:00+00:00,2025-11-08 04:00:00+00:00,2025-12-31 20:00:00+00:00,6.055025999999999,4.633588340130676,10.549177684068939,63.939420700812846,59.408145843622655,-4.531274857190191,15.13217036574323,-0.29944646059816105,-0.07086825009555624,window_end,0.025155416549503633,3,BREAKOUT 4h [lookback=20 swing=20 vol_mult=1.5] exit=3R,BTC<200D,2025,BREAKOUT
FETUSDT,2025-11-18 16:00:00+00:00,2025-11-18 20:00:00+00:00,2025-11-26 12:00:00+00:00,0.30505245,0.2538805626715766,650.6757937648625,198.68873528870967,164.94622832980968,-33.74250695889998,33.742506958899966,-1.0000000000000004,-0.16982596879420256,stop,0.08823747682060357,3,BREAKOUT 4h [lookback=20 swing=20 vol_mult=1.5] exit=3R,BTC<200D,2025,BREAKOUT
WLDUSDT,2025-11-20 08:00:00+00:00,2025-11-20 12:00:00+00:00,2025-11-21 04:00:00+00:00,0.7003499999999999,0.6223860942408873,247.1083842751906,173.23541928405683,153.5662038084084,-19.66921547564843,19.66921547564841,-1.0000000000000009,-0.11354038081205846,stop,0.07748079872682147,3,BREAKOUT 4h [lookback=20 swing=20 vol_mult=1.5] exit=3R,BTC<200D,2025,BREAKOUT
HBARUSDT,2025-11-23 16:00:00+00:00,2025-11-23 20:00:00+00:00,2025-12-14 12:00:00+00:00,0.153666795,0.11981837858678485,864.1248513824203,132.9200836881796,103.38278330032354,-29.537300387856064,29.537300387856064,-1.0,-0.22221849075229536,stop,0.06743369975326953,3,BREAKOUT 4h [lookback=20 swing=20 vol_mult=1.5] exit=3R,BTC<200D,2025,BREAKOUT
ARBUSDT,2025-11-24 16:00:00+00:00,2025-11-24 20:00:00+00:00,2025-12-01 12:00:00+00:00,0.21910949999999998,0.1893260739957848,982.0591515030263,215.39366814590858,185.65060244502286,-29.743065700885722,29.743065700885698,-1.0000000000000009,-0.1380870011496236,stop,0.10851865027308433,3,BREAKOUT 4h [lookback=20 swing=20 vol_mult=1.5] exit=3R,BTC<200D,2025,BREAKOUT
AVAXUSDT,2025-11-24 16:00:00+00:00,2025-11-24 20:00:00+00:00,2025-12-15 12:00:00+00:00,13.92696,12.485535624282406,20.17418200768692,281.2459908796291,251.50776588824465,-29.73822499138447,29.738224991384516,-0.9999999999999984,-0.10573741833039027,stop,0.14171913048030305,3,BREAKOUT 4h [lookback=20 swing=20 vol_mult=1.5] exit=3R,BTC<200D,2025,BREAKOUT
ETCUSDT,2025-11-24 16:00:00+00:00,2025-11-24 20:00:00+00:00,2025-12-15 12:00:00+00:00,14.207099999999999,12.574005768032952,17.844609613166345,253.77367338845076,224.04176905705563,-29.73190433139513,29.731904331395107,-1.0000000000000007,-0.11715913606958187,stop,0.12790308539075657,3,BREAKOUT 4h [lookback=20 swing=20 vol_mult=1.5] exit=3R,BTC<200D,2025,BREAKOUT
ETHUSDT,2025-11-24 16:00:00+00:00,2025-11-24 20:00:00+00:00,2025-12-31 20:00:00+00:00,2960.4795,2584.5421867994646,0.062127993925108,184.11258104379814,184.34519113082243,0.23261008702428398,23.780938108845984,0.009781367158840473,0.0012634122323718273,window_end,0.09281973934096271,3,BREAKOUT 4h [lookback=20 swing=20 vol_mult=1.5] exit=3R,BTC<200D,2025,BREAKOUT
BNBUSDT,2025-11-26 16:00:00+00:00,2025-11-26 20:00:00+00:00,2025-12-01 04:00:00+00:00,896.9982749999999,821.7823149871134,0.18370319260973697,164.94622832980968,150.73766432303066,-14.208564006779028,14.208564006779056,-0.999999999999998,-0.08614058139219183,stop,0.08360486175440138,3,BREAKOUT 4h [lookback=20 swing=20 vol_mult=1.5] exit=3R,BTC<200D,2025,BREAKOUT
ADAUSDT,2025-12-02 12:00:00+00:00,2025-12-02 16:00:00+00:00,2025-12-17 16:00:00+00:00,0.4286142,0.3649784075040519,429.8822474942161,184.43788923953934,156.6624699464137,-27.77541929312565,27.775419293125648,-1.0000000000000002,-0.15059497485927217,stop,0.09950541177763847,3,BREAKOUT 4h [lookback=20 swing=20 vol_mult=1.5] exit=3R,BTC<200D,2025,BREAKOUT
ORDIUSDT,2025-12-02 12:00:00+00:00,2025-12-02 16:00:00+00:00,2025-12-31 20:00:00+00:00,4.176087,3.363909022563074,33.80897096900968,141.33039335120577,140.40066330047623,-0.9297300507295461,27.77062945355915,-0.03347889727470292,-0.0065784155034449565,window_end,0.0762617954248226,3,BREAKOUT 4h [lookback=20 swing=20 vol_mult=1.5] exit=3R,BTC<200D,2025,BREAKOUT
RAYUSDT,2025-12-02 12:00:00+00:00,2025-12-02 16:00:00+00:00,2025-12-15 16:00:00+00:00,1.1405699999999999,0.9466767397346344,141.3359899813511,161.36479368312263,133.59886186115546,-27.765931821967172,27.765931821967158,-1.0000000000000004,-0.17206932930173138,stop,0.08708707731834121,3,BREAKOUT 4h [lookback=20 swing=20 vol_mult=1.5] exit=3R,BTC<200D,2025,BREAKOUT
SUIUSDT,2025-12-02 12:00:00+00:00,2025-12-02 16:00:00+00:00,2025-12-31 20:00:00+00:00,1.6056024,1.2758452811523933,83.29491981404708,133.87226168440276,116.79565779655196,-17.076603887850794,27.760185305551698,-0.6151473306064597,-0.12755894068711593,window_end,0.0722645697547787,3,BREAKOUT 4h [lookback=20 swing=20 vol_mult=1.5] exit=3R,BTC<200D,2025,BREAKOUT
WLDUSDT,2025-12-02 12:00:00+00:00,2025-12-02 16:00:00+00:00,2025-12-15 12:00:00+00:00,0.6593295,0.54578890257725,31.537122586434776,20.814148621619097,17.18680121590986,-3.627347405709237,3.6273474057092354,-1.0000000000000004,-0.17427315772798935,stop,0.011236796034055618,3,BREAKOUT 4h [lookback=20 swing=20 vol_mult=1.5] exit=3R,BTC<200D,2025,BREAKOUT
THEUSDT,2025-12-16 12:00:00+00:00,2025-12-16 16:00:00+00:00,2025-12-31 20:00:00+00:00,0.18919455,0.16031543853611588,892.2313314281963,168.97411055070387,185.12765486760838,16.153544316904515,26.150139543661812,0.6177230637692623,0.09559774727772477,window_end,0.09682853028199592,3,BREAKOUT 4h [lookback=20 swing=20 vol_mult=1.5] exit=3R,BTC<200D,2025,BREAKOUT
OMUSDT,2025-12-16 16:00:00+00:00,2025-12-16 20:00:00+00:00,2025-12-31 20:00:00+00:00,0.08074034999999999,0.06258749626163815,1415.5996217035283,114.41030492512665,97.81260356089825,-16.5977013642284,25.94432284840969,-0.6397430937476092,-0.14507173436073267,window_end,0.06608151400830439,3,BREAKOUT 4h [lookback=20 swing=20 vol_mult=1.5] exit=3R,BTC<200D,2025,BREAKOUT
USUALUSDT,2025-12-21 08:00:00+00:00,2025-12-21 12:00:00+00:00,2025-12-31 20:00:00+00:00,0.025912949999999997,0.021567724098002044,5831.938822395521,151.27386184690178,143.25056822123094,-8.023293625670846,25.680823949441276,-0.3124235282118121,-0.05303820189234608,window_end,0.08826979582429746,3,BREAKOUT 4h [lookback=20 swing=20 vol_mult=1.5] exit=3R,BTC<200D,2025,BREAKOUT
CRVUSDT,2025-12-22 12:00:00+00:00,2025-12-22 16:00:00+00:00,2025-12-31 20:00:00+00:00,0.37308645,0.33422387513529256,646.7144633821681,241.521683710215,232.08065058693097,-9.44103312328403,25.69838269996488,-0.36737849356165636,-0.03908979507865499,window_end,0.14083400079525502,3,BREAKOUT 4h [lookback=20 swing=20 vol_mult=1.5] exit=3R,BTC<200D,2025,BREAKOUT
HBARUSDT,2025-12-22 12:00:00+00:00,2025-12-22 16:00:00+00:00,2025-12-31 16:00:00+00:00,0.11536765499999999,0.10761465469755431,1820.1852134068179,210.2004902361555,195.58488326083096,-14.615606975324539,14.61560697532455,-0.9999999999999992,-0.06953174542506649,stop,0.1226054143338207,3,BREAKOUT 4h [lookback=20 swing=20 vol_mult=1.5] exit=3R,BTC<200D,2025,BREAKOUT
FILUSDT,2026-01-01 00:00:00+00:00,2026-01-02 00:00:00+00:00,2026-01-19 00:00:00+00:00,1.484742,1.1045838650176023,66.60949819155867,98.99681748349514,92.28843550971382,-6.708381973781314,25.531367401730748,-0.26275059491433894,-0.06776361245046836,trail_stop,0.05810377368814196,4,BREAKOUT 1d [lookback=20 swing=20 vol_mult=1.5] exit=trail3ATR,BTC<200D,2026,BREAKOUT
DOTUSDT,2026-01-02 00:00:00+00:00,2026-01-03 00:00:00+00:00,2026-01-19 00:00:00+00:00,2.1660825,1.5856141701971473,43.672819769451,94.6935295588901,85.49844225655977,-9.195087302330336,25.549125418679882,-0.35989831947857903,-0.09710364948020965,trail_stop,0.05553943378376693,4,BREAKOUT 1d [lookback=20 swing=20 vol_mult=1.5] exit=trail3ATR,BTC<200D,2026,BREAKOUT
BCHUSDT,2026-01-03 00:00:00+00:00,2026-01-04 00:00:00+00:00,2026-01-15 00:00:00+00:00,654.8272499999999,502.51876347929806,0.16595970924044515,108.78361495273298,96.48777725498674,-12.295837697746236,25.510802180719047,-0.48198553736735794,-0.11303023624549377,trail_stop,0.06389936657589092,4,BREAKOUT 1d [lookback=20 swing=20 vol_mult=1.5] exit=trail3ATR,BTC<200D,2026,BREAKOUT
VIRTUALUSDT,2026-01-03 00:00:00+00:00,2026-01-04 00:00:00+00:00,2026-01-13 00:00:00+00:00,0.8754375,0.5953253520053191,90.49358747812524,79.30070146786913,85.54802022968958,6.247318761820452,25.508357401896127,0.24491262465046323,0.0787801197994664,trail_stop,0.04658560255745384,4,BREAKOUT 1d [lookback=20 swing=20 vol_mult=1.5] exit=trail3ATR,BTC<200D,2026,BREAKOUT
FETUSDT,2026-01-04 00:00:00+00:00,2026-01-05 00:00:00+00:00,2026-01-18 00:00:00+00:00,0.26563275,0.18285748492844842,306.31798928348616,81.44945795771079,77.9681953399516,-3.481262617759185,25.520911648387603,-0.13640823908338437,-0.04274138471942544,trail_stop,0.04782436320587929,4,BREAKOUT 1d [lookback=20 swing=20 vol_mult=1.5] exit=trail3ATR,BTC<200D,2026,BREAKOUT
HBARUSDT,2026-01-04 00:00:00+00:00,2026-01-05 00:00:00+00:00,2026-01-12 00:00:00+00:00,0.12548271,0.09942117819504269,968.9773540245717,121.71149421594428,111.03198842970116,-10.679505786243126,25.519081171343426,-0.4184909995206114,-0.08774443083654218,trail_stop,0.0714699934699285,4,BREAKOUT 1d [lookback=20 swing=20 vol_mult=1.5] exit=trail3ATR,BTC<200D,2026,BREAKOUT
ADAUSDT,2026-01-05 00:00:00+00:00,2026-01-06 00:00:00+00:00,2026-01-19 00:00:00+00:00,0.42131054999999995,0.3170866070491533,248.35663631241943,104.73990631197631,91.75935306764306,-12.980553244333251,26.107429634968774,-0.49719767230347556,-0.12393130470891982,trail_stop,0.06011810000291161,4,BREAKOUT 1d [lookback=20 swing=20 vol_mult=1.5] exit=trail3ATR,BTC<200D,2026,BREAKOUT
BTCUSDT,2026-01-05 00:00:00+00:00,2026-01-06 00:00:00+00:00,2026-01-20 00:00:00+00:00,93906.639855,83203.36149538017,0.002390148230132808,224.6752398361944,217.3663637853667,-7.308876050827706,26.10507573355653,-0.2799791169129833,-0.032530847885848216,trail_stop,0.1289696252970236,4,BREAKOUT 1d [lookback=20 swing=20 vol_mult=1.5] exit=trail3ATR,BTC<200D,2026,BREAKOUT
ENAUSDT,2026-01-05 00:00:00+00:00,2026-01-06 00:00:00+00:00,2026-01-12 00:00:00+00:00,0.25282635,0.18265084916466895,369.1543113634701,93.42526906591843,79.22791248560317,-14.197356580315258,26.10002643207279,-0.5439594713539815,-0.1519648455098157,trail_stop,0.0536389900054466,4,BREAKOUT 1d [lookback=20 swing=20 vol_mult=1.5] exit=trail3ATR,BTC<200D,2026,BREAKOUT
LINKUSDT,2026-01-05 00:00:00+00:00,2026-01-06 00:00:00+00:00,2026-01-19 00:00:00+00:00,13.916955,11.423617035725359,10.33833215110666,144.02198142532657,130.73895161308747,-13.283029812239107,26.097926813307247,-0.5089687739282851,-0.09222918391194455,trail_stop,0.08269513380387074,4,BREAKOUT 1d [lookback=20 swing=20 vol_mult=1.5] exit=trail3ATR,BTC<200D,2026,BREAKOUT
LTCUSDT,2026-01-05 00:00:00+00:00,2026-01-06 00:00:00+00:00,2026-01-12 00:00:00+00:00,83.50173,71.00892541693605,2.0573668163625785,171.96548209927843,155.75186479320556,-16.213617306072877,26.093139345433087,-0.6213747258016556,-0.0942841383523264,trail_stop,0.09875796438476586,4,BREAKOUT 1d [lookback=20 swing=20 vol_mult=1.5] exit=trail3ATR,BTC<200D,2026,BREAKOUT
NEARUSDT,2026-01-05 00:00:00+00:00,2026-01-06 00:00:00+00:00,2026-01-19 00:00:00+00:00,1.7738865,1.355097480114269,61.73589925296486,109.62199072844463,97.82099497130692,-11.800995757137713,26.089274631348225,-0.4523313094706715,-0.1076517191370034,trail_stop,0.06296407995104258,4,BREAKOUT 1d [lookback=20 swing=20 vol_mult=1.5] exit=trail3ATR,BTC<200D,2026,BREAKOUT
SEIUSDT,2026-01-05 00:00:00+00:00,2026-01-06 00:00:00+00:00,2026-01-18 00:00:00+00:00,0.12976485000000001,0.10203467390320113,931.274448257683,120.967535776078,109.06449201350934,-11.903043762568657,26.087737049542955,-0.4562696925365243,-0.09839866279992909,trail_stop,0.06948476722463066,4,BREAKOUT 1d [lookback=20 swing=20 vol_mult=1.5] exit=trail3ATR,BTC<200D,2026,BREAKOUT
SUIUSDT,2026-01-05 00:00:00+00:00,2026-01-06 00:00:00+00:00,2026-01-18 00:00:00+00:00,1.9009499999999997,1.2719286140527968,41.219656514933604,78.43486255811509,69.76770871596597,-8.66715384214912,26.08501845198711,-0.33226558218090396,-0.11050129444323724,trail_stop,0.04505833848438047,4,BREAKOUT 1d [lookback=20 swing=20 vol_mult=1.5] exit=trail3ATR,BTC<200D,2026,BREAKOUT
WLDUSDT,2026-01-05 00:00:00+00:00,2026-01-06 00:00:00+00:00,2026-01-16 00:00:00+00:00,0.63701835,0.4503718740914707,108.68453418143163,69.30327667740893,58.77275829251309,-10.530518384895842,20.42821754514647,-0.5154888507342034,-0.15194834775147822,trail_stop,0.0398153172387529,4,BREAKOUT 1d [lookback=20 swing=20 vol_mult=1.5] exit=trail3ATR,BTC<200D,2026,BREAKOUT
BNBUSDT,2026-01-13 00:00:00+00:00,2026-01-14 00:00:00+00:00,2026-01-21 00:00:00+00:00,944.201865,807.9656126177596,0.18253875021330945,172.52578181456207,161.10607294610392,-11.419708868458144,25.26190247918259,-0.45205260680064413,-0.06619131789086762,trail_stop,0.1023399337371004,4,BREAKOUT 1d [lookback=20 swing=20 vol_mult=1.5] exit=trail3ATR,BTC<200D,2026,BREAKOUT
DASHUSDT,2026-01-13 00:00:00+00:00,2026-01-14 00:00:00+00:00,2026-01-18 00:00:00+00:00,59.06952,34.04112471014894,1.0047542873138426,59.40970382304033,72.58382221169828,13.174118388657945,25.25802517304626,0.5215814893840757,0.22175027884163168,trail_stop,0.03524643339866431,4,BREAKOUT 1d [lookback=20 swing=20 vol_mult=1.5] exit=trail3ATR,BTC<200D,2026,BREAKOUT
ETHUSDT,2026-01-13 00:00:00+00:00,2026-01-14 00:00:00+00:00,2026-01-20 00:00:00+00:00,3327.492915,2831.219641376007,0.050127479938006175,166.9656331748607,153.85402162591453,-13.111611548946172,25.2565392994027,-0.5191372972169728,-0.07852880439901408,trail_stop,0.09906276095264457,4,BREAKOUT 1d [lookback=20 swing=20 vol_mult=1.5] exit=trail3ATR,BTC<200D,2026,BREAKOUT
ICPUSDT,2026-01-13 00:00:00+00:00,2026-01-14 00:00:00+00:00,2026-01-19 00:00:00+00:00,3.6278129999999997,2.5312257775441473,8.993308388456544,32.65866712573634,33.646660623077096,0.9879934973407529,9.928707866451514,0.09950876897880352,0.03025210715235143,trail_stop,0.019379673338278662,4,BREAKOUT 1d [lookback=20 swing=20 vol_mult=1.5] exit=trail3ATR,BTC<200D,2026,BREAKOUT
TRXUSDT,2026-01-15 00:00:00+00:00,2026-01-16 00:00:00+00:00,2026-01-20 00:00:00+00:00,0.31285634999999995,0.2760054359465533,308.10110093375965,96.48777725498674,93.31100489601582,-3.176772358970922,11.577712425380286,-0.27438687732534317,-0.03292409100248745,trail_stop,0.05833249577997073,4,BREAKOUT 1d [lookback=20 swing=20 vol_mult=1.5] exit=trail3ATR,BTC<200D,2026,BREAKOUT
DOTUSDT,2026-02-25 00:00:00+00:00,2026-02-26 00:00:00+00:00,2026-03-15 00:00:00+00:00,1.6638315,1.0401870834576532,36.98260056493221,61.594348587623855,51.69356307585654,-9.900785511767317,23.183209168026412,-0.4270670829050787,-0.1607417845759421,trail_stop,0.03981296247159532,4,BREAKOUT 1d [lookback=20 swing=20 vol_mult=1.5] exit=trail3ATR,BTC<200D,2026,BREAKOUT
NEARUSDT,2026-02-25 00:00:00+00:00,2026-02-26 00:00:00+00:00,2026-03-23 00:00:00+00:00,1.172586,0.7959399080608779,61.163797714857466,71.79153272018111,76.48509860440164,4.693565884220533,23.181824910304286,0.2024674891808992,0.06537770829485492,trail_stop,0.04640692429399367,4,BREAKOUT 1d [lookback=20 swing=20 vol_mult=1.5] exit=trail3ATR,BTC<200D,2026,BREAKOUT
FORMUSDT,2026-03-02 00:00:00+00:00,2026-03-03 00:00:00+00:00,2026-03-05 00:00:00+00:00,0.27503744999999996,0.16870512656968648,217.73526871251832,59.94523843483756,63.6004948897324,3.6552564548948396,23.267263585579673,0.15709868250945735,0.06097659381016931,trail_stop,0.03860704516980946,4,BREAKOUT 1d [lookback=20 swing=20 vol_mult=1.5] exit=trail3ATR,BTC<200D,2026,BREAKOUT
BTCUSDT,2026-03-04 00:00:00+00:00,2026-03-05 00:00:00+00:00,2026-03-27 00:00:00+00:00,72703.103385,60680.72405435443,0.0019150566204663383,139.36979002535878,128.92937194902257,-10.440418076336215,23.337020120367626,-0.44737580130139376,-0.07491162951767774,trail_stop,0.0894912195823009,4,BREAKOUT 1d [lookback=20 swing=20 vol_mult=1.5] exit=trail3ATR,BTC<200D,2026,BREAKOUT
TAOUSDT,2026-03-10 00:00:00+00:00,2026-03-11 00:00:00+00:00,2026-04-02 00:00:00+00:00,199.99994999999998,154.71267387449274,0.5065346583592959,101.40821325147137,151.3779752760915,49.969762024620124,23.158393660043625,2.157738691126731,0.49275852933830383,trail_stop,0.06561783245781612,4,BREAKOUT 1d [lookback=20 swing=20 vol_mult=1.5] exit=trail3ATR,BTC<200D,2026,BREAKOUT
FETUSDT,2026-03-12 00:00:00+00:00,2026-03-13 00:00:00+00:00,2026-03-19 00:00:00+00:00,0.17738865,0.1338026792887435,532.3611363428487,94.52925811161218,109.12897306398193,14.599714952369752,23.40472312365355,0.6237935341185395,0.15444651998782893,trail_stop,0.06052292701097053,4,BREAKOUT 1d [lookback=20 swing=20 vol_mult=1.5] exit=trail3ATR,BTC<200D,2026,BREAKOUT
CAKEUSDT,2026-03-15 00:00:00+00:00,2026-03-16 00:00:00+00:00,2026-03-27 00:00:00+00:00,1.5177584999999998,1.1284135214802937,61.22727567653234,93.02114630799008,82.49846885947811,-10.52267744851197,24.035060534981817,-0.4378053233191048,-0.11312134784570078,trail_stop,0.05799541338037064,4,BREAKOUT 1d [lookback=20 swing=20 vol_mult=1.5] exit=trail3ATR,BTC<200D,2026,BREAKOUT
ZENUSDT,2026-03-15 00:00:00+00:00,2026-03-16 00:00:00+00:00,2026-03-20 00:00:00+00:00,6.1200585,4.741129958418799,17.26310612914819,105.75687062149755,97.57188046143227,-8.184990160065283,24.03296999838146,-0.34057339399235775,-0.07739440579098879,trail_stop,0.06594142509802829,4,BREAKOUT 1d [lookback=20 swing=20 vol_mult=1.5] exit=trail3ATR,BTC<200D,2026,BREAKOUT
BNBUSDT,2026-03-16 00:00:00+00:00,2026-03-17 00:00:00+00:00,2026-03-27 00:00:00+00:00,680.03985,569.1268050853859,0.21973340326207189,149.57689806492317,135.93348504760834,-13.643413017314828,24.708250022410255,-0.5521804662386176,-0.09121337047244399,trail_stop,0.09071512781690261,4,BREAKOUT 1d [lookback=20 swing=20 vol_mult=1.5] exit=trail3ATR,BTC<200D,2026,BREAKOUT
ETHUSDT,2026-03-16 00:00:00+00:00,2026-03-17 00:00:00+00:00,2026-03-27 00:00:00+00:00,2354.1464849999998,1773.0593941898285,0.042151380241470734,99.32975415699012,85.5077500289316,-13.822004128058524,24.704921424405345,-0.5594838328206188,-0.13915270651141373,trail_stop,0.06024944702029866,4,BREAKOUT 1d [lookback=20 swing=20 vol_mult=1.5] exit=trail3ATR,BTC<200D,2026,BREAKOUT
LINKUSDT,2026-03-16 00:00:00+00:00,2026-03-17 00:00:00+00:00,2026-03-27 00:00:00+00:00,9.924959999999999,7.92123575433911,12.195684336051213,121.16272088714275,104.68740074111967,-16.47532014602308,24.7026891095521,-0.6669443991687675,-0.13597680891772848,trail_stop,0.07349909072923369,4,BREAKOUT 1d [lookback=20 swing=20 vol_mult=1.5] exit=trail3ATR,BTC<200D,2026,BREAKOUT
SOLUSDT,2026-03-16 00:00:00+00:00,2026-03-17 00:00:00+00:00,2026-03-27 00:00:00+00:00,96.23809499999999,74.36395429225541,1.1185622636223445,107.7559496912921,91.81683471778553,-15.939114973506577,24.699966125449375,-0.6453091835249062,-0.14791865339380547,trail_stop,0.06537355203838992,4,BREAKOUT 1d [lookback=20 swing=20 vol_mult=1.5] exit=trail3ATR,BTC<200D,2026,BREAKOUT
XLMUSDT,2026-03-16 00:00:00+00:00,2026-03-17 00:00:00+00:00,2026-03-22 00:00:00+00:00,0.17618804999999998,0.14246010802533343,723.8962997783815,127.66941933762861,112.88055459954384,-14.788864738084769,24.69771222648704,-0.5987949249090554,-0.11583717396704707,trail_stop,0.07746175614803683,4,BREAKOUT 1d [lookback=20 swing=20 vol_mult=1.5] exit=trail3ATR,BTC<200D,2026,BREAKOUT
XRPUSDT,2026-03-16 00:00:00+00:00,2026-03-17 00:00:00+00:00,2026-03-22 00:00:00+00:00,1.54367145,1.2324599840052948,78.49175179864112,121.28664178836047,108.53054164151652,-12.756100146843949,24.693757167837536,-0.516571863088464,-0.10517316630056217,trail_stop,0.07360087540861997,4,BREAKOUT 1d [lookback=20 swing=20 vol_mult=1.5] exit=trail3ATR,BTC<200D,2026,BREAKOUT
ZECUSDT,2026-03-16 00:00:00+00:00,2026-03-17 00:00:00+00:00,2026-03-22 00:00:00+00:00,277.03844999999995,179.93416833384893,0.25285062018232096,70.11939324074575,54.344937250316356,-15.774455990429395,24.691149136391683,-0.638870872444726,-0.22496566586464697,trail_stop,0.04255533643446644,4,BREAKOUT 1d [lookback=20 swing=20 vol_mult=1.5] exit=trail3ATR,BTC<200D,2026,BREAKOUT
APTUSDT,2026-03-23 00:00:00+00:00,2026-03-24 00:00:00+00:00,2026-03-29 00:00:00+00:00,1.070535,0.8650421794149783,109.00765086854402,116.81320202807932,98.4765137516761,-18.336688276403223,22.658383323559363,-0.8092672815424303,-0.15697445115831588,trail_stop,0.07725386042958766,4,BREAKOUT 1d [lookback=20 swing=20 vol_mult=1.5] exit=trail3ATR,BTC<200D,2026,BREAKOUT
FETUSDT,2026-03-25 00:00:00+00:00,2026-03-26 00:00:00+00:00,2026-04-20 00:00:00+00:00,0.26002995,0.12901494341723466,176.3386655608485,45.89918772324302,36.75428326397706,-9.144904459265959,23.182978872917396,-0.394466324168079,-0.19923891713305952,trail_stop,0.02966831914065659,4,BREAKOUT 1d [lookback=20 swing=20 vol_mult=1.5] exit=trail3ATR,BTC<200D,2026,BREAKOUT
ZECUSDT,2026-04-07 00:00:00+00:00,2026-04-08 00:00:00+00:00,2026-04-19 00:00:00+00:00,320.88036,195.84519675602905,0.17382656316724882,55.83330769683621,54.31767192673239,-1.5156357701038203,21.841257856570685,-0.06939324557481286,-0.027145727749704928,trail_stop,0.03830653701331322,4,BREAKOUT 1d [lookback=20 swing=20 vol_mult=1.5] exit=trail3ATR,BTC<200D,2026,BREAKOUT
ARBUSDT,2026-04-08 00:00:00+00:00,2026-04-09 00:00:00+00:00,2026-05-04 00:00:00+00:00,0.10565279999999999,0.08289209112570983,949.2747644125317,100.39383036635382,110.39197567364502,9.998145307291196,21.824451803060917,0.45811667562201674,0.09958924040258546,trail_stop,0.06893199728535081,4,BREAKOUT 1d [lookback=20 swing=20 vol_mult=1.5] exit=trail3ATR,BTC<200D,2026,BREAKOUT
DASHUSDT,2026-04-09 00:00:00+00:00,2026-04-10 00:00:00+00:00,2026-04-14 00:00:00+00:00,35.987984999999995,28.144413439665588,2.774249473790631,99.93948809748413,107.28380240118693,7.344314303702802,21.97694431879653,0.3341826869635069,0.07348761178903504,trail_stop,0.06814390140009854,4,BREAKOUT 1d [lookback=20 swing=20 vol_mult=1.5] exit=trail3ATR,BTC<200D,2026,BREAKOUT
ZENUSDT,2026-04-10 00:00:00+00:00,2026-04-11 00:00:00+00:00,2026-04-29 00:00:00+00:00,6.3491729999999995,4.7760230123399845,14.187027319244287,90.16596669641379,78.75448146815933,-11.411485228254463,22.510000217652674,-0.506951804438696,-0.12656089261125103,trail_stop,0.06002391599376975,4,BREAKOUT 1d [lookback=20 swing=20 vol_mult=1.5] exit=trail3ATR,BTC<200D,2026,BREAKOUT
CAKEUSDT,2026-04-13 00:00:00+00:00,2026-04-14 00:00:00+00:00,2026-04-27 00:00:00+00:00,1.586793,1.275911769445445,70.6089570939643,112.15384065285689,105.48815569955212,-6.665684953304762,22.19813242207637,-0.3002813401849806,-0.059433407848569896,trail_stop,0.07571028728248486,4,BREAKOUT 1d [lookback=20 swing=20 vol_mult=1.5] exit=trail3ATR,BTC<200D,2026,BREAKOUT
ETHUSDT,2026-04-13 00:00:00+00:00,2026-04-14 00:00:00+00:00,2026-05-13 00:00:00+00:00,2370.64473,1882.5658436396145,0.04499665938312434,106.77776452764297,100.42479619458001,-6.352968333062961,22.19561190154893,-0.28622632082603755,-0.05949710935761615,trail_stop,0.0720893124555611,4,BREAKOUT 1d [lookback=20 swing=20 vol_mult=1.5] exit=trail3ATR,BTC<200D,2026,BREAKOUT
AVAXUSDT,2026-04-16 00:00:00+00:00,2026-04-17 00:00:00+00:00,2026-05-16 00:00:00+00:00,9.72486,8.10413811292675,13.549824320420583,131.901914685226,126.09125196423595,-5.810662720990038,22.256926553367748,-0.26107210746538645,-0.04405290654693488,trail_stop,0.08880615943854131,4,BREAKOUT 1d [lookback=20 swing=20 vol_mult=1.5] exit=trail3ATR,BTC<200D,2026,BREAKOUT
CRVUSDT,2026-04-16 00:00:00+00:00,2026-04-17 00:00:00+00:00,2026-05-16 00:00:00+00:00,0.23331659999999999,0.19469949708933423,568.5908618436387,132.79434836310392,141.14648968853226,8.352141325428335,22.255994692654742,0.37527602970649676,0.06289530713002034,trail_stop,0.0894107555122287,4,BREAKOUT 1d [lookback=20 swing=20 vol_mult=1.5] exit=trail3ATR,BTC<200D,2026,BREAKOUT
ENAUSDT,2026-04-16 00:00:00+00:00,2026-04-17 00:00:00+00:00,2026-04-22 00:00:00+00:00,0.11355675,0.07244780343813935,538.4285030137245,61.203333100513355,58.745850833074535,-2.45748226743882,22.253863188229992,-0.11042946775814529,-0.040152752194115515,trail_stop,0.041212299001151635,4,BREAKOUT 1d [lookback=20 swing=20 vol_mult=1.5] exit=trail3ATR,BTC<200D,2026,BREAKOUT
FILUSDT,2026-04-16 00:00:00+00:00,2026-04-17 00:00:00+00:00,2026-04-29 00:00:00+00:00,0.9984989999999999,0.7473723139221311,87.87229332873932,87.82813741346932,77.36579578075607,-10.462341632713247,22.253295360857685,-0.47014796968524164,-0.11912289091888158,trail_stop,0.0591420701475859,4,BREAKOUT 1d [lookback=20 swing=20 vol_mult=1.5] exit=trail3ATR,BTC<200D,2026,BREAKOUT
LINKUSDT,2026-04-16 00:00:00+00:00,2026-04-17 00:00:00+00:00,2026-05-16 00:00:00+00:00,9.6048,7.965853132223842,13.400402834850276,128.83689733731805,129.51180165791223,0.6749043205941803,22.25132153078687,0.03033097695614997,0.005238439721403411,trail_stop,0.08676441237664666,4,BREAKOUT 1d [lookback=20 swing=20 vol_mult=1.5] exit=trail3ATR,BTC<200D,2026,BREAKOUT
SUIUSDT,2026-04-16 00:00:00+00:00,2026-04-17 00:00:00+00:00,2026-04-29 00:00:00+00:00,1.00100025,0.7927370647143699,105.70734150960183,105.91888835322474,96.53860393934085,-9.3802844138839,22.246416018520314,-0.4216537354185384,-0.08856101645064435,trail_stop,0.07134614977297238,4,BREAKOUT 1d [lookback=20 swing=20 vol_mult=1.5] exit=trail3ATR,BTC<200D,2026,BREAKOUT
VIRTUALUSDT,2026-04-16 00:00:00+00:00,2026-04-17 00:00:00+00:00,2026-04-29 00:00:00+00:00,0.7375685999999999,0.5818212064963956,141.36096400594155,104.3676717248292,94.84438327541417,-9.52328844941502,22.24419418193956,-0.4281246770066025,-0.09124749352005922,trail_stop,0.07030828412824633,4,BREAKOUT 1d [lookback=20 swing=20 vol_mult=1.5] exit=trail3ATR,BTC<200D,2026,BREAKOUT
XRPUSDT,2026-04-16 00:00:00+00:00,2026-04-17 00:00:00+00:00,2026-04-28 00:00:00+00:00,1.4537265,1.250815459520592,107.84430425064492,156.93289908618837,147.63387794584398,-9.299021140344394,22.241848646044822,-0.4180867017093923,-0.059254759164535174,trail_stop,0.10573050297537027,4,BREAKOUT 1d [lookback=20 swing=20 vol_mult=1.5] exit=trail3ATR,BTC<200D,2026,BREAKOUT
BTCUSDT,2026-04-17 00:00:00+00:00,2026-04-18 00:00:00+00:00,2026-05-17 00:00:00+00:00,77110.546005,63701.82812107094,0.0005728515817610327,44.21707114767054,43.9223681050535,-0.29470304261703717,7.780097441099458,-0.03787909404067704,-0.006664915494579583,trail_stop,0.029601253864698005,4,BREAKOUT 1d [lookback=20 swing=20 vol_mult=1.5] exit=trail3ATR,BTC<200D,2026,BREAKOUT
XLMUSDT,2026-04-21 00:00:00+00:00,2026-04-22 00:00:00+00:00,2026-04-29 00:00:00+00:00,0.17918955,0.1457681219181504,507.73593781832125,91.07195519070945,81.60444467501624,-9.467510515693206,17.171221669854116,-0.5513591692962893,-0.10395637708521513,trail_stop,0.06356561612080637,4,BREAKOUT 1d [lookback=20 swing=20 vol_mult=1.5] exit=trail3ATR,BTC<200D,2026,BREAKOUT
SEIUSDT,2026-04-22 00:00:00+00:00,2026-04-23 00:00:00+00:00,2026-05-13 00:00:00+00:00,0.06111054,0.04924937575773933,960.3443803541114,58.745850833074535,65.70264888114976,6.956798048075221,11.520410481868277,0.6038672023904335,0.11842194724258671,trail_stop,0.04107698178252594,4,BREAKOUT 1d [lookback=20 swing=20 vol_mult=1.5] exit=trail3ATR,BTC<200D,2026,BREAKOUT
TRXUSDT,2026-05-03 00:00:00+00:00,2026-05-04 00:00:00+00:00,2026-05-28 00:00:00+00:00,0.3387693,0.3170524984415206,917.1402096832022,311.00964578306787,330.19188698461306,19.182241201545196,20.664077883382898,0.92828924231701,0.061677319213838754,trail_stop,0.2255355515423808,4,BREAKOUT 1d [lookback=20 swing=20 vol_mult=1.5] exit=trail3ATR,BTC<200D,2026,BREAKOUT
ZENUSDT,2026-05-03 00:00:00+00:00,2026-05-04 00:00:00+00:00,2026-05-12 00:00:00+00:00,7.0965465,5.305345835268101,11.435672325541413,81.23493419738472,76.03615576632686,-5.19877843105786,20.655712611303336,-0.2516871980593376,-0.06399683193471745,trail_stop,0.05893317404059809,4,BREAKOUT 1d [lookback=20 swing=20 vol_mult=1.5] exit=trail3ATR,BTC<200D,2026,BREAKOUT
DASHUSDT,2026-05-04 00:00:00+00:00,2026-05-05 00:00:00+00:00,2026-05-10 00:00:00+00:00,47.50373999999999,31.668409742812738,1.304642166576596,62.03735765636538,60.52037541103648,-1.5169822453288972,20.783368213543785,-0.07299020205687035,-0.024452721757295,trail_stop,0.04472955127194263,4,BREAKOUT 1d [lookback=20 swing=20 vol_mult=1.5] exit=trail3ATR,BTC<200D,2026,BREAKOUT
ZECUSDT,2026-05-04 00:00:00+00:00,2026-05-05 00:00:00+00:00,2026-05-16 00:00:00+00:00,422.93136,285.2504410476432,0.15001755696206023,63.510576519231435,76.11757449123932,12.606997972007889,20.78216969605915,0.6066256871340296,0.19850233871189005,trail_stop,0.04579439754204745,4,BREAKOUT 1d [lookback=20 swing=20 vol_mult=1.5] exit=trail3ATR,BTC<200D,2026,BREAKOUT
VIRTUALUSDT,2026-05-05 00:00:00+00:00,2026-05-06 00:00:00+00:00,2026-05-12 00:00:00+00:00,0.804402,0.6366963103370683,126.06721579423434,101.51012923983299,101.62528271897999,0.11515347914699703,21.363957752637397,0.005390081766697991,0.0011344038275720207,trail_stop,0.0712007964723634,4,BREAKOUT 1d [lookback=20 swing=20 vol_mult=1.5] exit=trail3ATR,BTC<200D,2026,BREAKOUT
FILUSDT,2026-05-06 00:00:00+00:00,2026-05-07 00:00:00+00:00,2026-05-10 00:00:00+00:00,1.1155575,0.8437594502663077,79.44032407758053,88.7088695765027,87.90209118596816,-0.8067783905345465,21.780854675822958,-0.037040713164946705,-0.00909467558752712,trail_stop,0.06103083463401361,4,BREAKOUT 1d [lookback=20 swing=20 vol_mult=1.5] exit=trail3ATR,BTC<200D,2026,BREAKOUT
ICPUSDT,2026-05-06 00:00:00+00:00,2026-05-07 00:00:00+00:00,2026-05-10 00:00:00+00:00,3.2005994999999996,2.2384012485814204,22.48128118339909,72.02553089226147,75.82595647123745,3.8004255789759753,21.778861052372953,0.17450065776336332,0.052764978361086935,trail_stop,0.049557396832126836,4,BREAKOUT 1d [lookback=20 swing=20 vol_mult=1.5] exit=trail3ATR,BTC<200D,2026,BREAKOUT
NEARUSDT,2026-05-06 00:00:00+00:00,2026-05-07 00:00:00+00:00,2026-05-28 00:00:00+00:00,1.4887439999999998,1.2091860302685309,8.444771223656021,12.584674593081147,20.06715217810662,7.4824775850254746,2.3886870440615886,3.1324645912185685,0.5945706048799404,trail_stop,0.008659435113803465,4,BREAKOUT 1d [lookback=20 swing=20 vol_mult=1.5] exit=trail3ATR,BTC<200D,2026,BREAKOUT
APTUSDT,2026-05-10 00:00:00+00:00,2026-05-11 00:00:00+00:00,2026-05-16 00:00:00+00:00,1.1535765,0.8844874646109822,82.86018569521178,95.6811485666361,79.72802600132059,-15.95312256531551,22.5022495528294,-0.7089567879807638,-0.16673213902950937,trail_stop,0.06371733820160239,4,BREAKOUT 1d [lookback=20 swing=20 vol_mult=1.5] exit=trail3ATR,BTC<200D,2026,BREAKOUT
CAKEUSDT,2026-05-10 00:00:00+00:00,2026-05-11 00:00:00+00:00,2026-05-17 00:00:00+00:00,1.6178085,1.4141665634901734,79.39062977227532,128.567274501606,114.57474221630049,-13.9925322853055,16.464051648557287,-0.8498838915226338,-0.10883432303864164,trail_stop,0.08562551279385917,4,BREAKOUT 1d [lookback=20 swing=20 vol_mult=1.5] exit=trail3ATR,BTC<200D,2026,BREAKOUT
FFUSDT,2026-05-12 00:00:00+00:00,2026-05-13 00:00:00+00:00,2026-06-03 00:00:00+00:00,0.07849923,0.05888561382553001,1101.4800977776663,86.55180487540738,100.78383873584906,14.232033860441675,21.787732768010212,0.6532131641222361,0.1644337039641045,trail_stop,0.059527997100384894,4,BREAKOUT 1d [lookback=20 swing=20 vol_mult=1.5] exit=trail3ATR,BTC<200D,2026,BREAKOUT
ZECUSDT,2026-05-20 00:00:00+00:00,2026-05-21 00:00:00+00:00,2026-05-28 00:00:00+00:00,673.806735,316.1564810875668,0.05891837091419751,39.739294732351595,31.22220888268951,-8.517085849662084,21.139801736223927,-0.4028933646557198,-0.21432403134040423,trail_stop,0.028169324125581194,4,BREAKOUT 1d [lookback=20 swing=20 vol_mult=1.5] exit=trail3ATR,BTC<200D,2026,BREAKOUT
2ZUSDT,2026-05-21 00:00:00+00:00,2026-05-22 00:00:00+00:00,2026-05-26 00:00:00+00:00,0.11303648999999999,0.07754673636021658,595.1994337244458,67.34653409303718,56.03632970495488,-11.310204388082298,21.259971106723746,-0.5319952850032471,-0.1679404076304446,trail_stop,0.04746896491565858,4,BREAKOUT 1d [lookback=20 swing=20 vol_mult=1.5] exit=trail3ATR,BTC<200D,2026,BREAKOUT
WLDUSDT,2026-05-25 00:00:00+00:00,2026-05-26 00:00:00+00:00,2026-05-28 00:00:00+00:00,0.3307653,0.21416755843800533,181.92531054142418,60.23475449874615,59.082085040039246,-1.152669458706903,21.33067919012873,-0.054038103917494,-0.019136285493301,trail_stop,0.04231551610415283,4,BREAKOUT 1d [lookback=20 swing=20 vol_mult=1.5] exit=trail3ATR,BTC<200D,2026,BREAKOUT
FETUSDT,2026-05-26 00:00:00+00:00,2026-05-27 00:00:00+00:00,2026-06-04 00:00:00+00:00,0.25042515,0.1764104040827386,287.65216357598115,72.10737154755094,63.73803424529416,-8.369337302256781,21.438629015038448,-0.3903858449337401,-0.11606770740128355,trail_stop,0.05040107939794752,4,BREAKOUT 1d [lookback=20 swing=20 vol_mult=1.5] exit=trail3ATR,BTC<200D,2026,BREAKOUT
XLMUSDT,2026-05-28 00:00:00+00:00,2026-05-29 00:00:00+00:00,2026-05-31 00:00:00+00:00,0.2039019,0.13389962588621743,299.08643165735657,61.045275970834304,68.56727367658863,7.521997705754323,21.057765982449713,0.35720777370322293,0.12321998035274867,trail_stop,0.04344071331924404,4,BREAKOUT 1d [lookback=20 swing=20 vol_mult=1.5] exit=trail3ATR,BTC<200D,2026,BREAKOUT
BNBUSDT,2026-05-30 00:00:00+00:00,2026-05-31 00:00:00+00:00,2026-06-01 00:00:00+00:00,719.09937,617.1812154036278,0.20614567373991102,148.38746333871015,138.95606734683201,-9.431395991878134,21.34900611129691,-0.4417721341551106,-0.06355925075927722,trail_stop,0.10415418638820441,4,BREAKOUT 1d [lookback=20 swing=20 vol_mult=1.5] exit=trail3ATR,BTC<200D,2026,BREAKOUT
WLDUSDT,2026-06-01 00:00:00+00:00,2026-06-02 00:00:00+00:00,2026-06-06 00:00:00+00:00,0.4380189,0.20565933385437668,91.62341009708324,40.17291809027826,39.96258882786945,-0.21032926240880556,21.357963996870055,-0.009847814259806256,-0.005235598318652005,trail_stop,0.028185822378145195,4,BREAKOUT 1d [lookback=20 swing=20 vol_mult=1.5] exit=trail3ATR,BTC<200D,2026,BREAKOUT
FORMUSDT,2026-06-04 00:00:00+00:00,2026-06-05 00:00:00+00:00,2026-06-10 00:00:00+00:00,0.29324655,0.19925481386001767,221.57803938139145,65.04197259996153,48.15059656104199,-16.89137603891953,20.957685268797817,-0.805975269800798,-0.25969962723623674,trail_stop,0.04650584840666739,4,BREAKOUT 1d [lookback=20 swing=20 vol_mult=1.5] exit=trail3ATR,BTC<200D,2026,BREAKOUT
CRVUSDT,2026-06-11 00:00:00+00:00,2026-06-12 00:00:00+00:00,2026-06-19 00:00:00+00:00,0.25612799999999997,0.1614758905248983,216.13344255000987,55.41318419982237,46.45142260366812,-8.961761596154247,20.565177151839478,-0.4357736152714177,-0.1617261618433213,trail_stop,0.04037735194162723,4,BREAKOUT 1d [lookback=20 swing=20 vol_mult=1.5] exit=trail3ATR,BTC<200D,2026,BREAKOUT
WLDUSDT,2026-06-16 00:00:00+00:00,2026-06-17 00:00:00+00:00,2026-06-24 00:00:00+00:00,0.6755376,0.2348663071489329,46.433860618756476,31.39918657989039,23.301320833788775,-8.097865746101615,20.5097903808754,-0.3948292788819805,-0.2579004945079658,trail_stop,0.022941106304805454,4,BREAKOUT 1d [lookback=20 swing=20 vol_mult=1.5] exit=trail3ATR,BTC<200D,2026,BREAKOUT
XPLUSDT,2026-06-17 00:00:00+00:00,2026-06-18 00:00:00+00:00,2026-07-16 00:00:00+00:00,0.1128564,0.05396885635471034,346.2965743735093,39.12086650084264,30.38038155889573,-8.740484941946907,20.459660922853146,-0.4272057574612056,-0.22342258042159271,trail_stop,0.02865280968987569,4,BREAKOUT 1d [lookback=20 swing=20 vol_mult=1.5] exit=trail3ATR,BTC<200D,2026,BREAKOUT
METUSDT,2026-06-20 00:00:00+00:00,2026-06-21 00:00:00+00:00,2026-06-24 00:00:00+00:00,0.1602801,0.08775397526372845,278.6287038475568,44.703295152072336,40.829636935760156,-3.8736582163121795,20.289182706058735,-0.1909223388853131,-0.08665263272281633,trail_stop,0.03301658610099227,4,BREAKOUT 1d [lookback=20 swing=20 vol_mult=1.5] exit=trail3ATR,BTC<200D,2026,BREAKOUT
MMTUSDT,2026-06-21 00:00:00+00:00,2026-06-22 00:00:00+00:00,2026-06-24 00:00:00+00:00,0.16638315,0.09305790244105026,275.2353881760882,45.84032540708652,45.69251263173636,-0.1478127753501539,20.265903941309368,-0.007293668013932361,-0.0032245140940317875,trail_stop,0.033895254074651125,4,BREAKOUT 1d [lookback=20 swing=20 vol_mult=1.5] exit=trail3ATR,BTC<200D,2026,BREAKOUT
SEIUSDT,2026-06-25 00:00:00+00:00,2026-06-26 00:00:00+00:00,2026-07-01 00:00:00+00:00,0.057318644999999994,0.042584290957801196,1360.2933992044113,78.04814461928576,63.563597761768136,-14.484546857517628,20.207876450873282,-0.7167772869519736,-0.18558476858319173,trail_stop,0.057876077158125726,4,BREAKOUT 1d [lookback=20 swing=20 vol_mult=1.5] exit=trail3ATR,BTC<200D,2026,BREAKOUT
ZBTUSDT,2026-07-01 00:00:00+00:00,2026-07-02 00:00:00+00:00,2026-07-12 00:00:00+00:00,0.15107549999999997,0.09115785799019474,330.8218158088716,50.02905030546739,38.79949497334469,-11.2295553321227,19.91726263355821,-0.5638101750590084,-0.2244606936081592,trail_stop,0.0376400152122494,4,BREAKOUT 1d [lookback=20 swing=20 vol_mult=1.5] exit=trail3ATR,BTC<200D,2026,BREAKOUT
ADAUSDT,2026-07-04 00:00:00+00:00,2026-07-05 00:00:00+00:00,2026-07-12 00:00:00+00:00,0.19219604999999998,0.13220858339739616,329.68731124611094,63.42796355557971,53.62643998064969,-9.801523574930016,19.905830616464677,-0.49239460356016984,-0.15453000578114545,trail_stop,0.04774827047725336,4,BREAKOUT 1d [lookback=20 swing=20 vol_mult=1.5] exit=trail3ATR,BTC<200D,2026,BREAKOUT
CAKEUSDT,2026-07-05 00:00:00+00:00,2026-07-06 00:00:00+00:00,2026-07-29 00:00:00+00:00,1.4717355,1.222025840265599,78.59933265723524,115.79310557611038,106.31576282989207,-9.477342746218312,19.886717639431538,-0.47656646602285757,-0.08184721101541655,trail_stop,0.0872522783135888,4,BREAKOUT 1d [lookback=20 swing=20 vol_mult=1.5] exit=trail3ATR,BTC<200D,2026,BREAKOUT
ARBUSDT,2026-07-09 00:00:00+00:00,2026-07-10 00:00:00+00:00,2026-07-24 00:00:00+00:00,0.08754374999999999,0.06777903248465678,979.5826702334408,85.842096727636,82.95561175403105,-2.8864849736049507,19.546490651334715,-0.14767279841140432,-0.03362551805745532,trail_stop,0.06580951684648798,4,BREAKOUT 1d [lookback=20 swing=20 vol_mult=1.5] exit=trail3ATR,BTC<200D,2026,BREAKOUT
ICPUSDT,2026-07-09 00:00:00+00:00,2026-07-10 00:00:00+00:00,2026-07-27 00:00:00+00:00,2.3541765,1.9737359302393924,50.66582083093574,119.39556103815278,107.18561953389936,-12.209941504253422,19.544561455101565,-0.6247232270881348,-0.10226461853428322,trail_stop,0.09154179669935672,4,BREAKOUT 1d [lookback=20 swing=20 vol_mult=1.5] exit=trail3ATR,BTC<200D,2026,BREAKOUT
UNIUSDT,2026-07-10 00:00:00+00:00,2026-07-11 00:00:00+00:00,2026-08-04 00:00:00+00:00,3.525762,2.608610375224074,21.223438760176947,74.90362268384894,80.92774366012732,6.0241209762783825,19.62295797809892,0.3069935217209287,0.08042496157635552,trail_stop,0.057199934362705415,4,BREAKOUT 1d [lookback=20 swing=20 vol_mult=1.5] exit=trail3ATR,BTC<200D,2026,BREAKOUT
CRVUSDT,2026-07-14 00:00:00+00:00,2026-07-15 00:00:00+00:00,2026-08-14 00:00:00+00:00,0.2233116,0.17448850636143876,397.0956724269482,88.76474603270042,97.27968807733394,8.514942044633528,19.580013570162237,0.4348792718718721,0.09592707043285713,trail_stop,0.06793361223549162,4,BREAKOUT 1d [lookback=20 swing=20 vol_mult=1.5] exit=trail3ATR,BTC<200D,2026,BREAKOUT
LTCUSDT,2026-07-18 00:00:00+00:00,2026-07-19 00:00:00+00:00,2026-08-01 00:00:00+00:00,47.04351,40.28587088674349,2.815727446524378,132.59416399013185,122.84884878924703,-9.745315200884818,19.33022595871906,-0.5041490576311195,-0.07349731622886585,trail_stop,0.10278853121328574,4,BREAKOUT 1d [lookback=20 swing=20 vol_mult=1.5] exit=trail3ATR,BTC<200D,2026,BREAKOUT
HEMIUSDT,2026-07-20 00:00:00+00:00,2026-07-21 00:00:00+00:00,2026-07-22 00:00:00+00:00,0.006863429999999999,0.00366949729453557,6056.436317202753,41.60949463929146,30.880725575708695,-10.728769063582767,19.4187429617714,-0.5524955495164594,-0.25784425301459174,trail_stop,0.03210912786250739,4,BREAKOUT 1d [lookback=20 swing=20 vol_mult=1.5] exit=trail3ATR,BTC<200D,2026,BREAKOUT
BNBUSDT,2026-07-30 00:00:00+00:00,2026-07-31 00:00:00+00:00,2026-09-10 00:00:00+00:00,592.285995,548.750255313937,0.4273858412517292,253.3877828829271,302.98404274432903,49.59625986140193,19.211368248690867,2.581609972771284,0.1957326406866148,trail_stop,0.19764441940667757,4,BREAKOUT 1d [lookback=20 swing=20 vol_mult=1.5] exit=trail3ATR,BTC<200D,2026,BREAKOUT
MMTUSDT,2026-07-30 00:00:00+00:00,2026-07-31 00:00:00+00:00,2026-08-01 00:00:00+00:00,0.25482734999999995,0.14438238303638626,173.1546617852801,44.168668146492074,35.46076785747327,-8.707900289018802,19.205673667886128,-0.45340249134709143,-0.19715107234245172,trail_stop,0.03446211601262651,4,BREAKOUT 1d [lookback=20 swing=20 vol_mult=1.5] exit=trail3ATR,BTC<200D,2026,BREAKOUT
ENSOUSDT,2026-07-31 00:00:00+00:00,2026-08-01 00:00:00+00:00,2026-08-13 00:00:00+00:00,0.9054525,0.6558073252839175,75.3026294761614,68.25113706987979,64.37288520679873,-3.8782518630810614,18.941172378299882,-0.20475247179125058,-0.056823256425900484,trail_stop,0.05399582936630556,4,BREAKOUT 1d [lookback=20 swing=20 vol_mult=1.5] exit=trail3ATR,BTC<200D,2026,BREAKOUT
ADAUSDT,2026-08-02 00:00:00+00:00,2026-08-03 00:00:00+00:00,2026-08-12 00:00:00+00:00,0.18959474999999998,0.14840418024225452,453.1099179529001,85.99316887841739,82.32419517587363,-3.6689737025437665,18.850594432179232,-0.19463437695527425,-0.04266587393390741,trail_stop,0.06835906044704175,4,BREAKOUT 1d [lookback=20 swing=20 vol_mult=1.5] exit=trail3ATR,BTC<200D,2026,BREAKOUT
ZBTUSDT,2026-08-06 00:00:00+00:00,2026-08-07 00:00:00+00:00,2026-08-08 00:00:00+00:00,0.18779384999999998,0.07220263782976497,164.02699510078924,30.834064174822252,18.703794382190786,-12.130269792631466,19.008641304246822,-0.638145020387195,-0.39340483057489756,trail_stop,0.02430730878200097,4,BREAKOUT 1d [lookback=20 swing=20 vol_mult=1.5] exit=trail3ATR,BTC<200D,2026,BREAKOUT
ATUSDT,2026-08-08 00:00:00+00:00,2026-08-09 00:00:00+00:00,2026-08-14 00:00:00+00:00,0.1544772,0.12583738370051406,651.738629772843,100.77943741780454,97.48852749676558,-3.29090992103896,18.88933201013077,-0.1742205557758195,-0.03265457721693493,trail_stop,0.07994890338510845,4,BREAKOUT 1d [lookback=20 swing=20 vol_mult=1.5] exit=trail3ATR,BTC<200D,2026,BREAKOUT
FORMUSDT,2026-08-08 00:00:00+00:00,2026-08-09 00:00:00+00:00,2026-08-10 00:00:00+00:00,0.22881434999999997,0.1720132900011627,329.70443958983697,75.51654814389966,70.00972928288408,-5.506818861015574,18.888044723362267,-0.2915504988297859,-0.07292201505982664,trail_stop,0.05991179193647645,4,BREAKOUT 1d [lookback=20 swing=20 vol_mult=1.5] exit=trail3ATR,BTC<200D,2026,BREAKOUT
ICPUSDT,2026-08-10 00:00:00+00:00,2026-08-11 00:00:00+00:00,2026-08-22 00:00:00+00:00,2.2881435,1.9492744230503427,54.92319771762504,125.79783001465535,122.47410040659936,-3.3237296080559844,18.897982518174295,-0.17587748347526172,-0.026421199854312055,trail_stop,0.09975045569224568,4,BREAKOUT 1d [lookback=20 swing=20 vol_mult=1.5] exit=trail3ATR,BTC<200D,2026,BREAKOUT
TRXUSDT,2026-08-11 00:00:00+00:00,2026-08-12 00:00:00+00:00,2026-08-25 00:00:00+00:00,0.3353676,0.32174420479625554,1316.6394346061315,441.99976545646444,443.7492322774826,1.7494668210181317,19.013877417005276,0.09200999788993466,0.003958071831127359,trail_stop,0.3483441574528371,4,BREAKOUT 1d [lookback=20 swing=20 vol_mult=1.5] exit=trail3ATR,BTC<200D,2026,BREAKOUT
AVNTUSDT,2026-08-13 00:00:00+00:00,2026-08-14 00:00:00+00:00,2026-08-18 00:00:00+00:00,0.10825409999999999,0.07414369009018533,543.7916212915587,58.92654022300898,49.53136873312379,-9.395171489885186,18.668280697133515,-0.5032692427496979,-0.15943870884543573,trail_stop,0.04730028986506847,4,BREAKOUT 1d [lookback=20 swing=20 vol_mult=1.5] exit=trail3ATR,BTC<200D,2026,BREAKOUT
HEMIUSDT,2026-08-15 00:00:00+00:00,2026-08-16 00:00:00+00:00,2026-08-17 00:00:00+00:00,0.007013505,0.0038833308473275726,5873.046133891774,41.2318290637059,36.76878167261181,-4.4630473910940935,18.459046912524705,-0.2417810308540826,-0.10824277002600079,trail_stop,0.03347191105300152,4,BREAKOUT 1d [lookback=20 swing=20 vol_mult=1.5] exit=trail3ATR,BTC<200D,2026,BREAKOUT
LINKUSDT,2026-08-15 00:00:00+00:00,2026-08-16 00:00:00+00:00,2026-09-02 00:00:00+00:00,9.474735,7.722485617013994,10.40888670635434,98.72006463091792,113.57884110726083,14.85877647634291,18.458120277547838,0.8049994394292082,0.15051424988319267,trail_stop,0.08014476152348926,4,BREAKOUT 1d [lookback=20 swing=20 vol_mult=1.5] exit=trail3ATR,BTC<200D,2026,BREAKOUT
CAKEUSDT,2026-08-18 00:00:00+00:00,2026-08-19 00:00:00+00:00,2026-09-30 00:00:00+00:00,1.5317655,1.3559491866679672,102.06204601777151,156.4914560703842,264.65768333545714,108.16622726507293,18.30802500987531,5.908131937045548,0.6911957366951949,end_of_data,0.12808737223029898,4,BREAKOUT 1d [lookback=20 swing=20 vol_mult=1.5] exit=trail3ATR,BTC<200D,2026,BREAKOUT
ARBUSDT,2026-08-19 00:00:00+00:00,2026-08-20 00:00:00+00:00,2026-08-25 00:00:00+00:00,0.08954474999999999,0.07000125527079878,956.3711994441359,85.7236579813867,88.31551760048359,2.591859619096894,18.876860818564374,0.1373035296497996,0.030235056227531358,trail_stop,0.06804999580004709,4,BREAKOUT 1d [lookback=20 swing=20 vol_mult=1.5] exit=trail3ATR,BTC>200D,2026,BREAKOUT
ASTERUSDT,2026-08-19 00:00:00+00:00,2026-08-20 00:00:00+00:00,2026-08-22 00:00:00+00:00,0.6253124999999999,0.5892171476724829,99.05762046851946,62.00391026752028,67.48535874768494,5.481448480164659,3.724982169493129,1.4715368371576762,0.08840488376482321,trail_stop,0.0492255766565044,4,BREAKOUT 1d [lookback=20 swing=20 vol_mult=1.5] exit=trail3ATR,BTC>200D,2026,BREAKOUT
DASHUSDT,2026-08-22 00:00:00+00:00,2026-08-23 00:00:00+00:00,2026-09-08 00:00:00+00:00,41.0205,28.306673837243338,1.5593230635629778,64.028175940614,95.56851603138281,31.540340090768808,19.9551133778718,1.5805643141944685,0.4926009468085176,trail_stop,0.04808106863462997,4,BREAKOUT 1d [lookback=20 swing=20 vol_mult=1.5] exit=trail3ATR,BTC>200D,2026,BREAKOUT
ENAUSDT,2026-08-22 00:00:00+00:00,2026-08-23 00:00:00+00:00,2026-08-25 00:00:00+00:00,0.1582791,0.07582089675463781,241.1926257036452,38.213927474732834,35.19451912836275,-3.019408346370085,19.95390832131335,-0.15131914498900284,-0.07901329556786664,trail_stop,0.028697950628223442,4,BREAKOUT 1d [lookback=20 swing=20 vol_mult=1.5] exit=trail3ATR,BTC>200D,2026,BREAKOUT
FFUSDT,2026-08-22 00:00:00+00:00,2026-08-23 00:00:00+00:00,2026-08-26 00:00:00+00:00,0.07999998,0.05998980375266251,988.7652047533903,79.18029780157208,87.00560718790602,7.825309386333942,19.953411298925666,0.3921790248845957,0.09882899665197488,trail_stop,0.059464415948685005,4,BREAKOUT 1d [lookback=20 swing=20 vol_mult=1.5] exit=trail3ATR,BTC>200D,2026,BREAKOUT
KITEUSDT,2026-08-27 00:00:00+00:00,2026-08-28 00:00:00+00:00,2026-09-08 00:00:00+00:00,0.13016504999999998,0.0854407995105805,444.3896148482062,57.901840432633676,52.02884406436881,-5.8729963682648645,19.989770967282258,-0.2938000829462899,-0.10143021921898744,trail_stop,0.04340519698615268,4,BREAKOUT 1d [lookback=20 swing=20 vol_mult=1.5] exit=trail3ATR,BTC>200D,2026,BREAKOUT
SOLUSDT,2026-08-27 00:00:00+00:00,2026-08-28 00:00:00+00:00,2026-09-15 00:00:00+00:00,109.204575,71.04062778872778,0.5208086974267023,56.9315671512454,50.12671182898873,-6.804855322256671,19.988469694169023,-0.34043903442201795,-0.1195269279023845,trail_stop,0.042680625377272824,4,BREAKOUT 1d [lookback=20 swing=20 vol_mult=1.5] exit=trail3ATR,BTC>200D,2026,BREAKOUT
TAOUSDT,2026-08-27 00:00:00+00:00,2026-08-28 00:00:00+00:00,2026-09-15 00:00:00+00:00,254.22705,181.00430450579387,0.27101761153437853,68.96890788630945,61.97860301199965,-6.9903048743098,19.9871121054576,-0.34974061472347745,-0.10135443765229459,trail_stop,0.05170832648175631,4,BREAKOUT 1d [lookback=20 swing=20 vol_mult=1.5] exit=trail3ATR,BTC>200D,2026,BREAKOUT
UNIUSDT,2026-08-30 00:00:00+00:00,2026-08-31 00:00:00+00:00,2026-09-10 00:00:00+00:00,5.1335655,2.9882182255240632,9.083011784017012,46.6748641664537,54.159093441162916,7.4842292747092145,19.573542271827023,0.38236458024675296,0.1603481747267366,trail_stop,0.035733109993307435,4,BREAKOUT 1d [lookback=20 swing=20 vol_mult=1.5] exit=trail3ATR,BTC>200D,2026,BREAKOUT
ARBUSDT,2026-09-01 00:00:00+00:00,2026-09-02 00:00:00+00:00,2026-09-07 00:00:00+00:00,0.11045519999999999,0.06818703370073252,464.04421449153995,51.30735261702644,75.10405345029758,23.796700833271146,19.71300100170085,1.2071576941135422,0.4638068350728774,trail_stop,0.03900174548468054,4,BREAKOUT 1d [lookback=20 swing=20 vol_mult=1.5] exit=trail3ATR,BTC>200D,2026,BREAKOUT
CRVUSDT,2026-09-01 00:00:00+00:00,2026-09-02 00:00:00+00:00,2026-09-15 00:00:00+00:00,0.37108545,0.22197717328708771,131.57703914290127,48.875151104791136,42.99752172718953,-5.8776293776016075,19.711847931643444,-0.2981774919319586,-0.1202580297910411,trail_stop,0.03715505893916992,4,BREAKOUT 1d [lookback=20 swing=20 vol_mult=1.5] exit=trail3ATR,BTC>200D,2026,BREAKOUT
NEARUSDT,2026-09-04 00:00:00+00:00,2026-09-05 00:00:00+00:00,2026-09-30 00:00:00+00:00,2.1740865,1.4927647300992484,30.427958739037408,66.21916733141535,162.2720352916248,96.05286796020945,20.86549368139512,4.60343136025848,1.4505296854531808,end_of_data,0.04755675709898307,4,BREAKOUT 1d [lookback=20 swing=20 vol_mult=1.5] exit=trail3ATR,BTC>200D,2026,BREAKOUT
ZENUSDT,2026-09-04 00:00:00+00:00,2026-09-05 00:00:00+00:00,2026-09-12 00:00:00+00:00,7.1435699999999995,3.527567621358234,5.750012328584545,41.1166911856768,36.46327152454791,-4.653419661128886,20.863549067141726,-0.2230406555545057,-0.11317592751115946,trail_stop,0.02953161188294461,4,BREAKOUT 1d [lookback=20 swing=20 vol_mult=1.5] exit=trail3ATR,BTC>200D,2026,BREAKOUT
ICPUSDT,2026-09-06 00:00:00+00:00,2026-09-07 00:00:00+00:00,2026-09-15 00:00:00+00:00,2.737368,2.086856505535968,34.40171389638027,94.26432091587176,90.22301973073085,-4.0413011851409095,22.580531734572645,-0.17897280864087653,-0.04287201292997863,trail_stop,0.06255620009664638,4,BREAKOUT 1d [lookback=20 swing=20 vol_mult=1.5] exit=trail3ATR,BTC>200D,2026,BREAKOUT
STRKUSDT,2026-09-06 00:00:00+00:00,2026-09-07 00:00:00+00:00,2026-09-15 00:00:00+00:00,0.03193595999999999,0.02111584888061165,2074.4669438924966,66.31634343481447,56.78398225681718,-9.532361177997288,22.577897233433568,-0.4221988026361319,-0.14374075354994661,trail_stop,0.04401434685647069,4,BREAKOUT 1d [lookback=20 swing=20 vol_mult=1.5] exit=trail3ATR,BTC>200D,2026,BREAKOUT
ZKUSDT,2026-09-06 00:00:00+00:00,2026-09-07 00:00:00+00:00,2026-09-15 00:00:00+00:00,0.011255624999999998,0.007000286258057388,5278.448667854269,59.47165102590431,48.037672902379406,-11.433978123524902,22.576406854647075,-0.5064569484922867,-0.19225930214287407,trail_stop,0.03947411062993484,4,BREAKOUT 1d [lookback=20 swing=20 vol_mult=1.5] exit=trail3ATR,BTC>200D,2026,BREAKOUT
DOTUSDT,2026-09-07 00:00:00+00:00,2026-09-08 00:00:00+00:00,2026-09-10 00:00:00+00:00,1.062531,0.7182698444300929,63.080475890226566,67.09198608924643,67.59306977746951,0.5010836882230763,21.85112303600173,0.02293171327613207,0.007468607168023461,trail_stop,0.04601019431657257,4,BREAKOUT 1d [lookback=20 swing=20 vol_mult=1.5] exit=trail3ATR,BTC>200D,2026,BREAKOUT
WLDUSDT,2026-09-07 00:00:00+00:00,2026-09-08 00:00:00+00:00,2026-09-10 00:00:00+00:00,0.4780389,0.29694761163855354,120.04839945867506,57.4451926288096,47.84900880230126,-9.596183826508337,21.850561432732693,-0.43917332998743963,-0.1670493802417108,trail_stop,0.0393956500847735,4,BREAKOUT 1d [lookback=20 swing=20 vol_mult=1.5] exit=trail3ATR,BTC>200D,2026,BREAKOUT
FFUSDT,2026-09-08 00:00:00+00:00,2026-09-09 00:00:00+00:00,2026-09-14 00:00:00+00:00,0.1502751,0.057555029424119476,236.37430804465518,35.5566939516202,30.928066965669498,-4.628626985950699,21.972563690120985,-0.21065484443364074,-0.13017596608527743,trail_stop,0.024249222766944526,4,BREAKOUT 1d [lookback=20 swing=20 vol_mult=1.5] exit=trail3ATR,BTC>200D,2026,BREAKOUT
FORMUSDT,2026-09-08 00:00:00+00:00,2026-09-09 00:00:00+00:00,2026-09-13 00:00:00+00:00,0.32706345000000003,0.19315617950154518,163.3292075514979,53.47243312166651,39.373771193089894,-14.098661928576618,21.971693684578877,-0.6416738796277662,-0.26366224810637945,trail_stop,0.03646897790932598,4,BREAKOUT 1d [lookback=20 swing=20 vol_mult=1.5] exit=trail3ATR,BTC>200D,2026,BREAKOUT
MIRAUSDT,2026-09-08 00:00:00+00:00,2026-09-09 00:00:00+00:00,2026-09-10 00:00:00+00:00,0.05127562499999999,0.037647007630331714,1599.4423891238719,82.09442056197354,75.48846043190856,-6.605960130064972,21.970491956982656,-0.30067420169740294,-0.08046783307372388,trail_stop,0.055992652541233534,4,BREAKOUT 1d [lookback=20 swing=20 vol_mult=1.5] exit=trail3ATR,BTC>200D,2026,BREAKOUT
FILUSDT,2026-09-13 00:00:00+00:00,2026-09-14 00:00:00+00:00,2026-09-15 00:00:00+00:00,0.9526761,0.615847558922472,60.359065416761005,57.56014167992563,50.41468923855582,-7.145452441369805,20.44389797282365,-0.3495151683337665,-0.1241388959934026,trail_stop,0.04219056398930658,4,BREAKOUT 1d [lookback=20 swing=20 vol_mult=1.5] exit=trail3ATR,BTC>200D,2026,BREAKOUT
ZECUSDT,2026-09-16 00:00:00+00:00,2026-09-17 00:00:00+00:00,2026-09-30 00:00:00+00:00,1338.558945,718.3217039569653,0.0327324277508461,43.85809824141874,47.01205096531861,3.15395272389987,20.380941828491025,0.15475009695042066,0.0719126649436281,end_of_data,0.032246510730097024,4,BREAKOUT 1d [lookback=20 swing=20 vol_mult=1.5] exit=trail3ATR,BTC>200D,2026,BREAKOUT
UNIUSDT,2026-09-17 00:00:00+00:00,2026-09-18 00:00:00+00:00,2026-09-29 00:00:00+00:00,7.795895999999999,4.041756092130764,5.5424408817476145,43.25150099295295,47.020723387930886,3.7692223949779375,20.88389738457644,0.18048462533442886,0.08714662632383705,trail_stop,0.031034647344247882,4,BREAKOUT 1d [lookback=20 swing=20 vol_mult=1.5] exit=trail3ATR,BTC>200D,2026,BREAKOUT
APTUSDT,2026-09-18 00:00:00+00:00,2026-09-19 00:00:00+00:00,2026-09-30 00:00:00+00:00,0.732366,0.48415716783222945,85.17270674784459,62.43997214464203,65.54417400423053,3.1042018595884997,21.2648305152258,0.14597820835514605,0.0497149782898305,end_of_data,0.04400053494813588,4,BREAKOUT 1d [lookback=20 swing=20 vol_mult=1.5] exit=trail3ATR,BTC>200D,2026,BREAKOUT
ARBUSDT,2026-09-18 00:00:00+00:00,2026-09-19 00:00:00+00:00,2026-09-30 00:00:00+00:00,0.22141065,0.073336938654835,143.2796351384115,31.755360784906284,29.027845348348304,-2.7275154365579795,21.2634272531475,-0.12827261589047181,-0.08589149577083065,end_of_data,0.022379014989031925,4,BREAKOUT 1d [lookback=20 swing=20 vol_mult=1.5] exit=trail3ATR,BTC>200D,2026,BREAKOUT
AVAXUSDT,2026-09-18 00:00:00+00:00,2026-09-19 00:00:00+00:00,2026-09-30 00:00:00+00:00,8.208102,6.820722774613485,15.124677608938205,124.26904142781217,165.17055381974322,40.90151239193105,21.262498670763158,1.923645617820655,0.32913678195297513,end_of_data,0.08758017939489782,4,BREAKOUT 1d [lookback=20 swing=20 vol_mult=1.5] exit=trail3ATR,BTC>200D,2026,BREAKOUT
SOLUSDT,2026-09-18 00:00:00+00:00,2026-09-19 00:00:00+00:00,2026-09-30 00:00:00+00:00,112.77636,93.21268675729823,1.0728435444191962,121.11238117888433,126.53425640973501,5.421875230850674,21.259705875901908,0.2550305852065632,0.044767307669746036,end_of_data,0.08536669591904388,4,BREAKOUT 1d [lookback=20 swing=20 vol_mult=1.5] exit=trail3ATR,BTC>200D,2026,BREAKOUT
STRKUSDT,2026-09-18 00:00:00+00:00,2026-09-19 00:00:00+00:00,2026-09-23 00:00:00+00:00,0.044282129999999996,0.022683847032315473,980.6429098891002,43.468381776106696,37.87399460637219,-5.594387169734503,21.25698402312262,-0.26317878226041475,-0.12870014804207813,trail_stop,0.030642839623004303,4,BREAKOUT 1d [lookback=20 swing=20 vol_mult=1.5] exit=trail3ATR,BTC>200D,2026,BREAKOUT
ENAUSDT,2026-09-19 00:00:00+00:00,2026-09-20 00:00:00+00:00,2026-09-30 00:00:00+00:00,0.2043021,0.12647123500048763,274.3541170424476,56.10717337767325,72.56742733434038,16.46025395666713,21.4612988749093,0.7669738002629021,0.2933716486815065,end_of_data,0.03917595289697119,4,BREAKOUT 1d [lookback=20 swing=20 vol_mult=1.5] exit=trail3ATR,BTC>200D,2026,BREAKOUT
SUIUSDT,2026-09-19 00:00:00+00:00,2026-09-20 00:00:00+00:00,2026-09-30 00:00:00+00:00,0.8578287,0.6472606986447057,101.03961141176009,86.76135318436117,117.464017757572,30.702664573210825,21.460449465920778,1.4306626998640777,0.3538748929834005,end_of_data,0.06058215041825766,4,BREAKOUT 1d [lookback=20 swing=20 vol_mult=1.5] exit=trail3ATR,BTC>200D,2026,BREAKOUT
WALUSDT,2026-09-19 00:00:00+00:00,2026-09-20 00:00:00+00:00,2026-09-30 00:00:00+00:00,0.03331665,0.021737769993733447,1842.7680249462478,61.45625217564373,62.431362670356094,0.9751104947123608,21.458651169939127,0.045441369403421215,0.015866741953698495,end_of_data,0.042916157799562836,4,BREAKOUT 1d [lookback=20 swing=20 vol_mult=1.5] exit=trail3ATR,BTC>200D,2026,BREAKOUT
HBARUSDT,2026-09-20 00:00:00+00:00,2026-09-21 00:00:00+00:00,2026-09-29 00:00:00+00:00,0.086573265,0.06988812804236895,1330.1139497607733,115.26745976028893,143.9720616218156,28.704601861526683,22.447678009927614,1.2787336778811558,0.2490260644350191,trail_stop,0.07694713952278896,4,BREAKOUT 1d [lookback=20 swing=20 vol_mult=1.5] exit=trail3ATR,BTC>200D,2026,BREAKOUT
SEIUSDT,2026-09-20 00:00:00+00:00,2026-09-21 00:00:00+00:00,2026-09-30 00:00:00+00:00,0.053376675,0.0396886019918195,1626.342157023933,86.89554549101969,119.45433829393902,32.55879280291933,22.445087514615278,1.4505977212928414,0.3746888591232119,end_of_data,0.05801407771148541,4,BREAKOUT 1d [lookback=20 swing=20 vol_mult=1.5] exit=trail3ATR,BTC>200D,2026,BREAKOUT
ZKUSDT,2026-09-20 00:00:00+00:00,2026-09-21 00:00:00+00:00,2026-09-30 00:00:00+00:00,0.01170585,0.007973622919705364,5975.646308877871,70.0199693641228,72.49523280093817,2.475263436815368,22.44386649737904,0.11028685441095568,0.03535082147698934,end_of_data,0.04674997912210003,4,BREAKOUT 1d [lookback=20 swing=20 vol_mult=1.5] exit=trail3ATR,BTC>200D,2026,BREAKOUT
ADAUSDT,2026-09-21 00:00:00+00:00,2026-09-22 00:00:00+00:00,2026-09-30 00:00:00+00:00,0.24522255,0.1832268339199913,370.46136699127123,90.93632657117543,91.21878511828398,0.282458547108547,23.159646963506376,0.012196150811522678,0.0031061134505743207,end_of_data,0.05883864371933284,4,BREAKOUT 1d [lookback=20 swing=20 vol_mult=1.5] exit=trail3ATR,BTC>200D,2026,BREAKOUT
METUSDT,2026-09-23 00:00:00+00:00,2026-09-24 00:00:00+00:00,2026-09-30 00:00:00+00:00,0.3437718,0.1651627737867915,125.22945913798567,43.09340693747267,39.60069928452142,-3.4927076529512533,22.441176632047448,-0.15563834776664257,-0.08104969880935788,end_of_data,0.028775467494480504,4,BREAKOUT 1d [lookback=20 swing=20 vol_mult=1.5] exit=trail3ATR,BTC>200D,2026,BREAKOUT
ICPUSDT,2026-09-29 00:00:00+00:00,2026-09-30 00:00:00+00:00,2026-09-30 00:00:00+00:00,3.4407194999999997,2.317482005157053,21.404539618144163,73.72066386952383,71.31984399616282,-2.4008198733610158,24.19041062657639,-0.09924675981826431,-0.03256644402457038,end_of_data,0.045667073198683183,4,BREAKOUT 1d [lookback=20 swing=20 vol_mult=1.5] exit=trail3ATR,BTC>200D,2026,BREAKOUT
